g CakeBall
v 0.17101014 0.4698463 -6.6579034E-08
v 0.14984177 0.46732703 -0.09567092
v 0.16772422 0.46081832 -0.09754523
v 0.12291505 0.4468486 -0.1876652
v 0.15799277 0.43408135 -0.19134179
v 0.091264784 0.40919805 -0.27244762
v 0.14218973 0.39066288 -0.2777852
v 0.05610726 0.35582227 -0.34676003
v 0.1209224 0.33223146 -0.35355344
v 0.018793562 0.28877237 -0.40774664
v 0.095008105 0.26103255 -0.4157349
v -0.019242344 0.2106252 -0.45306376
v 0.06544271 0.17980234 -0.4619398
v -0.056538787 0.12438379 -0.4809699
v 0.033362392 0.09166243 -0.49039266
v 0.028734982 0.07894873 -0.4917252
v 0.089185365 0.4591252 -0.17677677
v 0.04229687 0.42702094 -0.25664008
v -0.0062170667 0.37850645 -0.3266408
v -0.0544921 0.3154462 -0.38408896
v -0.100673005 0.24026357 -0.42677677
v -0.14298512 0.1558477 -0.45306382
v -0.06141048 0.111759014 -0.48227686
v -0.06452582 0.10198025 -0.48018008
v 0.02522772 0.0693126 -0.48958734
v -0.15083018 0.13339248 -0.45231974
v -0.14809172 0.14330842 -0.4542949
v -0.23036876 0.16234218 -0.407077
v -0.22265452 0.18484502 -0.40774667
v -0.2279776 0.17238453 -0.4088546
v -0.30008492 0.1877168 -0.3461905
v -0.17571993 0.26757842 -0.38408893
v -0.29248533 0.21026137 -0.34676
v -0.2979982 0.19786996 -0.34770226
v -0.35729948 0.20854121 -0.27200016
v -0.12203257 0.34002894 -0.34567094
v -0.24149913 0.29152012 -0.32664075
v -0.34979406 0.23112005 -0.2724476
v -0.35546264 0.2187853 -0.2731879
v -0.3998138 0.22401518 -0.18735692
v -0.0636555 0.39941233 -0.29396898
v -0.18123227 0.36157587 -0.29396895
v -0.29548278 0.31116855 -0.25664
v -0.39237827 0.24661946 -0.18766509
v -0.39816254 0.23432682 -0.18817504
v -0.4259939 0.23354398 -0.09551365
v -0.0028322183 0.44344658 -0.23096998
v -0.11400072 0.41773653 -0.25000003
v -0.22981626 0.37925902 -0.23096994
v -0.3355962 0.32576868 -0.17677666
v -0.41860145 0.25616392 -0.09567077
v -0.42445698 0.24389724 -0.095930725
v -0.43483382 0.23676145 1.410859E-07
v -0.4333355 0.24712878 1.417098E-07
v -0.42599383 0.23354398 0.09551393
v -0.42745593 0.2593867 1.3949388E-07
v -0.3602979 0.33475938 -0.0901199
v -0.2659174 0.3923988 -0.15909483
v -0.15531799 0.4327748 -0.19642377
v -0.42445692 0.24389724 0.09593101
v -0.39981365 0.22401516 0.18735717
v -0.4186014 0.25616392 0.09567104
v -0.36863863 0.33779517 1.1815697E-07
v -0.28814837 0.4004902 -0.08110579
v -0.3981624 0.23432682 0.1881753
v -0.3572993 0.20854124 0.27200034
v -0.3923781 0.24661946 0.18766536
v -0.36029783 0.33475938 0.09012014
v -0.35546243 0.21878532 0.27318808
v -0.30008468 0.18771681 0.34619075
v -0.34979388 0.23112006 0.27244776
v -0.29799798 0.19786997 0.34770244
v -0.23036848 0.16234219 0.4070772
v -0.18601948 0.44394925 -0.13529901
v -0.29565483 0.40322235 9.227935E-08
v -0.33559605 0.32576865 0.17677689
v -0.29248512 0.21026139 0.34676018
v -0.22797734 0.17238455 0.40885475
v -0.15082982 0.13339248 0.4523199
v -0.20492533 0.45083043 -0.06897481
v -0.28814834 0.40049022 0.08110597
v -0.29548255 0.31116855 0.25664017
v -0.22265425 0.18484503 0.40774676
v -0.14809135 0.14330842 0.454295
v -0.06452539 0.101980224 0.48018014
v -0.21130908 0.4531539 6.2855484E-08
v -0.26591727 0.3923988 0.15909497
v -0.24149895 0.29152012 0.32664093
v -0.14298475 0.1558477 0.45306388
v -0.061410047 0.11175899 0.48227692
v 0.025228217 0.06931257 0.48958734
v -0.2049253 0.45083043 0.068974935
v -0.2298161 0.37925905 0.23097007
v -0.17571968 0.26757845 0.38408905
v -0.056538355 0.12438377 0.48096997
v 0.028735483 0.0789487 0.4917252
v 0.11498181 0.036644917 0.48017997
v -0.18601939 0.44394925 0.13529915
v -0.18123212 0.3615759 0.2939691
v -0.10067267 0.24026357 0.42677683
v 0.03336289 0.09166238 0.49039266
v 0.118881 0.04613839 0.48227677
v 0.2012862 0.0052326736 0.4523195
v -0.15531786 0.4327748 0.19642387
v -0.12203232 0.34002894 0.34567103
v -0.019241937 0.21062517 0.4530638
v 0.12326412 0.058940995 0.48096982
v 0.20556225 0.014588978 0.45429465
v 0.28082472 -0.023717012 0.40707666
v -0.11400056 0.41773653 0.25000012
v -0.05449179 0.3154462 0.38408905
v 0.06544319 0.17980231 0.46193975
v 0.20971048 0.02747708 0.45306352
v 0.28544813 -0.0144871315 0.40885425
v 0.35054085 -0.04909161 0.34619007
v -0.0636553 0.39941236 0.29396898
v 0.018793926 0.28877237 0.40774667
v 0.15012829 0.14897944 0.4530636
v 0.28937986 -0.0015202299 0.40774626
v 0.35546866 -0.03997253 0.3477018
v 0.40775535 -0.06991601 0.2719996
v -0.0062168026 0.37850645 0.32664078
v 0.09500853 0.26103252 0.41573483
v 0.23155896 0.119341075 0.42677647
v 0.3592106 -0.026936568 0.34675953
v 0.41293296 -0.06088785 0.27318734
v 0.45026952 -0.08538991 0.18735631
v 0.056107577 0.35582224 0.34675997
v 0.1712231 0.23329267 0.40774652
v 0.30660588 0.09202622 0.38408855
v 0.41651925 -0.04779521 0.272447
v 0.45563278 -0.07642932 0.18817443
v 0.47644952 -0.09491868 0.095513016
v 0.12092276 0.33223143 0.35355332
v 0.24450879 0.20661885 0.3840887
v 0.37238503 0.068084545 0.3266403
v 0.45910332 -0.063294575 0.18766448
v 0.48192713 -0.0859997 0.095930085
v 0.48528934 -0.09813612 -7.8981356E-07
v 0.18573792 0.3086406 0.34675986
v 0.31204924 0.18203612 0.34567058
v 0.4263686 0.048436128 0.25663945
v 0.48532638 -0.07283901 0.09567012
v 0.49080557 -0.0892312 -7.932546E-07
v 0.47644925 -0.0949186 -0.09551456
v 0.24806228 0.2859564 0.32664055
v 0.37124893 0.16048917 0.29396853
v 0.4664819 0.03383605 0.17677607
v 0.49418077 -0.07606175 -7.929369E-07
v 0.48192683 -0.08599962 -0.09593165
v 0.45026892 -0.08538975 -0.18735777
v 0.3055007 0.26505053 0.29396865
v 0.41983283 0.14280607 0.23096941
v 0.4911835 0.02484539 0.090119265
v 0.48532614 -0.07283893 -0.09567168
v 0.45563218 -0.076429166 -0.1881759
v 0.40775448 -0.06991577 -0.27200094
v 0.35584587 0.24672636 0.24999963
v 0.45593387 0.12966634 0.15909424
v 0.49952415 0.021809634 -7.601735E-07
v 0.45910275 -0.06329441 -0.18766595
v 0.41293213 -0.060887627 -0.27318868
v 0.35053977 -0.049091317 -0.34619117
v 0.39716306 0.23168811 0.1964233
v 0.4781647 0.121574976 0.08110519
v 0.49118325 0.02484546 -0.09012076
v 0.4165184 -0.047794983 -0.27244836
v 0.3554676 -0.039972235 -0.3477029
v 0.28082353 -0.02371669 -0.40707752
v 0.4278645 0.2205137 0.1352985
v 0.4856711 0.118842855 -6.981973E-07
v 0.46648136 0.033836205 -0.17677747
v 0.35920954 -0.026936272 -0.34676063
v 0.28544688 -0.01448679 -0.4088551
v 0.2012848 0.0052330494 -0.45232013
v 0.44677028 0.21363254 0.06897428
v 0.4781645 0.121575035 -0.081106566
v 0.4263678 0.048436344 -0.25664073
v 0.2893786 -0.0015198872 -0.40774715
v 0.20556085 0.014589354 -0.45429525
v 0.11498033 0.036645323 -0.48018026
v 0.4531539 0.21130908 -6.0938953E-07
v 0.45593336 0.12966648 -0.15909554
v 0.37238404 0.06808482 -0.3266414
v 0.20970908 0.027477458 -0.45306414
v 0.11887951 0.046138797 -0.48227707
v 0.02522772 0.0693126 -0.48958734
v 0.028734982 0.07894873 -0.4917252
v 0.033362392 0.09166243 -0.49039266
v 0.12326263 0.0589414 -0.4809701
v 0.3066047 0.09202653 -0.38408944
v 0.41983208 0.14280626 -0.23097059
v 0.15012689 0.14897981 -0.453064
v 0.06544271 0.17980234 -0.4619398
v 0.23155765 0.11934143 -0.42677712
v 0.37124804 0.16048944 -0.29396954
v 0.17122185 0.23329301 -0.40774685
v 0.095008105 0.26103255 -0.4157349
v 0.31204817 0.1820364 -0.34567142
v 0.24450763 0.20661916 -0.3840893
v 0.18573685 0.30864093 -0.34676018
v 0.1209224 0.33223146 -0.35355344
v 0.24806125 0.28595668 -0.32664105
v 0.3054998 0.26505077 -0.2939693
v 0.35584512 0.24672656 -0.25000054
v 0.3971625 0.23168828 -0.19642434
v 0.19311412 0.37212792 -0.27244776
v 0.14218973 0.39066288 -0.2777852
v 0.24208209 0.35430503 -0.25664032
v 0.28721127 0.33787936 -0.23097026
v 0.32676733 0.32348213 -0.19642417
v 0.1930701 0.42131427 -0.1876653
v 0.15799277 0.43408135 -0.19134179
v 0.22679982 0.40903762 -0.17677693
v 0.25788534 0.39772344 -0.15909511
v 0.18560648 0.4543097 -0.09567097
v 0.16772422 0.46081832 -0.09754523
v 0.17101014 0.4698463 -6.6579034E-08
v 0.20280175 0.44805112 -0.09012012
v 0.17101014 0.4698463 -6.6579034E-08
v 0.21864901 0.4422832 -0.08110601
v 0.17101014 0.4698463 -6.6579034E-08
v 0.285132 0.38780645 -0.13529935
v 0.23253925 0.43722758 -0.06897504
v 0.17101014 0.4698463 -6.6579034E-08
v 0.24393868 0.43307853 -0.054193407
v 0.17101014 0.4698463 -6.6579034E-08
v 0.30749282 0.37966776 -0.10630413
v 0.35923016 0.3116666 -0.15432963
v 0.25240925 0.4299955 -0.03732914
v 0.17101014 0.4698463 -6.6579034E-08
v 0.32410842 0.37362018 -0.07322368
v 0.38335225 0.30288687 -0.10630428
v 0.2576254 0.42809698 -0.019030342
v 0.17101014 0.4698463 -6.6579034E-08
v 0.33434024 0.3698961 -0.037329294
v 0.42786407 0.22051382 -0.13529964
v 0.39820662 0.29748037 -0.0541937
v 0.44677007 0.2136326 -0.06897546
v 0.2593867 0.42745593 -2.2044101E-07
v 0.17101014 0.4698463 -6.6579034E-08
v 0.33779517 0.36863863 -3.658316E-07
v 0.40322238 0.29565477 -4.9716346E-07
v 0.25762543 0.42809698 0.019029908
v 0.17101014 0.4698463 -6.6579034E-08
v 0.39820677 0.29748034 0.054192726
v 0.33434036 0.36989608 0.037328575
v 0.38335258 0.30288678 0.10630334
v 0.25240937 0.42999548 0.03732872
v 0.17101014 0.4698463 -6.6579034E-08
v 0.32410863 0.37362012 0.07322299
v 0.35923064 0.3116665 0.15432881
v 0.24393885 0.43307847 0.054193016
v 0.17101014 0.4698463 -6.6579034E-08
v 0.30749315 0.37966767 0.1063035
v 0.32676792 0.32348195 0.19642346
v 0.23253947 0.43722752 0.068974696
v 0.17101014 0.4698463 -6.6579034E-08
v 0.28513244 0.38780633 0.1352988
v 0.28721198 0.33787918 0.23096968
v 0.21864927 0.44228315 0.08110571
v 0.17101014 0.4698463 -6.6579034E-08
v 0.2578858 0.3977233 0.15909465
v 0.24208288 0.35430482 0.2566398
v 0.20280205 0.44805107 0.090119876
v 0.17101014 0.4698463 -6.6579034E-08
v 0.22680037 0.4090375 0.17677656
v 0.19311495 0.3721277 0.27244747
v 0.1856068 0.4543096 0.095670775
v 0.17101014 0.4698463 -6.6579034E-08
v 0.19307068 0.4213141 0.18766505
v 0.14219 0.39066285 0.2777851
v 0.16772433 0.46081832 0.097545095
v 0.17101014 0.4698463 -6.6579034E-08
v 0.15799294 0.43408135 0.19134167
v 0.09126503 0.40919805 0.27244756
v 0.14984185 0.46732703 0.095670804
v 0.17101014 0.4698463 -6.6579034E-08
v 0.12291522 0.4468486 0.18766512
v 0.042297076 0.42702094 0.25664002
v 0.13264659 0.47358558 0.09011994
v 0.17101014 0.4698463 -6.6579034E-08
v 0.08918551 0.4591252 0.1767767
v -0.0028320604 0.44344658 0.23096995
v 0.11679935 0.47935352 0.081105806
v 0.17101014 0.4698463 -6.6579034E-08
v 0.058100015 0.4704394 0.15909486
v -0.042388093 0.4578438 0.19642383
v 0.102909125 0.48440915 0.06897482
v 0.17101014 0.4698463 -6.6579034E-08
v 0.030853348 0.48035637 0.13529906
v -0.07485088 0.4696593 0.15432923
v 0.09150971 0.4885582 0.054193173
v 0.17101014 0.4698463 -6.6579034E-08
v 0.008492587 0.48849505 0.1063038
v -0.0989729 0.47843897 0.10630383
v 0.08303917 0.4916412 0.0373289
v 0.17101014 0.4698463 -6.6579034E-08
v -0.00812295 0.4945426 0.07322333
v -0.113827206 0.4838455 0.054193243
v 0.07782304 0.49353972 0.019030089
v 0.17101014 0.4698463 -6.6579034E-08
v -0.01835477 0.49826667 0.037328932
v -0.11884289 0.48567107 3.1016132E-08
v 0.07606176 0.49418077 -3.496902E-08
v 0.17101014 0.4698463 -6.6579034E-08
v -0.021809634 0.49952415 -2.0151656E-09
v -0.113827236 0.4838455 -0.054193188
v 0.07782303 0.49353972 -0.019030161
v 0.17101014 0.4698463 -6.6579034E-08
v -0.018354787 0.49826667 -0.03732894
v -0.098973 0.47843897 -0.10630378
v 0.08303914 0.4916412 -0.037328966
v 0.17101014 0.4698463 -6.6579034E-08
v -0.008123012 0.4945426 -0.07322334
v -0.074850984 0.4696593 -0.1543292
v 0.09150966 0.4885582 -0.054193247
v 0.17101014 0.4698463 -6.6579034E-08
v 0.008492524 0.48849502 -0.106303826
v -0.042388204 0.4578438 -0.19642381
v 0.10290908 0.48440915 -0.06897491
v 0.17101014 0.4698463 -6.6579034E-08
v 0.030853268 0.48035637 -0.13529909
v 0.058099907 0.4704394 -0.1590949
v 0.1167993 0.47935352 -0.08110592
v 0.17101014 0.4698463 -6.6579034E-08
v 0.13264652 0.47358558 -0.090120055
v 0.17101014 0.4698463 -6.6579034E-08
v 0.17101014 0.4698463 -6.6579034E-08
v -0.17101014 -0.4698463 6.6579034E-08
v -0.16772425 -0.46081838 -0.09754498
v -0.18560669 -0.4543097 -0.09567068
v -0.15799281 -0.43408147 -0.1913416
v -0.19307049 -0.42131424 -0.18766502
v -0.14218977 -0.39066297 -0.27778503
v -0.2028019 -0.44805115 -0.09011982
v -0.17101014 -0.4698463 6.6579034E-08
v -0.1931147 -0.37212783 -0.27244747
v -0.12092245 -0.33223155 -0.35355332
v -0.22680014 -0.40903762 -0.17677659
v -0.1857376 -0.30864072 -0.34675992
v -0.09836066 -0.27024356 -0.4076905
v -0.21864912 -0.4422832 -0.08110569
v -0.17101014 -0.4698463 6.6579034E-08
v -0.2420826 -0.35430494 -0.25663993
v -0.17310049 -0.24304046 -0.39985684
v -0.09552806 -0.26246104 -0.4106933
v -0.17081836 -0.23505758 -0.4028019
v -0.2578856 -0.39772344 -0.15909472
v -0.24806191 -0.28595653 -0.32664073
v -0.24496809 -0.21688278 -0.37665695
v -0.2432153 -0.20870724 -0.37943113
v -0.2872117 -0.3378793 -0.23096985
v -0.23253931 -0.4372276 -0.0689747
v -0.17101014 -0.4698463 6.6579034E-08
v -0.31120166 -0.19277571 -0.33898228
v -0.30993673 -0.18442261 -0.341479
v -0.30550036 -0.26505065 -0.2939689
v -0.28513226 -0.38780648 -0.13529891
v -0.36925587 -0.1716457 -0.2882807
v -0.36841854 -0.16313697 -0.29040396
v -0.35584557 -0.24672647 -0.24999996
v -0.32676768 -0.32348207 -0.19642368
v -0.24393871 -0.4330786 -0.054193057
v -0.17101014 -0.4698463 6.6579034E-08
v -0.4168998 -0.15430471 -0.22650068
v -0.4164133 -0.14566827 -0.22816892
v -0.39716282 -0.2316882 -0.19642368
v -0.35923046 -0.31166658 -0.15432908
v -0.30749297 -0.37966782 -0.106303655
v -0.4523024 -0.14141922 -0.15601632
v -0.45207667 -0.13268785 -0.15716544
v -0.42786434 -0.22051376 -0.13529892
v -0.25240922 -0.42999557 -0.037328795
v -0.17101014 -0.4698463 6.6579034E-08
v -0.38335243 -0.30288687 -0.10630366
v -0.3241085 -0.37362027 -0.07322319
v -0.47410318 -0.13348435 -0.07953635
v -0.47403803 -0.12469456 -0.080122165
v -0.4467702 -0.21363257 -0.06897472
v -0.25762534 -0.42809704 -0.019030008
v -0.17101014 -0.4698463 6.6579034E-08
v -0.39820668 -0.29748037 -0.054193072
v -0.33434024 -0.3698962 -0.037328802
v -0.48146442 -0.13080508 1.6506193E-07
v -0.48145348 -0.121995546 1.6350698E-07
v -0.4531539 -0.21130908 1.5701245E-07
v -0.2593866 -0.427456 9.563041E-08
v -0.17101014 -0.4698463 6.6579034E-08
v -0.40322235 -0.29565483 1.41733E-07
v -0.3377951 -0.36863872 1.2100683E-07
v -0.47410315 -0.13348433 0.07953667
v -0.474038 -0.12469455 0.080122486
v -0.44677016 -0.21363257 0.068975024
v -0.2576253 -0.42809704 0.019030198
v -0.17101014 -0.4698463 6.6579034E-08
v -0.39820665 -0.29748037 0.054193348
v -0.33434024 -0.36989617 0.037329037
v -0.45230228 -0.14141922 0.15601662
v -0.45207655 -0.13268785 0.15716574
v -0.42786425 -0.22051375 0.13529924
v -0.2524092 -0.42999557 0.03732898
v -0.17101014 -0.4698463 6.6579034E-08
v -0.38335234 -0.30288687 0.10630394
v -0.32410845 -0.37362027 0.07322342
v -0.41689965 -0.1543047 0.22650096
v -0.41641316 -0.14566827 0.22816922
v -0.3971627 -0.23168819 0.19642396
v -0.24393867 -0.4330786 0.054193236
v -0.17101014 -0.4698463 6.6579034E-08
v -0.35923034 -0.31166658 0.15432933
v -0.3074929 -0.37966782 0.106303886
v -0.36925572 -0.17164567 0.28828096
v -0.36841837 -0.16313694 0.29040426
v -0.35584542 -0.24672645 0.2500002
v -0.23253927 -0.4372276 0.068974875
v -0.17101014 -0.4698463 6.6579034E-08
v -0.32676753 -0.32348207 0.19642392
v -0.28513214 -0.38780645 0.13529913
v -0.31120142 -0.19277571 0.3389825
v -0.30993646 -0.1844226 0.3414792
v -0.30550015 -0.26505065 0.29396906
v -0.21864906 -0.4422832 0.08110584
v -0.17101014 -0.4698463 6.6579034E-08
v -0.28721154 -0.3378793 0.23097003
v -0.25788552 -0.39772344 0.1590949
v -0.2449678 -0.21688278 0.37665713
v -0.243215 -0.20870724 0.37943134
v -0.24806166 -0.28595653 0.32664087
v -0.20280182 -0.44805115 0.090119965
v -0.17101014 -0.4698463 6.6579034E-08
v -0.24208239 -0.35430494 0.2566401
v -0.22680002 -0.40903762 0.17677675
v -0.17310011 -0.24304047 0.39985698
v -0.170818 -0.23505759 0.40280205
v -0.18573727 -0.30864075 0.3467601
v -0.1856066 -0.4543097 0.095670834
v -0.17101014 -0.4698463 6.6579034E-08
v -0.19311444 -0.37212783 0.27244765
v -0.19307032 -0.42131424 0.18766516
v -0.09836025 -0.2702436 0.40769058
v -0.09552764 -0.26246107 0.41069335
v -0.120922096 -0.33223158 0.35355344
v -0.16772415 -0.46081838 0.09754512
v -0.17101014 -0.4698463 6.6579034E-08
v -0.14218949 -0.39066303 0.27778518
v -0.1579926 -0.43408147 0.19134171
v -0.023620386 -0.29744667 0.39985684
v -0.020237293 -0.2898645 0.4028019
v -0.056106925 -0.35582238 0.34675997
v -0.1498417 -0.4673271 0.0956708
v -0.17101014 -0.4698463 6.6579034E-08
v -0.09126453 -0.40919816 0.27244756
v -0.1229149 -0.44684872 0.18766509
v 0.048247244 -0.32360438 0.3766568
v 0.05215966 -0.31621486 0.37943098
v 0.006217425 -0.37850657 0.32664064
v -0.13264647 -0.47358564 0.0901199
v -0.17101014 -0.4698463 6.6579034E-08
v -0.04229662 -0.42702106 0.2566399
v -0.08918522 -0.45912534 0.17677662
v 0.114480816 -0.34771144 0.33898205
v 0.11888108 -0.3404995 0.34147874
v 0.063655846 -0.39941248 0.29396874
v -0.116799265 -0.47935355 0.08110575
v -0.17101014 -0.4698463 6.6579034E-08
v 0.0028324802 -0.4434467 0.23096976
v -0.058099777 -0.4704395 0.1590947
v 0.172535 -0.36884144 0.2882804
v 0.17736284 -0.36178514 0.29040366
v 0.11400102 -0.41773665 0.24999972
v -0.10290909 -0.48440918 0.06897474
v -0.17101014 -0.4698463 6.6579034E-08
v 0.04238841 -0.45784393 0.19642355
v -0.030853175 -0.48035645 0.13529886
v 0.22017883 -0.3861824 0.22650032
v 0.22535758 -0.3792538 0.22816858
v 0.15531822 -0.4327749 0.1964234
v -0.09150971 -0.4885582 0.05419308
v -0.17101014 -0.4698463 6.6579034E-08
v 0.07485114 -0.4696594 0.15432888
v -0.0084924735 -0.4884951 0.10630357
v 0.25558132 -0.39906785 0.1560159
v 0.26102084 -0.39223418 0.15716502
v 0.18601964 -0.4439493 0.1352986
v -0.08303921 -0.4916412 0.037328806
v -0.17101014 -0.4698463 6.6579034E-08
v 0.0989731 -0.4784391 0.106303446
v 0.008123006 -0.49454266 0.073223084
v 0.27738202 -0.4070027 0.07953591
v 0.28298208 -0.40022743 0.08012172
v 0.20492542 -0.45083046 0.06897437
v -0.077823125 -0.49353972 0.019030014
v -0.17101014 -0.4698463 6.6579034E-08
v 0.11382725 -0.48384553 0.054192826
v 0.018354738 -0.49826673 0.037328683
v 0.28474316 -0.40968195 -6.101193E-07
v 0.29039744 -0.40292642 -6.1738365E-07
v 0.21130908 -0.4531539 -5.152326E-07
v -0.07606188 -0.49418074 -8.9841365E-08
v -0.17101014 -0.4698463 6.6579034E-08
v 0.118842855 -0.4856711 -3.864465E-07
v 0.021809543 -0.49952418 -2.4280945E-07
v 0.27738178 -0.40700263 -0.07953711
v 0.2829818 -0.40022737 -0.08012292
v 0.20492522 -0.4508304 -0.068975374
v -0.077823184 -0.4935397 -0.019030191
v -0.17101014 -0.4698463 6.6579034E-08
v 0.11382711 -0.4838455 -0.054193586
v 0.018354634 -0.4982667 -0.037329156
v 0.25558084 -0.39906773 -0.15601702
v 0.26102033 -0.39223406 -0.15716614
v 0.1860192 -0.4439492 -0.13529955
v -0.08303933 -0.49164116 -0.03732897
v -0.17101014 -0.4698463 6.6579034E-08
v 0.09897275 -0.47843897 -0.106304154
v 0.008122786 -0.4945426 -0.07322353
v 0.2201781 -0.38618222 -0.22650132
v 0.22535683 -0.3792536 -0.22816958
v 0.15531763 -0.43277475 -0.19642425
v -0.09150988 -0.48855817 -0.054193214
v -0.17101014 -0.4698463 6.6579034E-08
v 0.07485065 -0.46965927 -0.15432951
v -0.008492809 -0.48849502 -0.10630397
v 0.17253411 -0.3688412 -0.28828126
v 0.17736194 -0.3617849 -0.29040456
v 0.114000246 -0.41773644 -0.25000045
v -0.1029093 -0.48440912 -0.06897482
v -0.17101014 -0.4698463 6.6579034E-08
v 0.042387813 -0.45784375 -0.19642405
v -0.030853597 -0.48035634 -0.13529919
v 0.114479765 -0.34771115 -0.3389827
v 0.11888002 -0.34049922 -0.34147945
v 0.063654944 -0.3994122 -0.2939692
v -0.11679951 -0.4793535 -0.08110578
v -0.17101014 -0.4698463 6.6579034E-08
v 0.0028317631 -0.44344652 -0.23097011
v -0.05810027 -0.47043937 -0.15909491
v 0.04824609 -0.32360405 -0.37665725
v 0.052158505 -0.31621456 -0.37943146
v 0.006216415 -0.3785063 -0.32664096
v -0.13264675 -0.47358558 -0.09011988
v -0.17101014 -0.4698463 6.6579034E-08
v -0.0422974 -0.42702085 -0.25664014
v -0.08918577 -0.45912516 -0.17677672
v -0.02362162 -0.29744634 -0.39985704
v -0.020238535 -0.28986418 -0.4028021
v -0.056107994 -0.35582206 -0.34676006
v -0.09836066 -0.27024356 -0.4076905
v -0.09552806 -0.26246104 -0.4106933
v -0.12092245 -0.33223155 -0.35355332
v -0.14218977 -0.39066297 -0.27778503
v -0.09126538 -0.40919796 -0.27244762
v -0.15799281 -0.43408147 -0.1913416
v -0.12291548 -0.44684857 -0.1876651
v -0.16772425 -0.46081838 -0.09754498
v -0.14984201 -0.467327 -0.09567072
v -0.17101014 -0.4698463 6.6579034E-08
v -0.17101014 -0.4698463 6.6579034E-08
v -0.36601833 0.20479475 0.052703023
v -0.40783513 0.21759255 0.059320573
v -0.40299442 0.21573451 0.036360603
v -0.34115446 0.1966419 0.03408899
v -0.32015833 0.18924402 0.008965829
v -0.39752752 0.21356201 0.012270462
v -0.25012052 0.1655839 0.035522006
v -0.20065042 0.14807592 0.004446426
v -0.25319996 0.16633394 -0.022774668
v -0.34464008 0.19731112 -0.014332906
v 0.025782062 0.067880385 -0.0038409166
v -0.1978822 0.14720365 -0.042534724
v -0.3719098 0.2059524 -0.030627402
v -0.34291402 0.19673093 -0.043202523
v -0.25473782 0.16848493 0.2096132
v -0.30954033 0.18631834 0.27953076
v -0.31693706 0.18980837 0.25661144
v -0.2594742 0.16959274 0.242582
v -0.18318589 0.14285123 0.19100371
v -0.15801401 0.1340715 0.13613798
v -0.17445092 0.1366237 -0.2987119
v -0.21836722 0.14907566 -0.36185017
v -0.20509417 0.14290947 -0.3811318
v -0.16934998 0.1334887 -0.33130956
v -0.11302597 0.11511091 -0.25759017
v -0.10554772 0.11370649 -0.19762911
v -0.23414677 0.15858036 -0.3166189
v -0.27140507 0.17209493 -0.3288369
v -0.26174814 0.16690585 -0.3489675
v -0.22653532 0.15719883 -0.28617316
v -0.22560759 0.15818197 -0.25319389
v -0.28103045 0.17734925 -0.30743805
v -0.15731686 0.13273591 -0.22479703
v -0.13903202 0.12723307 -0.16747941
v 0.025782062 0.067880385 -0.0038409166
v -0.10554772 0.11370649 -0.19762911
v -0.19513565 0.14815256 -0.18377653
v -0.16655494 0.13765487 -0.13084726
v -0.26807305 0.17450663 -0.19784717
v -0.27499387 0.17731592 -0.23050381
v -0.32797298 0.19654487 -0.26447663
v -0.33376253 0.19815074 -0.24096572
v -0.28816217 0.1820098 -0.25931153
v -0.32184955 0.1942565 -0.286466
v -0.3681355 0.15317707 0.05050917
v -0.4042183 0.1658857 0.03483133
v -0.40877357 0.16743445 0.05699014
v -0.34415135 0.14469679 0.03257099
v -0.32406673 0.13753532 0.008410821
v -0.39909917 0.1641447 0.011587164
v -0.25664315 0.11325374 0.033910666
v -0.20929997 0.09618357 0.004086711
v -0.26285806 0.11245716 0.201245
v -0.32439503 0.13186638 0.24723536
v -0.31639808 0.12991449 0.26913732
v -0.2669883 0.1142592 0.23285432
v -0.19330677 0.08867875 0.18307424
v -0.16925226 0.08018078 0.13045366
v -0.16917028 0.07794362 0.2954463
v -0.21005297 0.08950139 0.362793
v -0.19506499 0.085213944 0.38012466
v -0.16186725 0.07568348 0.32655025
v 0.01747485 0.01262504 0.34621122
v 0.019245693 0.011020478 0.42352533
v 0.040497605 0.0024711187 0.429073
v 0.03967295 0.003833984 0.36745682
v 0.04168761 0.0034058464 0.27600682
v 0.01409307 0.01428054 0.22575516
v 0.007484117 0.017605152 -0.0038445175
v -0.01079607 0.02284509 0.27951887
v -0.02872472 0.028848978 0.22425741
v -0.04844034 0.03378052 0.3454301
v -0.0303625 0.028337596 0.37137347
v -0.0052662166 0.018925399 -0.355673
v 0.01145963 0.011349197 -0.44134903
v -0.009436852 0.017500155 -0.43458647
v 0.015497514 0.012067905 -0.37842458
v 0.023951773 0.0103914095 -0.28641224
v -0.0003931299 0.019008698 -0.23415096
v -0.20813408 0.10006784 -0.41019723
v -0.19602776 0.09423213 -0.38514152
v -0.17483935 0.087000094 -0.38799113
v -0.18750088 0.093391635 -0.41961646
v -0.16684252 0.08607121 -0.42860255
v -0.19155508 0.09728129 -0.4325326
v -0.15293407 0.079077385 -0.39062834
v -0.13723451 0.07297083 -0.40779385
v -0.12539114 0.06762442 -0.32136834
v -0.21227221 0.10378807 -0.42083895
v -0.2331341 0.109908134 -0.4085046
v -0.21262066 0.10695477 -0.424031
v -0.22688705 0.1056548 -0.39652207
v -0.24571104 0.110867515 -0.3820918
v -0.114778124 0.06354941 -0.35229576
v -0.07651169 0.048549693 -0.27137423
v -0.0801737 0.050199844 -0.21228765
v 0.007484117 0.017605152 -0.0038445175
v -0.11077332 0.061670467 -0.3836775
v -0.25401306 0.11557356 -0.39558497
v -0.27478135 0.120716445 -0.38213533
v -0.25520533 0.11915777 -0.39881822
v -0.26655743 0.1164211 -0.37040716
v -0.23385958 0.113263816 -0.4116924
v -0.23460527 0.11795906 -0.41449136
v -0.2869059 0.12140622 -0.3582897
v -0.24633211 0.10890132 -0.34227014
v -0.26794094 0.11508293 -0.33598432
v -0.29531145 0.12526892 -0.36821118
v -0.3154755 0.12916306 -0.35386786
v -0.2976373 0.12939563 -0.3717027
v -0.30423644 0.12491353 -0.34256077
v -0.32109296 0.12816902 -0.3260775
v -0.27651292 0.1245604 -0.38546827
v -0.27726096 0.1307261 -0.38841966
v -0.25595722 0.12451662 -0.40169814
v -0.2561581 0.13100179 -0.40406972
v -0.33500496 0.1327651 -0.33892387
v -0.3386214 0.1374829 -0.34288535
v -0.35363117 0.13644128 -0.323198
v -0.3184336 0.13358726 -0.35758138
v -0.31911293 0.14179505 -0.36065525
v -0.29836375 0.13651106 -0.37471804
v -0.2977363 0.14530526 -0.37709007
v -0.27708134 0.13826475 -0.3908187
v -0.27602977 0.14622743 -0.39249465
v -0.34001932 0.13239856 -0.3116969
v -0.31136358 0.12498881 -0.28663772
v -0.35769978 0.13692957 -0.29656813
v -0.28955474 0.11923465 -0.296302
v -0.23471393 0.10227996 -0.24329746
v -0.26685718 0.11218935 -0.24321105
v -0.297221 0.12141519 -0.24987105
v -0.33160344 0.13079026 -0.27674758
v -0.337737 0.13293688 -0.25566587
v -0.37081856 0.14108951 -0.27784035
v -0.38249552 0.14566094 -0.25784275
v -0.38709912 0.14548096 -0.2886746
v -0.34310037 0.13545014 -0.23304404
v -0.3610298 0.14235166 -0.21853349
v -0.27697694 0.11590428 -0.19056402
v -0.30748674 0.12686285 -0.18359627
v -0.33771446 0.13721737 -0.18369757
v -0.37108544 0.14055783 -0.3065087
v -0.37604937 0.14577588 -0.31089285
v -0.35792002 0.14142992 -0.3273955
v -0.35860693 0.15167746 -0.3305438
v -0.33927253 0.1467824 -0.34600565
v -0.33762547 0.15850459 -0.34817666
v -0.3179707 0.15205234 -0.36294553
v -0.31546423 0.16262522 -0.36430833
v -0.2960004 0.15446825 -0.3786515
v -0.29340133 0.16269003 -0.379235
v -0.37688026 0.15668456 -0.314044
v -0.39385667 0.162008 -0.2962808
v -0.37456095 0.17051892 -0.31593212
v -0.3565419 0.16466059 -0.33257493
v -0.3525753 0.177856 -0.3334213
v -0.33434725 0.17049041 -0.34928998
v -0.33010477 0.18058085 -0.34923744
v -0.3120509 0.17177965 -0.36459973
v -0.30818802 0.17778175 -0.3636759
v -0.39272854 0.15086815 -0.2931583
v -0.40751764 0.15637036 -0.27399915
v -0.40132177 0.15088072 -0.26954848
v -0.4134031 0.15642701 -0.24898307
v -0.39585075 0.15142637 -0.23890468
v -0.40702888 0.1569712 -0.2188451
v -0.37696007 0.1488738 -0.20374443
v -0.37632588 0.15024896 -0.18028705
v -0.31819147 0.13180755 -0.15813887
v -0.30380207 0.12806442 -0.12766466
v -0.37463138 0.15144147 -0.15531673
v -0.38738066 0.15741578 -0.13598889
v -0.41584596 0.16443136 -0.1710562
v -0.33088169 0.13862744 -0.11356432
v -0.3597274 0.1492087 -0.10689554
v -0.3997819 0.16292633 -0.11756855
v -0.42942432 0.17300993 -0.12498755
v -0.42260116 0.16889974 -0.14780264
v -0.43909848 0.175094 -0.15284346
v -0.4439026 0.17884775 -0.12806244
v -0.4494203 0.18375503 -0.12890217
v -0.41217464 0.1608807 -0.195483
v -0.42974067 0.16663918 -0.20294547
v -0.43474355 0.17104919 -0.1780437
v -0.44072124 0.17620786 -0.18032056
v -0.44471008 0.18009447 -0.15431742
v -0.4472736 0.18799716 -0.15543045
v -0.45218083 0.19104688 -0.12961572
v -0.45247495 0.19958696 -0.13019577
v -0.42299297 0.16178983 -0.22683118
v -0.42966506 0.16725813 -0.23063682
v -0.43614316 0.17197059 -0.2060482
v -0.43850082 0.18132094 -0.20816477
v -0.4431764 0.18482022 -0.18192817
v -0.44266245 0.1951981 -0.18287706
v -0.44719392 0.19740395 -0.15618294
v -0.44487646 0.20691688 -0.15657514
v -0.4505939 0.20823917 -0.1306349
v -0.44682848 0.2158671 -0.13092586
v -0.4199765 0.16194583 -0.2532229
v -0.4218603 0.17257506 -0.25607836
v -0.43185833 0.17730425 -0.23319618
v -0.4304314 0.18965048 -0.23453538
v -0.43752638 0.19270253 -0.20931546
v -0.43393254 0.20412764 -0.20952058
v -0.43973318 0.20565332 -0.18317795
v -0.4349419 0.21449782 -0.18284133
v -0.4407263 0.21513784 -0.1566074
v -0.4351487 0.22066875 -0.15628001
v -0.44146982 0.22133453 -0.13106126
v -0.42746443 0.22196902 -0.12874067
v -0.4192501 0.22042295 -0.15212739
v -0.384137 0.21131375 -0.14068395
v -0.41071016 0.21882865 -0.17591906
v -0.3977591 0.21509832 -0.1216637
v -0.35671523 0.20225729 -0.110877044
v -0.4288424 0.2200432 -0.18187787
v -0.4217367 0.2191573 -0.2071752
v -0.42843175 0.2136085 -0.2088004
v -0.42015213 0.21213143 -0.23365743
v -0.42624307 0.2020188 -0.23468043
v -0.41543326 0.1990059 -0.2577348
v -0.42002302 0.18577497 -0.2575741
v -0.40686575 0.18120718 -0.27866453
v -0.40902156 0.16739057 -0.27703273
v -0.3915236 0.17607811 -0.29803956
v -0.3867695 0.19025625 -0.2984319
v -0.40208232 0.195086 -0.2789099
v -0.39570346 0.20629281 -0.27778426
v -0.40905935 0.20972799 -0.25658518
v -0.40186992 0.21540172 -0.2541499
v -0.37007415 0.18451391 -0.31652698
v -0.3644024 0.19590448 -0.31579852
v -0.41301727 0.21771032 -0.23149242
v -0.39834997 0.21724014 -0.22486341
v -0.38063452 0.20172016 -0.29745516
v -0.37415868 0.20764744 -0.29510665
v -0.34755728 0.18874027 -0.33301485
v -0.3423381 0.19479021 -0.3312878
v -0.3887614 0.21209347 -0.2753029
v -0.3713998 0.21015655 -0.26513898
v -0.3857506 0.21414176 -0.2455275
v -0.35258716 0.20406272 -0.22581664
v -0.35852858 0.20192568 -0.31371656
v -0.34637135 0.20167662 -0.30552456
v -0.32556522 0.1866169 -0.3479108
v -0.31208742 0.18630436 -0.33681074
v -0.35928908 0.20645127 -0.285932
v -0.32797298 0.19654487 -0.26447663
v -0.33376253 0.19815074 -0.24096572
v -0.32184955 0.1942565 -0.286466
v -0.3020237 0.18629722 -0.29705045
v -0.26807305 0.17450663 -0.19784717
v -0.28816217 0.1820098 -0.25931153
v -0.3295996 0.19448331 -0.32153484
v -0.2997476 0.18535271 -0.19046174
v -0.22459961 0.15819965 -0.13490728
v -0.16655494 0.13765487 -0.13084726
v 0.025782062 0.067880385 -0.0038409166
v -0.33077374 0.19585563 -0.19030528
v -0.36966157 0.20920533 -0.21044831
v -0.37020075 0.20850289 -0.18627971
v -0.31167856 0.18880847 -0.16402774
v -0.2977705 0.18323778 -0.1325153
v -0.18615678 0.14386377 -0.08828109
v -0.24343245 0.16360527 -0.07971089
v -0.1978822 0.14720365 -0.042534724
v -0.4052066 0.21828505 -0.20091249
v -0.36982054 0.2073931 -0.16059642
v -0.32660076 0.19261622 -0.11789627
v -0.33396575 0.19448918 -0.08967633
v -0.3159296 0.1878862 -0.06260578
v -0.25319996 0.16633394 -0.022774668
v -0.34291402 0.19673093 -0.043202523
v -0.12539114 0.06762442 -0.32136834
v -0.15293407 0.079077385 -0.39062834
v -0.17483935 0.087000094 -0.38799113
v -0.15352951 0.07797244 -0.3323478
v -0.12353038 0.0661744 -0.24737751
v -0.0801737 0.050199844 -0.21228765
v 0.007484117 0.017605152 -0.0038445175
v -0.17742875 0.08671559 -0.3490086
v -0.19602776 0.09423213 -0.38514152
v -0.20957658 0.09826669 -0.36733893
v -0.20813408 0.10006784 -0.41019723
v -0.22688705 0.1056548 -0.39652207
v -0.24571104 0.110867515 -0.3820918
v -0.17664392 0.085765846 -0.3184569
v -0.1825823 0.08702615 -0.28686062
v -0.22362992 0.10214322 -0.34843215
v -0.24633211 0.10890132 -0.34227014
v -0.26655743 0.1164211 -0.37040716
v -0.11738061 0.063141786 -0.1896315
v -0.16761887 0.080410376 -0.21566091
v -0.21354078 0.09721257 -0.2924471
v -0.24129972 0.10621553 -0.3042902
v -0.26794094 0.11508293 -0.33598432
v -0.2787146 0.11723005 -0.3167062
v -0.2869059 0.12140622 -0.3582897
v -0.30423644 0.12491353 -0.34256077
v -0.32109296 0.12816902 -0.3260775
v -0.28955474 0.11923465 -0.296302
v -0.23471393 0.10227996 -0.24329746
v -0.23460892 0.10332486 -0.2748808
v -0.15089388 0.07362269 -0.16076365
v -0.2056933 0.09197752 -0.17660727
v -0.26685718 0.11218935 -0.24321105
v -0.297221 0.12141519 -0.24987105
v -0.17796578 0.082679145 -0.12581426
v -0.23376827 0.102620035 -0.12981969
v -0.19606036 0.090285085 -0.084939435
v -0.27697694 0.11590428 -0.19056402
v -0.28398502 0.11768039 -0.22197898
v -0.337737 0.13293688 -0.25566587
v -0.33160344 0.13079026 -0.27674758
v -0.34310037 0.13545014 -0.23304404
v -0.30748674 0.12686285 -0.18359627
v -0.33771446 0.13721737 -0.18369757
v -0.31819147 0.13180755 -0.15813887
v -0.36601833 0.20479475 0.052703023
v -0.34115446 0.1966419 0.03408899
v -0.25012052 0.1655839 0.035522006
v -0.3368371 0.19532366 0.06297094
v -0.39602685 0.21376105 0.079312116
v -0.3096811 0.18610094 0.08046593
v -0.40783513 0.21759255 0.059320573
v -0.43776134 0.22409683 0.06455443
v -0.40299442 0.21573451 0.036360603
v -0.19422343 0.14609653 0.051239163
v -0.23779388 0.16171597 0.09181998
v 0.025782062 0.067880385 -0.0038409166
v -0.20065042 0.14807592 0.004446426
v -0.44000307 0.22439826 0.039827447
v -0.44154826 0.2243523 0.014538863
v -0.45654306 0.22416976 0.041980125
v -0.39752752 0.21356201 0.012270462
v -0.40745735 0.21645024 -0.011111637
v -0.32015833 0.18924402 0.008965829
v -0.34464008 0.19731112 -0.014332906
v -0.3719098 0.2059524 -0.030627402
v -0.18037125 0.14186944 0.095718384
v -0.21574987 0.15496145 0.14447646
v -0.28912932 0.18043567 0.14828435
v -0.15801401 0.1340715 0.13613798
v -0.18318589 0.14285123 0.19100371
v -0.25473782 0.16848493 0.2096132
v -0.41564167 0.21895693 -0.033322375
v -0.40493774 0.21563993 -0.05389842
v -0.44794747 0.22576176 -0.034932546
v -0.34291402 0.19673093 -0.043202523
v -0.3159296 0.1878862 -0.06260578
v -0.44581938 0.22527091 -0.0105277505
v -0.46389347 0.22529258 -0.009998107
v -0.46101093 0.22493704 0.015949475
v -0.4671515 0.21974768 0.016733376
v -0.28694007 0.18041815 0.20479895
v -0.3369519 0.19766563 0.24339053
v -0.31693706 0.18980837 0.25661144
v -0.3520622 0.19991945 0.28261054
v -0.30954033 0.18631834 0.27953076
v -0.31800357 0.19147705 0.20722955
v -0.30086738 0.1852923 0.18007718
v -0.35784054 0.20483504 0.2069982
v -0.35533595 0.2044784 0.23010662
v -0.38272545 0.21218027 0.24658664
v -0.36814484 0.20662895 0.26494563
v -0.38287854 0.20723328 0.2741586
v -0.33847958 0.19405384 0.30237797
v -0.351387 0.19382505 0.31165195
v -0.32470354 0.1887068 0.32196528
v -0.36756346 0.20069577 0.2930886
v -0.37292686 0.19482972 0.2951034
v -0.30222607 0.18329726 0.3015931
v -0.28245863 0.17684674 0.3122431
v -0.27076492 0.17313035 0.27245703
v -0.2594742 0.16959274 0.242582
v -0.24131697 0.16315742 0.2645475
v -0.20980263 0.15254176 0.26392794
v -0.1286596 0.12357535 0.17162105
v -0.1438793 0.12924655 0.23125924
v -0.38902202 0.2014444 0.27649227
v -0.40324113 0.20676145 0.25682634
v -0.3944449 0.1912282 0.2774095
v -0.39657173 0.21248123 0.2542601
v -0.40788305 0.21548317 0.23279126
v -0.39180157 0.21457143 0.22473706
v -0.3993058 0.21565619 0.2017397
v -0.3593628 0.20426056 0.182366
v -0.37480018 0.20827994 0.16451104
v -0.3186975 0.18994334 0.13649905
v -0.3487732 0.19954109 0.13230225
v -0.32689312 0.19215497 0.109113686
v -0.38654438 0.2108405 0.12393206
v -0.38893363 0.21207818 0.1471331
v -0.41780058 0.21873654 0.15802304
v -0.40917093 0.2172883 0.17993747
v -0.4248792 0.21753111 0.18685985
v -0.38358974 0.20969278 0.09972079
v -0.42474005 0.22002414 0.110979065
v -0.41719228 0.21693474 0.21018139
v -0.42349875 0.21131796 0.21253733
v -0.42159846 0.21926977 0.13468914
v -0.43690616 0.2189401 0.13979901
v -0.43140072 0.22213599 0.08793623
v -0.44666985 0.2216884 0.09223397
v -0.43132392 0.21796773 0.1632559
v -0.43649632 0.21237798 0.16514105
v -0.4306315 0.21193948 0.18896489
v -0.43513414 0.20344463 0.18993938
v -0.41455096 0.20982228 0.23533292
v -0.42027166 0.19984056 0.23653403
v -0.45144445 0.22306283 0.06757969
v -0.4562138 0.21750666 0.06910475
v -0.42870197 0.20202766 0.21365353
v -0.4321218 0.19094405 0.21352431
v -0.40910023 0.1964014 0.2579848
v -0.41327804 0.18375905 0.25773835
v -0.4619403 0.21878025 0.04317028
v -0.46552098 0.21196115 0.04374962
v -0.42423087 0.18773249 0.23638588
v -0.42561463 0.17569244 0.23487964
v -0.43787307 0.19355851 0.18978932
v -0.43833444 0.18379319 0.18852092
v -0.44240686 0.19574076 0.16581644
v -0.43307787 0.17994711 0.21214412
v -0.43089 0.17091703 0.20950723
v -0.4403106 0.2045733 0.16598774
v -0.44497442 0.20589572 0.14239489
v -0.4416405 0.2133244 0.1415911
v -0.44641036 0.21460825 0.11796711
v -0.44192263 0.22024721 0.11621606
v -0.4511527 0.21605922 0.09392101
v -0.45416734 0.20888929 0.09471314
v -0.44947636 0.20735371 0.1187677
v -0.45090973 0.19939555 0.1186552
v -0.44664514 0.19765571 0.14224109
v -0.44638962 0.18960607 0.14116047
v -0.45939866 0.21044448 0.069838114
v -0.46080592 0.2027193 0.069819115
v -0.44242477 0.18706731 0.1646473
v -0.44000456 0.17973995 0.16250078
v -0.4555228 0.20105265 0.0946506
v -0.45502728 0.19342309 0.093773656
v -0.45049998 0.19164586 0.11766704
v -0.44803625 0.18501672 0.1158406
v -0.44394496 0.18274857 0.1391838
v -0.43904826 0.17808491 0.13634183
v -0.436004 0.17566077 0.18614025
v -0.43036795 0.1706733 0.18265344
v -0.43478608 0.17494567 0.15939716
v -0.42071804 0.16936187 0.15324803
v -0.46024272 0.19517414 0.06908696
v -0.4664175 0.19713542 0.043213587
v -0.45751578 0.18865214 0.06768095
v -0.45248953 0.18687457 0.09212257
v -0.44771817 0.18228108 0.08973758
v -0.44330797 0.1804203 0.11321334
v -0.42592373 0.17325076 0.107399255
v -0.42341214 0.1716644 0.13048601
v -0.38874894 0.15953642 0.119467884
v -0.46708116 0.20448768 0.043752566
v -0.47295645 0.20603786 0.017141404
v -0.47120583 0.21321575 0.017121727
v -0.47512496 0.21398479 -0.009371483
v -0.47066644 0.22027679 -0.009590186
v -0.47130445 0.22023523 -0.035184722
v -0.46423614 0.22516438 -0.035348453
v -0.46108404 0.22448024 -0.059587404
v -0.4430636 0.22443253 -0.058235615
v -0.43610054 0.22279677 -0.08129338
v -0.39245325 0.21201065 -0.07496741
v -0.39529577 0.21358033 -0.098657005
v -0.33396575 0.19448918 -0.08967633
v -0.35671523 0.20225729 -0.110877044
v -0.3977591 0.21509832 -0.1216637
v -0.42746443 0.22196902 -0.12874067
v -0.43199104 0.22236797 -0.104962215
v -0.44862002 0.22234114 -0.106901266
v -0.44146982 0.22133453 -0.13106126
v -0.44682848 0.2158671 -0.13092586
v -0.4555184 0.22346443 -0.083257504
v -0.46176267 0.21832626 -0.0830205
v -0.45429218 0.21702412 -0.10662394
v -0.45811704 0.2099412 -0.1062799
v -0.4505939 0.20823917 -0.1306349
v -0.45247495 0.19958696 -0.13019577
v -0.467885 0.2194908 -0.059434462
v -0.47235212 0.21317206 -0.05925742
v -0.4658888 0.21169484 -0.082743086
v -0.46767896 0.2043295 -0.0824314
v -0.45986006 0.20201406 -0.10587827
v -0.45928666 0.1941645 -0.10542807
v -0.45218083 0.19104688 -0.12961572
v -0.4494203 0.18375503 -0.12890217
v -0.4759498 0.21404473 -0.035055906
v -0.4779389 0.20720299 -0.034953333
v -0.47426197 0.20617771 -0.05905611
v -0.4733912 0.19916143 -0.058830317
v -0.46691537 0.19698948 -0.08209157
v -0.4633801 0.19043401 -0.08172972
v -0.45616254 0.18731412 -0.10493839
v -0.450253 0.18238471 -0.10441831
v -0.4439026 0.17884775 -0.12806244
v -0.42942432 0.17300993 -0.12498755
v -0.47703964 0.20704964 -0.009324042
v -0.47618136 0.20010434 -0.009429889
v -0.47703847 0.20031992 -0.034868386
v -0.47301558 0.19400552 -0.034792386
v -0.46951666 0.19277704 -0.058579836
v -0.4624147 0.18767822 -0.058304496
v -0.4568552 0.18542232 -0.08135201
v -0.4371863 0.17749943 -0.07893389
v -0.43329954 0.17548598 -0.101876296
v -0.3970435 0.16272767 -0.09532081
v -0.3997819 0.16292633 -0.11756855
v -0.3597274 0.1492087 -0.10689554
v -0.33746633 0.14183168 -0.08638229
v -0.25054914 0.11051988 -0.076691076
v -0.32003564 0.13594963 -0.060325094
v -0.33088169 0.13862744 -0.11356432
v -0.30380207 0.12806442 -0.12766466
v -0.3942191 0.16221045 -0.07245083
v -0.4063624 0.16676542 -0.05216379
v -0.44404382 0.18022199 -0.05662543
v -0.44889787 0.18201424 -0.034091268
v -0.46563712 0.18886992 -0.03471671
v -0.46522787 0.18871494 -0.010029617
v -0.47232044 0.19378178 -0.009671074
v -0.46867573 0.19253124 0.016182639
v -0.47218567 0.19891077 0.016819376
v -0.46332604 0.19067957 0.042167127
v -0.45760325 0.18589558 0.040647637
v -0.46220922 0.187596 0.015258078
v -0.44245923 0.17962657 0.013806126
v -0.44677448 0.18123704 -0.010471792
v -0.40883145 0.16768113 -0.010963802
v -0.45243213 0.18399638 0.0656404
v -0.4383866 0.17799461 0.0622989
v -0.41679323 0.17053983 -0.032365993
v -0.37413707 0.15548547 -0.029676039
v -0.44073775 0.17891909 0.03831556
v -0.4042183 0.1658857 0.03483133
v -0.39909917 0.1641447 0.011587164
v -0.40877357 0.16743445 0.05699014
v -0.39734936 0.163321 0.07628516
v -0.32406673 0.13753532 0.008410821
v -0.3681355 0.15317707 0.05050917
v -0.43218178 0.17573297 0.0849985
v -0.34771007 0.14606835 -0.013990611
v -0.25972164 0.11441953 -0.022037117
v -0.20929997 0.09618357 0.004086711
v 0.007484117 0.017605152 -0.0038445175
v -0.25664315 0.11325374 0.033910666
v -0.20671754 0.09511128 -0.040978782
v -0.34415135 0.14469679 0.03257099
v -0.3460339 0.14545056 -0.041705664
v -0.19606036 0.090285085 -0.084939435
v -0.23376827 0.102620035 -0.12981969
v -0.31819147 0.13180755 -0.15813887
v -0.33993253 0.14313221 0.060341295
v -0.31393933 0.13365002 0.07717567
v -0.20319065 0.09376728 0.049011897
v -0.24529085 0.10844811 0.088036254
v -0.38549227 0.15890265 0.096012406
v -0.3307961 0.1392735 0.10481031
v -0.35241857 0.14629412 0.12729761
v -0.39174926 0.15966615 0.14196515
v -0.37912315 0.15373538 0.15881778
v -0.32368717 0.1356522 0.13122459
v -0.29591754 0.1247273 0.14256585
v -0.19061889 0.08818557 0.09176724
v -0.22516584 0.09961117 0.13862486
v -0.16925226 0.08018078 0.13045366
v -0.19330677 0.08867875 0.18307424
v -0.26285806 0.11245716 0.201245
v -0.41391233 0.1647313 0.17467454
v -0.40604427 0.15945415 0.19597325
v -0.3653917 0.14713438 0.17613018
v -0.36507612 0.14525318 0.20000678
v -0.3080922 0.12771893 0.17325391
v -0.32541934 0.13265602 0.19958504
v -0.2946585 0.122793935 0.19688587
v -0.3448238 0.13780299 0.23482697
v -0.32439503 0.13186638 0.24723536
v -0.36012527 0.1422911 0.27362764
v -0.31639808 0.12991449 0.26913732
v -0.4248779 0.16573392 0.20560797
v -0.4173997 0.16059351 0.22775793
v -0.36320925 0.14363003 0.22229114
v -0.39194694 0.15122339 0.2394531
v -0.40016338 0.15521206 0.21835198
v -0.37707224 0.1467068 0.25691912
v -0.39281446 0.15157393 0.2676334
v -0.4236089 0.16591462 0.23200661
v -0.41310742 0.16105951 0.2530433
v -0.40701732 0.15571815 0.2486007
v -0.41490406 0.17119244 0.2560902
v -0.39990565 0.16661057 0.27513868
v -0.398332 0.15675756 0.2720224
v -0.38103288 0.15254779 0.28987384
v -0.3763107 0.14761415 0.28562468
v -0.35902512 0.14329202 0.3033431
v -0.3983414 0.17885883 0.27694637
v -0.38101405 0.17331581 0.29499418
v -0.34569186 0.1386052 0.292456
v -0.3317852 0.13413654 0.311337
v -0.3823732 0.16180444 0.29302236
v -0.36406076 0.15663181 0.31073868
v -0.3776378 0.18501365 0.2957133
v -0.36001095 0.1784504 0.31380114
v -0.36296052 0.14796938 0.30752763
v -0.34586522 0.14256132 0.3259139
v -0.34247714 0.13806085 0.3215572
v -0.3281861 0.13137396 0.3410356
v -0.3628895 0.16741392 0.31286645
v -0.3455611 0.16143717 0.3315475
v -0.3559887 0.18787588 0.31343287
v -0.33924097 0.18154146 0.33225358
v -0.34672195 0.15095031 0.3292851
v -0.33211085 0.1446177 0.34965882
v -0.33149722 0.13586266 0.34596255
v -0.31828898 0.12848525 0.3662948
v -0.3428961 0.1722311 0.33257812
v -0.3276255 0.16704838 0.3529492
v -0.33510923 0.18757744 0.33045062
v -0.31949046 0.18290922 0.35008666
v -0.33062193 0.15566947 0.35202193
v -0.31670004 0.14993104 0.37282428
v -0.31867868 0.13791129 0.3703833
v -0.3048765 0.13110845 0.38998154
v -0.3237167 0.17678486 0.3523383
v -0.30860332 0.17268465 0.3725036
v -0.30804002 0.18355276 0.33908978
v -0.29107597 0.17884038 0.35608703
v -0.31309447 0.1622777 0.37355268
v -0.2981982 0.15729432 0.39302662
v -0.3024231 0.14404185 0.39248925
v -0.28641877 0.13782206 0.40955147
v -0.303968 0.17888518 0.36961198
v -0.28797925 0.17456996 0.38807875
v -0.26181445 0.17051136 0.3231378
v -0.25186992 0.1678357 0.34593424
v -0.2930882 0.16831926 0.39156577
v -0.27635878 0.16276716 0.40834135
v -0.28183213 0.15147363 0.4100093
v -0.26289165 0.14419101 0.42313877
v -0.27639762 0.17481826 0.37529254
v -0.26097682 0.16977566 0.3926693
v -0.20937188 0.15288943 0.2984434
v -0.21561432 0.15517919 0.3306501
v -0.2709614 0.16902842 0.404539
v -0.25235206 0.16132513 0.41804498
v -0.25760245 0.1551068 0.42164662
v -0.23730971 0.14626734 0.43276724
v -0.2417418 0.16452713 0.366799
v -0.22054651 0.15629296 0.3718982
v -0.18809244 0.14508049 0.31599328
v -0.15696625 0.13321362 0.30745575
v -0.24178517 0.1620019 0.40418008
v -0.22138026 0.15314107 0.41415313
v -0.23246479 0.15243247 0.42961395
v -0.21161368 0.14332281 0.44026342
v -0.09380894 0.11088892 0.20023073
v -0.09757755 0.111798495 0.26120678
v -0.19785202 0.1470162 0.37609845
v -0.18322629 0.14057975 0.39426607
v -0.20231995 0.14483717 0.42691663
v -0.18278472 0.13722579 0.4393952
v -0.14981723 0.12981278 0.33985004
v -0.14972061 0.12918706 0.3720128
v -0.16872777 0.1348322 0.41165274
v -0.14641531 0.12762222 0.4135099
v -0.12513106 0.121026 0.3527718
v -0.0959418 0.11141701 0.33949482
v -0.05397925 0.09653706 0.22121242
v -0.046494324 0.09402869 0.28274292
v -0.011467131 0.08073744 0.23367779
v 0.006700463 0.07293392 0.2913222
v -0.03131537 0.08729758 0.35903695
v -0.160955 0.13044243 0.4485132
v -0.16827486 0.12834184 0.4628736
v -0.13862467 0.12420318 0.4575319
v -0.12301153 0.12058231 0.41534212
v -0.105239205 0.115344994 0.4326536
v -0.08290903 0.10737534 0.37143058
v -0.07701026 0.10535089 0.40400773
v -0.056846313 0.09766685 0.3794202
v -0.06675875 0.10084501 0.4448661
v -0.19011235 0.13496847 0.45101082
v -0.1940774 0.1287678 0.4535961
v -0.0881408 0.10955199 0.44823232
v -0.096717596 0.11122383 0.4801369
v -0.21597119 0.13717794 0.44298849
v -0.22025646 0.12754382 0.44377393
v -0.117587574 0.11822415 0.46971253
v -0.12405702 0.11629933 0.48590755
v -0.14621757 0.122449756 0.47484234
v -0.1501055 0.11584776 0.47856724
v -0.17211889 0.12196601 0.4658756
v -0.1762313 0.11196054 0.4668038
v -0.24211895 0.13602242 0.433899
v -0.24611233 0.12391708 0.43306726
v -0.19804648 0.11933121 0.45424756
v -0.20141412 0.108499534 0.4530718
v -0.26731494 0.13109174 0.42254582
v -0.26996768 0.118322924 0.41989252
v -0.22381184 0.11636431 0.4427109
v -0.22597954 0.105583265 0.43989027
v -0.28915578 0.12448654 0.40697682
v -0.28908056 0.11414137 0.40229407
v -0.24850972 0.11217078 0.43032986
v -0.24853073 0.1030028 0.4257446
v -0.30467266 0.12104087 0.38553157
v -0.30092508 0.11638573 0.37916738
v -0.26994514 0.10839856 0.4152033
v -0.26634267 0.10383257 0.4085028
v -0.31478944 0.12391949 0.3606238
v -0.30144605 0.11984052 0.34513578
v -0.28523028 0.10946066 0.39551184
v -0.27457294 0.10684171 0.38131028
v -0.31641847 0.12737262 0.32820344
v -0.29043573 0.12007966 0.300792
v -0.2887224 0.11306738 0.36421403
v -0.26315334 0.10701034 0.33399695
v -0.30901694 0.12747598 0.2903754
v -0.27803487 0.11770087 0.2617737
v -0.2669883 0.1142592 0.23285432
v -0.27152446 0.1118747 0.31159616
v -0.2198258 0.096397005 0.25354737
v -0.24960834 0.10776002 0.25401187
v -0.1411514 0.069782495 0.16453195
v -0.15631993 0.07417983 0.22196238
v -0.22031884 0.095089585 0.2870638
v -0.2271923 0.09605819 0.31849936
v -0.25407708 0.10268201 0.3543693
v -0.23305032 0.096084885 0.3590879
v -0.1999177 0.087678164 0.30395213
v -0.16917028 0.07794362 0.2954463
v -0.107779875 0.057590086 0.1920187
v -0.11132219 0.05862924 0.25055882
v -0.21005297 0.08950139 0.362793
v -0.23420295 0.095364116 0.4015902
v -0.16186725 0.07568348 0.32655025
v -0.19506499 0.085213944 0.38012466
v -0.2553234 0.10095225 0.39229602
v -0.1619074 0.07508429 0.35779646
v -0.24539535 0.09863258 0.41936937
v -0.22352119 0.09299194 0.4293407
v -0.21444106 0.09004269 0.4136116
v -0.19493493 0.083656505 0.4255614
v -0.18073776 0.0803182 0.39685252
v -0.15972292 0.07190987 0.39874625
v -0.13821413 0.0668762 0.3389967
v -0.11068042 0.056209557 0.32633036
v -0.22610188 0.0971445 0.43540317
v -0.203923 0.09001401 0.44566432
v -0.20185319 0.086041726 0.43964595
v -0.1815242 0.07691319 0.45151424
v -0.06963341 0.043522585 0.21220955
v -0.063004486 0.039835 0.27156168
v -0.02872472 0.028848978 0.22425741
v -0.04844034 0.03378052 0.3454301
v -0.17458184 0.07487422 0.4346409
v -0.15443553 0.065094 0.44385853
v -0.20357479 0.098113544 0.4501752
v -0.18249309 0.089314856 0.46278596
v -0.13817336 0.062495112 0.40079826
v -0.12224212 0.05458011 0.41800115
v -0.09904155 0.050259817 0.35746515
v -0.09414477 0.046745926 0.38945445
v -0.18325846 0.08080175 0.45801347
v -0.16330609 0.07057375 0.471021
v -0.17992003 0.10038898 0.46574503
v -0.1588672 0.092111 0.47918993
v -0.07397521 0.041169822 0.365308
v -0.085085444 0.04113038 0.43014133
v -0.106391944 0.047635105 0.43342525
v -0.116055965 0.0473739 0.46676174
v -0.16179053 0.06672114 0.46375653
v -0.14190845 0.056580376 0.47518358
v -0.13554984 0.05571417 0.45622286
v -0.062294025 0.03520454 0.4251356
v -0.041988924 0.029996147 0.43539438
v -0.070978545 0.035136405 0.47188282
v -0.0303625 0.028337596 0.37137347
v -0.094085075 0.04071252 0.47050336
v -0.09872397 0.04091204 0.49083576
v -0.12113418 0.047605727 0.48460636
v -0.12232818 0.051334657 0.49329337
v -0.019029317 0.024520943 0.39983463
v -0.01079607 0.02284509 0.27951887
v -0.1432634 0.060396038 0.48325747
v -0.1415601 0.07037854 0.4888186
v -0.16204976 0.07984919 0.47618103
v -0.0036889573 0.019972613 0.3714913
v -0.0018737534 0.018380748 0.43431985
v 0.01747485 0.01262504 0.34621122
v 0.01409307 0.01428054 0.22575516
v 0.019245693 0.011020478 0.42352533
v 0.020055015 0.010163375 0.4669243
v 0.040497605 0.0024711187 0.429073
v -0.022429155 0.024667457 0.44407126
v -0.025295882 0.024621483 0.47683823
v -0.002546274 0.018007327 0.47236827
v -0.0029022677 0.018790198 0.49000034
v -0.048077744 0.030051945 0.47533542
v -0.051031407 0.030736178 0.49495053
v -0.026766947 0.025438372 0.49345407
v -0.02674502 0.028308967 0.5009418
v -0.07518673 0.035591457 0.4941808
v -0.075883664 0.03889862 0.50285566
v -0.05139578 0.03380319 0.503143
v -0.049716625 0.041007213 0.50881606
v -0.09969801 0.04445564 0.4996992
v -0.09770321 0.05407004 0.50565445
v -0.07403453 0.047386717 0.50873333
v -0.07046999 0.058812164 0.51184547
v -0.12033949 0.061564796 0.49915698
v -0.11623573 0.07536616 0.50223136
v -0.09373238 0.067056 0.50874627
v -0.088778354 0.0807143 0.50901955
v -0.13779318 0.08374392 0.49186563
v -0.1329573 0.09770845 0.49239707
v -0.111084424 0.089808695 0.5025504
v -0.10595324 0.10196245 0.50014865
v -0.15460393 0.104922675 0.48000085
v -0.12804702 0.10948821 0.4904115
v -0.1019097 0.10889738 0.49505988
v -0.07989211 0.09925093 0.50128996
v -0.08383397 0.09234569 0.5065191
v -0.061517563 0.08150085 0.5098976
v -0.07488843 0.10192054 0.48388717
v -0.052809186 0.09138574 0.48548916
v -0.06602077 0.07093139 0.51222306
v -0.04279347 0.060966127 0.5125799
v -0.057791054 0.08827698 0.5049006
v -0.03539332 0.076892585 0.50619453
v -0.044540025 0.090953134 0.43992105
v -0.024931496 0.081605606 0.4507634
v -0.04663539 0.050633203 0.51196367
v -0.02241534 0.042517845 0.50953585
v -0.038832318 0.07029097 0.51065886
v -0.015606571 0.05957891 0.5091776
v -0.031188922 0.08069084 0.48946878
v -0.009334318 0.07050584 0.49169374
v -0.013381544 0.07917418 0.38605553
v -0.002089028 0.07361598 0.41540098
v -0.025132706 0.03442401 0.5063246
v -0.00066601316 0.02712956 0.5016814
v -0.012485756 0.06601473 0.50547487
v 0.011144851 0.056560446 0.50304437
v -0.0057707545 0.07292606 0.46012682
v 0.015104671 0.065038286 0.45074505
v 0.013670425 0.06843018 0.38667747
v 0.035793655 0.06100767 0.36095193
v -0.002442069 0.021555543 0.49663252
v 0.021493642 0.0134683605 0.49146056
v 0.013447912 0.06150082 0.48803177
v 0.036919713 0.05347504 0.4833791
v 0.032641876 0.06404249 0.235679
v 0.061770022 0.053657774 0.2882416
v 0.020552272 0.010750246 0.48563492
v 0.043586314 0.0012771798 0.48140323
v 0.037142523 0.05758956 0.44032678
v 0.059790615 0.050227266 0.44658062
v 0.05928699 0.05282949 0.3833435
v 0.042391952 0.0010434752 0.46550518
v 0.06415764 -0.0091901645 0.4647389
v 0.076585084 0.04675299 0.40971962
v 0.060687255 -0.006549336 0.43486533
v 0.07861984 -0.015322961 0.42480478
v 0.055801403 -0.0033978415 0.39297202
v 0.03967295 0.003833984 0.36745682
v 0.04168761 0.0034058464 0.27600682
v 0.06539428 -0.007291246 0.36433598
v 0.081286974 -0.0144400075 0.33819163
v 0.05600644 -0.0024531847 0.22012629
v 0.09209431 -0.017382964 0.26521876
v 0.01409307 0.01428054 0.22575516
v 0.09606714 -0.01700724 0.20593478
v 0.14010093 -0.032350793 0.24123079
v 0.14223571 -0.0365644 0.31669185
v 0.08504529 -0.020375244 0.4612536
v 0.08835154 -0.022134025 0.47752318
v 0.105792835 -0.031856004 0.45784825
v 0.09702949 -0.024647107 0.4144801
v 0.11865025 -0.035319097 0.41948014
v 0.106762156 -0.025984675 0.35707113
v 0.12710704 -0.03549659 0.38010398
v 0.13131404 -0.034895826 0.34839615
v 0.1550284 -0.048504133 0.40677032
v 0.06618954 -0.00967045 0.47835082
v 0.06818585 -0.007005656 0.48350966
v 0.13935791 -0.044288315 0.42263386
v 0.14810485 -0.05211928 0.45428288
v 0.04504275 0.003972836 0.48667115
v 0.04772325 0.009930925 0.49121282
v 0.12713821 -0.04297661 0.45732164
v 0.13160564 -0.046547536 0.47547153
v 0.110135786 -0.034848165 0.47715262
v 0.113206625 -0.032353062 0.48368773
v 0.09090355 -0.019541707 0.48322144
v 0.09506623 -0.011540718 0.48795632
v 0.023635346 0.019004874 0.49620473
v 0.026534911 0.026310572 0.4996333
v 0.07154958 -0.0002112725 0.48802394
v 0.07559443 0.009047149 0.49157694
v 0.0020033058 0.03446466 0.504997
v 0.005143279 0.042513248 0.50642926
v 0.05109383 0.017892435 0.4947312
v 0.054620538 0.026598347 0.49692923
v -0.019078204 0.05132471 0.5105091
v 0.029749883 0.034336258 0.50151217
v 0.032837834 0.042032804 0.5016073
v 0.008331351 0.0502277 0.5058284
v 0.035356313 0.048350897 0.4996844
v 0.06000644 0.041207235 0.49617624
v 0.05776939 0.03478963 0.4975099
v 0.08298246 0.028293677 0.4945323
v 0.06084302 0.046227645 0.48263192
v 0.08478852 0.039822847 0.4820619
v 0.07963417 0.01910399 0.49385193
v 0.10466969 0.011657738 0.49345177
v 0.08495304 0.03495062 0.49330133
v 0.110054 0.029402196 0.49184087
v 0.081731364 0.043658376 0.45271727
v 0.10164722 0.038589943 0.4419473
v 0.09995111 -0.00038845098 0.4914568
v 0.12388231 -0.009966631 0.49214202
v 0.108333476 0.022340411 0.4936702
v 0.13330793 0.016432265 0.493163
v 0.10832675 0.034324788 0.47794092
v 0.13178396 0.028885234 0.47351786
v 0.08710009 0.044325117 0.38000077
v 0.10448388 0.039569646 0.3524392
v 0.12929854 0.004169931 0.49367765
v 0.15309219 -0.003449087 0.492478
v 0.13481611 0.023942929 0.4904065
v 0.15874632 0.017953826 0.48760974
v 0.12217209 0.033442497 0.43060696
v 0.14593971 0.026636502 0.4350323
v 0.07722269 0.04922169 0.2297798
v 0.11562803 0.036030754 0.2764631
v 0.15739131 0.010071598 0.49125013
v 0.18006904 0.0027609633 0.48617098
v 0.15548618 0.022655986 0.47204214
v 0.17788325 0.015477871 0.46832764
v 0.132017 0.03079492 0.37152454
v 0.15394014 0.023429252 0.3948645
v 0.18135144 0.010815905 0.4820623
v 0.20213838 0.0019101546 0.47237554
v 0.16807835 0.019348845 0.43781915
v 0.18371606 0.012756371 0.4215632
v 0.15759085 0.02142798 0.36236602
v 0.16793162 0.016321594 0.32976297
v 0.1974248 0.0071918056 0.4571885
v 0.2161252 -0.0022245958 0.4437182
v 0.118969046 0.033944633 0.21485294
v 0.16423628 0.016137233 0.2516993
v 0.15684375 0.018432485 0.19125813
v 0.20845012 -0.0014957123 0.2187601
v 0.22543393 -0.008673309 0.2936438
v 0.19924954 0.005109944 0.40318298
v 0.2210755 -0.00533953 0.3995967
v 0.19689201 0.004064527 0.3408801
v 0.22175649 -0.006545107 0.35819167
v 0.22009535 -0.00616142 0.32627222
v 0.25521183 -0.021721145 0.37784177
v 0.24209572 -0.015360456 0.39606336
v 0.2556864 -0.02329228 0.42224306
v 0.23599887 -0.012793559 0.43301016
v 0.24087416 -0.019016052 0.44628134
v 0.22176123 -0.0082162125 0.45997384
v 0.22040641 -0.015804285 0.46302152
v 0.20082675 -0.0059973197 0.47616512
v 0.19645981 -0.019439409 0.4775978
v 0.1756221 -0.011288963 0.48780182
v 0.16934244 -0.02776028 0.48701292
v 0.14710662 -0.019239811 0.4914037
v 0.14069197 -0.03393208 0.48813766
v 0.118153565 -0.023100065 0.48874816
v 0.1351058 -0.044157464 0.4827901
v 0.15661198 -0.053672783 0.47840986
v 0.16256182 -0.043079395 0.48386285
v 0.18364356 -0.049584784 0.47366193
v 0.1903085 -0.035080478 0.47674093
v 0.21058832 -0.041774537 0.46281716
v 0.15282458 -0.055966742 0.47071236
v 0.173856 -0.061840445 0.4611074
v 0.21630979 -0.027928067 0.4639326
v 0.23587659 -0.036782544 0.44887316
v 0.17773576 -0.059616655 0.4684283
v 0.19873933 -0.06338377 0.45494622
v 0.16771619 -0.05766622 0.4433409
v 0.18744478 -0.061422233 0.42976034
v 0.20435914 -0.054530796 0.45978504
v 0.2251307 -0.0590001 0.44448218
v 0.23955043 -0.026261061 0.44852933
v 0.25900093 -0.03696873 0.43447775
v 0.19484599 -0.0655206 0.44841066
v 0.21594062 -0.06835913 0.4343761
v 0.17130148 -0.05156976 0.3885772
v 0.19381672 -0.05708833 0.38474247
v 0.21988466 -0.06636879 0.44006425
v 0.24143383 -0.06996622 0.42588317
v 0.26013145 -0.029942196 0.43272227
v 0.2801871 -0.040447403 0.42072085
v 0.20876314 -0.06519203 0.41880602
v 0.22997 -0.06929091 0.408042
v 0.1709724 -0.04561797 0.32720938
v 0.19560866 -0.05414577 0.34403735
v 0.23728606 -0.07170803 0.42075756
v 0.2590284 -0.07691925 0.40930918
v 0.27382836 -0.032497834 0.40859547
v 0.29208815 -0.041076165 0.39485833
v 0.21551873 -0.062705055 0.3811518
v 0.22935174 -0.06606501 0.363691
v 0.19444579 -0.052380957 0.31313887
v 0.20017384 -0.05359221 0.28192803
v 0.24936414 -0.07403412 0.3950326
v 0.26847938 -0.07972341 0.38223758
v 0.2688181 -0.02787335 0.35894316
v 0.29130876 -0.037268743 0.35337862
v 0.13353212 -0.028923713 0.18329516
v 0.1835957 -0.046973657 0.20989108
v 0.24345215 -0.07017532 0.34579867
v 0.26595622 -0.07804292 0.34091344
v 0.2569143 -0.021291247 0.3000977
v 0.23110996 -0.0646735 0.28850108
v 0.28494868 -0.032780632 0.31280407
v 0.25872442 -0.07492509 0.30118683
v 0.16533493 -0.040429544 0.15368499
v 0.21824914 -0.06052742 0.16848442
v 0.2485385 -0.07113032 0.23692732
v 0.2505878 -0.0717568 0.27037618
v 0.2948046 -0.088529386 0.3141082
v 0.28652123 -0.08553765 0.3350213
v 0.30738944 -0.09336283 0.36026645
v 0.19073743 -0.051026553 0.11768586
v 0.2456892 -0.072517864 0.121795386
v 0.28724098 -0.08838471 0.18170534
v 0.20869792 -0.057822138 0.0771946
v 0.26250288 -0.0774558 0.06907023
v 0.31401327 -0.098517194 0.11998686
v 0.2888498 -0.086660534 0.37211663
v 0.30050617 -0.09010491 0.38709915
v 0.2803682 -0.083286844 0.39857504
v 0.28557166 -0.08237116 0.40416974
v 0.26364893 -0.07557083 0.41450366
v 0.26852992 -0.070839174 0.41859883
v 0.24638022 -0.06407535 0.43000343
v 0.25142425 -0.055581387 0.43293288
v 0.23076567 -0.048416767 0.44747126
v 0.25586483 -0.046030488 0.4344861
v 0.27697912 -0.055699617 0.42283824
v 0.27314785 -0.06384266 0.4214315
v 0.29489386 -0.07246898 0.41109273
v 0.29054314 -0.07848183 0.40838054
v 0.31138352 -0.08619364 0.39746055
v 0.2795 -0.04752841 0.4226558
v 0.30017874 -0.057473045 0.4115629
v 0.30624428 -0.089555964 0.39312562
v 0.32470855 -0.09631397 0.3796153
v 0.29823518 -0.065182686 0.4121917
v 0.31864923 -0.07387243 0.40080872
v 0.3003357 -0.050190132 0.4090917
v 0.31987178 -0.05882875 0.3966495
v 0.31561986 -0.0807288 0.4000422
v 0.3342833 -0.08789062 0.38640544
v 0.3186427 -0.09666744 0.37342578
v 0.33397847 -0.10226852 0.35609895
v 0.3201679 -0.06633544 0.39969844
v 0.33859846 -0.073648594 0.3855617
v 0.3121293 -0.049693007 0.38382262
v 0.33091304 -0.057053134 0.37122416
v 0.33723712 -0.08116172 0.38695145
v 0.35301468 -0.08644324 0.36888206
v 0.32101262 -0.09834782 0.34228358
v 0.333219 -0.103166185 0.32218927
v 0.33808988 -0.06602179 0.38220885
v 0.35428467 -0.07142762 0.36458433
v 0.3122695 -0.04551453 0.34693918
v 0.32128605 -0.048217766 0.32541573
v 0.3546014 -0.07894542 0.367652
v 0.36919358 -0.08283069 0.34729296
v 0.30236533 -0.091528326 0.2910641
v 0.32076254 -0.09904462 0.27877906
v 0.3454007 -0.06186125 0.3527989
v 0.35897103 -0.0656144 0.33246493
v 0.27721205 -0.028696211 0.2811608
v 0.27577445 -0.027086249 0.24666157
v 0.3692558 -0.07551207 0.3448372
v 0.38380322 -0.07874094 0.32402855
v 0.2782493 -0.08265519 0.23518436
v 0.30661264 -0.09407552 0.24082604
v 0.32996124 -0.050265003 0.30188817
v 0.3498978 -0.056542743 0.28943628
v 0.18995908 0.0062993467 0.16033976
v 0.24548383 -0.013724555 0.17581064
v 0.3750029 -0.06980964 0.3141403
v 0.39098808 -0.073540755 0.2957956
v 0.2939024 -0.08973677 0.21285856
v 0.34385878 -0.11052713 0.24537657
v 0.30716565 -0.03812093 0.2449739
v 0.33682245 -0.04895074 0.2507013
v 0.36915112 -0.06232496 0.27734956
v 0.37577617 -0.06288548 0.25491762
v 0.33844432 -0.10680274 0.26697567
v 0.36160284 -0.11630945 0.28595987
v 0.32432327 -0.04298147 0.2217956
v 0.3180792 -0.039312843 0.18931742
v 0.34750837 -0.10936866 0.30400494
v 0.36020616 -0.11330031 0.31559852
v 0.21734205 -0.0023119932 0.12285992
v 0.27522993 -0.022841532 0.1270353
v 0.34750313 -0.10758666 0.33639708
v 0.35333335 -0.106920965 0.34145722
v 0.34000626 -0.10183376 0.36188287
v 0.34539974 -0.09858573 0.36596376
v 0.3300146 -0.093164854 0.38395098
v 0.34984165 -0.093222804 0.36830813
v 0.3635706 -0.09753699 0.34738144
v 0.35882503 -0.10330033 0.34513956
v 0.3715763 -0.10815281 0.3231188
v 0.3658856 -0.11238117 0.31986728
v 0.3788587 -0.11901991 0.2986419
v 0.36716264 -0.09044305 0.3481201
v 0.380862 -0.093887165 0.32618535
v 0.37307706 -0.12008795 0.2949816
v 0.3871054 -0.12862802 0.27582473
v 0.376746 -0.1016449 0.3252569
v 0.39064312 -0.10635813 0.30356574
v 0.38339192 -0.08590931 0.32580793
v 0.39821324 -0.088785976 0.30452055
v 0.38493952 -0.113987125 0.30154198
v 0.4002006 -0.12164737 0.28204957
v 0.3732244 -0.12334286 0.26628357
v 0.38469523 -0.13062285 0.2466773
v 0.39529315 -0.0975015 0.30459732
v 0.41163704 -0.10201216 0.28487557
v 0.39872682 -0.081580065 0.30321965
v 0.41482645 -0.08449527 0.2834716
v 0.40653792 -0.11248828 0.2839394
v 0.42259917 -0.11901627 0.26515108
v 0.34932557 -0.114586055 0.22311035
v 0.36716488 -0.12334766 0.20930573
v 0.41467443 -0.09206562 0.28475428
v 0.4311113 -0.09552703 0.26553056
v 0.4044185 -0.0759017 0.27540144
v 0.41760805 -0.07823002 0.25487804
v 0.42808205 -0.106825255 0.26588383
v 0.44281664 -0.11134711 0.24648555
v 0.31725284 -0.10115551 0.17509247
v 0.34640905 -0.11352942 0.17543349
v 0.43072474 -0.087467365 0.26401663
v 0.4450443 -0.09047714 0.2440869
v 0.38244694 -0.063398644 0.23165087
v 0.40183735 -0.06903878 0.21705973
v 0.44585985 -0.09894906 0.24587084
v 0.45725563 -0.10211054 0.22479652
v 0.32799447 -0.105184756 0.15021574
v 0.38254303 -0.12921055 0.17234978
v 0.43287024 -0.0818632 0.23614584
v 0.4455959 -0.08554093 0.21654741
v 0.3499544 -0.050024673 0.18222433
v 0.38066274 -0.060900055 0.18230678
v 0.45640785 -0.093505464 0.2229146
v 0.46343789 -0.09653317 0.1997319
v 0.41892964 -0.074589066 0.202344
v 0.4187062 -0.074832596 0.17870352
v 0.3615504 -0.054089602 0.15632157
v 0.34695497 -0.049352407 0.12508218
v 0.45117593 -0.088002995 0.1934255
v 0.45464405 -0.09053365 0.16902713
v 0.23654905 -0.009009577 0.08066476
v 0.29279712 -0.03004907 0.07228486
v 0.24794951 -0.0136759905 0.03504003
v 0.30327225 -0.034242563 0.015389583
v 0.36422527 -0.056792874 0.055270694
v 0.41699293 -0.07516024 0.15342376
v 0.429616 -0.08096273 0.13379025
v 0.37446824 -0.060198925 0.11068221
v 0.4032838 -0.07140315 0.103805825
v 0.38141578 -0.06321896 0.08246211
v 0.43984705 -0.08577838 0.09176308
v 0.44206938 -0.08643664 0.11487831
v 0.4677971 -0.098139346 0.1223369
v 0.46103424 -0.0944172 0.14559944
v 0.47151658 -0.102639 0.15010013
v 0.46788925 -0.09957325 0.17523001
v 0.46714354 -0.10725296 0.17632501
v 0.4636346 -0.10479038 0.2013291
v 0.45990825 -0.11714179 0.20192352
v 0.4540292 -0.114983894 0.22554426
v 0.44789737 -0.12918897 0.22518113
v 0.43699607 -0.12492285 0.24597387
v 0.42947942 -0.13692795 0.24437872
v 0.41562527 -0.12975416 0.2634068
v 0.40812248 -0.13669308 0.26072574
v 0.3934486 -0.12764283 0.27931008
v 0.40105334 -0.13748726 0.25718248
v 0.41368294 -0.14523233 0.23810945
v 0.42134798 -0.1446139 0.24174297
v 0.43159214 -0.14984845 0.2212157
v 0.44002873 -0.14178933 0.22373047
v 0.44553894 -0.14295878 0.20022714
v 0.39833748 -0.13830346 0.22884235
v 0.40980497 -0.14383607 0.21002711
v 0.45347196 -0.13079536 0.20154594
v 0.45614523 -0.13099305 0.17612226
v 0.4237562 -0.15042983 0.21766017
v 0.43003538 -0.15164654 0.19488919
v 0.38302216 -0.1303698 0.19527982
v 0.4373224 -0.15083994 0.19799796
v 0.44061172 -0.14950109 0.17308289
v 0.46282175 -0.118546486 0.17660475
v 0.465138 -0.11992353 0.15056923
v 0.41475114 -0.1446722 0.18748002
v 0.41797888 -0.14367186 0.16352347
v 0.44833484 -0.1421315 0.17493063
v 0.45074084 -0.14100273 0.14890271
v 0.4699292 -0.10976287 0.15064062
v 0.47413847 -0.11258456 0.12513247
v 0.43419698 -0.1506408 0.17063208
v 0.43791762 -0.14917111 0.14572428
v 0.3808456 -0.12671559 0.14770244
v 0.39304793 -0.12973033 0.12852468
v 0.44353294 -0.1477449 0.14746352
v 0.44815892 -0.14748396 0.12213294
v 0.4760746 -0.105743416 0.12503342
v 0.4833181 -0.108899705 0.10072112
v 0.42429063 -0.14369512 0.14047977
v 0.43124008 -0.14465326 0.11770448
v 0.34038633 -0.107557125 0.10600587
v 0.3681107 -0.11802557 0.09937905
v 0.4428738 -0.14899588 0.12100139
v 0.45074224 -0.15187362 0.09729887
v 0.4723836 -0.100185804 0.098434016
v 0.4775281 -0.1020094 0.07457455
v 0.40527165 -0.13330585 0.110136114
v 0.4036386 -0.1324932 0.087856404
v 0.3473884 -0.10961433 0.07882368
v 0.33139265 -0.10371727 0.05275963
v 0.43638083 -0.14645782 0.09455317
v 0.4422774 -0.1494201 0.07159784
v 0.43790907 -0.084927835 0.067916125
v 0.45121545 -0.08982472 0.046808943
v 0.21999852 -0.061454162 0.03337328
v 0.27347407 -0.08157991 0.014570559
v 0.40246853 -0.13246681 0.06497568
v 0.41608104 -0.13840128 0.044784125
v 0.3915038 -0.06693496 0.03588946
v 0.35814765 -0.11433246 0.034232877
v 0.42035648 -0.077982485 0.02347801
v 0.38649443 -0.12573464 0.022384608
v 0.22398444 -0.062535115 -0.0113557475
v 0.27160308 -0.07958947 -0.040698953
v 0.33875793 -0.10584564 -0.015271388
v 0.36129075 -0.115307316 0.006806557
v 0.42181 -0.14011063 0.0042257863
v 0.42801523 -0.14328606 0.02522103
v 0.45890185 -0.15701732 0.027225295
v 0.2175161 -0.059421353 -0.055936474
v 0.25844994 -0.07449248 -0.094772466
v 0.3276293 -0.09998459 -0.083211645
v 0.20413886 -0.05463679 -0.099021226
v 0.23843169 -0.067452535 -0.14614792
v 0.30766797 -0.093125686 -0.14935976
v 0.45149457 -0.15385157 0.049410425
v 0.4686088 -0.1607482 0.05129799
v 0.4598711 -0.15629435 0.07420248
v 0.46672088 -0.15552773 0.07480996
v 0.45656267 -0.1506312 0.09808424
v 0.46368185 -0.14462104 0.098900065
v 0.45508164 -0.14126751 0.12320528
v 0.4624883 -0.13216594 0.124124944
v 0.45834228 -0.13103291 0.14996396
v 0.46922505 -0.12199849 0.12479848
v 0.47745097 -0.12549694 0.100273736
v 0.47100845 -0.13564304 0.09965902
v 0.481589 -0.14030199 0.0760267
v 0.47429797 -0.14955837 0.07544052
v 0.48468646 -0.1545745 0.052279923
v 0.48191804 -0.115982555 0.10065689
v 0.49125805 -0.11959022 0.076795995
v 0.4766104 -0.1605147 0.05180256
v 0.4842083 -0.16393328 0.028554622
v 0.48758012 -0.12967403 0.076501004
v 0.4973769 -0.13378493 0.052986268
v 0.49160928 -0.11196614 0.07684416
v 0.49931055 -0.114801064 0.053083513
v 0.49191567 -0.14498039 0.052688383
v 0.4996749 -0.148516 0.029104581
v 0.4753036 -0.16372532 0.028171146
v 0.4783038 -0.16371581 0.004407721
v 0.5001489 -0.12304095 0.053131875
v 0.50658053 -0.12596804 0.029246606
v 0.48596492 -0.10506302 0.051442225
v 0.4924378 -0.10778289 0.028335094
v 0.5046056 -0.13708483 0.02923548
v 0.50703055 -0.1388288 0.0047545875
v 0.45936865 -0.15618257 0.0042766933
v 0.45722264 -0.1535726 -0.019138364
v 0.5047843 -0.11726276 0.029120207
v 0.5063928 -0.11920966 0.0046351478
v 0.4627621 -0.09434227 0.026370151
v 0.45554554 -0.09235377 0.00452843
v 0.50854325 -0.12800498 0.004722286
v 0.5068837 -0.1290256 -0.020164117
v 0.41364178 -0.13560006 -0.01776335
v 0.4196874 -0.1364794 -0.040308114
v 0.4916899 -0.108605154 0.00455117
v 0.48836428 -0.10887983 -0.019659612
v 0.3940446 -0.068288565 0.0072476612
v 0.37018952 -0.060050294 -0.015748693
v 0.5048541 -0.12041921 -0.020142166
v 0.50088567 -0.12066881 -0.044982236
v 0.35942283 -0.11270585 -0.038882088
v 0.38340977 -0.121348925 -0.056249272
v 0.44633463 -0.08997294 -0.018301737
v 0.45189852 -0.09331345 -0.041705884
v 0.25135326 -0.015463752 -0.011680552
v 0.30057916 -0.034314692 -0.042310786
v 0.48710334 -0.10995681 -0.04404729
v 0.48438567 -0.11003232 -0.06808129
v 0.35472986 -0.11019965 -0.06628818
v 0.41176477 -0.13182229 -0.08095253
v 0.39111054 -0.068759255 -0.04033479
v 0.4154103 -0.07879802 -0.0584069
v 0.45634845 -0.09587434 -0.06414665
v 0.44379604 -0.09115469 -0.0840866
v 0.42428294 -0.13710234 -0.061880488
v 0.4544437 -0.148836 -0.06590745
v 0.3862825 -0.0673576 -0.06895988
v 0.35864103 -0.056706384 -0.086681
v 0.45679176 -0.151413 -0.042722918
v 0.47513103 -0.15800914 -0.043872394
v 0.24454854 -0.013390556 -0.0582473
v 0.28726318 -0.029397476 -0.09875776
v 0.4780871 -0.16153777 -0.01970316
v 0.48707902 -0.16194546 -0.019851742
v 0.48749116 -0.16412464 0.0045586126
v 0.49580663 -0.15882328 0.0046691387
v 0.49260387 -0.1581645 0.028871676
v 0.5025524 -0.14974648 0.0047356607
v 0.50139016 -0.14909121 -0.020076124
v 0.49504268 -0.15724583 -0.019978039
v 0.49105975 -0.15412702 -0.04472014
v 0.48359162 -0.15825236 -0.044342745
v 0.4776485 -0.15390216 -0.068580724
v 0.505533 -0.1391337 -0.020140156
v 0.5009942 -0.13811627 -0.04513249
v 0.4699134 -0.15394814 -0.06781079
v 0.46291175 -0.15017273 -0.091229245
v 0.49702924 -0.14696945 -0.044988707
v 0.49031156 -0.1438006 -0.06965984
v 0.5024484 -0.12890388 -0.04513562
v 0.4960841 -0.12751372 -0.06991523
v 0.48460537 -0.1501616 -0.06920752
v 0.47642744 -0.14604454 -0.093090504
v 0.44654602 -0.14497432 -0.08812266
v 0.43764237 -0.14135498 -0.11032331
v 0.4942953 -0.13589327 -0.06990617
v 0.48631755 -0.1325815 -0.094144985
v 0.49520582 -0.1197361 -0.06965552
v 0.48853227 -0.11739847 -0.09393259
v 0.48207885 -0.14000398 -0.09374734
v 0.47326714 -0.13609181 -0.11761571
v 0.3980954 -0.12652186 -0.10062997
v 0.3992376 -0.12708354 -0.12401857
v 0.48863742 -0.12472906 -0.0942259
v 0.48073328 -0.1212251 -0.11832787
v 0.47668937 -0.10730269 -0.091230884
v 0.4683037 -0.10380481 -0.11438635
v 0.47785443 -0.12881128 -0.11817037
v 0.46969914 -0.1252129 -0.14230385
v 0.34295338 -0.10573596 -0.1106791
v 0.36320838 -0.11353877 -0.13290606
v 0.48132947 -0.11426277 -0.11800278
v 0.47406176 -0.11093573 -0.14205551
v 0.43031693 -0.08573193 -0.10466988
v 0.4319868 -0.08618343 -0.12904054
v 0.47299618 -0.1176772 -0.14248139
v 0.4660512 -0.11476048 -0.16694668
v 0.33498517 -0.10306127 -0.13742127
v 0.3877024 -0.123386234 -0.16409719
v 0.46351787 -0.10157551 -0.138438
v 0.45880443 -0.099570215 -0.16231982
v 0.37479356 -0.06278298 -0.11532615
v 0.39559427 -0.071081415 -0.13838293
v 0.4671937 -0.1080242 -0.16628017
v 0.46118963 -0.10613489 -0.19086611
v 0.43361503 -0.08676107 -0.15251796
v 0.4200108 -0.08171656 -0.17042153
v 0.36649367 -0.059713464 -0.14307243
v 0.33783582 -0.04908223 -0.15533523
v 0.4506358 -0.09674447 -0.18496585
v 0.44198763 -0.0940528 -0.2075819
v 0.23057617 -0.0083312895 -0.103091106
v 0.26591295 -0.021888725 -0.15208194
v 0.20861763 -0.00032250638 -0.14391819
v 0.2335616 -0.009608559 -0.1989261
v 0.30434725 -0.037029427 -0.21753782
v 0.40562224 -0.07660809 -0.18888275
v 0.40489736 -0.07699378 -0.21403301
v 0.3498666 -0.054161172 -0.18744448
v 0.3667631 -0.06137106 -0.2147632
v 0.33632636 -0.04933253 -0.21252927
v 0.38486925 -0.06992547 -0.25123212
v 0.4029437 -0.07679311 -0.23758018
v 0.4278195 -0.089980364 -0.25394043
v 0.43583542 -0.092449784 -0.2313735
v 0.4475107 -0.1025923 -0.23899181
v 0.4549839 -0.104560204 -0.21528085
v 0.45504782 -0.11198237 -0.21692795
v 0.4605229 -0.11315025 -0.19198401
v 0.45748615 -0.12105291 -0.19218107
v 0.46264526 -0.12241667 -0.16686694
v 0.45765257 -0.12997015 -0.16615272
v 0.46481296 -0.1325764 -0.14162937
v 0.4589799 -0.13880144 -0.14056446
v 0.46754584 -0.14213735 -0.11674939
v 0.4612646 -0.14601848 -0.115656845
v 0.4698697 -0.1497514 -0.09223198
v 0.45499784 -0.14680573 -0.11442355
v 0.44704297 -0.14397018 -0.13768941
v 0.45284247 -0.1429215 -0.13921565
v 0.44561276 -0.14067887 -0.16326864
v 0.4517495 -0.13639843 -0.16491602
v 0.44687423 -0.1352897 -0.19018435
v 0.43227634 -0.13950495 -0.1334642
v 0.4273599 -0.13808043 -0.15660928
v 0.45272228 -0.12878527 -0.19155024
v 0.44825965 -0.12805235 -0.21697468
v 0.4399189 -0.14178883 -0.16132255
v 0.43449736 -0.1403847 -0.18561877
v 0.40062776 -0.12790558 -0.1466603
v 0.44058496 -0.13950871 -0.18817624
v 0.43605804 -0.13858882 -0.21311459
v 0.452616 -0.12017147 -0.2174714
v 0.44642913 -0.118822314 -0.24196303
v 0.41980517 -0.1357373 -0.17882235
v 0.41219345 -0.13336653 -0.20112039
v 0.44254997 -0.13454987 -0.21550128
v 0.43697253 -0.13325335 -0.23999862
v 0.44826233 -0.110392675 -0.24111325
v 0.43880296 -0.107517086 -0.26387465
v 0.4293551 -0.13909428 -0.2098781
v 0.4230691 -0.13725401 -0.2334005
v 0.37432525 -0.11870632 -0.18217026
v 0.3743604 -0.11904675 -0.20672056
v 0.43033117 -0.13709693 -0.23725991
v 0.42170337 -0.13421066 -0.25978845
v 0.43770432 -0.099523544 -0.2614665
v 0.42449898 -0.09464622 -0.2821723
v 0.4071058 -0.13185917 -0.22452065
v 0.39995745 -0.12939303 -0.2465352
v 0.31981003 -0.09788768 -0.18044727
v 0.33677372 -0.10451758 -0.20697497
v 0.41421628 -0.13420065 -0.2554861
v 0.40137357 -0.12927051 -0.27543476
v 0.41358045 -0.08468941 -0.2728825
v 0.39741254 -0.078320585 -0.29098466
v 0.37300774 -0.11873656 -0.22956972
v 0.35546687 -0.11210449 -0.24253944
v 0.30698788 -0.09319123 -0.20452863
v 0.27585545 -0.08159335 -0.20910506
v 0.38616368 -0.12414621 -0.26467618
v 0.37007675 -0.1180552 -0.2818423
v 0.36488605 -0.06209679 -0.26474574
v 0.35720652 -0.059012868 -0.28787798
v 0.18318059 -0.047120973 -0.13819304
v 0.20701204 -0.056272697 -0.19095309
v 0.33577502 -0.10468913 -0.25525883
v 0.32796925 -0.10202907 -0.277357
v 0.3087736 -0.03870702 -0.2506736
v 0.2799451 -0.083375044 -0.2408689
v 0.3196019 -0.043110475 -0.2806626
v 0.29046455 -0.08790441 -0.2698798
v 0.15492243 -0.03745129 -0.17244713
v 0.1694284 -0.043640066 -0.23018873
v 0.2322983 -0.0672148 -0.26154947
v 0.26229978 -0.077604644 -0.2620265
v 0.3014175 -0.09381374 -0.3090116
v 0.32039997 -0.09983401 -0.2986645
v 0.34200993 -0.108629294 -0.31989515
v 0.12154493 -0.025217466 -0.20055613
v 0.12500271 -0.026166571 -0.25977796
v 0.18163861 -0.048635967 -0.3049203
v 0.08356652 -0.010529599 -0.22058515
v 0.0763848 -0.007913807 -0.2791407
v 0.123622306 -0.025472684 -0.3356736
v 0.35604864 -0.11305645 -0.30093232
v 0.36914715 -0.117278844 -0.31210986
v 0.3858981 -0.12333842 -0.2940437
v 0.3922802 -0.122811295 -0.2984825
v 0.4084737 -0.1291078 -0.2798763
v 0.4148416 -0.12528843 -0.28306183
v 0.4283378 -0.13047469 -0.2628082
v 0.4336874 -0.12406529 -0.26451567
v 0.4425022 -0.12680215 -0.24157886
v 0.4373198 -0.116055205 -0.26488104
v 0.42368233 -0.11092013 -0.2854506
v 0.42005274 -0.118872486 -0.2849378
v 0.40339446 -0.112213306 -0.30383992
v 0.3982643 -0.118746504 -0.30177855
v 0.38038582 -0.11190084 -0.31997734
v 0.42530593 -0.10249131 -0.28454664
v 0.40927064 -0.096019164 -0.3038911
v 0.37476075 -0.11634425 -0.31656602
v 0.35755312 -0.110729665 -0.3350859
v 0.40721512 -0.10428108 -0.30457473
v 0.38961682 -0.097002134 -0.32315642
v 0.4091052 -0.088496804 -0.30169708
v 0.39273345 -0.08161179 -0.32062867
v 0.38550892 -0.10507722 -0.32221663
v 0.36819246 -0.09845387 -0.34106246
v 0.35247773 -0.111966416 -0.33043036
v 0.33724698 -0.108275816 -0.3498023
v 0.39219606 -0.08880409 -0.32266954
v 0.37558156 -0.0815498 -0.34164363
v 0.38360995 -0.07261737 -0.31103206
v 0.3699112 -0.06669961 -0.33071995
v 0.37258586 -0.08994729 -0.34209865
v 0.35782087 -0.08398062 -0.36230448
v 0.3258911 -0.104253076 -0.3366798
v 0.30986756 -0.100222126 -0.35359812
v 0.37659422 -0.07452767 -0.3395548
v 0.36189792 -0.06778087 -0.35906333
v 0.34981954 -0.055884328 -0.3100268
v 0.33071423 -0.047921743 -0.3205903
v 0.36092612 -0.07495989 -0.36157495
v 0.34693065 -0.0688217 -0.38162833
v 0.281863 -0.08785526 -0.31979543
v 0.27257806 -0.08584579 -0.34241274
v 0.35405457 -0.05968702 -0.34774375
v 0.3381419 -0.052735128 -0.36465713
v 0.2908816 -0.031542946 -0.27263904
v 0.26004255 -0.019467935 -0.2719632
v 0.34757268 -0.06131433 -0.37848815
v 0.33254656 -0.055070937 -0.39716333
v 0.23199278 -0.0682457 -0.29527462
v 0.23797412 -0.071561836 -0.3271156
v 0.31093568 -0.039720304 -0.33140913
v 0.3015291 -0.03587527 -0.35432413
v 0.17955127 0.010823827 -0.17953835
v 0.19472323 0.0051313927 -0.23941308
v 0.32427487 -0.046999507 -0.3840137
v 0.30904147 -0.041467592 -0.40196577
v 0.21159212 -0.06077297 -0.31280917
v 0.24247608 -0.07478396 -0.36893976
v 0.2598364 -0.019298289 -0.3066166
v 0.26585928 -0.021978103 -0.33913994
v 0.29148608 -0.032309476 -0.37556967
v 0.26979792 -0.024945807 -0.38137984
v 0.2629774 -0.08306284 -0.36331156
v 0.2814517 -0.09222116 -0.39084575
v 0.23837343 -0.011765303 -0.3246578
v 0.20679334 -0.0007541045 -0.31660995
v 0.29611483 -0.09683082 -0.37296194
v 0.30753404 -0.10159144 -0.3882809
v 0.14453031 0.023262214 -0.2086211
v 0.14759827 0.020942492 -0.270148
v 0.32256314 -0.105164886 -0.3693708
v 0.32785857 -0.10398422 -0.37529755
v 0.34229544 -0.10699067 -0.35500094
v 0.34784657 -0.10150621 -0.3588975
v 0.36298648 -0.10580343 -0.33867738
v 0.35324138 -0.0933328 -0.36137202
v 0.33925596 -0.088933654 -0.3820897
v 0.33366278 -0.097980954 -0.37956238
v 0.31913206 -0.0941994 -0.39959657
v 0.31311375 -0.10056761 -0.39496177
v 0.2969321 -0.09559785 -0.41298017
v 0.3439185 -0.07862103 -0.38280362
v 0.32947555 -0.07338752 -0.40262562
v 0.29126775 -0.09651332 -0.40567797
v 0.27287227 -0.08888836 -0.42070696
v 0.32483676 -0.08447626 -0.40215975
v 0.308584 -0.079180285 -0.42052653
v 0.3322962 -0.062922604 -0.40096867
v 0.31572357 -0.05704999 -0.41876078
v 0.3029513 -0.08913335 -0.41792482
v 0.28381753 -0.08175457 -0.43347156
v 0.26269704 -0.08453509 -0.4033244
v 0.24258079 -0.075428635 -0.41434944
v 0.31308857 -0.067799 -0.4208003
v 0.2933544 -0.061374437 -0.4363573
v 0.31574756 -0.048993647 -0.41442272
v 0.29610392 -0.043025304 -0.4296002
v 0.2890981 -0.07226546 -0.43613452
v 0.26748624 -0.06430594 -0.44967926
v 0.22038713 -0.06523609 -0.3737686
v 0.20602386 -0.058646083 -0.39226955
v 0.2959138 -0.05099117 -0.43416938
v 0.2739652 -0.04478033 -0.44774166
v 0.2890301 -0.035126857 -0.41466525
v 0.26726362 -0.028790666 -0.4260466
v 0.2714213 -0.054394647 -0.44993657
v 0.24843764 -0.047140494 -0.4621781
v 0.17453972 -0.045360222 -0.33693427
v 0.17429447 -0.04512014 -0.3689661
v 0.2745505 -0.037082702 -0.4431227
v 0.2520225 -0.03108254 -0.45541677
v 0.24619116 -0.017393103 -0.3864804
v 0.23039274 -0.013260338 -0.40559727
v 0.2509767 -0.038451612 -0.46002477
v 0.2280466 -0.032039214 -0.47156572
v 0.15111178 -0.035934154 -0.34938073
v 0.17118227 -0.04396701 -0.41089115
v 0.24676464 -0.023272417 -0.44004428
v 0.22630313 -0.017634768 -0.4530963
v 0.19872965 0.000846889 -0.34974286
v 0.19773227 -0.00035227876 -0.38254732
v 0.22945489 -0.024941634 -0.4669093
v 0.20778279 -0.018576672 -0.47802684
v 0.21511774 -0.009153341 -0.42347077
v 0.1930813 -0.0016778588 -0.42484105
v 0.17381826 0.009014898 -0.36266452
v 0.14519866 0.01961632 -0.34854767
v 0.20464897 -0.010940263 -0.46164078
v 0.18299359 -0.0037676238 -0.4692458
v 0.10441287 0.036997475 -0.22947724
v 0.09658765 0.03898297 -0.29039472
v 0.061616495 0.052867275 -0.24092339
v 0.04264192 0.05982659 -0.29845008
v 0.079955705 0.04401275 -0.36535683
v 0.1703122 0.006361637 -0.42559847
v 0.15283912 0.012160839 -0.4416331
v 0.13213521 0.023604084 -0.37968948
v 0.12569329 0.024772318 -0.41162217
v 0.10581455 0.033459425 -0.38640594
v 0.11378544 0.026987277 -0.45101634
v 0.13566318 0.018206991 -0.45581555
v 0.14168803 0.011020395 -0.48765472
v 0.16252843 0.0033045204 -0.4794794
v 0.16503231 -0.004313688 -0.49648187
v 0.18648297 -0.011772441 -0.48810574
v 0.1850097 -0.018772583 -0.49323267
v 0.20627354 -0.025577255 -0.48291177
v 0.20391192 -0.03293224 -0.48520792
v 0.22555175 -0.03989272 -0.47372186
v 0.2223118 -0.047549367 -0.47336146
v 0.24485509 -0.055875856 -0.4618563
v 0.24067874 -0.063384555 -0.45903867
v 0.26272756 -0.07289446 -0.44694132
v 0.257713 -0.078540504 -0.44169468
v 0.2781847 -0.08793209 -0.42833883
v 0.25301006 -0.079624355 -0.4339111
v 0.2323436 -0.069628984 -0.44583377
v 0.23635833 -0.06839334 -0.4537047
v 0.21496212 -0.05846079 -0.4650258
v 0.21866813 -0.054056294 -0.4704682
v 0.19769274 -0.045741174 -0.48193437
v 0.22383265 -0.06655781 -0.42787296
v 0.20502351 -0.05787354 -0.44051662
v 0.20096324 -0.03990055 -0.4848904
v 0.18008044 -0.032494795 -0.49541634
v 0.21153522 -0.05981002 -0.457018
v 0.1912474 -0.05107519 -0.4680073
v 0.1920633 -0.05242081 -0.40959346
v 0.19436571 -0.049713068 -0.47631493
v 0.17395994 -0.04169085 -0.48660856
v 0.1828029 -0.025887804 -0.4956811
v 0.16150929 -0.018388113 -0.50418645
v 0.18472415 -0.04932678 -0.44890228
v 0.16415802 -0.041238405 -0.45638976
v 0.17706017 -0.037970256 -0.49240375
v 0.15607788 -0.030274628 -0.5008428
v 0.16360721 -0.011331898 -0.5016984
v 0.14141811 -0.0029620423 -0.50747865
v 0.17099755 -0.043033317 -0.47799632
v 0.15030321 -0.0352932 -0.4861804
v 0.1494262 -0.035546917 -0.41161203
v 0.13284054 -0.029422753 -0.42720553
v 0.15313564 -0.033934906 -0.49494326
v 0.13128363 -0.025985919 -0.50035554
v 0.1429076 0.00401474 -0.5024914
v 0.119585626 0.01342812 -0.50547045
v 0.14454874 -0.033929244 -0.46633932
v 0.12434774 -0.026636286 -0.4740396
v 0.11138402 -0.021006629 -0.36579928
v 0.105653755 -0.0191452 -0.3969419
v 0.1286817 -0.027463669 -0.49175438
v 0.105650485 -0.01915354 -0.49391338
v 0.11890692 0.02012424 -0.48908484
v 0.09539219 0.029930517 -0.4888909
v 0.11638192 -0.02352144 -0.4408363
v 0.0950071 -0.015769975 -0.43566906
v 0.08601315 -0.011825258 -0.37198758
v 0.060710076 -0.0027175227 -0.351228
v 0.10200632 -0.018596558 -0.47477952
v 0.078705706 -0.010459348 -0.4737989
v 0.09069658 0.036550585 -0.4449144
v 0.069887355 0.044945814 -0.4551886
v 0.042391255 0.0043780925 -0.23131621
v 0.072265156 -0.0077176923 -0.42911753
v 0.051705264 -0.0009139271 -0.43859544
v 0.023951773 0.0103914095 -0.28641224
v 0.06100716 0.051175006 -0.3919482
v 0.042229787 0.0034114395 -0.3765841
v 0.0301589 0.006895216 -0.40508878
v 0.015497514 0.012067905 -0.37842458
v -0.0003931299 0.019008698 -0.23415096
v -0.028069286 0.028245928 -0.28587145
v 0.01145963 0.011349197 -0.44134903
v -0.0052662166 0.018925399 -0.355673
v 0.048627928 0.055418 -0.42134228
v 0.03190941 0.005241596 -0.44803017
v 0.032709952 0.0040478157 -0.47926462
v -0.04131534 0.03457933 -0.22818188
v -0.06698028 0.04287194 -0.34685284
v 0.05562711 -0.002873911 -0.47633782
v 0.057244245 -0.0027577663 -0.4937028
v -0.091270804 0.05346042 -0.36271042
v -0.103177495 0.05716839 -0.42436963
v 0.08168089 -0.010779341 -0.49408644
v 0.083243795 -0.008624884 -0.50124043
v -0.12242189 0.06642098 -0.4241526
v -0.12981029 0.07008584 -0.45304674
v 0.107794724 -0.017384639 -0.5018818
v 0.11029419 -0.013233691 -0.50749606
v -0.14801404 0.07855144 -0.44097802
v -0.15125018 0.08202873 -0.4549576
v 0.13405338 -0.022185434 -0.506218
v 0.13679583 -0.016673597 -0.5093524
v -0.1711564 0.09011808 -0.44382554
v -0.17106101 0.09304961 -0.44724402
v 0.15893431 -0.02489737 -0.50391257
v -0.19163343 0.10030665 -0.4357739
v -0.19236754 0.10410539 -0.4383747
v 0.1393158 -0.010061968 -0.5097691
v 0.11550712 -0.00053812115 -0.5114739
v -0.21335776 0.111129835 -0.42673758
v -0.21411537 0.1160925 -0.4288921
v 0.112936005 -0.007388809 -0.5107091
v 0.08803821 0.002443083 -0.5098123
v 0.117794625 0.0066302465 -0.50974333
v 0.09336601 0.017038597 -0.509959
v -0.23511864 0.123587355 -0.4167814
v -0.23514742 0.12974226 -0.41844243
v 0.09076228 0.009711269 -0.5109971
v 0.06576046 0.020213997 -0.51003516
v 0.085447446 -0.0039431877 -0.5065212
v 0.060160294 0.005162354 -0.50513804
v 0.095595695 0.023602469 -0.50658137
v 0.071467206 0.034213815 -0.5069867
v -0.25569725 0.1379648 -0.40577814
v -0.254464 0.14475729 -0.40666837
v 0.06278596 0.012308191 -0.5084918
v 0.037862744 0.021692565 -0.50857705
v 0.06876163 0.027856855 -0.50959206
v 0.04461069 0.03867866 -0.51010907
v 0.07235113 0.039753847 -0.49219382
v 0.049789876 0.04962571 -0.49551788
v -0.27416188 0.15366538 -0.39327654
v -0.27153346 0.15962972 -0.39299375
v 0.041180763 0.030497944 -0.5102842
v 0.017702231 0.040090874 -0.5134405
v 0.04772949 0.044938218 -0.5078487
v 0.024911914 0.05545173 -0.51032996
v 0.050044708 0.053090274 -0.46513113
v 0.029855648 0.061901253 -0.45803416
v -0.2901847 0.16866069 -0.37867346
v -0.2813129 0.17064455 -0.37067983
v 0.021542614 0.049097806 -0.51297635
v -0.0007634746 0.058859374 -0.51631683
v 0.027714733 0.05957779 -0.49538732
v 0.00587805 0.069198765 -0.49504656
v 0.03395722 0.062093675 -0.39385894
v 0.0129746385 0.070801914 -0.3699463
v -0.29694852 0.178573 -0.3542004
v -0.27140507 0.17209493 -0.3288369
v -0.28103045 0.17734925 -0.30743805
v -0.26174814 0.16690585 -0.3489675
v -0.24066035 0.1581536 -0.35555032
v -0.22560759 0.15818197 -0.25319389
v -0.23414677 0.15858036 -0.3166189
v -0.25780433 0.17069818 -0.25280696
v -0.19513565 0.14815256 -0.18377653
v -0.13903202 0.12723307 -0.16747941
v -0.27499387 0.17731592 -0.23050381
v -0.26231092 0.16187446 -0.38322532
v -0.24257375 0.15309906 -0.39511698
v -0.2523477 0.15073082 -0.40658554
v -0.2327412 0.1420061 -0.41939723
v -0.23443909 0.13601734 -0.4193544
v -0.2142184 0.12749715 -0.43127874
v -0.21452497 0.121621855 -0.43042806
v -0.19397461 0.113665566 -0.44167528
v -0.1933003 0.10858813 -0.44034013
v -0.17270224 0.10101107 -0.45158806
v -0.17174137 0.09669735 -0.44980434
v -0.15158641 0.0887175 -0.46142808
v -0.15106644 0.08491371 -0.45876393
v -0.13181283 0.075629026 -0.47065672
v -0.13201022 0.07274351 -0.46616894
v -0.11361025 0.061992764 -0.4776993
v -0.11102592 0.05992779 -0.46111235
v -0.09223255 0.049187295 -0.4683238
v -0.08334619 0.047162227 -0.42403272
v -0.066772886 0.038351595 -0.43872994
v -0.052416075 0.035545953 -0.37594172
v -0.04394347 0.030856563 -0.40638188
v -0.027559727 0.025873454 -0.37941313
v -0.03057282 0.023785783 -0.44377705
v -0.009436852 0.017500155 -0.43458647
v -0.012578236 0.016147006 -0.47983375
v -0.050250705 0.030603709 -0.45109886
v -0.05514205 0.029878316 -0.48454174
v -0.07400174 0.038974304 -0.4778298
v -0.07696468 0.03972544 -0.4968353
v 0.0098936595 0.010194086 -0.4794475
v 0.008855064 0.010561328 -0.4969816
v -0.03446218 0.022488806 -0.4833708
v -0.03658146 0.022488367 -0.502602
v -0.09545894 0.050684176 -0.48832828
v -0.095397696 0.053692304 -0.49502498
v 0.03281187 0.004494684 -0.49419144
v 0.033255164 0.0073943674 -0.50032777
v -0.05753603 0.030024286 -0.50200003
v -0.05764026 0.033190414 -0.51014555
v -0.014363564 0.016279988 -0.5003571
v -0.014430179 0.019479461 -0.50756884
v -0.07699663 0.042817637 -0.50449306
v -0.07543253 0.050463494 -0.50954986
v 0.05820564 -0.00020061011 -0.50014967
v 0.008967168 0.013666094 -0.503493
v 0.01085326 0.020723583 -0.5085236
v 0.035079844 0.013559184 -0.5051906
v 0.013952019 0.030082334 -0.5118978
v -0.009007298 0.03783045 -0.51618403
v -0.01241539 0.027325861 -0.51288146
v -0.034621976 0.034036394 -0.5160087
v -0.004893989 0.04900453 -0.5173661
v -0.02682679 0.05725062 -0.5199228
v -0.036708687 0.025699299 -0.5104786
v -0.031076334 0.04529004 -0.5191657
v -0.05231611 0.052814115 -0.51857257
v -0.055662394 0.041525487 -0.51565
v -0.02262837 0.06770854 -0.5182534
v -0.019236099 0.07445418 -0.5141308
v -0.044372834 0.075390376 -0.5169087
v -0.048315056 0.06484088 -0.5189725
v -0.06957764 0.07178702 -0.512377
v -0.07278775 0.060755722 -0.5121348
v -0.0927591 0.068944916 -0.5016104
v 0.0026961504 0.06540636 -0.5129256
v -0.09442122 0.06025107 -0.49939293
v -0.11311723 0.07028884 -0.4868639
v -0.11346317 0.06492565 -0.48324496
v -0.13200937 0.079977445 -0.4736474
v -0.13227242 0.085386075 -0.47533414
v -0.11249803 0.07721166 -0.4887575
v -0.111531116 0.08482358 -0.4891268
v -0.15235001 0.0932981 -0.4630986
v -0.15289755 0.09851367 -0.463924
v -0.090640925 0.07835818 -0.5018555
v -0.0882963 0.08707533 -0.50030655
v -0.13227454 0.09145232 -0.47591
v -0.13168852 0.097773656 -0.475568
v -0.1734482 0.10594047 -0.4526765
v -0.17348373 0.11143521 -0.45315102
v -0.06631769 0.0816501 -0.5104058
v -0.06352316 0.088437624 -0.5063501
v -0.1101421 0.092253946 -0.48817328
v -0.10825649 0.09863221 -0.48609808
v -0.15276894 0.10422218 -0.46405292
v -0.15150432 0.110281706 -0.46363392
v -0.19393349 0.11924832 -0.44238526
v -0.19271974 0.12524702 -0.44247508
v -0.041203085 0.08224723 -0.5124405
v -0.037698045 0.0858136 -0.49802557
v -0.13018686 0.10394736 -0.4745013
v -0.12555484 0.108417936 -0.46453032
v -0.17231365 0.11744501 -0.45309284
v -0.16532186 0.12147068 -0.44063494
v -0.2128273 0.13349748 -0.4313776
v -0.2066713 0.13742955 -0.42318377
v -0.015967648 0.07807739 -0.49774006
v -0.012140778 0.079168044 -0.45926648
v -0.14561525 0.11457522 -0.4526347
v -0.13161334 0.11498567 -0.4210228
v -0.18627079 0.12931187 -0.43216753
v -0.17052378 0.12909296 -0.40168533
v -0.2247331 0.14515468 -0.40963507
v -0.20509417 0.14290947 -0.3811318
v -0.21836722 0.14907566 -0.36185017
v -0.17445092 0.1366237 -0.2987119
v -0.19207014 0.1371002 -0.39915648
v -0.17120467 0.1325456 -0.36255154
v -0.16934998 0.1334887 -0.33130956
v -0.11302597 0.11511091 -0.25759017
v -0.20589222 0.1484473 -0.3045478
v -0.15731686 0.13273591 -0.22479703
v -0.10554772 0.11370649 -0.19762911
v -0.22653532 0.15719883 -0.28617316
v -0.14595138 0.124417074 -0.34537673
v -0.116449706 0.11422693 -0.33371505
v -0.14789246 0.12101306 -0.40391013
v -0.06741792 0.09926734 -0.22084631
v -0.06382171 0.09744943 -0.28195044
v -0.10554772 0.11370649 -0.19762911
v -0.105636194 0.10983603 -0.36529565
v -0.10174504 0.10757401 -0.39711326
v -0.11557774 0.10962978 -0.43747544
v -0.09367703 0.10356434 -0.43772027
v -0.07999036 0.101575576 -0.375907
v -0.05296941 0.09356645 -0.35972628
v -0.025765063 0.085139096 -0.2372042
v -0.011061591 0.08021835 -0.2972738
v -0.103544734 0.102791324 -0.47268564
v -0.08096325 0.09741477 -0.48027197
v 0.017662171 0.06985594 -0.24384251
v -0.07066845 0.09751751 -0.4376078
v -0.05130933 0.09221738 -0.45298836
v -0.085954785 0.0936808 -0.49714178
v -0.059188783 0.09200744 -0.49046072
v -0.036421377 0.08848261 -0.38992786
v -0.032749992 0.08649166 -0.46612152
v -0.02682733 0.08507385 -0.4211902
v -0.009817947 0.07934283 -0.39401072
v 0.009175405 0.070790075 -0.4505339
v -0.20623446 -0.1688397 -0.3242128
v -0.22115487 -0.16640468 -0.3581844
v -0.20255643 -0.1730285 -0.35896912
v -0.18632278 -0.1748722 -0.30705196
v -0.16247877 -0.18305872 -0.29446146
v -0.18296988 -0.18005873 -0.35943508
v -0.16699003 -0.17944422 -0.2287687
v -0.13236882 -0.19132425 -0.1929733
v -0.12328114 -0.1955537 -0.24398804
v -0.15024965 -0.18832631 -0.32041305
v -0.07619814 -0.20922296 -1.478303E-05
v -0.09595817 -0.2045034 -0.20082916
v -0.14412738 -0.19197905 -0.34712636
v -0.12787375 -0.19644448 -0.32520908
v -0.30082208 -0.13105331 -0.19526915
v -0.3670465 -0.110669166 -0.22677897
v -0.35104448 -0.115863845 -0.2383617
v -0.32714996 -0.12216415 -0.19202237
v -0.27074066 -0.14079972 -0.13768788
v -0.22328453 -0.15741388 -0.12799439
v 0.10364077 -0.27969474 -0.23569827
v 0.14107284 -0.29760933 -0.2863284
v 0.1584446 -0.3048527 -0.27869466
v 0.1293364 -0.29009923 -0.23802443
v 0.086057894 -0.27185732 -0.17399873
v 0.04228038 -0.25475863 -0.1548848
v 0.103988945 -0.2807864 -0.29116002
v 0.10472082 -0.28256434 -0.32594943
v 0.12191848 -0.28992787 -0.32152623
v 0.08282488 -0.27160218 -0.27836323
v 0.058152594 -0.26154724 -0.2707642
v 0.08657175 -0.2748129 -0.33009118
v 0.051607057 -0.25850362 -0.20550732
v 0.012174142 -0.2430757 -0.17759758
v -0.07619814 -0.20922296 -1.478303E-05
v 0.04228038 -0.25475863 -0.1548848
v 0.012309187 -0.24330601 -0.22968501
v -0.021673353 -0.23053734 -0.19349901
v 0.006848408 -0.24240375 -0.2956216
v 0.030140702 -0.2510841 -0.3087684
v 0.04379718 -0.2582994 -0.36184645
v 0.024637537 -0.25139982 -0.36159512
v 0.048983905 -0.25872523 -0.3263616
v 0.06181162 -0.265086 -0.36132377
v -0.21568964 -0.20996886 -0.3119883
v -0.2114747 -0.2112558 -0.34641036
v -0.22933827 -0.20474973 -0.3454964
v -0.19686104 -0.21692087 -0.29526013
v -0.17411149 -0.22523603 -0.2832205
v -0.19266033 -0.21810092 -0.34707704
v -0.1789661 -0.22364372 -0.21957666
v -0.14598738 -0.23570457 -0.1852513
v -0.30802658 -0.17801094 -0.1877369
v -0.3565022 -0.16122235 -0.23001303
v -0.37133178 -0.15524235 -0.21862055
v -0.332939 -0.16866638 -0.1845162
v -0.27901304 -0.18805395 -0.13209914
v -0.23371509 -0.20454672 -0.12284735
v -0.35948813 -0.15950465 -0.08631923
v -0.4197828 -0.1385951 -0.10604169
v -0.4295896 -0.13432999 -0.08966796
v -0.3815212 -0.15115432 -0.07337081
v -0.3573444 -0.1588691 0.08502895
v -0.41572046 -0.13737877 0.103619926
v -0.4153947 -0.13787483 0.12338795
v -0.36874592 -0.15498912 0.10899534
v -0.29873854 -0.1807347 0.090781175
v -0.26640657 -0.19219746 0.055823736
v -0.092952214 -0.25526336 -1.4991171E-05
v -0.31278157 -0.17544113 0.046165917
v -0.27467364 -0.18973865 0.0188353
v -0.37136504 -0.15530145 0.028771536
v -0.38704833 -0.14886212 0.049690783
v 0.17227781 -0.35270613 -0.0865317
v 0.24129902 -0.37780738 -0.09030069
v 0.23143478 -0.3750682 -0.10645835
v 0.19423339 -0.36020294 -0.07375293
v 0.1259731 -0.33503005 -0.046856664
v 0.08079408 -0.318863 -0.056440864
v 0.17106187 -0.3465833 -0.27544492
v 0.1541845 -0.3420498 -0.25915933
v 0.16098855 -0.34432986 -0.24162932
v 0.18280283 -0.3504211 -0.25991935
v 0.1941531 -0.35446057 -0.24410187
v 0.19231862 -0.351631 -0.266893
v 0.16774167 -0.346824 -0.22331546
v 0.18421045 -0.35296723 -0.21338974
v 0.12056196 -0.3311883 -0.18410732
v 0.17880058 -0.34727058 -0.2819414
v 0.16471718 -0.3429422 -0.2968537
v 0.18173559 -0.34587783 -0.28377852
v 0.15643443 -0.3419458 -0.28831124
v 0.14117447 -0.33729476 -0.3009638
v 0.1464464 -0.34060884 -0.1816103
v 0.09285548 -0.3221139 -0.13071483
v 0.04702807 -0.3054072 -0.12112578
v -0.092952214 -0.25526336 -1.4991171E-05
v 0.17125767 -0.34963363 -0.18485577
v 0.1501361 -0.3386823 -0.31152564
v 0.13512503 -0.33452693 -0.32585332
v 0.1529307 -0.33717862 -0.31413043
v 0.12753616 -0.33341616 -0.31584835
v 0.16757247 -0.3414924 -0.29902956
v 0.17016117 -0.33955023 -0.3015078
v 0.1136358 -0.32965198 -0.33010182
v 0.11019215 -0.32807225 -0.29224038
v 0.10055331 -0.3254121 -0.30905288
v 0.119751684 -0.33051246 -0.33973262
v 0.10408377 -0.32667515 -0.3530595
v 0.1225103 -0.3289254 -0.3434077
v 0.09758983 -0.3253439 -0.3408615
v 0.08106386 -0.32090408 -0.3510262
v 0.13788508 -0.33297634 -0.32896265
v 0.14074245 -0.33033618 -0.33188367
v 0.15564866 -0.3349254 -0.31681505
v 0.15824027 -0.3318983 -0.31928173
v 0.08808976 -0.3227522 -0.36569136
v 0.09093866 -0.32113227 -0.37061572
v 0.07173816 -0.31848094 -0.37748566
v 0.10688123 -0.32506567 -0.35734698
v 0.110062316 -0.3214242 -0.36080843
v 0.12552097 -0.3258226 -0.34658948
v 0.12856486 -0.3215466 -0.34906542
v 0.14356188 -0.32674667 -0.33435854
v 0.14620791 -0.32234743 -0.33612958
v 0.065723464 -0.31674457 -0.363495
v 0.05288721 -0.31132033 -0.334163
v 0.050162308 -0.31209597 -0.37493557
v 0.06519564 -0.3146813 -0.3180507
v 0.036793552 -0.3034793 -0.26005006
v 0.029595112 -0.3017129 -0.28726935
v 0.027957736 -0.30187154 -0.31440905
v 0.04081196 -0.3077094 -0.34904402
v 0.023387859 -0.30147743 -0.34973237
v 0.032974243 -0.30618885 -0.38201568
v 0.015229519 -0.29957214 -0.3878356
v 0.037836242 -0.3078427 -0.3979915
v 0.0050250767 -0.2945535 -0.34960103
v -0.009866315 -0.2888666 -0.36202297
v -0.012749222 -0.28639916 -0.28457206
v -0.024664504 -0.28202602 -0.30934286
v -0.031146657 -0.27978334 -0.33526683
v 0.05499746 -0.31359872 -0.3882999
v 0.057876773 -0.31198445 -0.3944814
v 0.07462356 -0.31686014 -0.3830487
v 0.07807194 -0.31221297 -0.38709778
v 0.09427608 -0.31695098 -0.37436852
v 0.09773211 -0.3110386 -0.37683597
v 0.113327764 -0.31633517 -0.36328018
v 0.11637844 -0.31038326 -0.36459854
v 0.1314234 -0.31643993 -0.350623
v 0.13387771 -0.3108452 -0.35104954
v 0.061359428 -0.30702016 -0.39882416
v 0.04404828 -0.30118266 -0.4093757
v 0.06499154 -0.29989585 -0.4013037
v 0.08165945 -0.30558342 -0.3895661
v 0.08496253 -0.2980156 -0.39038694
v 0.10093688 -0.30422568 -0.3779039
v 0.10352068 -0.29734236 -0.37745836
v 0.1189152 -0.304153 -0.36459985
v 0.120638795 -0.29822904 -0.36312047
v 0.040639147 -0.30624032 -0.4047486
v 0.022841189 -0.29969773 -0.4133799
v 0.020197274 -0.3013019 -0.40617
v 0.002023406 -0.29406497 -0.412445
v -0.0020016183 -0.2927949 -0.39549547
v -0.019554658 -0.2855909 -0.40119174
v -0.024499267 -0.28308526 -0.37275597
v -0.04208682 -0.27587777 -0.3675579
v -0.046276994 -0.273592 -0.31333932
v -0.0662507 -0.26562855 -0.2947173
v -0.060575515 -0.26823214 -0.36117268
v -0.07791195 -0.26113653 -0.3683441
v -0.057448044 -0.26952884 -0.39959598
v -0.0827662 -0.25911927 -0.3152153
v -0.09403021 -0.25474092 -0.33867842
v -0.09451644 -0.2544898 -0.3753189
v -0.09510876 -0.2538207 -0.40231168
v -0.07641811 -0.2615202 -0.40092996
v -0.07583765 -0.26068237 -0.41631225
v -0.0955532 -0.25242078 -0.41562974
v -0.09554811 -0.25003788 -0.42137694
v -0.038265176 -0.27769396 -0.4011209
v -0.036157746 -0.2778584 -0.4177227
v -0.055947643 -0.26925358 -0.41734737
v -0.054938793 -0.2671906 -0.42382702
v -0.07536362 -0.25843817 -0.4222947
v -0.07418908 -0.25460288 -0.42668104
v -0.094791904 -0.24641988 -0.42565727
v -0.09337496 -0.24187092 -0.42837572
v -0.016742542 -0.28622085 -0.41642606
v -0.014713866 -0.28449824 -0.42385277
v -0.034610063 -0.27598166 -0.42475328
v -0.032467622 -0.27167425 -0.42960244
v -0.053285886 -0.26312372 -0.42843515
v -0.0511902 -0.2576675 -0.4311276
v -0.07245505 -0.24962635 -0.4293925
v -0.070302516 -0.24395871 -0.43035
v -0.09138769 -0.23669516 -0.42943725
v -0.088920526 -0.23119676 -0.42874688
v 0.004413378 -0.292427 -0.4199048
v 0.0073729735 -0.28763112 -0.42490804
v -0.012119564 -0.27994612 -0.42886573
v -0.009288458 -0.2735119 -0.43149322
v -0.029996095 -0.2657206 -0.4322663
v -0.027461143 -0.25890517 -0.43274093
v -0.048852943 -0.25143623 -0.4318605
v -0.04647539 -0.2450444 -0.43058956
v -0.067872494 -0.2380499 -0.42947474
v -0.065305956 -0.23234992 -0.42668784
v -0.08606388 -0.22567989 -0.42620966
v -0.08325991 -0.22069678 -0.41521072
v -0.063490584 -0.22706114 -0.4136043
v -0.06331401 -0.22238588 -0.38183925
v -0.043334626 -0.23352815 -0.41182435
v -0.08095084 -0.21679956 -0.38913524
v -0.07949251 -0.21451053 -0.35195938
v -0.044258796 -0.23910637 -0.4272708
v -0.023263713 -0.24582727 -0.4271072
v -0.025128474 -0.2520126 -0.43102255
v -0.0042309226 -0.25878677 -0.4297049
v -0.0065492895 -0.26614293 -0.43176353
v 0.013460428 -0.27292696 -0.42770064
v 0.010517035 -0.28076768 -0.4274936
v 0.029467445 -0.28754535 -0.42078432
v 0.02607418 -0.29471478 -0.41824085
v 0.047609907 -0.29390225 -0.41188204
v 0.050870404 -0.2856317 -0.41227686
v 0.03259226 -0.2793817 -0.42104182
v 0.035019897 -0.27141607 -0.419045
v 0.015818052 -0.26519924 -0.42556792
v 0.017204763 -0.25867483 -0.42113456
v 0.068319075 -0.29180154 -0.40189534
v 0.07088805 -0.28392714 -0.40057456
v -0.0026620773 -0.25239074 -0.4253456
v -0.0030869292 -0.24670014 -0.41259995
v 0.05337605 -0.27760336 -0.4105694
v 0.054673225 -0.2710497 -0.40676895
v 0.08755727 -0.29055363 -0.38949376
v 0.08902005 -0.28424153 -0.38681975
v 0.0363216 -0.26484075 -0.41482523
v 0.033769965 -0.25854045 -0.3988522
v 0.01556526 -0.25263423 -0.40663052
v 0.008844265 -0.24635783 -0.3742859
v 0.07224445 -0.2774629 -0.3973167
v 0.07001129 -0.27148905 -0.38620526
v 0.10511364 -0.2912191 -0.37538525
v 0.101026915 -0.28424597 -0.36261827
v 0.052300666 -0.264954 -0.39311484
v 0.04379718 -0.2582994 -0.36184645
v 0.024637537 -0.25139982 -0.36159512
v 0.06181162 -0.265086 -0.36132377
v 0.0741692 -0.26978865 -0.34631062
v 0.006848408 -0.24240375 -0.2956216
v 0.048983905 -0.25872523 -0.3263616
v 0.08575573 -0.27775973 -0.37491027
v -0.00584673 -0.23851249 -0.3211577
v -0.03139619 -0.22776511 -0.24430287
v -0.021673353 -0.23053734 -0.19349901
v -0.07619814 -0.20922296 -1.478303E-05
v -0.013023113 -0.23705724 -0.3476753
v -0.0067496123 -0.24146014 -0.38538226
v -0.025311038 -0.23499332 -0.38034752
v -0.028671395 -0.23068513 -0.3254634
v -0.04959661 -0.22298451 -0.30647582
v -0.058459755 -0.21764936 -0.20090789
v -0.07769306 -0.21169896 -0.24815911
v -0.09595817 -0.2045034 -0.20082916
v -0.022960152 -0.24020296 -0.41291037
v -0.044834394 -0.22821583 -0.3741703
v -0.06723019 -0.21752995 -0.32786635
v -0.09041533 -0.20952857 -0.32786632
v -0.10701042 -0.20314933 -0.30641222
v -0.12328114 -0.1955537 -0.24398804
v -0.12787375 -0.19644448 -0.32520908
v 0.12056196 -0.3311883 -0.18410732
v 0.16774167 -0.346824 -0.22331546
v 0.16098855 -0.34432986 -0.24162932
v 0.12286228 -0.3318524 -0.21080106
v 0.06441059 -0.31148395 -0.16621274
v 0.04702807 -0.3054072 -0.12112578
v -0.092952214 -0.25526336 -1.4991171E-05
v 0.13044386 -0.33435383 -0.23505418
v 0.1541845 -0.3420498 -0.25915933
v 0.1375633 -0.33654922 -0.26673338
v 0.17106187 -0.3465833 -0.27544492
v 0.15643443 -0.3419458 -0.28831124
v 0.14117447 -0.33729476 -0.3009638
v 0.107192494 -0.3264845 -0.22755536
v 0.081697986 -0.31780866 -0.22556491
v 0.11995556 -0.33087447 -0.27440813
v 0.11019215 -0.32807225 -0.29224038
v 0.12753616 -0.33341616 -0.31584835
v 0.021620376 -0.29648453 -0.1481407
v 0.030478489 -0.30011424 -0.19686118
v 0.07915295 -0.3173525 -0.25319082
v 0.082106076 -0.31878924 -0.27941006
v 0.10055331 -0.3254121 -0.30905288
v 0.08331942 -0.3201635 -0.3136685
v 0.1136358 -0.32965198 -0.33010182
v 0.09758983 -0.3253439 -0.3408615
v 0.08106386 -0.32090408 -0.3510262
v 0.06519564 -0.3146813 -0.3180507
v 0.036793552 -0.3034793 -0.26005006
v 0.061029844 -0.31159866 -0.26712143
v -0.007833969 -0.28669372 -0.17030942
v -0.007787165 -0.28742707 -0.22059342
v 0.029595112 -0.3017129 -0.28726935
v 0.027957736 -0.30187154 -0.31440905
v -0.04042655 -0.2752625 -0.18585418
v -0.04949003 -0.27201885 -0.2347704
v -0.07539411 -0.26198304 -0.19286954
v -0.012749222 -0.28639916 -0.28457206
v 0.009619823 -0.2948448 -0.2972291
v 0.023387859 -0.30147743 -0.34973237
v 0.04081196 -0.3077094 -0.34904402
v 0.0050250767 -0.2945535 -0.34960103
v -0.024664504 -0.28202602 -0.30934286
v -0.031146657 -0.27978334 -0.33526683
v -0.046276994 -0.273592 -0.31333932
v -0.20623446 -0.1688397 -0.3242128
v -0.18632278 -0.1748722 -0.30705196
v -0.16699003 -0.17944422 -0.2287687
v -0.20736375 -0.16707683 -0.29712227
v -0.23370901 -0.16138524 -0.34378186
v -0.21460891 -0.16372189 -0.2700735
v -0.22115487 -0.16640468 -0.3581844
v -0.23293816 -0.16709548 -0.38165194
v -0.20255643 -0.1730285 -0.35896912
v -0.16658664 -0.17867513 -0.17736179
v -0.20714122 -0.16449544 -0.20607339
v -0.07619814 -0.20922296 -1.478303E-05
v -0.13236882 -0.19132425 -0.1929733
v -0.21462333 -0.17399073 -0.38881555
v -0.19573908 -0.18114406 -0.39547417
v -0.22145581 -0.17783663 -0.40088636
v -0.18296988 -0.18005873 -0.35943508
v -0.1674514 -0.18629764 -0.37288153
v -0.16247877 -0.18305872 -0.29446146
v -0.15024965 -0.18832631 -0.32041305
v -0.14412738 -0.19197905 -0.34712636
v -0.19738121 -0.16702573 -0.15597224
v -0.24233907 -0.15099743 -0.17596507
v -0.261626 -0.14562634 -0.23811013
v -0.22328453 -0.15741388 -0.12799439
v -0.27074066 -0.14079972 -0.13768788
v -0.30082208 -0.13105331 -0.19526915
v -0.15241969 -0.19222194 -0.3846376
v -0.13429344 -0.19830835 -0.38003263
v -0.1595644 -0.1949073 -0.4114884
v -0.12787375 -0.19644448 -0.32520908
v -0.10701042 -0.20314933 -0.30641222
v -0.17765076 -0.18812141 -0.40442887
v -0.18361206 -0.19245127 -0.41809055
v -0.20268312 -0.1851344 -0.41015851
v -0.20620441 -0.19041285 -0.41322768
v -0.30424356 -0.13005272 -0.22415927
v -0.3453236 -0.11783369 -0.2586623
v -0.35104448 -0.115863845 -0.2383617
v -0.379695 -0.109783456 -0.26227918
v -0.3670465 -0.110669166 -0.22677897
v -0.31310424 -0.12769075 -0.25036538
v -0.28845406 -0.13590522 -0.24149318
v -0.32217938 -0.12649214 -0.28447196
v -0.33924738 -0.12017701 -0.27744448
v -0.35882702 -0.116881765 -0.29686812
v -0.3696568 -0.11302304 -0.2802311
v -0.38132074 -0.11430353 -0.2896227
v -0.39191696 -0.105883606 -0.2460094
v -0.40324828 -0.10737634 -0.2537654
v -0.40389827 -0.10175245 -0.22977515
v -0.39251673 -0.11075012 -0.27202863
v -0.39684808 -0.11594696 -0.27405056
v -0.3823678 -0.10548458 -0.21557528
v -0.38604644 -0.10354511 -0.19641185
v -0.35265878 -0.11391848 -0.19511542
v -0.32714996 -0.12216415 -0.19202237
v -0.3399228 -0.11742136 -0.17163166
v -0.33239943 -0.119337045 -0.1448115
v -0.24392232 -0.14980054 -0.09500961
v -0.29279888 -0.13239123 -0.09522164
v -0.38608608 -0.1194544 -0.2921912
v -0.37417695 -0.12371226 -0.30877176
v -0.3897231 -0.1262551 -0.29329062
v -0.3691075 -0.11860584 -0.30583397
v -0.35532382 -0.12422639 -0.31994876
v -0.34423074 -0.122638956 -0.30919322
v -0.3284949 -0.12920849 -0.3202078
v -0.3037968 -0.13359636 -0.29082394
v -0.293777 -0.13830684 -0.30757937
v -0.25931695 -0.1475058 -0.26583531
v -0.26302832 -0.14761448 -0.29232347
v -0.24031278 -0.15484035 -0.27864254
v -0.2655898 -0.14949423 -0.3260534
v -0.28381094 -0.14286053 -0.3231765
v -0.29961732 -0.14179483 -0.34465092
v -0.31424692 -0.13550422 -0.33291334
v -0.32445213 -0.13770342 -0.34344497
v -0.2464452 -0.15630385 -0.32874393
v -0.26537916 -0.15482818 -0.36051565
v -0.3403215 -0.13073547 -0.33235613
v -0.34512743 -0.1358105 -0.33509162
v -0.28273678 -0.14834924 -0.3527618
v -0.29151848 -0.15129764 -0.36322325
v -0.24931821 -0.16089243 -0.3711822
v -0.2574836 -0.1641214 -0.381758
v -0.30806726 -0.14470072 -0.35360432
v -0.3122223 -0.14977454 -0.35558555
v -0.32892284 -0.14277762 -0.34581968
v -0.3321893 -0.14859983 -0.3466828
v -0.3603681 -0.12930982 -0.32290715
v -0.3642729 -0.13594474 -0.32423675
v -0.23977455 -0.17076373 -0.3911332
v -0.24354884 -0.17587848 -0.3928949
v -0.34876353 -0.14206693 -0.33623725
v -0.35096374 -0.14878494 -0.33579725
v -0.37812397 -0.13056393 -0.3101112
v -0.38059074 -0.1381783 -0.309842
v -0.22511783 -0.1830258 -0.40324548
v -0.2276733 -0.1880177 -0.40395668
v -0.3667031 -0.14324008 -0.3239278
v -0.3673233 -0.15030473 -0.32197043
v -0.33407512 -0.15464967 -0.34606075
v -0.3344042 -0.16040686 -0.34397975
v -0.31673956 -0.1606712 -0.35532835
v -0.35146216 -0.15524483 -0.33377603
v -0.34999293 -0.16072686 -0.33017775
v -0.3151438 -0.15521291 -0.35614344
v -0.2982206 -0.16157559 -0.36518914
v -0.29549354 -0.15636465 -0.36488366
v -0.27857772 -0.16276635 -0.37400636
v -0.27469444 -0.15770191 -0.37253124
v -0.26131582 -0.16919816 -0.38324594
v -0.26392555 -0.17424871 -0.3833826
v -0.28121573 -0.16786253 -0.3741566
v -0.28259617 -0.17279519 -0.3730663
v -0.2996594 -0.16668627 -0.3642104
v -0.29976985 -0.17145276 -0.36201826
v -0.24614601 -0.18090883 -0.3932037
v -0.24756671 -0.18569551 -0.3921378
v -0.3169174 -0.16580488 -0.3531908
v -0.315585 -0.17026936 -0.34978122
v -0.26531145 -0.17909816 -0.38225558
v -0.26547202 -0.18357168 -0.37995285
v -0.2827064 -0.17736892 -0.3708197
v -0.28153408 -0.18138856 -0.36750102
v -0.29851174 -0.17563102 -0.35868347
v -0.29584476 -0.17897698 -0.35427678
v -0.33300024 -0.165351 -0.34046623
v -0.32968703 -0.1689618 -0.33554652
v -0.3126502 -0.17372009 -0.34514996
v -0.30525622 -0.17759275 -0.33421898
v -0.24781153 -0.19007927 -0.3897753
v -0.22946984 -0.19691008 -0.40064487
v -0.2468812 -0.19390094 -0.3861945
v -0.26440603 -0.18749435 -0.37656203
v -0.2621119 -0.19069129 -0.37217098
v -0.27906668 -0.18465865 -0.3631946
v -0.27125713 -0.18891932 -0.34922445
v -0.28836635 -0.18304023 -0.34185526
v -0.27267382 -0.1893704 -0.31447572
v -0.2291235 -0.19268744 -0.40307236
v -0.2101861 -0.19989862 -0.41376
v -0.20870535 -0.19536248 -0.414421
v -0.18944 -0.20273048 -0.42337593
v -0.18699019 -0.19781251 -0.42177132
v -0.16765675 -0.20499755 -0.42780644
v -0.16439833 -0.19958146 -0.4238235
v -0.1451975 -0.20631921 -0.4264983
v -0.14068604 -0.20148627 -0.41246146
v -0.12149597 -0.20793495 -0.41171205
v -0.115369774 -0.20450316 -0.37409154
v -0.09794585 -0.21075279 -0.38183922
v -0.09041533 -0.20952857 -0.32786632
v -0.07949251 -0.21451053 -0.35195938
v -0.08095084 -0.21679956 -0.38913524
v -0.08325991 -0.22069678 -0.41521072
v -0.10247447 -0.21432994 -0.41360423
v -0.106191166 -0.21921824 -0.42668775
v -0.08606388 -0.22567989 -0.42620966
v -0.088920526 -0.23119676 -0.42874688
v -0.12584874 -0.21281473 -0.42711845
v -0.1289745 -0.2182299 -0.43039963
v -0.1092203 -0.22465266 -0.42947465
v -0.11168629 -0.2298681 -0.43034995
v -0.09138769 -0.23669516 -0.42943725
v -0.09337496 -0.24187092 -0.42837572
v -0.14838575 -0.21174079 -0.43026304
v -0.15080877 -0.21668465 -0.43187585
v -0.13141954 -0.22326785 -0.43164408
v -0.13315241 -0.2278215 -0.43089792
v -0.11353415 -0.23467477 -0.42939243
v -0.11470901 -0.23888297 -0.42668098
v -0.094791904 -0.24641988 -0.42565727
v -0.09554811 -0.25003788 -0.42137694
v -0.17007515 -0.20990877 -0.42960113
v -0.17164485 -0.21427755 -0.42919695
v -0.15244941 -0.2210946 -0.4313476
v -0.15329058 -0.22491445 -0.42868954
v -0.13414152 -0.2317839 -0.42820683
v -0.1343553 -0.2350479 -0.42361674
v -0.11515584 -0.24230285 -0.42229462
v -0.114819705 -0.24474473 -0.41631216
v -0.0955532 -0.25242078 -0.41562974
v -0.09510876 -0.2538207 -0.40231168
v -0.19095846 -0.20715375 -0.42290133
v -0.19154269 -0.21103112 -0.4203443
v -0.17235725 -0.21806625 -0.42658377
v -0.17220373 -0.22123733 -0.42175114
v -0.15331508 -0.22808781 -0.42391253
v -0.15250584 -0.2305586 -0.41702774
v -0.13376223 -0.23750654 -0.4171735
v -0.13172038 -0.23962566 -0.3994653
v -0.113453336 -0.24658273 -0.40092993
v -0.110809386 -0.24819095 -0.36834404
v -0.09451644 -0.2544898 -0.3753189
v -0.09403021 -0.25474092 -0.33867842
v -0.104822665 -0.25065404 -0.31521526
v -0.093427956 -0.25505638 -0.23820412
v -0.12087784 -0.24467562 -0.2946426
v -0.0827662 -0.25911927 -0.3152153
v -0.0662507 -0.26562855 -0.2947173
v -0.12758766 -0.24187098 -0.36108014
v -0.14564817 -0.23516093 -0.36718786
v -0.1501784 -0.23276895 -0.40059844
v -0.16839409 -0.22610933 -0.39989814
v -0.17117563 -0.2237532 -0.41468883
v -0.18989654 -0.2169426 -0.40897068
v -0.19118972 -0.21431115 -0.4157018
v -0.21008798 -0.20739157 -0.40696132
v -0.21064688 -0.20393653 -0.4112663
v -0.22871351 -0.20056073 -0.39672655
v -0.22685592 -0.20351443 -0.39136985
v -0.20850965 -0.21017896 -0.40086663
v -0.20350328 -0.21338625 -0.38392445
v -0.18593411 -0.21974349 -0.39293337
v -0.17757328 -0.22353192 -0.3603721
v -0.24477634 -0.19700119 -0.38147354
v -0.23957075 -0.20030808 -0.36983368
v -0.16298027 -0.22880112 -0.37188065
v -0.15588714 -0.23166807 -0.33462158
v -0.2218065 -0.20675242 -0.37709203
v -0.2114747 -0.2112558 -0.34641036
v -0.19266033 -0.21810092 -0.34707704
v -0.22933827 -0.20474973 -0.3454964
v -0.24157296 -0.2003359 -0.33145955
v -0.17411149 -0.22523603 -0.2832205
v -0.21568964 -0.20996886 -0.3119883
v -0.25552312 -0.1945195 -0.35954756
v -0.16215077 -0.22951311 -0.30846754
v -0.13700332 -0.23889238 -0.23440036
v -0.14598738 -0.23570457 -0.1852513
v -0.092952214 -0.25526336 -1.4991171E-05
v -0.1789661 -0.22364372 -0.21957666
v -0.111104526 -0.24847257 -0.19277704
v -0.19686104 -0.21692087 -0.29526013
v -0.14067118 -0.23733523 -0.31304038
v -0.07539411 -0.26198304 -0.19286954
v -0.04949003 -0.27201885 -0.2347704
v -0.046276994 -0.273592 -0.31333932
v -0.21710587 -0.20956814 -0.28557873
v -0.22432427 -0.20706792 -0.25948754
v -0.1789089 -0.22382642 -0.17016636
v -0.21780849 -0.20987107 -0.19783564
v -0.2540583 -0.19591065 -0.31691447
v -0.24905767 -0.19822742 -0.26788652
v -0.27090165 -0.1905027 -0.28142223
v -0.29054624 -0.18332301 -0.3119101
v -0.30080283 -0.18037629 -0.2969842
v -0.26774603 -0.19198516 -0.25572732
v -0.27047628 -0.19154958 -0.22907597
v -0.20885792 -0.21347056 -0.14975125
v -0.2521375 -0.198195 -0.16906117
v -0.23371509 -0.20454672 -0.12284735
v -0.27901304 -0.18805395 -0.13209914
v -0.30802658 -0.17801094 -0.1877369
v -0.32033205 -0.17328747 -0.32309455
v -0.33510685 -0.16923246 -0.31100923
v -0.31119746 -0.1775244 -0.28093046
v -0.32948422 -0.17176156 -0.27498102
v -0.29661554 -0.1826997 -0.23251444
v -0.3205092 -0.17451069 -0.24136466
v -0.311706 -0.17722644 -0.21577938
v -0.35162216 -0.16374673 -0.24991983
v -0.3565022 -0.16122235 -0.23001303
v -0.38434285 -0.15155561 -0.2543931
v -0.37133178 -0.15524235 -0.21862055
v -0.34628987 -0.16451137 -0.32500693
v -0.3617935 -0.16017807 -0.3130716
v -0.3461351 -0.16614868 -0.26826712
v -0.36548442 -0.15982264 -0.28853977
v -0.35109353 -0.1645359 -0.30049032
v -0.3754719 -0.15571746 -0.27215958
v -0.38684094 -0.1511001 -0.28317574
v -0.36579853 -0.15624778 -0.31835496
v -0.3796527 -0.15176454 -0.30443716
v -0.37553224 -0.15577121 -0.29928106
v -0.3812196 -0.14557268 -0.30795404
v -0.3923828 -0.1410347 -0.29111776
v -0.3907908 -0.14712805 -0.28786343
v -0.40041614 -0.14249486 -0.26963753
v -0.39674976 -0.14638518 -0.26559466
v -0.40628895 -0.14184693 -0.2473767
v -0.39192444 -0.13376279 -0.2929298
v -0.40183124 -0.12974358 -0.27426994
v -0.39538413 -0.14667237 -0.23828353
v -0.4066815 -0.14222358 -0.22234684
v -0.4020354 -0.13666855 -0.27254167
v -0.41139954 -0.13245212 -0.25330588
v -0.4000275 -0.12255722 -0.27478528
v -0.4099946 -0.11900944 -0.25560552
v -0.40973204 -0.13802159 -0.2507631
v -0.4199418 -0.13386476 -0.2322439
v -0.41648874 -0.13770577 -0.22936094
v -0.42837936 -0.13418217 -0.21238644
v -0.41143814 -0.12587065 -0.25494125
v -0.4218722 -0.12189417 -0.23602267
v -0.4072157 -0.112600565 -0.25523484
v -0.41794166 -0.10882597 -0.23662911
v -0.42169765 -0.12836316 -0.23449062
v -0.43415195 -0.12437957 -0.21717596
v -0.43224853 -0.13018091 -0.21508361
v -0.44513798 -0.12688111 -0.19855705
v -0.42058158 -0.11515067 -0.23676166
v -0.43274575 -0.11052004 -0.219264
v -0.41406837 -0.103613056 -0.23554668
v -0.42553 -0.09889094 -0.21808614
v -0.4342606 -0.11756397 -0.21859296
v -0.44715536 -0.11323413 -0.20187505
v -0.4472131 -0.120609745 -0.20057969
v -0.45933196 -0.11716224 -0.1839195
v -0.4297785 -0.10403373 -0.21911855
v -0.44171312 -0.09893152 -0.20208558
v -0.41321453 -0.09781897 -0.21192959
v -0.42231107 -0.09366707 -0.19400503
v -0.4452327 -0.1056946 -0.20239353
v -0.456788 -0.10125143 -0.18543127
v -0.45910862 -0.109258585 -0.1850919
v -0.4686726 -0.105991326 -0.1674665
v -0.4368647 -0.0938852 -0.20090164
v -0.44730425 -0.089271046 -0.1835111
v -0.38967583 -0.1013884 -0.17655917
v -0.4048492 -0.09555226 -0.1632878
v -0.45273244 -0.09422684 -0.18491265
v -0.46182334 -0.09062727 -0.16698222
v -0.46615744 -0.09776752 -0.16765822
v -0.4720865 -0.09582011 -0.14835538
v -0.4336332 -0.088880636 -0.17753373
v -0.44347888 -0.0850378 -0.160611
v -0.35866642 -0.109863356 -0.13708113
v -0.38479355 -0.10107337 -0.13547523
v -0.45608032 -0.085723534 -0.16543235
v -0.46242443 -0.08391803 -0.14618333
v -0.46797267 -0.08884049 -0.14767675
v -0.4721883 -0.088093154 -0.12734841
v -0.41856986 -0.09055135 -0.15012066
v -0.4178409 -0.09090052 -0.13058065
v -0.36742136 -0.10671139 -0.11488997
v -0.35409468 -0.11149326 -0.089738786
v -0.44814578 -0.083716735 -0.14133224
v -0.4514448 -0.08324306 -0.12116175
v -0.4670907 -0.0831154 -0.12605174
v -0.470833 -0.08257653 -0.1053253
v -0.2581489 -0.14462349 -0.058723107
v -0.3056189 -0.12804763 -0.04859938
v -0.4161531 -0.09186776 -0.10980456
v -0.42699707 -0.088721134 -0.09292923
v -0.45718676 -0.08194247 -0.101563975
v -0.4625182 -0.08032269 -0.08185826
v -0.37742177 -0.10379524 -0.07631103
v -0.4022016 -0.09582501 -0.0690764
v -0.43720672 -0.08545742 -0.07651162
v -0.43361577 -0.08607354 -0.057108752
v -0.38188308 -0.10206411 -0.052258573
v -0.36520442 -0.10722519 -0.030238947
v -0.26546675 -0.14188153 -0.019838415
v -0.31084362 -0.12570034 -7.22816E-05
v -0.2657622 -0.14195071 0.01964132
v -0.30600405 -0.12840039 0.048170757
v -0.3661156 -0.10721698 0.02993441
v -0.46458575 -0.078891635 -0.06136409
v -0.47856164 -0.07933416 -0.06323875
v -0.46639317 -0.07716193 -0.040660955
v -0.42970964 -0.08649721 -0.036927026
v -0.43897343 -0.082656346 -0.018172855
v -0.3867475 -0.099363975 -0.012250268
v -0.41050825 -0.09137857 -0.000117038035
v -0.38719583 -0.09932122 0.012035092
v -0.4399697 -0.082561366 0.017819786
v -0.4744053 -0.081562474 -0.08429173
v -0.47884935 -0.086624 -0.08503153
v -0.4471469 -0.07964602 -0.00015449824
v -0.47430637 -0.073149465 -0.00022142615
v -0.4754779 -0.08761203 -0.106349275
v -0.4786635 -0.09403766 -0.10677196
v -0.4709443 -0.07464635 -0.020328393
v -0.48608267 -0.07440302 -0.021205248
v -0.48266608 -0.0766836 -0.04219903
v -0.48800054 -0.081623144 -0.042521212
v -0.48331055 -0.084355675 -0.06374728
v -0.48659948 -0.09091063 -0.06390425
v -0.47583514 -0.09478489 -0.12792566
v -0.4777529 -0.10227192 -0.12779202
v -0.4818316 -0.09295433 -0.08529718
v -0.48319492 -0.099830285 -0.08511472
v -0.47439945 -0.1037862 -0.14822176
v -0.4745455 -0.111668125 -0.1472784
v -0.4801968 -0.10107708 -0.10661156
v -0.47988448 -0.10795396 -0.10588621
v -0.46895918 -0.114145555 -0.16641319
v -0.46660724 -0.12107729 -0.16450438
v -0.47766313 -0.109635755 -0.12695588
v -0.4752874 -0.11595768 -0.12542571
v -0.45709568 -0.12387622 -0.18193904
v -0.45203745 -0.12831438 -0.17917542
v -0.47215828 -0.11839525 -0.14552784
v -0.46687156 -0.12289689 -0.14297263
v -0.44066197 -0.1311078 -0.19585674
v -0.42619085 -0.13691606 -0.18792397
v -0.46120697 -0.12563352 -0.1617462
v -0.44823924 -0.1306017 -0.15598547
v -0.4163208 -0.13936502 -0.20509882
v -0.3898493 -0.1487111 -0.1892353
v -0.43818054 -0.13369618 -0.17220663
v -0.40954828 -0.14324111 -0.15761057
v -0.38586333 -0.14975561 -0.20770657
v -0.35735783 -0.15985815 -0.18760425
v -0.332939 -0.16866638 -0.1845162
v -0.39413065 -0.14793198 -0.17020413
v -0.33856863 -0.1671099 -0.1391339
v -0.3453013 -0.16426073 -0.16487549
v -0.2535922 -0.1974043 -0.091149986
v -0.3007146 -0.1807166 -0.09144937
v -0.36432981 -0.15842322 -0.13186543
v -0.38985854 -0.14972767 -0.13054149
v -0.4231846 -0.1387694 -0.14506905
v -0.4221219 -0.13864781 -0.12619409
v -0.37276345 -0.15534605 -0.1105974
v -0.35948813 -0.15950465 -0.08631923
v -0.2672892 -0.19244403 -0.056371387
v -0.31264028 -0.17592813 -0.046640404
v -0.4197828 -0.1385951 -0.10604169
v -0.45459512 -0.12657881 -0.11763866
v -0.3815212 -0.15115432 -0.07337081
v -0.4295896 -0.13432999 -0.08966796
v -0.45231593 -0.12852907 -0.13729922
v -0.40532532 -0.14258872 -0.06644688
v -0.4703474 -0.12031919 -0.12320998
v -0.4729505 -0.11811505 -0.102813445
v -0.45926082 -0.12385148 -0.0984946
v -0.46404827 -0.121706836 -0.07926569
v -0.4391684 -0.1306075 -0.07376019
v -0.4361452 -0.13218254 -0.055005707
v -0.3858862 -0.14967293 -0.05020298
v -0.37035817 -0.15578948 -0.029018778
v -0.4775334 -0.11389206 -0.104614116
v -0.48043486 -0.11232598 -0.08350926
v -0.47599706 -0.1164992 -0.08213825
v -0.48080328 -0.11568625 -0.06153964
v -0.27440438 -0.18995354 -0.019019803
v -0.3182711 -0.17453271 -5.2107338E-05
v -0.27467364 -0.18973865 0.0188353
v -0.37136504 -0.15530145 0.028771536
v -0.46669254 -0.12150444 -0.059350587
v -0.4695987 -0.12178774 -0.039286315
v -0.48278174 -0.10652858 -0.08451007
v -0.48792714 -0.10526523 -0.06326811
v -0.4332111 -0.13416465 -0.035530355
v -0.44305697 -0.13166365 -0.017459992
v -0.39169273 -0.14883663 -0.011736984
v -0.41510692 -0.14101818 -8.1869635E-05
v -0.4855305 -0.111386925 -0.06252733
v -0.49141526 -0.110850945 -0.04166324
v -0.48821092 -0.09816016 -0.063735805
v -0.49394497 -0.09640634 -0.042479016
v -0.392219 -0.14862701 0.011585812
v -0.44422653 -0.13119781 0.01721708
v -0.4514673 -0.12917592 -0.00010679038
v -0.47909138 -0.12033206 -0.00015495684
v -0.48615712 -0.11536724 -0.041018445
v -0.4908466 -0.115232915 -0.020575466
v -0.47517216 -0.12110023 -0.019609898
v -0.43523455 -0.13325094 0.03513776
v -0.43839166 -0.13085695 0.05428142
v -0.47277564 -0.120404944 0.038695887
v -0.38704833 -0.14886212 0.049690783
v -0.47703478 -0.12037339 0.019244904
v -0.49338493 -0.114282176 0.020072496
v -0.49365988 -0.114974275 -0.00021154647
v -0.4999327 -0.11009232 -0.00026803263
v -0.40616354 -0.14150384 0.06556729
v -0.31278157 -0.17544113 0.046165917
v -0.49668434 -0.11049406 -0.020911839
v -0.49928945 -0.103316106 -0.021174159
v -0.49390253 -0.1041868 -0.04215719
v -0.38120326 -0.15026215 0.072358795
v -0.4285468 -0.1328238 0.08783297
v -0.3573444 -0.1588691 0.08502895
v -0.26640657 -0.19219746 0.055823736
v -0.41572046 -0.13737877 0.103619926
v -0.44837004 -0.12486927 0.113902815
v -0.4153947 -0.13787483 0.12338795
v -0.44054627 -0.12903987 0.072546884
v -0.4659794 -0.11953739 0.07749421
v -0.45746276 -0.12175091 0.0956903
v -0.47060183 -0.1156686 0.0990326
v -0.47008708 -0.11960749 0.058304194
v -0.48541015 -0.113295585 0.06012548
v -0.47863021 -0.113849916 0.07975671
v -0.4837685 -0.10960602 0.08060411
v -0.49048173 -0.11358115 0.04020779
v -0.49666238 -0.10886317 0.04064432
v -0.4911635 -0.10879761 0.060777206
v -0.49414954 -0.102990165 0.061291292
v -0.49975544 -0.10942169 0.0202733
v -0.50262475 -0.10228937 0.020420766
v -0.49962726 -0.10233462 0.040976312
v -0.49973795 -0.09490692 0.041199844
v -0.50266963 -0.10267601 -0.0003158874
v -0.5023665 -0.0940062 -0.0003485656
v -0.5024538 -0.094039164 0.020516722
v -0.49970356 -0.08582493 0.02056299
v -0.49909678 -0.09490846 -0.021348538
v -0.49654156 -0.086480744 -0.021421101
v -0.4995192 -0.085363746 -0.0003595211
v -0.49462363 -0.07802952 -0.00034221067
v -0.4918689 -0.08854123 -0.04260745
v -0.49205852 -0.07924242 -0.021377966
v -0.48817566 -0.07328439 -0.00029008792
v -0.48830912 -0.07411984 0.020513779
v -0.49483502 -0.078800514 0.0205614
v -0.4928444 -0.08099902 0.04130576
v -0.472547 -0.07447583 0.019804962
v -0.46921515 -0.076992 0.039896693
v -0.49735647 -0.087491274 0.04131097
v -0.4927396 -0.08998993 0.061848965
v -0.4865637 -0.07634147 0.041180283
v -0.48302042 -0.079381295 0.061683357
v -0.43149954 -0.08642394 0.036417134
v -0.43579414 -0.08625534 0.056304667
v -0.49459818 -0.096508995 0.061653335
v -0.4874136 -0.098744966 0.08182974
v -0.48880368 -0.084068775 0.06186377
v -0.48286456 -0.08745334 0.082208306
v -0.46786043 -0.07906451 0.060199674
v -0.46505594 -0.08134241 0.080158584
v -0.38308692 -0.10226393 0.05172085
v -0.40337723 -0.09639205 0.06824144
v -0.486664 -0.104434334 0.081306204
v -0.47764292 -0.10684558 0.10096158
v -0.4777601 -0.08267131 0.08199694
v -0.4708634 -0.085643604 0.10209492
v -0.43900672 -0.08620717 0.075344495
v -0.42729014 -0.09043097 0.091398716
v -0.37777725 -0.10468267 0.07544643
v -0.35318914 -0.11293119 0.08877158
v -0.4749874 -0.11166932 0.10005724
v -0.4657816 -0.1146816 0.11941301
v -0.45737478 -0.08447476 0.09921807
v -0.44866082 -0.08731692 0.118316166
v -0.2577709 -0.14520617 0.05831263
v -0.29161286 -0.13322274 0.094804704
v -0.46212843 -0.118483625 0.11818388
v -0.45401362 -0.12202705 0.13744128
v -0.41444144 -0.09459999 0.10799166
v -0.41425762 -0.09438746 0.12864767
v -0.36522222 -0.108709544 0.113803826
v -0.4425341 -0.12751359 0.13314217
v -0.43745732 -0.13059713 0.15239696
v -0.3817717 -0.1032963 0.13439871
v -0.4155754 -0.138651 0.14253037
v -0.40426877 -0.14404613 0.15644063
v -0.3847488 -0.14966777 0.12883241
v -0.36874592 -0.15498912 0.10899534
v -0.29873854 -0.1807347 0.090781175
v -0.36096385 -0.15877637 0.13099967
v -0.33777085 -0.1680721 0.13941085
v -0.2531661 -0.19781712 0.09117527
v -0.2798225 -0.18894199 0.13260749
v -0.26640657 -0.19219746 0.055823736
v -0.23364742 -0.20490682 0.122650534
v -0.25085536 -0.1981287 0.16812325
v -0.30814266 -0.17882387 0.18731236
v -0.43064237 -0.13503323 0.17065592
v -0.4420736 -0.13022693 0.17719732
v -0.42395476 -0.13961068 0.18890744
v -0.39269656 -0.14974207 0.17080964
v -0.3920806 -0.15142037 0.1913283
v -0.34682032 -0.16589333 0.16612358
v -0.36009356 -0.16196917 0.1892662
v -0.33487424 -0.17022783 0.18541628
v -0.37448788 -0.15779352 0.21994014
v -0.44706076 -0.12603082 0.15703551
v -0.44994232 -0.12233067 0.15893832
v -0.3901135 -0.1528484 0.21027802
v -0.41254243 -0.14636584 0.22598982
v -0.45711276 -0.11833736 0.13894789
v -0.45911103 -0.11336668 0.14032461
v -0.41926035 -0.14311816 0.20814006
v -0.43201676 -0.13858193 0.21647722
v -0.4375572 -0.13446184 0.19724008
v -0.4412308 -0.1303535 0.20030764
v -0.4452318 -0.1263558 0.1796608
v -0.4467863 -0.12014838 0.18164225
v -0.46811566 -0.10992321 0.120540135
v -0.46906656 -0.10455144 0.12146825
v -0.45165825 -0.11687527 0.16059776
v -0.45220825 -0.1103664 0.16188398
v -0.4785634 -0.101514295 0.10168157
v -0.47774374 -0.09599233 0.102153145
v -0.45994186 -0.10759067 0.14144924
v -0.45953837 -0.101485066 0.14219956
v -0.48611474 -0.0929479 0.08214151
v -0.4685703 -0.09890931 0.12210034
v -0.466563 -0.093339965 0.12233939
v -0.47517875 -0.09059649 0.10231228
v -0.46298054 -0.088186346 0.12208838
v -0.4547619 -0.09018776 0.14208828
v -0.45783395 -0.09552553 0.14245331
v -0.44980833 -0.09699505 0.16281778
v -0.4427579 -0.08872425 0.13839091
v -0.4368964 -0.089655936 0.15828738
v -0.45159176 -0.103505716 0.16266724
v -0.4456742 -0.10475748 0.18371992
v -0.4468575 -0.09153607 0.16220567
v -0.4399177 -0.09211945 0.18255155
v -0.4140823 -0.09388167 0.14851926
v -0.40125915 -0.09717077 0.16275895
v -0.44688466 -0.1126129 0.18303193
v -0.44229797 -0.11475222 0.20407021
v -0.44330275 -0.097590275 0.18359642
v -0.43715894 -0.098103605 0.20415275
v -0.42830715 -0.09107095 0.17685065
v -0.4195024 -0.0925487 0.19527029
v -0.3564642 -0.11102073 0.13662688
v -0.3314088 -0.11892932 0.14520255
v -0.44034168 -0.10589897 0.20461024
v -0.43414995 -0.107588805 0.22459099
v -0.43307495 -0.092686 0.20262022
v -0.42546168 -0.09398379 0.22190598
v -0.38785422 -0.100594394 0.17736064
v -0.38593358 -0.100492164 0.19831811
v -0.24344449 -0.14965966 0.0951073
v -0.27073205 -0.13975297 0.13816862
v -0.43021876 -0.09932743 0.22385027
v -0.4213238 -0.10205414 0.2420524
v -0.41299468 -0.09366848 0.21473597
v -0.40521312 -0.09602285 0.23298399
v -0.3399541 -0.11550395 0.17275985
v -0.35314447 -0.11109989 0.19657645
v -0.41621047 -0.09676095 0.23990312
v -0.4044537 -0.10176558 0.25610593
v -0.38323042 -0.10125659 0.21781202
v -0.36747798 -0.10728022 0.22802295
v -0.3274263 -0.12009554 0.19285251
v -0.30036357 -0.13031271 0.19506413
v -0.3925871 -0.101204395 0.24775054
v -0.37851736 -0.10768915 0.26168323
v -0.2230107 -0.15714167 0.12790762
v -0.24153352 -0.1515724 0.1753401
v -0.19698521 -0.1675492 0.15594016
v -0.20699187 -0.16497862 0.20676051
v -0.26077533 -0.14692312 0.2379597
v -0.3502434 -0.11443448 0.23798524
v -0.3430938 -0.118590884 0.25673315
v -0.30283648 -0.13070183 0.22294341
v -0.3110212 -0.12929644 0.24859098
v -0.28685126 -0.13748413 0.24028428
v -0.31951472 -0.12931553 0.28255823
v -0.33614546 -0.12260077 0.2747598
v -0.35428715 -0.12021778 0.2930018
v -0.36640468 -0.11395328 0.27742964
v -0.37686828 -0.11550265 0.28575295
v -0.3910526 -0.10825902 0.2711705
v -0.39532733 -0.11361889 0.27290463
v -0.40931597 -0.10707605 0.25812268
v -0.41341233 -0.11524813 0.25883442
v -0.4256549 -0.11048566 0.24291477
v -0.4286436 -0.1203975 0.24252656
v -0.43677527 -0.117206454 0.22417605
v -0.4376149 -0.12661882 0.22265348
v -0.4427027 -0.12334368 0.20261018
v -0.43618864 -0.13426448 0.22007121
v -0.42835486 -0.13802958 0.23814389
v -0.42973027 -0.13013148 0.24092415
v -0.4172564 -0.13403928 0.2565742
v -0.41623002 -0.12474737 0.258299
v -0.401144 -0.12986618 0.27258164
v -0.42395756 -0.14243363 0.23422208
v -0.41188484 -0.14586332 0.24978817
v -0.39882 -0.12124363 0.27334338
v -0.38327575 -0.12783949 0.28743517
v -0.41597888 -0.14158946 0.253718
v -0.40073973 -0.14503653 0.2678363
v -0.39978436 -0.15016378 0.24009281
v -0.38479948 -0.15377943 0.25321525
v -0.40191275 -0.13821949 0.27071428
v -0.38541862 -0.14254923 0.284455
v -0.38049012 -0.12090831 0.28724188
v -0.3659365 -0.12816994 0.30197787
v -0.39723837 -0.14905027 0.26404265
v -0.38145825 -0.15217349 0.27785283
v -0.35681376 -0.16274267 0.22923623
v -0.34870124 -0.16418287 0.24708799
v -0.38431627 -0.14846319 0.28154168
v -0.36838764 -0.15196188 0.29587677
v -0.362762 -0.12275786 0.30050927
v -0.34959495 -0.12928595 0.31609562
v -0.37140098 -0.15648007 0.26812333
v -0.35821038 -0.15930529 0.2830791
v -0.30972922 -0.17736977 0.21400264
v -0.31707725 -0.17422363 0.23879391
v -0.36598426 -0.1554122 0.29208604
v -0.35225657 -0.15894549 0.30760956
v -0.34020293 -0.12670375 0.30641207
v -0.32595503 -0.13288642 0.31971878
v -0.34099245 -0.16568957 0.2644002
v -0.32452965 -0.1708381 0.27207804
v -0.2937236 -0.18223119 0.23070568
v -0.26864555 -0.19100134 0.22862515
v -0.3438488 -0.1632945 0.29634458
v -0.3298203 -0.1677296 0.3097065
v -0.3022213 -0.13606192 0.29052523
v -0.293285 -0.14016692 0.30905744
v -0.20807962 -0.2132816 0.14958133
v -0.21740222 -0.20965059 0.19850849
v -0.30774793 -0.17645621 0.28007382
v -0.29908267 -0.1793717 0.29834023
v -0.25908986 -0.1485245 0.26684597
v -0.26687694 -0.19143292 0.2566965
v -0.26304865 -0.14850892 0.2941521
v -0.27048865 -0.18999313 0.28333497
v -0.17860298 -0.22397263 0.17056979
v -0.17842376 -0.22434705 0.21967395
v -0.2238452 -0.20727205 0.2605613
v -0.24883524 -0.19799629 0.26956332
v -0.2723908 -0.18907946 0.31740442
v -0.29010624 -0.18258071 0.31480715
v -0.30456236 -0.17660806 0.33836132
v -0.1457971 -0.23664466 0.18504176
v -0.13709842 -0.24047284 0.23376237
v -0.17369314 -0.22724117 0.28283647
v -0.111071564 -0.24942365 0.19181357
v -0.093150906 -0.25582856 0.23648737
v -0.120893605 -0.24666883 0.29263568
v -0.31762877 -0.1718928 0.32495174
v -0.32612428 -0.16742212 0.3380429
v -0.33929613 -0.1629049 0.32330224
v -0.3418736 -0.15963043 0.32822835
v -0.35463268 -0.15562484 0.3118845
v -0.3558571 -0.15116623 0.31518093
v -0.36949363 -0.14690575 0.29890698
v -0.36939326 -0.14085062 0.30103102
v -0.3849952 -0.1353639 0.28646284
v -0.36817718 -0.1344031 0.3021032
v -0.35492224 -0.14030185 0.31834105
v -0.3559476 -0.14593633 0.3173745
v -0.34342027 -0.15088114 0.33408895
v -0.34325078 -0.15555449 0.33185235
v -0.3304163 -0.16029437 0.34749687
v -0.35279876 -0.13462947 0.31795615
v -0.34010643 -0.14055842 0.3340591
v -0.32893246 -0.16415688 0.3435719
v -0.3146314 -0.16938238 0.3565788
v -0.34237465 -0.14581443 0.33485296
v -0.32939813 -0.15121956 0.3503433
v -0.33660832 -0.13531718 0.33162224
v -0.32304344 -0.14108178 0.34619936
v -0.33057266 -0.15594509 0.34976992
v -0.31616646 -0.16138823 0.36301312
v -0.3117622 -0.17262857 0.3507105
v -0.29523107 -0.17865586 0.3601839
v -0.3268895 -0.14622831 0.34916902
v -0.31217754 -0.15191054 0.36216813
v -0.31334648 -0.13824101 0.3349802
v -0.29973724 -0.1435271 0.3485956
v -0.31485653 -0.15679589 0.36351624
v -0.29761353 -0.16282222 0.37307626
v -0.28790933 -0.1826995 0.3462164
v -0.2699918 -0.18944019 0.35248718
v -0.30814165 -0.14681 0.35893726
v -0.29114422 -0.152732 0.36894616
v -0.28395274 -0.14409508 0.32591522
v -0.26547128 -0.15031098 0.32885852
v -0.29500043 -0.15787674 0.37193877
v -0.27616993 -0.16395843 0.3797109
v -0.25323695 -0.19624807 0.31899017
v -0.23994516 -0.2014666 0.3324225
v -0.28248712 -0.14950453 0.35696417
v -0.26390687 -0.1555756 0.36392662
v -0.24025376 -0.15538956 0.28025025
v -0.21405208 -0.163978 0.2712134
v -0.27270406 -0.15870477 0.37719524
v -0.25347412 -0.1645853 0.38465366
v -0.21609943 -0.21036081 0.28601533
v -0.21427488 -0.21138485 0.31201822
v -0.24548157 -0.1567879 0.33092442
v -0.23162465 -0.1614991 0.3451499
v -0.16624232 -0.17878212 0.17781839
v -0.16609247 -0.17918777 0.2290369
v -0.24630733 -0.16114278 0.37332362
v -0.22865601 -0.16648674 0.38255206
v -0.19583279 -0.21848679 0.29505497
v -0.20979844 -0.21410476 0.345947
v -0.20602132 -0.16704915 0.29782385
v -0.20418006 -0.16846773 0.32466707
v -0.21816872 -0.16593072 0.35879666
v -0.19938208 -0.17156881 0.35912633
v -0.22722809 -0.20674792 0.34548143
v -0.23650476 -0.20311956 0.36988673
v -0.18448988 -0.17413643 0.30720863
v -0.16084006 -0.18162857 0.29437786
v -0.25313187 -0.19610314 0.36114365
v -0.2588304 -0.19270906 0.3744272
v -0.13159598 -0.19065854 0.19292696
v -0.12228974 -0.19420493 0.24363218
v -0.27732304 -0.185388 0.36768284
v -0.27935937 -0.18232238 0.37303957
v -0.29779243 -0.17548518 0.36591244
v -0.29902983 -0.17172416 0.37000763
v -0.31609544 -0.16560961 0.3606901
v -0.29896346 -0.16747059 0.37241405
v -0.2799655 -0.17401561 0.37952423
v -0.28022918 -0.17847402 0.3770197
v -0.2607032 -0.18569535 0.38329652
v -0.26027578 -0.18975097 0.37942687
v -0.24148533 -0.19762805 0.38654092
v -0.27860144 -0.16911957 0.3804543
v -0.2587523 -0.17550912 0.3870815
v -0.24054512 -0.20050304 0.38163683
v -0.22325954 -0.20865396 0.39053142
v -0.2601747 -0.18084663 0.3858951
v -0.24059297 -0.18778703 0.393078
v -0.2564981 -0.1699872 0.3867147
v -0.23679681 -0.17579462 0.3941801
v -0.24146165 -0.19322422 0.39040828
v -0.2235142 -0.20089671 0.39992526
v -0.2192857 -0.21092057 0.3764169
v -0.20218414 -0.21884215 0.38291582
v -0.23899838 -0.18181196 0.3943889
v -0.22027172 -0.18784925 0.4038076
v -0.23410739 -0.17023045 0.3922905
v -0.21525672 -0.17549713 0.401075
v -0.22222231 -0.19466017 0.4026243
v -0.20448905 -0.20148389 0.41258994
v -0.191882 -0.22180952 0.34640044
v -0.17770457 -0.22813468 0.3594228
v -0.21787798 -0.1812122 0.40333715
v -0.19939765 -0.1865734 0.41264397
v -0.20992056 -0.17188802 0.38900882
v -0.19114475 -0.17733382 0.39524484
v -0.20210691 -0.1938259 0.41354582
v -0.18403849 -0.19994687 0.4218118
v -0.16228995 -0.23227642 0.30780753
v -0.15632387 -0.23516789 0.33352724
v -0.19668666 -0.1807322 0.4097855
v -0.17816167 -0.18628235 0.41720048
v -0.17994274 -0.17740981 0.35929635
v -0.16452888 -0.18245012 0.37246406
v -0.1810119 -0.19221158 0.42055875
v -0.16237676 -0.19846027 0.42553952
v -0.14101505 -0.24008454 0.31170443
v -0.1462344 -0.23973279 0.3647365
v -0.17337242 -0.1828112 0.403811
v -0.1555921 -0.18881558 0.41026878
v -0.14853372 -0.18598577 0.32009327
v -0.14212796 -0.1888831 0.34652382
v -0.15944621 -0.19249448 0.42209843
v -0.14030477 -0.19971533 0.42325777
v -0.14959711 -0.18771912 0.38382888
v -0.13160422 -0.19424638 0.37859017
v -0.12626281 -0.19400743 0.32442802
v -0.105576545 -0.20148814 0.3052072
v -0.13679214 -0.1958422 0.4101797
v -0.11756574 -0.20347744 0.4082232
v -0.09524395 -0.2037308 0.20025113
v -0.07684337 -0.21118656 0.24712068
v -0.058059335 -0.21754481 0.2003191
v -0.031258512 -0.22798432 0.24390398
v -0.048755124 -0.22279458 0.3052621
v -0.11275128 -0.20142576 0.37188357
v -0.095239416 -0.20865126 0.37884477
v -0.088830195 -0.20839393 0.32604912
v -0.077639714 -0.21358383 0.34961691
v -0.06587097 -0.21701643 0.32604912
v -0.061109725 -0.22166461 0.37884477
v -0.07828632 -0.21552885 0.38574234
v -0.07946009 -0.21897157 0.41021013
v -0.09850597 -0.21130744 0.4090791
v -0.10106479 -0.21571146 0.42032346
v -0.12081754 -0.20757693 0.4221692
v -0.12345871 -0.21346097 0.42396855
v -0.14314829 -0.2056527 0.4260444
v -0.14632887 -0.21344133 0.4267596
v -0.16560097 -0.20641704 0.42681363
v -0.16864026 -0.21505429 0.42600203
v -0.1868196 -0.20827599 0.42103064
v -0.18893345 -0.21598671 0.4182862
v -0.20621884 -0.20854135 0.4098753
v -0.20697086 -0.21399243 0.40550068
v -0.2239318 -0.2058107 0.3958483
v -0.20641984 -0.21683119 0.39956504
v -0.18947226 -0.22470431 0.40719166
v -0.18995827 -0.22186689 0.41364962
v -0.17224978 -0.22912768 0.41844663
v -0.17101605 -0.22306135 0.423186
v -0.15182453 -0.22959377 0.42260242
v -0.1859096 -0.22621989 0.39156514
v -0.16921934 -0.23301458 0.39774886
v -0.14937736 -0.22183657 0.42556006
v -0.12934537 -0.22870778 0.42212823
v -0.17186292 -0.23194264 0.41186523
v -0.15303802 -0.2382156 0.4120397
v -0.16368304 -0.23385186 0.37040466
v -0.15320116 -0.23546834 0.41804338
v -0.13323937 -0.2413607 0.41476536
v -0.12644126 -0.22086619 0.42386842
v -0.10615713 -0.22853817 0.42035875
v -0.15087065 -0.23918673 0.39685085
v -0.13169524 -0.24500412 0.39382792
v -0.13175134 -0.2359009 0.41900736
v -0.11118898 -0.2422996 0.41487288
v -0.10344036 -0.22155708 0.42120695
v -0.083225474 -0.22961302 0.4196548
v -0.1333897 -0.24400234 0.4096616
v -0.113309786 -0.2497818 0.40667748
v -0.12764902 -0.24554425 0.3573966
v -0.11021737 -0.25105304 0.36336318
v -0.112791434 -0.24727653 0.41093817
v -0.09228431 -0.25368753 0.40888724
v -0.08112673 -0.22375096 0.41921133
v -0.061083578 -0.23132758 0.42032343
v -0.112524845 -0.2507344 0.39363703
v -0.09349363 -0.25679457 0.39424953
v -0.1044164 -0.2522478 0.31219888
v -0.09330832 -0.2562613 0.33478555
v -0.09319032 -0.25603306 0.4050339
v -0.07342326 -0.26323518 0.40667742
v -0.060275353 -0.226109 0.4090791
v -0.04095811 -0.2330641 0.40832087
v -0.09343998 -0.25662312 0.36967304
v -0.076817386 -0.26261848 0.36336312
v -0.08213375 -0.260092 0.31219888
v -0.06577984 -0.26611915 0.29271388
v -0.07473586 -0.26360163 0.39363697
v -0.056055162 -0.27085862 0.39396396
v -0.04328304 -0.22787683 0.3719515
v -0.02437964 -0.23498379 0.37886196
v -0.07517869 -0.26222715 0.19191042
v -0.0492575 -0.27187535 0.23414975
v -0.0597007 -0.2691282 0.35749337
v -0.041441 -0.27624133 0.36512384
v -0.028200028 -0.23075151 0.32464758
v -0.045905884 -0.27371213 0.3120173
v -0.012766561 -0.23739362 0.34699774
v -0.030758057 -0.2795789 0.33420265
v -0.04019494 -0.2747599 0.1855295
v -0.007417434 -0.2863949 0.2201648
v -0.012289012 -0.2852891 0.28413567
v -0.024309188 -0.28148112 0.3087239
v -0.009255641 -0.28775236 0.36115125
v -0.023979064 -0.28282657 0.37132102
v -0.018786762 -0.28522888 0.3990969
v -0.0075548436 -0.28622878 0.17005242
v 0.0309561 -0.30019405 0.19698222
v 0.03724587 -0.30233803 0.2592711
v 0.0223566 -0.2971613 0.14917314
v 0.065724656 -0.31298202 0.16861647
v 0.083265424 -0.31930783 0.22778958
v -0.0372551 -0.27826843 0.39739522
v -0.034740523 -0.27859873 0.4127572
v -0.05395715 -0.27091485 0.40984088
v -0.05233023 -0.2689269 0.4149792
v -0.07214498 -0.2610656 0.4109381
v -0.070166476 -0.25663942 0.41487285
v -0.09052987 -0.24910681 0.41267073
v -0.088231966 -0.24305686 0.4159897
v -0.10885877 -0.23575291 0.41813022
v -0.085695535 -0.23630363 0.4184493
v -0.06527546 -0.24400906 0.4203587
v -0.067779414 -0.2507046 0.41813022
v -0.047559377 -0.25850153 0.42234927
v -0.050097983 -0.26452494 0.4192338
v -0.03032357 -0.27239093 0.42350817
v -0.062946305 -0.23730075 0.42120692
v -0.042759113 -0.24476099 0.42413983
v -0.032796815 -0.27678773 0.41889855
v -0.013501508 -0.28416434 0.4205847
v -0.04501343 -0.25164938 0.42406976
v -0.025025886 -0.25921944 0.42756528
v -0.04109539 -0.238629 0.42230356
v -0.021322256 -0.24584314 0.42379528
v -0.02763014 -0.2662532 0.42644426
v -0.008049967 -0.27376506 0.42821282
v -0.015721936 -0.2858135 0.4136592
v 0.0031501008 -0.292086 0.4107797
v -0.022820126 -0.2521344 0.4267295
v -0.0032856166 -0.2595618 0.42725244
v -0.021514634 -0.24018104 0.41057014
v -0.0025567657 -0.24732758 0.41123596
v -0.0054292595 -0.26671416 0.428828
v 0.013659911 -0.27412844 0.42584062
v -0.0011011225 -0.29113778 0.3942354
v 0.016458167 -0.29655445 0.3867896
v -0.0019242082 -0.25315765 0.42344224
v 0.01693866 -0.26076034 0.4198882
v -0.006395 -0.24189775 0.3844718
v 0.008675489 -0.2475309 0.3736768
v 0.01568817 -0.2671838 0.42398462
v 0.034119386 -0.27477196 0.41759652
v 0.005863268 -0.292486 0.34889987
v 0.024511665 -0.29849482 0.348852
v 0.015303677 -0.2543715 0.40572706
v 0.032888595 -0.2615266 0.39800948
v -0.005870396 -0.23911105 0.32073623
v 0.0065373783 -0.24350779 0.2952803
v 0.035297904 -0.26840067 0.41366825
v 0.05318502 -0.2758283 0.4053174
v 0.010295611 -0.29303578 0.29665327
v 0.028823288 -0.29949796 0.31355274
v 0.024031065 -0.2534484 0.36103883
v 0.042871002 -0.26121542 0.3611197
v -0.02178043 -0.23104645 0.19325797
v 0.012008909 -0.24430221 0.22933643
v 0.051019844 -0.26900685 0.39204916
v 0.0686142 -0.27603656 0.38477796
v 0.030240031 -0.2998628 0.2864286
v 0.053942405 -0.30824646 0.33269405
v 0.029585132 -0.2528489 0.30829382
v 0.04827475 -0.2610272 0.3256655
v 0.060773913 -0.26843876 0.36034498
v 0.07331844 -0.2727253 0.3451404
v 0.04207592 -0.30425593 0.34783944
v 0.051886342 -0.30740058 0.37319794
v 0.05030877 -0.26058424 0.29800773
v 0.05798257 -0.26269764 0.27014393
v 0.03454749 -0.30203813 0.38073856
v 0.03971995 -0.3029317 0.3962908
v 0.012178595 -0.24362504 0.17738172
v 0.052130528 -0.25886706 0.205564
v 0.02169196 -0.29769805 0.4047724
v 0.0243192 -0.29628786 0.4117042
v 0.005598951 -0.29057294 0.41792578
v 0.008346242 -0.28657463 0.4228153
v -0.010842434 -0.27986497 0.42545047
v 0.011122902 -0.2808426 0.42545223
v 0.029798787 -0.28751436 0.41899446
v 0.027094424 -0.29269487 0.41644105
v 0.045254122 -0.29840067 0.40716612
v 0.042473853 -0.3015833 0.40270224
v 0.059877653 -0.30673352 0.391702
v 0.032213412 -0.28134158 0.4193757
v 0.050202962 -0.28823286 0.41020578
v 0.057050455 -0.30806884 0.38598856
v 0.073499806 -0.31339157 0.37451932
v 0.047888067 -0.29380888 0.40967116
v 0.065301135 -0.29975474 0.39831436
v 0.052026175 -0.2820977 0.40875834
v 0.06942668 -0.28893244 0.39814043
v 0.06267737 -0.30386713 0.39582896
v 0.07921609 -0.30926916 0.38326788
v 0.06719418 -0.31245348 0.36128348
v 0.08220893 -0.31772923 0.3486729
v 0.0676004 -0.2946815 0.3991032
v 0.08437737 -0.30056688 0.38684058
v 0.07063151 -0.28279263 0.3953709
v 0.08766896 -0.2890432 0.38436374
v 0.081948295 -0.30538058 0.3857558
v 0.09829278 -0.31094784 0.3727718
v 0.065978505 -0.3125146 0.31653443
v 0.084051736 -0.31910828 0.3124792
v 0.08633902 -0.29504785 0.386413
v 0.103050575 -0.3007908 0.37418282
v 0.08458838 -0.28184006 0.37312785
v 0.10047115 -0.28733018 0.36073825
v 0.10091566 -0.30621275 0.37412736
v 0.11759698 -0.3119431 0.3616729
v 0.06152167 -0.3111524 0.26657408
v 0.082887284 -0.31892803 0.27934137
v 0.10449686 -0.29488975 0.37277696
v 0.12131487 -0.30064183 0.3610915
v 0.08618986 -0.27693278 0.32889494
v 0.10507356 -0.28391883 0.32499784
v 0.119848624 -0.3065085 0.3620566
v 0.1370205 -0.31254798 0.35064122
v 0.08014201 -0.31805176 0.25395158
v 0.1120295 -0.32956272 0.2939579
v 0.11779133 -0.2934197 0.35124832
v 0.13497727 -0.29956743 0.34191263
v 0.083180375 -0.27233574 0.2779124
v 0.10495629 -0.2813846 0.29105264
v 0.13832256 -0.30660918 0.34978837
v 0.15571943 -0.31310138 0.33934855
v 0.12325293 -0.290725 0.3212981
v 0.13401133 -0.29439282 0.30564445
v 0.102522254 -0.2793493 0.26470947
v 0.105775885 -0.28006503 0.2372627
v 0.15045726 -0.30523208 0.32998535
v 0.16577801 -0.31100586 0.31773642
v 0.04330699 -0.2549691 0.15559061
v 0.08809273 -0.27209815 0.17563008
v 0.06964448 -0.2645462 0.12776951
v 0.116807714 -0.28227594 0.13739891
v 0.14587863 -0.29473487 0.19489147
v 0.14500117 -0.29826483 0.28925434
v 0.1638746 -0.3056835 0.28334498
v 0.13266517 -0.29059085 0.24086155
v 0.15680546 -0.3006803 0.24979936
v 0.14882539 -0.29652667 0.22375643
v 0.18784255 -0.31452698 0.2580437
v 0.18127419 -0.31249034 0.27668515
v 0.19787599 -0.3233745 0.29574075
v 0.18248622 -0.31748104 0.3074356
v 0.1892652 -0.32608867 0.31748864
v 0.17290166 -0.31972554 0.3288795
v 0.17258309 -0.32615596 0.33062866
v 0.15485363 -0.31925634 0.34054318
v 0.15291564 -0.32495248 0.34037814
v 0.13480306 -0.31808168 0.3501867
v 0.13192669 -0.3229522 0.3486325
v 0.11479786 -0.31671786 0.3601386
v 0.1116892 -0.32060507 0.357652
v 0.09538261 -0.31478804 0.37027737
v 0.09238578 -0.31752566 0.3668053
v 0.07634516 -0.31201273 0.37948593
v 0.089503005 -0.31895283 0.36251682
v 0.10549488 -0.32480574 0.35061508
v 0.1085089 -0.32337692 0.3544114
v 0.1252238 -0.32967114 0.34305555
v 0.12864809 -0.32690135 0.34618625
v 0.14677161 -0.33385825 0.33667466
v 0.09866867 -0.32376003 0.33904406
v 0.11520193 -0.32995936 0.32987484
v 0.1501425 -0.32991225 0.33902982
v 0.16845115 -0.33705866 0.32990295
v 0.12191046 -0.3310034 0.339448
v 0.13918471 -0.33759886 0.32964942
v 0.101592004 -0.3256002 0.30884737
v 0.14303994 -0.33651295 0.3334891
v 0.16098127 -0.34343714 0.324367
v 0.17103353 -0.33202934 0.33092874
v 0.18825564 -0.33878645 0.3205199
v 0.13043745 -0.33574063 0.3186432
v 0.14572601 -0.34153748 0.30734196
v 0.1650343 -0.34095693 0.32767463
v 0.18241079 -0.3476786 0.31774348
v 0.18944415 -0.33276936 0.3197636
v 0.2046719 -0.338619 0.30681401
v 0.15649025 -0.34421226 0.32010326
v 0.17299981 -0.35046366 0.30969328
v 0.12285316 -0.33366796 0.2785416
v 0.141552 -0.3405878 0.2733292
v 0.17807175 -0.34997842 0.31434426
v 0.19333543 -0.35567144 0.3020759
v 0.20420612 -0.3317977 0.3042834
v 0.21712047 -0.33645967 0.2883713
v 0.16241871 -0.3477837 0.29796386
v 0.17762963 -0.35337767 0.2870509
v 0.10959046 -0.32895944 0.23160739
v 0.13351518 -0.33768007 0.24060738
v 0.18788601 -0.35597315 0.29730335
v 0.20032153 -0.3603609 0.28181735
v 0.20924172 -0.32740322 0.27930945
v 0.21958764 -0.33085728 0.26129216
v 0.15866843 -0.34685287 0.26724842
v 0.16474473 -0.34899375 0.24922712
v 0.12515557 -0.3346087 0.21530391
v 0.1218694 -0.33338368 0.18737352
v 0.18847306 -0.35721767 0.2711452
v 0.19807653 -0.3606012 0.25346997
v 0.19391857 -0.31624013 0.2377116
v 0.2098413 -0.32207674 0.22597972
v 0.047636803 -0.3064234 0.12261045
v 0.09300918 -0.32305133 0.13184334
v 0.17016302 -0.35089496 0.22940412
v 0.18530545 -0.3564409 0.21791837
v 0.17196397 -0.30462506 0.19153024
v 0.14696546 -0.34256124 0.1840827
v 0.19688272 -0.31467417 0.19448625
v 0.17135657 -0.35158426 0.18705085
v 0.06753182 -0.31399778 0.09095712
v 0.11462873 -0.33148703 0.09118089
v 0.15221043 -0.34522557 0.13880606
v 0.1591841 -0.34736145 0.16444194
v 0.20350386 -0.36384898 0.18853308
v 0.19985725 -0.36197716 0.20691346
v 0.22089948 -0.36930388 0.22120474
v 0.08170571 -0.31911048 0.056027282
v 0.1276571 -0.335523 0.046058826
v 0.17426343 -0.35317627 0.08563365
v 0.08880511 -0.3212262 0.018666882
v 0.13190533 -0.33676744 -0.00025168885
v 0.18530351 -0.35608622 0.028326053
v 0.2095676 -0.36482573 0.23724833
v 0.22129045 -0.36785096 0.24597067
v 0.21116886 -0.3641468 0.2643386
v 0.21649627 -0.36372757 0.2680907
v 0.2057963 -0.36005104 0.28621697
v 0.21040344 -0.3579159 0.2893175
v 0.19787566 -0.35350454 0.30543864
v 0.20136976 -0.34975308 0.30736613
v 0.18585826 -0.34385207 0.31982428
v 0.20368077 -0.34469768 0.30783305
v 0.2164079 -0.34923714 0.29154977
v 0.21399127 -0.35422227 0.29110104
v 0.2248359 -0.35784674 0.2724558
v 0.22111525 -0.3615395 0.27080664
v 0.23113216 -0.36500207 0.2513329
v 0.21750157 -0.3432273 0.2906458
v 0.22882271 -0.3470036 0.27243096
v 0.22647747 -0.36731142 0.24902046
v 0.23678185 -0.37141305 0.23032945
v 0.22746837 -0.35291332 0.27300748
v 0.23789357 -0.35623473 0.25354376
v 0.22870906 -0.34038168 0.27069557
v 0.23967284 -0.3438706 0.25219962
v 0.23501678 -0.36121312 0.2528575
v 0.24564685 -0.3649085 0.23373292
v 0.23154877 -0.37199336 0.22781673
v 0.24280638 -0.37709406 0.21098039
v 0.23952484 -0.3503572 0.25334135
v 0.2504975 -0.35369733 0.23454873
v 0.23191808 -0.33502668 0.24483901
v 0.24402349 -0.33897755 0.22848351
v 0.24871497 -0.35970986 0.23449619
v 0.2609639 -0.36384723 0.21720225
v 0.23002554 -0.37344843 0.2040636
v 0.23924167 -0.37779394 0.18706182
v 0.25071248 -0.34723362 0.23382674
v 0.26252896 -0.35077766 0.21652032
v 0.22509408 -0.3275877 0.21467209
v 0.22916038 -0.3283239 0.19561258
v 0.2626301 -0.3574333 0.21722506
v 0.27497718 -0.36136183 0.20050302
v 0.20733058 -0.3659327 0.16963929
v 0.22242329 -0.37210438 0.15709409
v 0.25369433 -0.34177595 0.21075915
v 0.26326036 -0.34458014 0.19303289
v 0.18488036 -0.3089733 0.17113954
v 0.17786981 -0.3056013 0.1444414
v 0.27434713 -0.35440093 0.19959249
v 0.285392 -0.35800162 0.18235543
v 0.17775746 -0.3550269 0.13153227
v 0.20327322 -0.3646967 0.1300915
v 0.23327427 -0.3290808 0.17591843
v 0.24867016 -0.33465385 0.16270693
v 0.09052796 -0.27184013 0.09479415
v 0.13928007 -0.29012826 0.09492427
v 0.27505141 -0.3485484 0.17667164
v 0.28540248 -0.35237208 0.1596311
v 0.18668999 -0.35825232 0.1101072
v 0.23610559 -0.37702712 0.12532862
v 0.20412184 -0.31546482 0.13670869
v 0.22992483 -0.32584956 0.1349749
v 0.2626025 -0.3399709 0.14945059
v 0.2623257 -0.33995965 0.12962192
v 0.2362067 -0.3774429 0.14446726
v 0.2612136 -0.38702726 0.1551007
v 0.21317554 -0.3189111 0.11434747
v 0.20024826 -0.31410766 0.088981375
v 0.25084415 -0.38287514 0.17143622
v 0.2652378 -0.38749483 0.17812864
v 0.10504568 -0.27729106 0.058343872
v 0.15231939 -0.29560027 0.047957703
v 0.2542928 -0.38248417 0.19467863
v 0.2605447 -0.38226175 0.19709826
v 0.24845138 -0.37664282 0.21334097
v 0.25356537 -0.37395155 0.21520297
v 0.24157517 -0.3689305 0.23232278
v 0.25783917 -0.36951983 0.21650915
v 0.27051365 -0.3745072 0.20013268
v 0.26605794 -0.3793849 0.19892916
v 0.2780082 -0.38455057 0.182457
v 0.27212048 -0.38753086 0.1806445
v 0.28223738 -0.39171118 0.16302292
v 0.27359307 -0.36828166 0.20067021
v 0.2855553 -0.3726482 0.18390828
v 0.27487096 -0.39145708 0.16054752
v 0.282422 -0.39370215 0.14115235
v 0.28259012 -0.37933078 0.18355022
v 0.29298833 -0.3834509 0.16570829
v 0.28659293 -0.36527961 0.18351533
v 0.2965317 -0.36898327 0.16539465
v 0.2883714 -0.38876826 0.1647421
v 0.29610285 -0.39135775 0.1447401
v 0.26673108 -0.38858566 0.13596903
v 0.2709416 -0.38916773 0.11572177
v 0.29580343 -0.37658176 0.16592473
v 0.30329004 -0.3797171 0.14572774
v 0.29488853 -0.36147818 0.16412129
v 0.30206156 -0.3647286 0.14420219
v 0.3006283 -0.3863277 0.1455535
v 0.3062625 -0.3883278 0.12393737
v 0.23512255 -0.37591612 0.104802124
v 0.24626039 -0.37916902 0.08801185
v 0.30384794 -0.37226957 0.14527367
v 0.30923507 -0.3751929 0.12388004
v 0.2906484 -0.3547425 0.13986702
v 0.29444167 -0.3569326 0.11905326
v 0.3087666 -0.38225362 0.124131076
v 0.31298438 -0.38439047 0.10194856
v 0.19722196 -0.36104244 0.07236141
v 0.22166482 -0.36962327 0.065148935
v 0.30748364 -0.36773205 0.1231948
v 0.3117271 -0.3704674 0.10169576
v 0.26103842 -0.3398564 0.108433306
v 0.2719393 -0.34489727 0.09109714
v 0.31338686 -0.37780783 0.10194137
v 0.31699687 -0.38016865 0.08018529
v 0.20170884 -0.36218873 0.04919357
v 0.25308692 -0.38057196 0.053349577
v 0.30043477 -0.36021525 0.09886368
v 0.30572936 -0.36317164 0.07887498
v 0.22348586 -0.3236476 0.075195394
v 0.24786595 -0.3340962 0.0676411
v 0.31536436 -0.37291375 0.08030169
v 0.31896788 -0.37504998 0.059609186
v 0.28202373 -0.3495518 0.07443705
v 0.27828702 -0.34828946 0.05527665
v 0.22782518 -0.32571375 0.051142916
v 0.21098669 -0.31912515 0.029464565
v 0.3074272 -0.3643829 0.058663778
v 0.30845875 -0.365093 0.038523186
v 0.11213016 -0.28033864 0.019438203
v 0.15660837 -0.2974461 -0.00030901787
v 0.11158389 -0.27998108 -0.020056123
v 0.15115184 -0.2948055 -0.048940726
v 0.20968713 -0.3183003 -0.03066159
v 0.27395514 -0.34664932 0.035534758
v 0.28225398 -0.35017088 0.01713018
v 0.2316801 -0.32743213 0.011639964
v 0.2542533 -0.33701417 -0.0005296574
v 0.23110786 -0.3270747 -0.01260607
v 0.2809823 -0.34937668 -0.018775066
v 0.28924328 -0.35302353 -0.00071409805
v 0.31345347 -0.36714286 -0.0010479691
v 0.3117545 -0.36654586 0.018746234
v 0.32360604 -0.37744033 0.019072734
v 0.32192075 -0.37663814 0.039304227
v 0.3239053 -0.38398126 0.039009072
v 0.32075876 -0.3823299 0.059339367
v 0.32064933 -0.38826197 0.059080817
v 0.31669486 -0.3863268 0.079993874
v 0.31452462 -0.39116472 0.07972691
v 0.31064376 -0.38981795 0.10171134
v 0.30648866 -0.39369282 0.101223744
v 0.30190706 -0.3928292 0.12328825
v 0.29588452 -0.39517164 0.12217319
v 0.28995404 -0.39406374 0.14327668
v 0.2883792 -0.39476866 0.12058158
v 0.29323092 -0.3951953 0.09947361
v 0.3006431 -0.39561775 0.10047982
v 0.30484372 -0.3959853 0.07896398
v 0.31055218 -0.3944587 0.07938379
v 0.31480226 -0.39563704 0.058605623
v 0.27739057 -0.39039063 0.09603949
v 0.2831341 -0.39146996 0.07655358
v 0.31865782 -0.39273486 0.058835566
v 0.32212037 -0.39410064 0.038584355
v 0.2974656 -0.39552084 0.07846688
v 0.3015714 -0.3962839 0.058199782
v 0.25656608 -0.38223714 0.07188519
v 0.30910072 -0.39685717 0.05839302
v 0.31257233 -0.3977985 0.038384795
v 0.32397643 -0.38981867 0.038768895
v 0.3258045 -0.39061975 0.01861763
v 0.2852287 -0.39162093 0.056895457
v 0.28652313 -0.39178145 0.037356354
v 0.3183236 -0.39677724 0.038456097
v 0.320201 -0.39742878 0.01850211
v 0.3256691 -0.38481233 0.018799823
v 0.3252831 -0.3845128 -0.0016829664
v 0.3048528 -0.39711466 0.038371086
v 0.30661404 -0.39764306 0.018679522
v 0.24894147 -0.378855 0.03428194
v 0.25724843 -0.38176772 0.016559191
v 0.3144168 -0.3983743 0.018557113
v 0.31379253 -0.3981495 -0.0014721983
v 0.32340676 -0.3772185 -0.0013993647
v 0.32070607 -0.3757348 -0.022426136
v 0.2898666 -0.3928894 0.018227492
v 0.2913436 -0.3934434 -0.000859091
v 0.20563594 -0.36336476 0.011218251
v 0.22817056 -0.37145418 -0.00042971477
v 0.30615938 -0.3974993 -0.0011761929
v 0.30279317 -0.3963133 -0.021497315
v 0.30969426 -0.36528552 -0.02124032
v 0.3045837 -0.36270046 -0.041833527
v 0.26406914 -0.3842351 -0.0005785248
v 0.25546515 -0.38118228 -0.017891057
v 0.2048334 -0.3631013 -0.012002474
v 0.18347175 -0.3554969 -0.029296562
v 0.2870389 -0.3919423 -0.020271365
v 0.2811888 -0.39001483 -0.040067714
v 0.27150142 -0.3451004 -0.037692893
v 0.27483058 -0.34606498 -0.05810774
v 0.08802744 -0.32098582 -0.019170156
v 0.24548888 -0.37773648 -0.03602787
v 0.2481931 -0.37902522 -0.055638433
v 0.1259731 -0.33503005 -0.046856664
v 0.22574256 -0.32436007 -0.05286181
v 0.1987506 -0.36126593 -0.05058511
v 0.2178264 -0.36846754 -0.06694081
v 0.19423339 -0.36020294 -0.07375293
v 0.08079408 -0.318863 -0.056440864
v 0.11414685 -0.33131015 -0.0913255
v 0.24129902 -0.37780738 -0.09030069
v 0.17227781 -0.35270613 -0.0865317
v 0.24518694 -0.3323086 -0.06985619
v 0.25099167 -0.38054872 -0.07447771
v 0.2751378 -0.3889903 -0.080322504
v 0.067426145 -0.31363133 -0.09064076
v 0.15230477 -0.34463283 -0.13827634
v 0.2780295 -0.38929015 -0.060306516
v 0.29198888 -0.39304292 -0.062879205
v 0.1593287 -0.3461277 -0.16316482
v 0.20388362 -0.3619722 -0.18666051
v 0.29768106 -0.39464226 -0.042119704
v 0.30401698 -0.39465865 -0.043080613
v 0.19979204 -0.35920233 -0.20384161
v 0.2205716 -0.3654017 -0.21676451
v 0.30985773 -0.39668915 -0.022085316
v 0.31536278 -0.3954637 -0.022551773
v 0.20760818 -0.359703 -0.23035967
v 0.2181 -0.36133027 -0.23682673
v 0.3195192 -0.3971411 -0.0016894746
v 0.32334155 -0.39450893 -0.0018094253
v 0.2053817 -0.35624412 -0.25181815
v 0.20857796 -0.35498628 -0.25330105
v 0.32398933 -0.39483458 0.01852034
v 0.19534537 -0.35029498 -0.26849583
v 0.19769265 -0.34874806 -0.27067363
v 0.32526213 -0.39028788 -0.0018134547
v 0.32147792 -0.38844588 -0.022964844
v 0.1842019 -0.34417108 -0.28608596
v 0.18632741 -0.34190837 -0.28850743
v 0.3192542 -0.3926961 -0.02285788
v 0.31324208 -0.39009103 -0.044359278
v 0.32197988 -0.3827723 -0.022833863
v 0.31699505 -0.38013655 -0.044379335
v 0.1725216 -0.33696452 -0.30395722
v 0.17469227 -0.33358407 -0.30604687
v 0.31586826 -0.3857311 -0.044556715
v 0.30984977 -0.38278097 -0.066309236
v 0.30924782 -0.39310429 -0.04384719
v 0.30268988 -0.39077058 -0.065338135
v 0.31649095 -0.3734194 -0.043766975
v 0.31174833 -0.37070277 -0.065181255
v 0.16065617 -0.32807305 -0.32123265
v 0.16284671 -0.32342538 -0.3223701
v 0.30682 -0.3873886 -0.06604786
v 0.3015029 -0.3852839 -0.0876579
v 0.31156427 -0.37715113 -0.06604584
v 0.30692297 -0.37436184 -0.08755985
v 0.30222836 -0.3611145 -0.0628303
v 0.30001652 -0.35945985 -0.083479546
v 0.14854516 -0.31727862 -0.3369389
v 0.1504383 -0.31168008 -0.33652887
v 0.3048389 -0.38023287 -0.087942585
v 0.30225205 -0.3787242 -0.10917695
v 0.3074652 -0.36801514 -0.086428404
v 0.30462867 -0.3657869 -0.1072678
v 0.27812758 -0.34696323 -0.077644534
v 0.2685501 -0.3424877 -0.0939282
v 0.13570914 -0.3051049 -0.35013255
v 0.13302146 -0.2984041 -0.34218663
v 0.30430675 -0.37231424 -0.108647816
v 0.30217695 -0.37064958 -0.12907565
v 0.29533684 -0.35666907 -0.103030175
v 0.29052332 -0.35396174 -0.12226161
v 0.22143348 -0.32221055 -0.07691426
v 0.19888309 -0.313063 -0.09012075
v 0.11731783 -0.29142743 -0.35271785
v 0.10472082 -0.28256434 -0.32594943
v 0.08657175 -0.2748129 -0.33009118
v 0.12191848 -0.28992787 -0.32152623
v 0.13146663 -0.29378864 -0.30446237
v 0.058152594 -0.26154724 -0.2707642
v 0.103988945 -0.2807864 -0.29116002
v 0.050830375 -0.25881016 -0.29868189
v 0.012309187 -0.24330601 -0.22968501
v 0.012174142 -0.2430757 -0.17759758
v 0.030140702 -0.2510841 -0.3087684
v 0.1465309 -0.30427548 -0.32800236
v 0.15972917 -0.3098917 -0.31311452
v 0.16476244 -0.31793097 -0.32239622
v 0.17861786 -0.32383403 -0.30782178
v 0.17671154 -0.32925764 -0.30744538
v 0.19006881 -0.33474764 -0.29226708
v 0.18824045 -0.33884788 -0.29068658
v 0.20122477 -0.34383184 -0.27526632
v 0.19957939 -0.34669286 -0.27305442
v 0.21261589 -0.35148108 -0.25770313
v 0.21089233 -0.35349855 -0.25538728
v 0.22406015 -0.35864 -0.24034348
v 0.22160952 -0.36019424 -0.2383137
v 0.2346163 -0.36616117 -0.22365329
v 0.23058408 -0.3671099 -0.2220285
v 0.24294421 -0.37380356 -0.20753321
v 0.23044667 -0.37081 -0.201388
v 0.23961252 -0.3762738 -0.18565749
v 0.2076245 -0.36490688 -0.16870296
v 0.22215383 -0.37163612 -0.15682544
v 0.17745797 -0.35476884 -0.1314679
v 0.20239902 -0.36448207 -0.13032539
v 0.18543775 -0.35801196 -0.11060163
v 0.23371904 -0.37659812 -0.12630169
v 0.23143478 -0.3750682 -0.10645835
v 0.2652654 -0.38780272 -0.118306674
v 0.23500694 -0.37718993 -0.14477572
v 0.25943202 -0.38660115 -0.1555669
v 0.25044826 -0.38213894 -0.17100039
v 0.26455492 -0.3865041 -0.1775952
v 0.2700902 -0.38833758 -0.099450506
v 0.2835269 -0.3922876 -0.10415299
v 0.26304185 -0.38785654 -0.13750724
v 0.27745745 -0.39257488 -0.14329983
v 0.25449592 -0.380554 -0.19287683
v 0.26018924 -0.38017032 -0.19511925
v 0.28688222 -0.39207235 -0.083611675
v 0.29223475 -0.39154807 -0.08541119
v 0.27243698 -0.39079678 -0.16122422
v 0.2792083 -0.39075252 -0.1639513
v 0.28076974 -0.39276347 -0.12416257
v 0.28684276 -0.3924395 -0.12666735
v 0.27096543 -0.3863543 -0.1801407
v 0.27617127 -0.3833118 -0.18216792
v 0.29767448 -0.3927232 -0.064256445
v 0.2891021 -0.3917985 -0.1063432
v 0.29430872 -0.3890115 -0.10795622
v 0.29720494 -0.38917038 -0.086787015
v 0.2988057 -0.38447165 -0.1089236
v 0.29702005 -0.38415116 -0.12949623
v 0.29237926 -0.38932005 -0.12846233
v 0.28979453 -0.38912216 -0.14792196
v 0.30040568 -0.377679 -0.12971778
v 0.29761612 -0.37652117 -0.14927068
v 0.28402275 -0.39243588 -0.1459984
v 0.2944375 -0.3835214 -0.14902714
v 0.28934962 -0.38178143 -0.16716747
v 0.2849325 -0.38744405 -0.16595162
v 0.29899508 -0.36900902 -0.1486093
v 0.29823893 -0.36187264 -0.14699969
v 0.29322225 -0.3670338 -0.16701461
v 0.2921996 -0.37467468 -0.16754107
v 0.28247252 -0.37156358 -0.1842345
v 0.2800482 -0.37813035 -0.18356857
v 0.26778665 -0.3731693 -0.1987693
v 0.3019746 -0.36380905 -0.12751853
v 0.26460698 -0.3775454 -0.19714303
v 0.25133616 -0.37096468 -0.21144922
v 0.2477745 -0.37312955 -0.20943928
v 0.23745508 -0.3643896 -0.22565861
v 0.23939687 -0.36172116 -0.22772536
v 0.25381842 -0.3674992 -0.21330859
v 0.25541082 -0.36292315 -0.214763
v 0.22577555 -0.35643607 -0.24255846
v 0.22707932 -0.35335097 -0.24460125
v 0.26976588 -0.36753178 -0.1998191
v 0.27058217 -0.3611228 -0.20011358
v 0.24073824 -0.35808155 -0.22953434
v 0.24177575 -0.3533969 -0.2307665
v 0.2140396 -0.3486336 -0.2598749
v 0.21545443 -0.34465635 -0.26152885
v 0.28331998 -0.36436504 -0.18405758
v 0.28246674 -0.35728845 -0.18292956
v 0.2563028 -0.35742667 -0.21555807
v 0.25668386 -0.3512001 -0.21543935
v 0.228295 -0.34915307 -0.24611431
v 0.22974627 -0.34361094 -0.24674016
v 0.20284766 -0.33986744 -0.27693734
v 0.2046673 -0.3345024 -0.27769563
v 0.29215762 -0.35976872 -0.16553032
v 0.2833728 -0.3510495 -0.1607171
v 0.24280587 -0.3475929 -0.23110269
v 0.23778881 -0.33953333 -0.22664706
v 0.21715125 -0.33924913 -0.2622913
v 0.21082696 -0.33039078 -0.25537404
v 0.19194074 -0.3293657 -0.2928926
v 0.18861042 -0.32191133 -0.2875126
v 0.28791025 -0.35255796 -0.14195326
v 0.26057157 -0.3385109 -0.13098146
v 0.22426395 -0.3351808 -0.24105428
v 0.20467895 -0.32231894 -0.22363216
v 0.19983105 -0.3263209 -0.27166998
v 0.18148638 -0.3139073 -0.25298917
v 0.1744994 -0.31610262 -0.30047274
v 0.1584446 -0.3048527 -0.27869466
v 0.14107284 -0.29760933 -0.2863284
v 0.10364077 -0.27969474 -0.23569827
v 0.17483234 -0.31159368 -0.27107656
v 0.15233393 -0.30007496 -0.24596345
v 0.1293364 -0.29009923 -0.23802443
v 0.086057894 -0.27185732 -0.17399873
v 0.101180375 -0.27895337 -0.26420027
v 0.051607057 -0.25850362 -0.20550732
v 0.04228038 -0.25475863 -0.1548848
v 0.08282488 -0.27160218 -0.27836323
v 0.14507984 -0.29613006 -0.22073743
v 0.1427768 -0.2946354 -0.19290057
v 0.18817814 -0.31606022 -0.23398897
v 0.06819503 -0.26449457 -0.12687346
v 0.11533369 -0.28237882 -0.13690443
v 0.04228038 -0.25475863 -0.1548848
v 0.1690244 -0.30479503 -0.19030511
v 0.19378926 -0.31499577 -0.19362561
v 0.2206846 -0.32808185 -0.21350373
v 0.22589122 -0.32874745 -0.19518867
v 0.18279275 -0.30922487 -0.17078006
v 0.17664091 -0.30563736 -0.14445634
v 0.08981496 -0.27180472 -0.09477384
v 0.13867642 -0.28980714 -0.09525697
v 0.2490485 -0.34229106 -0.21008888
v 0.26004648 -0.34470558 -0.19304115
v 0.104361966 -0.2768162 -0.05889046
v 0.23111027 -0.32918918 -0.17595704
v 0.24715304 -0.33428043 -0.16307895
v 0.27027312 -0.35443208 -0.19947378
v 0.27278644 -0.34802854 -0.17716512
v 0.2032289 -0.31516597 -0.13699992
v 0.26123503 -0.3390461 -0.15020391
v 0.22890654 -0.325196 -0.13553672
v 0.21217601 -0.31812838 -0.1150831
v 0.25854817 -0.33791235 -0.11052007
v 0.023338022 0.0641207 -0.48068792
v -0.057576444 0.07285879 -0.3972772
v 0.01668118 0.045831215 -0.40506032
v -0.06478403 0.09619453 -0.47145164
v 0.02522772 0.0693126 -0.48958734
v -0.12898041 0.09884773 -0.37422696
v -0.06452582 0.10198025 -0.48018008
v -0.1495196 0.12703577 -0.44409776
v -0.1947867 0.12279926 -0.33679536
v -0.15083018 0.13339248 -0.45231974
v -0.22761239 0.15545924 -0.39967743
v -0.25246638 0.14379296 -0.2864209
v -0.23036876 0.16234218 -0.407077
v -0.29606128 0.18037261 -0.3398977
v -0.29980287 0.16102205 -0.2250395
v -0.30008492 0.1877168 -0.3461905
v -0.35223585 0.20081851 -0.26705593
v -0.33497706 0.17382444 -0.15500987
v -0.35729948 0.20854121 -0.27200016
v -0.39397734 0.21601118 -0.18395126
v -0.35663718 0.1817081 -0.079023294
v -0.3998138 0.22401518 -0.18735692
v -0.41968158 0.22536677 -0.09377746
v -0.36395088 0.18437009 8.152595E-08
v -0.4259939 0.23354398 -0.09551365
v -0.4283608 0.22852579 1.3508058E-07
v -0.35663712 0.1817081 0.07902345
v -0.43483382 0.23676145 1.410859E-07
v -0.41968152 0.22536677 0.09377774
v -0.33497694 0.17382444 0.15500998
v -0.42599383 0.23354398 0.09551393
v -0.3939772 0.21601118 0.1839515
v -0.29980272 0.16102207 0.22503957
v -0.39981365 0.22401516 0.18735717
v -0.3522357 0.20081852 0.26705614
v -0.25246617 0.14379299 0.28642103
v -0.3572993 0.20854124 0.27200034
v -0.29606107 0.18037264 0.3398979
v -0.19478643 0.12279926 0.33679545
v -0.30008468 0.18771681 0.34619075
v -0.22761211 0.15545925 0.3996776
v -0.1289801 0.09884772 0.37422702
v -0.23036848 0.16234219 0.4070772
v -0.14951926 0.12703578 0.44409788
v -0.05757609 0.07285878 0.3972772
v -0.15082982 0.13339248 0.4523199
v -0.06478362 0.09619451 0.4714517
v 0.016681591 0.04583118 0.40506026
v -0.06452539 0.101980224 0.48018014
v 0.02333851 0.06412067 0.48068792
v 0.09093926 0.018803585 0.39727706
v 0.025228217 0.06931257 0.48958734
v 0.11146062 0.032046832 0.47145152
v 0.1623432 -0.0071853395 0.3742267
v 0.11498181 0.036644917 0.48017997
v 0.19619623 0.0012055769 0.44409752
v 0.22814949 -0.031136878 0.33679503
v 0.2012862 0.0052326736 0.4523195
v 0.27428895 -0.027217884 0.39967707
v 0.28582913 -0.05213057 0.2864205
v 0.28082472 -0.023717012 0.40707666
v 0.34273782 -0.052131236 0.33989727
v 0.33316562 -0.06935966 0.22503892
v 0.35054085 -0.04909161 0.34619007
v 0.3989123 -0.072577104 0.26705533
v 0.36833966 -0.08216198 0.15500927
v 0.40775535 -0.06991601 0.2719996
v 0.44065368 -0.08776973 0.18395066
v 0.38999975 -0.09004562 0.07902269
v 0.45026952 -0.08538991 0.18735631
v 0.46635777 -0.097125284 0.09377684
v 0.3973134 -0.092707574 -6.886541E-07
v 0.47644952 -0.09491868 0.095513016
v 0.47503692 -0.10028425 -7.788976E-07
v 0.3899995 -0.09004555 -0.07902405
v 0.48528934 -0.09813612 -7.8981356E-07
v 0.4663575 -0.0971252 -0.093778364
v 0.36833918 -0.08216184 -0.15501057
v 0.47644925 -0.0949186 -0.09551456
v 0.4406531 -0.087769575 -0.1839521
v 0.3331649 -0.06935945 -0.22504012
v 0.45026892 -0.08538975 -0.18735777
v 0.39891145 -0.07257688 -0.26705667
v 0.2858283 -0.052130323 -0.28642145
v 0.40775448 -0.06991577 -0.27200094
v 0.34273675 -0.05213095 -0.33989832
v 0.22814848 -0.031136619 -0.3367958
v 0.35053977 -0.049091317 -0.34619117
v 0.27428776 -0.027217561 -0.39967793
v 0.16234209 -0.0071850386 -0.37422726
v 0.28082353 -0.02371669 -0.40707752
v 0.19619484 0.0012059447 -0.44409814
v 0.090938024 0.018803924 -0.39727736
v 0.2012848 0.0052330494 -0.45232013
v 0.111459166 0.032047227 -0.47145185
v 0.01668118 0.045831215 -0.40506032
v 0.11498033 0.036645323 -0.48018026
v 0.023338022 0.0641207 -0.48068792
v 0.02522772 0.0693126 -0.48958734
v 0.090938024 0.018803924 -0.39727736
v 0.01668118 0.045831215 -0.40506032
v 0.0099752145 0.02740671 -0.48510832
v 0.09890671 -0.0049617137 -0.4757873
v 0.008122364 0.022316046 -0.49465623
v 0.16234209 -0.0071850386 -0.37422726
v 0.09880422 -0.010689453 -0.48515177
v 0.18442163 -0.036086608 -0.44818202
v 0.22814848 -0.031136619 -0.3367958
v 0.18600225 -0.042426955 -0.45700318
v 0.2632327 -0.0647715 -0.4033534
v 0.2858283 -0.052130323 -0.28642145
v 0.26636449 -0.07167642 -0.4112922
v 0.33231115 -0.089913994 -0.34302408
v 0.3331649 -0.06935945 -0.22504012
v 0.3368025 -0.09731376 -0.34977546
v 0.38900247 -0.11054794 -0.26951253
v 0.36833918 -0.08216184 -0.15501057
v 0.3946096 -0.118353836 -0.27481705
v 0.4311279 -0.12588035 -0.18564372
v 0.3899995 -0.09004555 -0.07902405
v 0.4375642 -0.13398801 -0.18929756
v 0.4570687 -0.13532203 -0.094640754
v 0.3973134 -0.092707574 -6.886541E-07
v 0.46401554 -0.14361551 -0.09650346
v 0.46582794 -0.13851011 -7.804847E-07
v 0.38999975 -0.09004562 0.07902269
v 0.4729472 -0.14686635 -7.911556E-07
v 0.45706898 -0.13532211 0.094639204
v 0.36833966 -0.08216198 0.15500927
v 0.46401587 -0.14361559 0.0965019
v 0.4311285 -0.12588051 0.18564227
v 0.33316562 -0.06935966 0.22503892
v 0.4375648 -0.13398817 0.1892961
v 0.38900328 -0.110548176 0.2695112
v 0.28582913 -0.05213057 0.2864205
v 0.3946105 -0.11835407 0.2748157
v 0.3323122 -0.08991428 0.34302297
v 0.22814949 -0.031136878 0.33679503
v 0.33680362 -0.09731406 0.34977433
v 0.2632339 -0.06477182 0.40335253
v 0.1623432 -0.0071853395 0.3742267
v 0.2663657 -0.071676746 0.4112913
v 0.18442301 -0.036086984 0.44818145
v 0.09093926 0.018803585 0.39727706
v 0.18600366 -0.04242733 0.45700255
v 0.098908186 -0.0049621155 0.475787
v 0.016681591 0.04583118 0.40506026
v 0.09880572 -0.010689862 0.48515144
v 0.009975706 0.027406674 0.48510832
v -0.05757609 0.07285878 0.3972772
v 0.008122867 0.02231601 0.49465623
v -0.07895679 0.059775468 0.4757872
v -0.1289801 0.09884772 0.37422702
v -0.08256 0.055321887 0.48515165
v -0.16447167 0.09090035 0.4481818
v -0.19478643 0.12279926 0.33679545
v -0.16975798 0.08705936 0.4570029
v -0.24328265 0.1195852 0.40335304
v -0.25246617 0.14379299 0.28642103
v -0.25012013 0.11630881 0.41129187
v -0.31236106 0.14472769 0.3430236
v -0.29980272 0.16102207 0.22503957
v -0.32055816 0.14194614 0.34977502
v -0.3690523 0.16536161 0.26951197
v -0.33497694 0.17382444 0.15500998
v -0.37836516 0.16298617 0.27481654
v -0.41117764 0.18069398 0.18564312
v -0.35663712 0.1817081 0.07902345
v -0.4213196 0.17862031 0.18929695
v -0.43711832 0.1901356 0.09464012
v -0.36395088 0.18437009 8.152595E-08
v -0.44777086 0.18824777 0.09650283
v -0.44587743 0.19332364 1.4189841E-07
v -0.35663718 0.1817081 -0.079023294
v -0.45670238 0.19149858 1.4938183E-07
v -0.4371184 0.1901356 -0.09463984
v -0.33497706 0.17382444 -0.15500987
v -0.44777092 0.18824777 -0.09650253
v -0.41117778 0.18069398 -0.18564288
v -0.29980287 0.16102205 -0.2250395
v -0.42131978 0.17862031 -0.1892967
v -0.36905244 0.16536158 -0.26951176
v -0.25246638 0.14379296 -0.2864209
v -0.37836534 0.16298616 -0.2748163
v -0.31236127 0.14472768 -0.3430234
v -0.1947867 0.12279926 -0.33679536
v -0.32055837 0.14194612 -0.34977478
v -0.24328296 0.1195852 -0.40335286
v -0.12898041 0.09884773 -0.37422696
v -0.25012043 0.116308786 -0.4112917
v -0.16447203 0.09090035 -0.4481817
v -0.057576444 0.07285879 -0.3972772
v -0.16975833 0.08705937 -0.4570028
v -0.07895721 0.05977549 -0.47578713
v 0.01668118 0.045831215 -0.40506032
v -0.08256043 0.055321906 -0.48515156
v 0.0099752145 0.02740671 -0.48510832
v 0.008122364 0.022316046 -0.49465623
v 0.09880422 -0.010689453 -0.48515177
v 0.008122364 0.022316046 -0.49465623
v 0.0046273833 0.012713669 -0.49866748
v 0.09604459 -0.020559477 -0.48908594
v 0.18600225 -0.042426955 -0.45700318
v 0.09166147 -0.03336209 -0.49039286
v -2.3396849E-08 -2.2164567E-08 -0.5
v -0.03336244 -0.091662474 -0.49039268
v 0.18394971 -0.05255434 -0.46070907
v 0.26636449 -0.07167642 -0.4112922
v 0.056537807 -0.124383494 -0.48097014
v -0.06544276 -0.17980237 -0.46193978
v 0.1798015 -0.06544245 -0.46194017
v 0.26496357 -0.08204099 -0.4146274
v 0.3368025 -0.09731376 -0.34977546
v 0.26103187 -0.09500789 -0.41573536
v 0.14298426 -0.15584745 -0.45306414
v 0.019241419 -0.21062492 -0.45306396
v 0.33597285 -0.10788623 -0.35261184
v 0.3946096 -0.118353836 -0.27481705
v 0.3322309 -0.12092221 -0.3535541
v 0.22265378 -0.18484478 -0.40774715
v 0.3942487 -0.12909691 -0.27704558
v 0.4375642 -0.13398801 -0.18929756
v 0.39066243 -0.14218955 -0.2777859
v 0.43755162 -0.14485788 -0.19083259
v 0.46401554 -0.14361551 -0.09650346
v 0.009137899 -0.23138328 -0.4410263
v -0.073296264 -0.20137969 -0.4496663
v -0.07640908 -0.20993207 -0.44209456
v 0.10067219 -0.2402633 -0.4267771
v 0.29248476 -0.21026118 -0.34676063
v 0.43408108 -0.15799263 -0.19134253
v 0.46421748 -0.15456346 -0.097286016
v 0.4729472 -0.14686635 -7.911556E-07
v 0.08840511 -0.2602342 -0.41543785
v 0.0046370174 -0.23943046 -0.43360007
v -0.07809785 -0.21457195 -0.4313343
v 0.34979358 -0.23111989 -0.2724483
v 0.4608182 -0.16772416 -0.09754599
v 0.47322154 -0.15784064 -7.9491025E-07
v 0.46401587 -0.14361559 0.0965019
v 0.39237794 -0.24661931 -0.18766595
v 0.46984634 -0.1710101 -7.95228E-07
v 0.46421775 -0.15456353 0.09728446
v 0.4375648 -0.13398817 0.1892961
v 0.41860133 -0.25616384 -0.09567166
v 0.46081847 -0.16772422 0.097544424
v 0.4375522 -0.14485803 0.19083111
v 0.3946105 -0.11835407 0.2748157
v 0.42745596 -0.25938666 -7.669591E-07
v 0.43408167 -0.15799281 0.19134106
v 0.3942496 -0.12909716 0.27704424
v 0.33680362 -0.09731406 0.34977433
v 0.41860157 -0.25616392 0.095670156
v 0.39066333 -0.1421898 0.27778456
v 0.33597392 -0.10788653 0.3526107
v 0.2663657 -0.071676746 0.4112913
v 0.39237854 -0.24661948 0.18766451
v 0.33223194 -0.1209225 0.35355297
v 0.26496485 -0.08204132 0.4146265
v 0.18600366 -0.04242733 0.45700255
v 0.34979442 -0.23112011 0.27244708
v 0.26103312 -0.095008224 0.4157345
v 0.18395114 -0.05255472 0.46070847
v 0.09880572 -0.010689862 0.48515144
v 0.2924858 -0.21026146 0.3467596
v 0.17980291 -0.06544283 0.46193957
v 0.096046105 -0.020559886 0.4890856
v 0.008122867 0.02231601 0.49465623
v 0.22265504 -0.18484513 0.40774632
v 0.09166298 -0.0333625 0.49039257
v 0.004627891 0.012713634 0.49866748
v -0.08256 0.055321887 0.48515165
v 0.14298564 -0.15584782 0.45306358
v 4.823642E-07 -6.454277E-08 0.5
v -0.08679034 0.045987163 0.48908576
v -0.16975798 0.08705936 0.4570029
v 0.056539293 -0.124383904 0.48096985
v -0.091662034 0.033362374 0.4903927
v -0.17469542 0.077982 0.46070883
v -0.25012013 0.11630881 0.41129187
v -0.033361945 -0.09166251 0.49039268
v -0.17980202 0.06544271 0.46193996
v -0.25570923 0.10746863 0.41462708
v -0.32055816 0.14194614 0.34977502
v -0.123263195 -0.058941122 0.48097
v -0.26103234 0.09500813 0.41573504
v -0.32671842 0.13331386 0.35261136
v -0.37836516 0.16298617 0.27481654
v -0.2097096 -0.027477195 0.45306394
v -0.33223128 0.12092244 0.35355362
v -0.38499418 0.1545245 0.27704507
v -0.4213196 0.17862031 0.18929695
v -0.2893791 0.0015201396 0.40774682
v -0.39066276 0.14218976 0.2777854
v -0.428297 0.17028542 0.19083197
v -0.44777086 0.18824777 0.09650283
v -0.35920998 0.026936503 0.34676024
v -0.4340813 0.1579928 0.19134194
v -0.45496276 0.17999096 0.09728539
v -0.45670238 0.19149858 1.4938183E-07
v -0.41651872 0.04779518 0.27244782
v -0.4608183 0.16772427 0.09754536
v -0.4639667 0.18326811 1.5325419E-07
v -0.44777092 0.18824777 -0.09650253
v -0.459103 0.06329457 0.18766537
v -0.4698463 0.17101017 1.554701E-07
v -0.45496282 0.17999096 -0.097285084
v -0.42131978 0.17862031 -0.1892967
v -0.48532626 0.07283905 0.09567107
v -0.46081835 0.16772427 -0.09754506
v -0.42829716 0.17028542 -0.19083172
v -0.37836534 0.16298616 -0.2748163
v -0.49418077 0.07606182 1.6547172E-07
v -0.43408144 0.15799281 -0.19134165
v -0.38499442 0.15452448 -0.27704477
v -0.32055837 0.14194612 -0.34977478
v -0.48532632 0.072839044 -0.095670745
v -0.39066294 0.14218976 -0.27778512
v -0.32671866 0.13331383 -0.35261112
v -0.25012043 0.116308786 -0.4112917
v -0.4591031 0.06329456 -0.18766508
v -0.3322315 0.12092242 -0.35355338
v -0.25570953 0.107468605 -0.41462687
v -0.16975833 0.08705937 -0.4570028
v -0.4165189 0.04779516 -0.27244756
v -0.2610326 0.09500812 -0.41573486
v -0.17469577 0.07798201 -0.4607087
v -0.08256043 0.055321906 -0.48515156
v -0.35921022 0.026936486 -0.34676
v -0.17980239 0.06544272 -0.4619398
v -0.08679078 0.04598718 -0.4890857
v 0.008122364 0.022316046 -0.49465623
v 0.0046273833 0.012713669 -0.49866748
v -2.3396849E-08 -2.2164567E-08 -0.5
v -0.09166247 0.033362392 -0.49039266
v -0.28937936 0.001520117 -0.40774664
v -0.123263635 -0.0589411 -0.48096994
v -0.03336244 -0.091662474 -0.49039268
v -0.20970996 -0.027477194 -0.4530638
v -0.15012781 -0.14897953 -0.45306373
v -0.06544276 -0.17980237 -0.46193978
v -0.073296264 -0.20137969 -0.4496663
v -0.23155849 -0.11934118 -0.42677674
v -0.30660543 -0.0920263 -0.3840889
v -0.37238464 -0.06808461 -0.32664073
v -0.15573129 -0.1713758 -0.44102606
v -0.23499838 -0.14252493 -0.4154375
v -0.15745601 -0.18043339 -0.4335998
v -0.07640908 -0.20993207 -0.44209456
v -0.42636827 -0.04843616 -0.25663996
v -0.30805138 -0.11593577 -0.37388387
v -0.23538835 -0.15206832 -0.40844214
v -0.15717216 -0.18579125 -0.4230463
v -0.07809785 -0.21457195 -0.4313343
v -0.0860646 -0.23646046 -0.33056673
v -0.14666569 -0.21440344 -0.3242149
v -0.23320769 -0.15811656 -0.3985009
v -0.20493792 -0.19319409 -0.30540383
v -0.30328244 -0.13261141 -0.3586414
v -0.25864193 -0.17364742 -0.27485618
v -0.30721125 -0.12592691 -0.36758822
v -0.3647035 -0.110255964 -0.30499938
v -0.3057139 -0.15651461 -0.23374592
v -0.37016454 -0.10301377 -0.31260803
v -0.4151105 -0.091909304 -0.23963645
v -0.34434488 -0.14245407 -0.18365298
v -0.37208286 -0.0926302 -0.31796208
v -0.4525662 -0.078276515 -0.1650644
v -0.37305024 -0.13200614 -0.12650234
v -0.421829 -0.08420943 -0.24561454
v -0.42463216 -0.0735038 -0.24982119
v -0.47563133 -0.06988149 -0.084149025
v -0.39072695 -0.12557235 -0.06449029
v -0.46021914 -0.07023655 -0.16918217
v -0.46648172 -0.03383604 -0.17677662
v -0.48341945 -0.06704682 1.6027134E-07
v -0.39669564 -0.12339992 9.734739E-08
v -0.46367982 -0.059291616 -0.17207977
v -0.4911834 -0.024845349 -0.09011986
v -0.4838596 -0.061632093 -0.08624825
v -0.47563127 -0.069881506 0.08414934
v -0.39072692 -0.12557234 0.06449048
v -0.49952415 -0.021809552 1.6911433E-07
v -0.48772517 -0.050539784 -0.08772542
v -0.49184206 -0.058726717 1.6614977E-07
v -0.45256606 -0.07827653 0.1650647
v -0.37305018 -0.13200615 0.12650253
v -0.4911833 -0.024845347 0.09012019
v -0.49584433 -0.04758465 1.683556E-07
v -0.48385957 -0.061632104 0.08624858
v -0.41511032 -0.091909304 0.23963675
v -0.34434474 -0.14245407 0.18365316
v -0.46648157 -0.033836048 0.17677693
v -0.48772514 -0.050539814 0.08772575
v -0.460219 -0.070236556 0.1691825
v -0.36470336 -0.11025594 0.30499965
v -0.30571377 -0.15651459 0.2337461
v -0.42636806 -0.048436157 0.2566403
v -0.46367967 -0.059291624 0.17208005
v -0.4218288 -0.08420943 0.24561486
v -0.3032822 -0.1326114 0.3586416
v -0.25864175 -0.17364739 0.27485624
v -0.37238446 -0.06808459 0.326641
v -0.42463198 -0.0735038 0.24982148
v -0.37016436 -0.103013754 0.31260833
v -0.23320737 -0.15811658 0.3985011
v -0.20493768 -0.19319409 0.30540386
v -0.3066052 -0.092026286 0.38408914
v -0.37208268 -0.09263018 0.31796235
v -0.307211 -0.1259269 0.36758843
v -0.15717179 -0.18579127 0.42304644
v -0.14666541 -0.21440347 0.32421497
v -0.23155814 -0.11934118 0.42677692
v -0.30805114 -0.11593576 0.37388408
v -0.23538804 -0.15206833 0.40844232
v -0.07809742 -0.21457198 0.43133435
v -0.08606427 -0.23646049 0.33056667
v -0.15012741 -0.14897954 0.45306388
v -0.23499806 -0.14252494 0.41543767
v -0.15745562 -0.1804334 0.43359998
v 0.000976943 -0.24335271 0.4230463
v -0.025463134 -0.2585175 0.32421482
v -0.06544229 -0.17980242 0.46193984
v -0.15573089 -0.1713758 0.4410262
v -0.076408625 -0.20993212 0.44209462
v 0.07701249 -0.27102742 0.39850077
v 0.032809094 -0.2797269 0.30540362
v 0.019242821 -0.2106253 0.45306373
v -0.0732958 -0.20137975 0.44966635
v 0.004638357 -0.23943081 0.4335998
v 0.14708726 -0.29653254 0.3586411
v 0.0865131 -0.29927355 0.2748559
v 0.1006735 -0.24026366 0.42677656
v 0.009139262 -0.23138368 0.44102606
v 0.08257072 -0.2677959 0.40844196
v 0.20850824 -0.31888798 0.30499908
v 0.133585 -0.31640634 0.23374565
v 0.17572045 -0.26757854 0.38408864
v 0.08840636 -0.26023453 0.41543734
v 0.15439361 -0.2939373 0.36758792
v 0.25891516 -0.33723465 0.23963605
v 0.17221594 -0.33046684 0.18365262
v 0.24149959 -0.29152018 0.3266404
v 0.16145936 -0.2868237 0.3738836
v 0.21734683 -0.31685042 0.3126077
v 0.29637077 -0.35086736 0.16506395
v 0.20092125 -0.34091476 0.12650195
v 0.2954831 -0.31116858 0.2566395
v 0.2254908 -0.31012923 0.31796175
v 0.26901117 -0.33565474 0.24561411
v 0.3194358 -0.35926235 0.08414853
v 0.21859784 -0.3473485 0.06448986
v 0.33559644 -0.32576868 0.17677611
v 0.27804 -0.3292556 0.24982074
v 0.30740127 -0.34962758 0.1691817
v 0.32722384 -0.36209697 -6.59866E-07
v 0.22456647 -0.34952092 -5.311907E-07
v 0.36029804 -0.33475935 0.09011932
v 0.31708756 -0.34346777 0.17207927
v 0.33104166 -0.35823202 0.08624774
v 0.31943554 -0.3592623 -0.08414983
v 0.21859765 -0.34734845 -0.0644909
v 0.3686387 -0.3377951 -7.092162E-07
v 0.34113285 -0.35221952 0.08772491
v 0.33902398 -0.36113736 -6.744471E-07
v 0.2963703 -0.35086724 -0.16506518
v 0.20092085 -0.34091464 -0.12650293
v 0.3602978 -0.3347593 -0.090120725
v 0.34925187 -0.35517463 -6.8663815E-07
v 0.3310414 -0.35823193 -0.086249076
v 0.25891435 -0.33723438 -0.23963715
v 0.17221534 -0.3304667 -0.18365353
v 0.3355959 -0.32576853 -0.17677744
v 0.34113258 -0.3522195 -0.08772625
v 0.30740073 -0.34962747 -0.16918296
v 0.2085073 -0.3188877 -0.30499998
v 0.1335843 -0.31640613 -0.23374636
v 0.2954823 -0.31116837 -0.2566407
v 0.31708702 -0.3434676 -0.17208056
v 0.26901042 -0.33565453 -0.24561526
v 0.14708614 -0.29653224 -0.35864183
v 0.08651225 -0.29927334 -0.27485654
v 0.24149856 -0.2915199 -0.32664138
v 0.2780392 -0.32925537 -0.2498219
v 0.21734586 -0.3168502 -0.31260866
v 0.07701127 -0.2710271 -0.39850128
v 0.032808173 -0.27972662 -0.30540407
v 0.17571925 -0.26757818 -0.3840894
v 0.2254898 -0.31012896 -0.3179627
v 0.15439247 -0.293937 -0.36758867
v 0.16145821 -0.28682336 -0.37388435
v 0.08256949 -0.26779556 -0.40844247
v 0.0009756329 -0.24335235 -0.42304653
v -0.025464142 -0.25851724 -0.32421514
v -0.0860646 -0.23646046 -0.33056673
v -0.09373524 -0.2575353 -0.40361297
v -0.0860646 -0.23646046 -0.33056673
v -0.14666569 -0.21440344 -0.3242149
v -0.16772754 -0.23060432 -0.39585766
v -0.20493792 -0.19319409 -0.30540383
v -0.17081836 -0.23505758 -0.4028019
v -0.09552806 -0.26246104 -0.4106933
v -0.2432153 -0.20870724 -0.37943113
v -0.23887637 -0.20470825 -0.3728898
v -0.25864193 -0.17364742 -0.27485618
v -0.30993673 -0.18442261 -0.341479
v -0.30444753 -0.1808423 -0.33559194
v -0.3057139 -0.15651461 -0.23374592
v -0.36841854 -0.16313697 -0.29040396
v -0.3619211 -0.15992361 -0.28539744
v -0.34434488 -0.14245407 -0.18365298
v -0.4164133 -0.14566827 -0.22816892
v -0.4090885 -0.14275606 -0.22423533
v -0.37305024 -0.13200614 -0.12650234
v -0.45207667 -0.13268785 -0.15716544
v -0.444137 -0.12999943 -0.15445593
v -0.39072695 -0.12557235 -0.06449029
v -0.47403803 -0.12469456 -0.080122165
v -0.4657198 -0.12214393 -0.07874087
v -0.39669564 -0.12339992 9.734739E-08
v -0.48145348 -0.121995546 1.6350698E-07
v -0.47300735 -0.11949146 1.5645008E-07
v -0.39072692 -0.12557234 0.06449048
v -0.474038 -0.12469455 0.080122486
v -0.46571976 -0.12214392 0.07874118
v -0.37305018 -0.13200615 0.12650253
v -0.45207655 -0.13268785 0.15716574
v -0.4441369 -0.12999943 0.15445621
v -0.34434474 -0.14245407 0.18365316
v -0.41641316 -0.14566827 0.22816922
v -0.40908834 -0.14275604 0.22423561
v -0.30571377 -0.15651459 0.2337461
v -0.36841837 -0.16313694 0.29040426
v -0.36192095 -0.15992358 0.2853977
v -0.25864175 -0.17364739 0.27485624
v -0.30993646 -0.1844226 0.3414792
v -0.30444732 -0.18084228 0.33559215
v -0.20493768 -0.19319409 0.30540386
v -0.243215 -0.20870724 0.37943134
v -0.23887607 -0.20470826 0.37288997
v -0.14666541 -0.21440347 0.32421497
v -0.170818 -0.23505759 0.40280205
v -0.1677272 -0.23060434 0.39585778
v -0.08606427 -0.23646049 0.33056667
v -0.09552764 -0.26246107 0.41069335
v -0.09373484 -0.25753534 0.40361303
v -0.025463134 -0.2585175 0.32421482
v -0.020237293 -0.2898645 0.4028019
v -0.019742481 -0.2844664 0.39585766
v 0.032809094 -0.2797269 0.30540362
v 0.05215966 -0.31621486 0.37943098
v 0.051406354 -0.31036246 0.37288964
v 0.0865131 -0.29927355 0.2748559
v 0.11888108 -0.3404995 0.34147874
v 0.1169775 -0.3342284 0.3355917
v 0.133585 -0.31640634 0.23374565
v 0.17736284 -0.36178514 0.29040366
v 0.17445105 -0.35514712 0.28539714
v 0.17221594 -0.33046684 0.18365262
v 0.22535758 -0.3792538 0.22816858
v 0.22161835 -0.37231463 0.22423497
v 0.20092125 -0.34091476 0.12650195
v 0.26102084 -0.39223418 0.15716502
v 0.25666678 -0.38507122 0.1544555
v 0.21859784 -0.3473485 0.06448986
v 0.28298208 -0.40022743 0.08012172
v 0.27824944 -0.39292666 0.07874042
v 0.22456647 -0.34952092 -5.311907E-07
v 0.29039744 -0.40292642 -6.1738365E-07
v 0.28553692 -0.39557913 -6.109781E-07
v 0.21859765 -0.34734845 -0.0644909
v 0.2829818 -0.40022737 -0.08012292
v 0.27824917 -0.3929266 -0.07874162
v 0.20092085 -0.34091464 -0.12650293
v 0.26102033 -0.39223406 -0.15716614
v 0.25666627 -0.38507107 -0.15445663
v 0.17221534 -0.3304667 -0.18365353
v 0.22535683 -0.3792536 -0.22816958
v 0.22161762 -0.37231442 -0.22423595
v 0.1335843 -0.31640613 -0.23374636
v 0.17736194 -0.3617849 -0.29040456
v 0.17445017 -0.35514686 -0.28539804
v 0.08651225 -0.29927334 -0.27485654
v 0.11888002 -0.34049922 -0.34147945
v 0.11697646 -0.33422813 -0.3355924
v 0.032808173 -0.27972662 -0.30540407
v 0.052158505 -0.31621456 -0.37943146
v 0.05140521 -0.31036216 -0.37289008
v -0.025464142 -0.25851724 -0.32421514
v -0.020238535 -0.28986418 -0.4028021
v -0.019743713 -0.28446606 -0.39585784
v -0.0860646 -0.23646046 -0.33056673
v -0.09552806 -0.26246104 -0.4106933
v -0.09373524 -0.2575353 -0.40361297
vt 0.33691406 0.65625
vt 0.3569336 0.61621094
vt 0.33691406 0.61621094
vt 0.3569336 0.5756836
vt 0.33691406 0.5756836
vt 0.3569336 0.53564453
vt 0.33691406 0.53564453
vt 0.3569336 0.4951172
vt 0.33691406 0.4951172
vt 0.3569336 0.45483398
vt 0.33691406 0.45483398
vt 0.3569336 0.41455078
vt 0.33691406 0.41455078
vt 0.3569336 0.37426758
vt 0.33691406 0.37426758
vt 0.33691406 0.36865234
vt 0.37719727 0.5756836
vt 0.37719727 0.53564453
vt 0.37719727 0.4951172
vt 0.37719727 0.45483398
vt 0.37719727 0.41455078
vt 0.37719727 0.37426758
vt 0.3569336 0.36865234
vt 0.3569336 0.36547852
vt 0.33691406 0.36547852
vt 0.37719727 0.36547852
vt 0.37719727 0.36865234
vt 0.3972168 0.36547852
vt 0.3972168 0.37426758
vt 0.3972168 0.36865234
vt 0.41748047 0.36547852
vt 0.3972168 0.41455078
vt 0.41748047 0.37426758
vt 0.41748047 0.36865234
vt 0.4375 0.36547852
vt 0.3972168 0.45483398
vt 0.41748047 0.41455078
vt 0.4375 0.37426758
vt 0.4375 0.36865234
vt 0.45776367 0.36547852
vt 0.3972168 0.4951172
vt 0.41748047 0.45483398
vt 0.4375 0.41455078
vt 0.45776367 0.37426758
vt 0.45776367 0.36865234
vt 0.4777832 0.36547852
vt 0.3972168 0.53564453
vt 0.41748047 0.4951172
vt 0.4375 0.45483398
vt 0.45776367 0.41455078
vt 0.4777832 0.37426758
vt 0.4777832 0.36865234
vt 0.49804688 0.36547852
vt 0.49804688 0.36865234
vt 0.5180664 0.36547852
vt 0.49804688 0.37426758
vt 0.4777832 0.41455078
vt 0.45776367 0.45483398
vt 0.4375 0.4951172
vt 0.5180664 0.36865234
vt 0.53808594 0.36547852
vt 0.5180664 0.37426758
vt 0.49804688 0.41455078
vt 0.4777832 0.45483398
vt 0.53808594 0.36865234
vt 0.55859375 0.36547852
vt 0.53808594 0.37426758
vt 0.5180664 0.41455078
vt 0.55859375 0.36865234
vt 0.5786133 0.36547852
vt 0.55859375 0.37426758
vt 0.5786133 0.36865234
vt 0.5986328 0.36547852
vt 0.45776367 0.4951172
vt 0.49804688 0.45483398
vt 0.53808594 0.41455078
vt 0.5786133 0.37426758
vt 0.5986328 0.36865234
vt 0.61865234 0.36547852
vt 0.4777832 0.4951172
vt 0.5180664 0.45483398
vt 0.55859375 0.41455078
vt 0.5986328 0.37426758
vt 0.61865234 0.36865234
vt 0.63916016 0.36547852
vt 0.49804688 0.4951172
vt 0.53808594 0.45483398
vt 0.5786133 0.41455078
vt 0.61865234 0.37426758
vt 0.63916016 0.36865234
vt 0.6591797 0.36547852
vt 0.5180664 0.4951172
vt 0.55859375 0.45483398
vt 0.5986328 0.41455078
vt 0.63916016 0.37426758
vt 0.6591797 0.36865234
vt 0.6791992 0.36547852
vt 0.53808594 0.4951172
vt 0.5786133 0.45483398
vt 0.61865234 0.41455078
vt 0.6591797 0.37426758
vt 0.6791992 0.36865234
vt 0.69921875 0.36547852
vt 0.55859375 0.4951172
vt 0.5986328 0.45483398
vt 0.63916016 0.41455078
vt 0.6791992 0.37426758
vt 0.69921875 0.36865234
vt 0.71972656 0.36547852
vt 0.5786133 0.4951172
vt 0.61865234 0.45483398
vt 0.6591797 0.41455078
vt 0.69921875 0.37426758
vt 0.71972656 0.36865234
vt 0.7397461 0.36547852
vt 0.5986328 0.4951172
vt 0.63916016 0.45483398
vt 0.6791992 0.41455078
vt 0.71972656 0.37426758
vt 0.7397461 0.36865234
vt 0.7597656 0.36547852
vt 0.61865234 0.4951172
vt 0.6591797 0.45483398
vt 0.69921875 0.41455078
vt 0.7397461 0.37426758
vt 0.7597656 0.36865234
vt 0.78027344 0.36547852
vt 0.63916016 0.4951172
vt 0.6791992 0.45483398
vt 0.71972656 0.41455078
vt 0.7597656 0.37426758
vt 0.78027344 0.36865234
vt 0.80029297 0.36547852
vt 0.6591797 0.4951172
vt 0.69921875 0.45483398
vt 0.7397461 0.41455078
vt 0.78027344 0.37426758
vt 0.80029297 0.36865234
vt 0.8203125 0.36547852
vt 0.6791992 0.4951172
vt 0.71972656 0.45483398
vt 0.7597656 0.41455078
vt 0.80029297 0.37426758
vt 0.8203125 0.36865234
vt 0.84033203 0.36547852
vt 0.69921875 0.4951172
vt 0.7397461 0.45483398
vt 0.78027344 0.41455078
vt 0.8203125 0.37426758
vt 0.84033203 0.36865234
vt 0.86083984 0.36547852
vt 0.71972656 0.4951172
vt 0.7597656 0.45483398
vt 0.80029297 0.41455078
vt 0.84033203 0.37426758
vt 0.86083984 0.36865234
vt 0.8808594 0.36547852
vt 0.7397461 0.4951172
vt 0.78027344 0.45483398
vt 0.8203125 0.41455078
vt 0.86083984 0.37426758
vt 0.8808594 0.36865234
vt 0.9008789 0.36547852
vt 0.7597656 0.4951172
vt 0.80029297 0.45483398
vt 0.84033203 0.41455078
vt 0.8808594 0.37426758
vt 0.9008789 0.36865234
vt 0.92089844 0.36547852
vt 0.78027344 0.4951172
vt 0.8203125 0.45483398
vt 0.86083984 0.41455078
vt 0.9008789 0.37426758
vt 0.92089844 0.36865234
vt 0.94140625 0.36547852
vt 0.80029297 0.4951172
vt 0.84033203 0.45483398
vt 0.8808594 0.41455078
vt 0.92089844 0.37426758
vt 0.94140625 0.36865234
vt 0.9614258 0.36547852
vt 0.8203125 0.4951172
vt 0.86083984 0.45483398
vt 0.9008789 0.41455078
vt 0.94140625 0.37426758
vt 0.9614258 0.36865234
vt 0.9814453 0.36547852
vt 0.9814453 0.36865234
vt 0.9814453 0.37426758
vt 0.9614258 0.37426758
vt 0.92089844 0.41455078
vt 0.8808594 0.45483398
vt 0.9614258 0.41455078
vt 0.9814453 0.41455078
vt 0.94140625 0.41455078
vt 0.9008789 0.45483398
vt 0.9614258 0.45483398
vt 0.9814453 0.45483398
vt 0.92089844 0.45483398
vt 0.94140625 0.45483398
vt 0.9614258 0.4951172
vt 0.9814453 0.4951172
vt 0.94140625 0.4951172
vt 0.92089844 0.4951172
vt 0.9008789 0.4951172
vt 0.8808594 0.4951172
vt 0.9614258 0.53564453
vt 0.9814453 0.53564453
vt 0.94140625 0.53564453
vt 0.92089844 0.53564453
vt 0.9008789 0.53564453
vt 0.9614258 0.5756836
vt 0.9814453 0.5756836
vt 0.94140625 0.5756836
vt 0.92089844 0.5756836
vt 0.9614258 0.61621094
vt 0.9814453 0.61621094
vt 0.9614258 0.65625
vt 0.94140625 0.61621094
vt 0.94140625 0.65625
vt 0.92089844 0.61621094
vt 0.92089844 0.65625
vt 0.9008789 0.5756836
vt 0.9008789 0.61621094
vt 0.9008789 0.65625
vt 0.8808594 0.61621094
vt 0.8808594 0.65625
vt 0.8808594 0.5756836
vt 0.8808594 0.53564453
vt 0.86083984 0.61621094
vt 0.86083984 0.65625
vt 0.86083984 0.5756836
vt 0.86083984 0.53564453
vt 0.84033203 0.61621094
vt 0.84033203 0.65625
vt 0.84033203 0.5756836
vt 0.86083984 0.4951172
vt 0.84033203 0.53564453
vt 0.84033203 0.4951172
vt 0.8203125 0.61621094
vt 0.8203125 0.65625
vt 0.8203125 0.5756836
vt 0.8203125 0.53564453
vt 0.80029297 0.61621094
vt 0.80029297 0.65625
vt 0.80029297 0.53564453
vt 0.80029297 0.5756836
vt 0.78027344 0.53564453
vt 0.78027344 0.61621094
vt 0.78027344 0.65625
vt 0.78027344 0.5756836
vt 0.7597656 0.53564453
vt 0.7597656 0.61621094
vt 0.7597656 0.65625
vt 0.7597656 0.5756836
vt 0.7397461 0.53564453
vt 0.7397461 0.61621094
vt 0.7397461 0.65625
vt 0.7397461 0.5756836
vt 0.71972656 0.53564453
vt 0.71972656 0.61621094
vt 0.71972656 0.65625
vt 0.71972656 0.5756836
vt 0.69921875 0.53564453
vt 0.69921875 0.61621094
vt 0.69921875 0.65625
vt 0.69921875 0.5756836
vt 0.6791992 0.53564453
vt 0.6791992 0.61621094
vt 0.6791992 0.65625
vt 0.6791992 0.5756836
vt 0.6591797 0.53564453
vt 0.6591797 0.61621094
vt 0.6591797 0.65625
vt 0.6591797 0.5756836
vt 0.63916016 0.53564453
vt 0.63916016 0.61621094
vt 0.63916016 0.65625
vt 0.63916016 0.5756836
vt 0.61865234 0.53564453
vt 0.61865234 0.61621094
vt 0.61865234 0.65625
vt 0.61865234 0.5756836
vt 0.5986328 0.53564453
vt 0.5986328 0.61621094
vt 0.5986328 0.65625
vt 0.5986328 0.5756836
vt 0.5786133 0.53564453
vt 0.5786133 0.61621094
vt 0.5786133 0.65625
vt 0.5786133 0.5756836
vt 0.55859375 0.53564453
vt 0.55859375 0.61621094
vt 0.55859375 0.65625
vt 0.55859375 0.5756836
vt 0.53808594 0.53564453
vt 0.53808594 0.61621094
vt 0.53808594 0.65625
vt 0.53808594 0.5756836
vt 0.5180664 0.53564453
vt 0.5180664 0.61621094
vt 0.5180664 0.65625
vt 0.5180664 0.5756836
vt 0.49804688 0.53564453
vt 0.49804688 0.61621094
vt 0.49804688 0.65625
vt 0.49804688 0.5756836
vt 0.4777832 0.53564453
vt 0.4777832 0.61621094
vt 0.4777832 0.65625
vt 0.4777832 0.5756836
vt 0.45776367 0.53564453
vt 0.45776367 0.61621094
vt 0.45776367 0.65625
vt 0.45776367 0.5756836
vt 0.4375 0.53564453
vt 0.4375 0.61621094
vt 0.4375 0.65625
vt 0.4375 0.5756836
vt 0.41748047 0.53564453
vt 0.41748047 0.61621094
vt 0.41748047 0.65625
vt 0.41748047 0.5756836
vt 0.3972168 0.5756836
vt 0.3972168 0.61621094
vt 0.3972168 0.65625
vt 0.37719727 0.61621094
vt 0.37719727 0.65625
vt 0.3569336 0.65625
vt 0.33691406 0.011672974
vt 0.33691406 0.051971436
vt 0.3569336 0.051971436
vt 0.33691406 0.09222412
vt 0.3569336 0.09222412
vt 0.33691406 0.13256836
vt 0.37719727 0.051971436
vt 0.3569336 0.011672974
vt 0.3569336 0.13256836
vt 0.33691406 0.17285156
vt 0.37719727 0.09222412
vt 0.3569336 0.17285156
vt 0.33691406 0.20788574
vt 0.3972168 0.051971436
vt 0.37719727 0.011672974
vt 0.37719727 0.13256836
vt 0.3569336 0.20788574
vt 0.33691406 0.21142578
vt 0.3569336 0.21142578
vt 0.3972168 0.09222412
vt 0.37719727 0.17285156
vt 0.37719727 0.20788574
vt 0.37719727 0.21142578
vt 0.3972168 0.13256836
vt 0.41748047 0.051971436
vt 0.3972168 0.011672974
vt 0.3972168 0.20788574
vt 0.3972168 0.21142578
vt 0.3972168 0.17285156
vt 0.41748047 0.09222412
vt 0.41748047 0.20788574
vt 0.41748047 0.21142578
vt 0.41748047 0.17285156
vt 0.41748047 0.13256836
vt 0.4375 0.051971436
vt 0.41748047 0.011672974
vt 0.4375 0.20788574
vt 0.4375 0.21142578
vt 0.4375 0.17285156
vt 0.4375 0.13256836
vt 0.4375 0.09222412
vt 0.45776367 0.20788574
vt 0.45776367 0.21142578
vt 0.45776367 0.17285156
vt 0.45776367 0.051971436
vt 0.4375 0.011672974
vt 0.45776367 0.13256836
vt 0.45776367 0.09222412
vt 0.4777832 0.20788574
vt 0.4777832 0.21142578
vt 0.4777832 0.17285156
vt 0.4777832 0.051971436
vt 0.45776367 0.011672974
vt 0.4777832 0.13256836
vt 0.4777832 0.09222412
vt 0.49804688 0.20788574
vt 0.49804688 0.21142578
vt 0.49804688 0.17285156
vt 0.49804688 0.051971436
vt 0.4777832 0.011672974
vt 0.49804688 0.13256836
vt 0.49804688 0.09222412
vt 0.5180664 0.20788574
vt 0.5180664 0.21142578
vt 0.5180664 0.17285156
vt 0.5180664 0.051971436
vt 0.49804688 0.011672974
vt 0.5180664 0.13256836
vt 0.5180664 0.09222412
vt 0.53808594 0.20788574
vt 0.53808594 0.21142578
vt 0.53808594 0.17285156
vt 0.53808594 0.051971436
vt 0.5180664 0.011672974
vt 0.53808594 0.13256836
vt 0.53808594 0.09222412
vt 0.55859375 0.20788574
vt 0.55859375 0.21142578
vt 0.55859375 0.17285156
vt 0.55859375 0.051971436
vt 0.53808594 0.011672974
vt 0.55859375 0.13256836
vt 0.55859375 0.09222412
vt 0.5786133 0.20788574
vt 0.5786133 0.21142578
vt 0.5786133 0.17285156
vt 0.5786133 0.051971436
vt 0.55859375 0.011672974
vt 0.5786133 0.13256836
vt 0.5786133 0.09222412
vt 0.5986328 0.20788574
vt 0.5986328 0.21142578
vt 0.5986328 0.17285156
vt 0.5986328 0.051971436
vt 0.5786133 0.011672974
vt 0.5986328 0.13256836
vt 0.5986328 0.09222412
vt 0.61865234 0.20788574
vt 0.61865234 0.21142578
vt 0.61865234 0.17285156
vt 0.61865234 0.051971436
vt 0.5986328 0.011672974
vt 0.61865234 0.13256836
vt 0.61865234 0.09222412
vt 0.63916016 0.20788574
vt 0.63916016 0.21142578
vt 0.63916016 0.17285156
vt 0.63916016 0.051971436
vt 0.61865234 0.011672974
vt 0.63916016 0.13256836
vt 0.63916016 0.09222412
vt 0.6591797 0.20788574
vt 0.6591797 0.21142578
vt 0.6591797 0.17285156
vt 0.6591797 0.051971436
vt 0.63916016 0.011672974
vt 0.6591797 0.13256836
vt 0.6591797 0.09222412
vt 0.6791992 0.20788574
vt 0.6791992 0.21142578
vt 0.6791992 0.17285156
vt 0.6791992 0.051971436
vt 0.6591797 0.011672974
vt 0.6791992 0.13256836
vt 0.6791992 0.09222412
vt 0.69921875 0.20788574
vt 0.69921875 0.21142578
vt 0.69921875 0.17285156
vt 0.69921875 0.051971436
vt 0.6791992 0.011672974
vt 0.69921875 0.13256836
vt 0.69921875 0.09222412
vt 0.71972656 0.20788574
vt 0.71972656 0.21142578
vt 0.71972656 0.17285156
vt 0.71972656 0.051971436
vt 0.69921875 0.011672974
vt 0.71972656 0.13256836
vt 0.71972656 0.09222412
vt 0.7397461 0.20788574
vt 0.7397461 0.21142578
vt 0.7397461 0.17285156
vt 0.7397461 0.051971436
vt 0.71972656 0.011672974
vt 0.7397461 0.13256836
vt 0.7397461 0.09222412
vt 0.7597656 0.20788574
vt 0.7597656 0.21142578
vt 0.7597656 0.17285156
vt 0.7597656 0.051971436
vt 0.7397461 0.011672974
vt 0.7597656 0.13256836
vt 0.7597656 0.09222412
vt 0.78027344 0.20788574
vt 0.78027344 0.21142578
vt 0.78027344 0.17285156
vt 0.78027344 0.051971436
vt 0.7597656 0.011672974
vt 0.78027344 0.13256836
vt 0.78027344 0.09222412
vt 0.80029297 0.20788574
vt 0.80029297 0.21142578
vt 0.80029297 0.17285156
vt 0.80029297 0.051971436
vt 0.78027344 0.011672974
vt 0.80029297 0.13256836
vt 0.80029297 0.09222412
vt 0.8203125 0.20788574
vt 0.8203125 0.21142578
vt 0.8203125 0.17285156
vt 0.8203125 0.051971436
vt 0.80029297 0.011672974
vt 0.8203125 0.13256836
vt 0.8203125 0.09222412
vt 0.84033203 0.20788574
vt 0.84033203 0.21142578
vt 0.84033203 0.17285156
vt 0.84033203 0.051971436
vt 0.8203125 0.011672974
vt 0.84033203 0.13256836
vt 0.84033203 0.09222412
vt 0.86083984 0.20788574
vt 0.86083984 0.21142578
vt 0.86083984 0.17285156
vt 0.86083984 0.051971436
vt 0.84033203 0.011672974
vt 0.86083984 0.13256836
vt 0.86083984 0.09222412
vt 0.8808594 0.20788574
vt 0.8808594 0.21142578
vt 0.8808594 0.17285156
vt 0.8808594 0.051971436
vt 0.86083984 0.011672974
vt 0.8808594 0.13256836
vt 0.8808594 0.09222412
vt 0.9008789 0.20788574
vt 0.9008789 0.21142578
vt 0.9008789 0.17285156
vt 0.9008789 0.051971436
vt 0.8808594 0.011672974
vt 0.9008789 0.13256836
vt 0.9008789 0.09222412
vt 0.92089844 0.20788574
vt 0.92089844 0.21142578
vt 0.92089844 0.17285156
vt 0.92089844 0.051971436
vt 0.9008789 0.011672974
vt 0.92089844 0.13256836
vt 0.92089844 0.09222412
vt 0.94140625 0.20788574
vt 0.94140625 0.21142578
vt 0.94140625 0.17285156
vt 0.94140625 0.051971436
vt 0.92089844 0.011672974
vt 0.94140625 0.13256836
vt 0.94140625 0.09222412
vt 0.9614258 0.20788574
vt 0.9614258 0.21142578
vt 0.9614258 0.17285156
vt 0.9814453 0.20788574
vt 0.9814453 0.21142578
vt 0.9814453 0.17285156
vt 0.9814453 0.13256836
vt 0.9614258 0.13256836
vt 0.9814453 0.09222412
vt 0.9614258 0.09222412
vt 0.9814453 0.051971436
vt 0.9614258 0.051971436
vt 0.9614258 0.011672974
vt 0.94140625 0.011672974
vt 0.20275879 0.18847656
vt 0.20568848 0.15844727
vt 0.20544434 0.15930176
vt 0.20166016 0.20471191
vt 0.2010498 0.22143555
vt 0.20544434 0.15991211
vt 0.19921875 0.27539062
vt 0.19836426 0.32714844
vt 0.1986084 0.33398438
vt 0.20166016 0.21105957
vt 0.19616699 0.4868164
vt 0.19689941 0.48950195
vt 0.20263672 0.16247559
vt 0.19934082 0.31860352
vt 0.2010498 0.27075195
vt 0.20507812 0.22595215
vt 0.20507812 0.2253418
vt 0.20141602 0.26220703
vt 0.19921875 0.3190918
vt 0.19848633 0.34423828
vt 0.20019531 0.7026367
vt 0.20361328 0.74853516
vt 0.20373535 0.7475586
vt 0.20056152 0.7114258
vt 0.19873047 0.65478516
vt 0.19812012 0.62939453
vt 0.20214844 0.7441406
vt 0.20471191 0.77001953
vt 0.20471191 0.77001953
vt 0.20117188 0.73046875
vt 0.20080566 0.7207031
vt 0.20471191 0.77001953
vt 0.19897461 0.6689453
vt 0.19836426 0.6411133
vt 0.19616699 0.4868164
vt 0.19812012 0.62939453
vt 0.19934082 0.68359375
vt 0.1986084 0.65283203
vt 0.20129395 0.73876953
vt 0.2019043 0.7495117
vt 0.20593262 0.7919922
vt 0.20568848 0.7919922
vt 0.20300293 0.76464844
vt 0.20605469 0.79248047
vt 0.28125 0.18457031
vt 0.2783203 0.15710449
vt 0.2783203 0.15673828
vt 0.28222656 0.19946289
vt 0.28271484 0.21044922
vt 0.2783203 0.15722656
vt 0.28442383 0.26538086
vt 0.28515625 0.29614258
vt 0.28295898 0.2644043
vt 0.27905273 0.22265625
vt 0.27929688 0.22375488
vt 0.28271484 0.25708008
vt 0.28466797 0.30932617
vt 0.28515625 0.3317871
vt 0.28271484 0.30029297
vt 0.27856445 0.26635742
vt 0.2788086 0.26831055
vt 0.2824707 0.29541016
vt 0.2836914 0.3544922
vt 0.28051758 0.33154297
vt 0.28076172 0.33496094
vt 0.2836914 0.35302734
vt 0.28515625 0.38208008
vt 0.28564453 0.39111328
vt 0.28759766 0.46240234
vt 0.28442383 0.36767578
vt 0.28515625 0.37939453
vt 0.28222656 0.33642578
vt 0.28198242 0.33398438
vt 0.28320312 0.6425781
vt 0.27954102 0.67871094
vt 0.27929688 0.6801758
vt 0.28271484 0.6484375
vt 0.2849121 0.6010742
vt 0.2854004 0.5810547
vt 0.2824707 0.76220703
vt 0.28466797 0.74560547
vt 0.2854004 0.7348633
vt 0.28344727 0.7548828
vt 0.28393555 0.7475586
vt 0.27929688 0.76171875
vt 0.28588867 0.7241211
vt 0.28564453 0.72314453
vt 0.2866211 0.67822266
vt 0.27807617 0.7675781
vt 0.2763672 0.7739258
vt 0.2709961 0.7675781
vt 0.28125 0.76660156
vt 0.27978516 0.7714844
vt 0.28637695 0.6870117
vt 0.2866211 0.6303711
vt 0.28710938 0.60498047
vt 0.28759766 0.46240234
vt 0.28564453 0.69921875
vt 0.2746582 0.77978516
vt 0.27270508 0.7861328
vt 0.26733398 0.77978516
vt 0.27807617 0.7788086
vt 0.2692871 0.7739258
vt 0.25927734 0.7739258
vt 0.27661133 0.7861328
vt 0.28173828 0.75683594
vt 0.28051758 0.7680664
vt 0.27075195 0.7919922
vt 0.2692871 0.79833984
vt 0.26342773 0.7919922
vt 0.27539062 0.79052734
vt 0.27441406 0.7949219
vt 0.26538086 0.7861328
vt 0.25585938 0.7861328
vt 0.25756836 0.77978516
vt 0.24645996 0.77978516
vt 0.26782227 0.8041992
vt 0.2602539 0.8041992
vt 0.2668457 0.8105469
vt 0.26171875 0.79833984
vt 0.2529297 0.79833984
vt 0.2541504 0.7919922
vt 0.24414062 0.7919922
vt 0.24523926 0.7861328
vt 0.234375 0.7861328
vt 0.2734375 0.8027344
vt 0.27856445 0.7792969
vt 0.27270508 0.8100586
vt 0.27954102 0.7675781
vt 0.28320312 0.71435547
vt 0.28222656 0.7373047
vt 0.28076172 0.7607422
vt 0.27783203 0.79052734
vt 0.27783203 0.79003906
vt 0.2722168 0.8144531
vt 0.27197266 0.81884766
vt 0.26513672 0.8227539
vt 0.27783203 0.7895508
vt 0.27734375 0.80126953
vt 0.2824707 0.72802734
vt 0.28173828 0.73828125
vt 0.28076172 0.7866211
vt 0.26586914 0.81640625
vt 0.25830078 0.81640625
vt 0.2590332 0.8105469
vt 0.25073242 0.8105469
vt 0.25170898 0.8041992
vt 0.24267578 0.8041992
vt 0.24328613 0.79833984
vt 0.23364258 0.79833984
vt 0.23400879 0.7919922
vt 0.22436523 0.7919922
vt 0.25024414 0.81640625
vt 0.24963379 0.8227539
vt 0.24194336 0.81640625
vt 0.2421875 0.8105469
vt 0.23364258 0.8105469
vt 0.23364258 0.8041992
vt 0.22485352 0.8041992
vt 0.22460938 0.79833984
vt 0.21655273 0.79833984
vt 0.25756836 0.8227539
vt 0.25708008 0.8286133
vt 0.26464844 0.8286133
vt 0.26464844 0.83496094
vt 0.27172852 0.82666016
vt 0.27172852 0.8354492
vt 0.27734375 0.81933594
vt 0.27856445 0.8364258
vt 0.2841797 0.8261719
vt 0.2878418 0.85302734
vt 0.28027344 0.85058594
vt 0.28125 0.859375
vt 0.2734375 0.85253906
vt 0.2878418 0.859375
vt 0.2878418 0.8652344
vt 0.28173828 0.8652344
vt 0.27563477 0.8652344
vt 0.2746582 0.859375
vt 0.26782227 0.859375
vt 0.26953125 0.8652344
vt 0.26367188 0.8652344
vt 0.27246094 0.8442383
vt 0.26538086 0.84716797
vt 0.26635742 0.85302734
vt 0.25878906 0.85302734
vt 0.26049805 0.859375
vt 0.25170898 0.859375
vt 0.25317383 0.8652344
vt 0.24279785 0.8652344
vt 0.26489258 0.8408203
vt 0.25708008 0.8408203
vt 0.2578125 0.84716797
vt 0.24987793 0.84716797
vt 0.25073242 0.85302734
vt 0.2421875 0.85302734
vt 0.24243164 0.859375
vt 0.2331543 0.859375
vt 0.23254395 0.8652344
vt 0.22216797 0.8652344
vt 0.25683594 0.83496094
vt 0.24926758 0.83496094
vt 0.24938965 0.8408203
vt 0.24169922 0.8408203
vt 0.24182129 0.84716797
vt 0.23388672 0.84716797
vt 0.23364258 0.85302734
vt 0.22546387 0.85302734
vt 0.22436523 0.859375
vt 0.21679688 0.859375
vt 0.21557617 0.8652344
vt 0.20910645 0.8652344
vt 0.20996094 0.8535156
vt 0.20373535 0.8364258
vt 0.21081543 0.84375
vt 0.20251465 0.8652344
vt 0.19604492 0.8652344
vt 0.21777344 0.85302734
vt 0.21838379 0.84716797
vt 0.22607422 0.84716797
vt 0.22631836 0.8408203
vt 0.23400879 0.8408203
vt 0.23388672 0.83496094
vt 0.24157715 0.83496094
vt 0.24157715 0.8286133
vt 0.24926758 0.8286133
vt 0.24169922 0.8227539
vt 0.23376465 0.8227539
vt 0.23388672 0.8286133
vt 0.22619629 0.8286133
vt 0.22631836 0.83496094
vt 0.21875 0.83496094
vt 0.23364258 0.81640625
vt 0.22558594 0.81640625
vt 0.21862793 0.8408203
vt 0.21179199 0.83447266
vt 0.22595215 0.8227539
vt 0.21826172 0.8227539
vt 0.22521973 0.8105469
vt 0.21740723 0.8105469
vt 0.21850586 0.8286133
vt 0.21154785 0.81933594
vt 0.21179199 0.82714844
vt 0.20617676 0.80371094
vt 0.21789551 0.81640625
vt 0.21118164 0.8105469
vt 0.21691895 0.8041992
vt 0.21008301 0.79589844
vt 0.21142578 0.8149414
vt 0.20593262 0.7919922
vt 0.20568848 0.7919922
vt 0.20605469 0.79248047
vt 0.20532227 0.78125
vt 0.20129395 0.73876953
vt 0.20300293 0.76464844
vt 0.21069336 0.80322266
vt 0.20202637 0.76171875
vt 0.19946289 0.6982422
vt 0.1986084 0.65283203
vt 0.19616699 0.4868164
vt 0.20336914 0.78515625
vt 0.20654297 0.8149414
vt 0.20593262 0.8144531
vt 0.2019043 0.76904297
vt 0.20043945 0.75634766
vt 0.19799805 0.64941406
vt 0.19689941 0.6503906
vt 0.19689941 0.48950195
vt 0.21142578 0.8388672
vt 0.20495605 0.81640625
vt 0.19909668 0.7783203
vt 0.19604492 0.67626953
vt 0.19604492 0.4868164
vt 0.1986084 0.33398438
vt 0.19934082 0.31860352
vt 0.2866211 0.67822266
vt 0.28588867 0.7241211
vt 0.2854004 0.7348633
vt 0.28637695 0.69873047
vt 0.2866211 0.64453125
vt 0.28710938 0.60498047
vt 0.28759766 0.46240234
vt 0.28564453 0.71972656
vt 0.28466797 0.74560547
vt 0.28393555 0.74560547
vt 0.2824707 0.76220703
vt 0.28125 0.76660156
vt 0.27978516 0.7714844
vt 0.28564453 0.7060547
vt 0.28515625 0.69628906
vt 0.28320312 0.74560547
vt 0.28173828 0.75683594
vt 0.27807617 0.7788086
vt 0.28637695 0.6166992
vt 0.2854004 0.6591797
vt 0.2841797 0.7182617
vt 0.28271484 0.7402344
vt 0.28051758 0.7680664
vt 0.2800293 0.7675781
vt 0.27661133 0.7861328
vt 0.27539062 0.79052734
vt 0.27441406 0.7949219
vt 0.27954102 0.7675781
vt 0.28320312 0.71435547
vt 0.28320312 0.72509766
vt 0.2854004 0.62841797
vt 0.28442383 0.6738281
vt 0.28222656 0.7373047
vt 0.28076172 0.7607422
vt 0.28515625 0.6220703
vt 0.28515625 0.6152344
vt 0.28686523 0.4597168
vt 0.2824707 0.72802734
vt 0.28173828 0.7446289
vt 0.27783203 0.79003906
vt 0.27783203 0.79052734
vt 0.27783203 0.7895508
vt 0.28173828 0.73828125
vt 0.28076172 0.7866211
vt 0.2841797 0.6308594
vt 0.20275879 0.18847656
vt 0.20166016 0.20471191
vt 0.19921875 0.27539062
vt 0.20153809 0.21191406
vt 0.2052002 0.17004395
vt 0.20092773 0.23486328
vt 0.20568848 0.15844727
vt 0.21069336 0.13916016
vt 0.20544434 0.15930176
vt 0.19848633 0.32055664
vt 0.19934082 0.28979492
vt 0.19616699 0.4868164
vt 0.19836426 0.32714844
vt 0.21081543 0.13476562
vt 0.21105957 0.1303711
vt 0.21765137 0.12658691
vt 0.20544434 0.15991211
vt 0.20593262 0.14782715
vt 0.2010498 0.22143555
vt 0.20166016 0.21105957
vt 0.20263672 0.16247559
vt 0.1986084 0.33251953
vt 0.19946289 0.30444336
vt 0.20117188 0.2529297
vt 0.19848633 0.34423828
vt 0.19921875 0.3190918
vt 0.2010498 0.27075195
vt 0.20617676 0.12976074
vt 0.20495605 0.1126709
vt 0.21166992 0.11364746
vt 0.19934082 0.123168945
vt 0.19604492 0.096069336
vt 0.21142578 0.1227417
vt 0.21838379 0.11437988
vt 0.21801758 0.1204834
vt 0.22583008 0.1204834
vt 0.2019043 0.25024414
vt 0.20581055 0.21447754
vt 0.20507812 0.2253418
vt 0.21069336 0.20166016
vt 0.20507812 0.22595215
vt 0.20324707 0.22961426
vt 0.2019043 0.24304199
vt 0.20605469 0.20373535
vt 0.2064209 0.20373535
vt 0.21166992 0.18713379
vt 0.21118164 0.19433594
vt 0.21801758 0.18762207
vt 0.21032715 0.2064209
vt 0.21716309 0.1998291
vt 0.21020508 0.21105957
vt 0.2175293 0.19372559
vt 0.22546387 0.19372559
vt 0.20532227 0.22644043
vt 0.20507812 0.23669434
vt 0.20251465 0.25024414
vt 0.20141602 0.26220703
vt 0.20141602 0.26953125
vt 0.2010498 0.28881836
vt 0.19848633 0.35620117
vt 0.19946289 0.33374023
vt 0.22583008 0.18762207
vt 0.22607422 0.18151855
vt 0.23388672 0.18762207
vt 0.21838379 0.18151855
vt 0.21838379 0.17541504
vt 0.21154785 0.18249512
vt 0.21130371 0.17785645
vt 0.2055664 0.20349121
vt 0.20568848 0.19226074
vt 0.20166016 0.2310791
vt 0.20288086 0.20898438
vt 0.20153809 0.22387695
vt 0.20532227 0.18151855
vt 0.20581055 0.18115234
vt 0.21081543 0.16308594
vt 0.21105957 0.17041016
vt 0.21789551 0.16320801
vt 0.20483398 0.18164062
vt 0.21032715 0.15405273
vt 0.21826172 0.16931152
vt 0.22583008 0.16931152
vt 0.21057129 0.1586914
vt 0.21728516 0.15100098
vt 0.21044922 0.14660645
vt 0.21716309 0.13879395
vt 0.2175293 0.15710449
vt 0.22521973 0.15710449
vt 0.22558594 0.16320801
vt 0.23364258 0.16320801
vt 0.22607422 0.17541504
vt 0.23388672 0.17541504
vt 0.21728516 0.13269043
vt 0.22509766 0.13269043
vt 0.23376465 0.16931152
vt 0.24169922 0.16931152
vt 0.23388672 0.18151855
vt 0.24182129 0.18151855
vt 0.22546387 0.12658691
vt 0.23364258 0.12658691
vt 0.24169922 0.17541504
vt 0.24963379 0.17541504
vt 0.24182129 0.16320801
vt 0.25 0.16320801
vt 0.24194336 0.15710449
vt 0.24975586 0.16931152
vt 0.25756836 0.16931152
vt 0.23352051 0.15710449
vt 0.23339844 0.15100098
vt 0.22509766 0.15100098
vt 0.22497559 0.14489746
vt 0.21716309 0.14489746
vt 0.22497559 0.13879395
vt 0.23352051 0.13879395
vt 0.23339844 0.14489746
vt 0.2421875 0.14489746
vt 0.24206543 0.15100098
vt 0.25073242 0.15100098
vt 0.23352051 0.13269043
vt 0.24230957 0.13269043
vt 0.25048828 0.15710449
vt 0.25854492 0.15710449
vt 0.24230957 0.13879395
vt 0.25097656 0.13879395
vt 0.25097656 0.14489746
vt 0.25927734 0.14489746
vt 0.2590332 0.15100098
vt 0.2668457 0.15100098
vt 0.25805664 0.16320801
vt 0.26586914 0.16320801
vt 0.26635742 0.15710449
vt 0.27294922 0.16271973
vt 0.25097656 0.13269043
vt 0.25048828 0.12658691
vt 0.25927734 0.13269043
vt 0.25952148 0.13879395
vt 0.26708984 0.13879395
vt 0.26708984 0.14489746
vt 0.27368164 0.15344238
vt 0.2734375 0.15808105
vt 0.27856445 0.17932129
vt 0.2421875 0.12658691
vt 0.24194336 0.1204834
vt 0.23376465 0.1204834
vt 0.23388672 0.11437988
vt 0.22607422 0.11437988
vt 0.22619629 0.10827637
vt 0.21850586 0.10827637
vt 0.21826172 0.10217285
vt 0.21118164 0.10479736
vt 0.21044922 0.09667969
vt 0.20349121 0.09869385
vt 0.20288086 0.08996582
vt 0.19604492 0.08996582
vt 0.19604492 0.083862305
vt 0.20251465 0.083862305
vt 0.20910645 0.083862305
vt 0.2097168 0.08996582
vt 0.21679688 0.08996582
vt 0.21557617 0.083862305
vt 0.22216797 0.083862305
vt 0.21777344 0.096069336
vt 0.22546387 0.096069336
vt 0.22436523 0.08996582
vt 0.2331543 0.08996582
vt 0.23254395 0.083862305
vt 0.24279785 0.083862305
vt 0.22595215 0.10217285
vt 0.23388672 0.10217285
vt 0.23364258 0.096069336
vt 0.2421875 0.096069336
vt 0.24243164 0.08996582
vt 0.25170898 0.08996582
vt 0.25317383 0.083862305
vt 0.26367188 0.083862305
vt 0.23388672 0.10827637
vt 0.24182129 0.10827637
vt 0.24194336 0.10217285
vt 0.25 0.10217285
vt 0.25073242 0.096069336
vt 0.25878906 0.096069336
vt 0.26049805 0.08996582
vt 0.26782227 0.08996582
vt 0.26953125 0.083862305
vt 0.27563477 0.083862305
vt 0.24182129 0.11437988
vt 0.24975586 0.11437988
vt 0.24963379 0.10827637
vt 0.25756836 0.10827637
vt 0.2578125 0.10217285
vt 0.265625 0.10217285
vt 0.26635742 0.096069336
vt 0.27319336 0.10522461
vt 0.27441406 0.09564209
vt 0.28027344 0.112854004
vt 0.28173828 0.083862305
vt 0.2878418 0.083862305
vt 0.28466797 0.17089844
vt 0.28686523 0.29907227
vt 0.28320312 0.19299316
vt 0.2878418 0.27319336
vt 0.2878418 0.46240234
vt 0.27905273 0.1328125
vt 0.27783203 0.1348877
vt 0.27246094 0.11035156
vt 0.27197266 0.11468506
vt 0.26513672 0.10827637
vt 0.26538086 0.11437988
vt 0.25756836 0.11437988
vt 0.25805664 0.1204834
vt 0.25024414 0.1204834
vt 0.25878906 0.12658691
vt 0.26635742 0.12658691
vt 0.26586914 0.1204834
vt 0.27270508 0.12963867
vt 0.2722168 0.12219238
vt 0.27783203 0.14562988
vt 0.2668457 0.13269043
vt 0.2734375 0.13867188
vt 0.27734375 0.1340332
vt 0.28051758 0.1640625
vt 0.27319336 0.13415527
vt 0.2783203 0.15710449
vt 0.2783203 0.15722656
vt 0.2783203 0.15673828
vt 0.2788086 0.16784668
vt 0.28271484 0.21044922
vt 0.28125 0.18457031
vt 0.27368164 0.1459961
vt 0.28173828 0.1875
vt 0.2841797 0.25097656
vt 0.28515625 0.29614258
vt 0.28759766 0.46240234
vt 0.28442383 0.26538086
vt 0.28564453 0.30004883
vt 0.28222656 0.19946289
vt 0.28173828 0.18029785
vt 0.28686523 0.4597168
vt 0.28515625 0.6152344
vt 0.2841797 0.6308594
vt 0.2824707 0.20666504
vt 0.28295898 0.22839355
vt 0.28515625 0.30810547
vt 0.28442383 0.2800293
vt 0.27905273 0.17907715
vt 0.28222656 0.21862793
vt 0.28100586 0.2052002
vt 0.27807617 0.17932129
vt 0.27807617 0.19006348
vt 0.28198242 0.22595215
vt 0.2824707 0.24645996
vt 0.28515625 0.31982422
vt 0.2841797 0.29467773
vt 0.28515625 0.3317871
vt 0.28466797 0.30932617
vt 0.28295898 0.2644043
vt 0.27270508 0.16992188
vt 0.2722168 0.1772461
vt 0.27807617 0.20080566
vt 0.2775879 0.20153809
vt 0.28173828 0.23791504
vt 0.28051758 0.22570801
vt 0.28198242 0.24511719
vt 0.27807617 0.21228027
vt 0.27905273 0.22265625
vt 0.27368164 0.20092773
vt 0.27929688 0.22375488
vt 0.26538086 0.16931152
vt 0.26513672 0.17541504
vt 0.27734375 0.20202637
vt 0.27197266 0.18664551
vt 0.27197266 0.18200684
vt 0.27270508 0.19372559
vt 0.26586914 0.18762207
vt 0.25732422 0.17541504
vt 0.25756836 0.18151855
vt 0.26513672 0.18151855
vt 0.24975586 0.18151855
vt 0.25024414 0.18762207
vt 0.25830078 0.18762207
vt 0.25927734 0.19372559
vt 0.2668457 0.19372559
vt 0.26782227 0.1998291
vt 0.24206543 0.18762207
vt 0.24243164 0.19372559
vt 0.27416992 0.20581055
vt 0.27441406 0.21057129
vt 0.25097656 0.19372559
vt 0.25170898 0.1998291
vt 0.23376465 0.19372559
vt 0.23376465 0.1998291
vt 0.2602539 0.1998291
vt 0.26049805 0.20593262
vt 0.26831055 0.20593262
vt 0.26782227 0.21203613
vt 0.24267578 0.1998291
vt 0.24279785 0.20593262
vt 0.22509766 0.1998291
vt 0.22485352 0.20593262
vt 0.25195312 0.20593262
vt 0.25170898 0.21203613
vt 0.2602539 0.21203613
vt 0.25927734 0.21813965
vt 0.23364258 0.20593262
vt 0.23376465 0.21203613
vt 0.21691895 0.20593262
vt 0.21716309 0.21203613
vt 0.24267578 0.21203613
vt 0.24243164 0.21813965
vt 0.25097656 0.21813965
vt 0.25048828 0.22424316
vt 0.22509766 0.21203613
vt 0.22546387 0.21813965
vt 0.21032715 0.21826172
vt 0.21069336 0.2253418
vt 0.23376465 0.21813965
vt 0.23388672 0.22424316
vt 0.2421875 0.22424316
vt 0.24194336 0.23034668
vt 0.2175293 0.21813965
vt 0.21801758 0.22424316
vt 0.20507812 0.24707031
vt 0.20568848 0.24816895
vt 0.22583008 0.22424316
vt 0.22595215 0.23034668
vt 0.23388672 0.23034668
vt 0.23388672 0.2364502
vt 0.21118164 0.23022461
vt 0.21142578 0.23510742
vt 0.20178223 0.28149414
vt 0.20324707 0.27075195
vt 0.21826172 0.23034668
vt 0.21813965 0.2364502
vt 0.22583008 0.2364502
vt 0.22558594 0.24255371
vt 0.20629883 0.24902344
vt 0.20581055 0.25878906
vt 0.2019043 0.28881836
vt 0.2010498 0.30688477
vt 0.21130371 0.24206543
vt 0.21081543 0.24914551
vt 0.21777344 0.24255371
vt 0.21740723 0.24865723
vt 0.1986084 0.36816406
vt 0.19921875 0.34814453
vt 0.2052002 0.26879883
vt 0.20532227 0.2705078
vt 0.21057129 0.2541504
vt 0.21057129 0.2590332
vt 0.20153809 0.30078125
vt 0.20275879 0.29125977
vt 0.2055664 0.27172852
vt 0.20532227 0.28100586
vt 0.20153809 0.30786133
vt 0.2010498 0.32470703
vt 0.1986084 0.3798828
vt 0.19946289 0.36279297
vt 0.1986084 0.3918457
vt 0.19934082 0.3774414
vt 0.20129395 0.34277344
vt 0.21057129 0.26586914
vt 0.21740723 0.26098633
vt 0.2109375 0.27294922
vt 0.2052002 0.29077148
vt 0.20593262 0.2927246
vt 0.2019043 0.31982422
vt 0.20336914 0.31201172
vt 0.20202637 0.32714844
vt 0.20617676 0.30322266
vt 0.21716309 0.2548828
vt 0.22509766 0.2548828
vt 0.20654297 0.2944336
vt 0.21179199 0.28295898
vt 0.22521973 0.24865723
vt 0.23364258 0.24865723
vt 0.21142578 0.27807617
vt 0.21826172 0.27319336
vt 0.21777344 0.26708984
vt 0.22558594 0.26708984
vt 0.22521973 0.26098633
vt 0.23364258 0.26098633
vt 0.23376465 0.24255371
vt 0.24206543 0.24255371
vt 0.23352051 0.2548828
vt 0.24243164 0.2548828
vt 0.24194336 0.2364502
vt 0.25 0.2364502
vt 0.24230957 0.24865723
vt 0.25097656 0.24865723
vt 0.25 0.23034668
vt 0.2578125 0.23034668
vt 0.25048828 0.24255371
vt 0.25854492 0.24255371
vt 0.25854492 0.22424316
vt 0.26611328 0.22424316
vt 0.25805664 0.2364502
vt 0.26586914 0.2364502
vt 0.26708984 0.21813965
vt 0.27368164 0.22473145
vt 0.265625 0.23034668
vt 0.27246094 0.23461914
vt 0.27416992 0.21765137
vt 0.27929688 0.23449707
vt 0.27294922 0.22973633
vt 0.27807617 0.24597168
vt 0.27905273 0.22460938
vt 0.28173828 0.24633789
vt 0.28271484 0.25708008
vt 0.27905273 0.24450684
vt 0.28295898 0.2824707
vt 0.28271484 0.2644043
vt 0.2854004 0.34375
vt 0.28442383 0.32373047
vt 0.28198242 0.2763672
vt 0.28051758 0.2668457
vt 0.2775879 0.24731445
vt 0.27807617 0.2565918
vt 0.28198242 0.28344727
vt 0.28271484 0.30029297
vt 0.28515625 0.35546875
vt 0.28442383 0.3383789
vt 0.27856445 0.26635742
vt 0.27319336 0.24853516
vt 0.2824707 0.29541016
vt 0.2788086 0.26831055
vt 0.27246094 0.24157715
vt 0.28125 0.28735352
vt 0.26635742 0.24255371
vt 0.2668457 0.24865723
vt 0.2734375 0.2536621
vt 0.27368164 0.25854492
vt 0.27856445 0.27001953
vt 0.2788086 0.2788086
vt 0.2824707 0.30273438
vt 0.28271484 0.31835938
vt 0.25927734 0.24865723
vt 0.25952148 0.2548828
vt 0.26733398 0.2548828
vt 0.2668457 0.26098633
vt 0.28515625 0.36743164
vt 0.2841797 0.35302734
vt 0.28515625 0.37939453
vt 0.28222656 0.33642578
vt 0.2734375 0.26538086
vt 0.27294922 0.2722168
vt 0.2512207 0.2548828
vt 0.25097656 0.26098633
vt 0.27856445 0.28808594
vt 0.27783203 0.29052734
vt 0.28173828 0.31469727
vt 0.28027344 0.30810547
vt 0.25927734 0.26098633
vt 0.25854492 0.26708984
vt 0.24230957 0.26098633
vt 0.24206543 0.26708984
vt 0.28149414 0.32202148
vt 0.27734375 0.3010254
vt 0.2770996 0.29248047
vt 0.27172852 0.2824707
vt 0.26635742 0.26708984
vt 0.26538086 0.27319336
vt 0.2722168 0.27734375
vt 0.27783203 0.30981445
vt 0.27783203 0.31274414
vt 0.27197266 0.29614258
vt 0.28198242 0.33398438
vt 0.27172852 0.28930664
vt 0.26464844 0.2854004
vt 0.26489258 0.27929688
vt 0.25708008 0.27929688
vt 0.28100586 0.32861328
vt 0.28442383 0.36767578
vt 0.2578125 0.27319336
vt 0.24987793 0.27319336
vt 0.25048828 0.26708984
vt 0.2824707 0.34106445
vt 0.27929688 0.3232422
vt 0.2836914 0.3544922
vt 0.28564453 0.39111328
vt 0.28051758 0.33154297
vt 0.27563477 0.31982422
vt 0.28076172 0.33496094
vt 0.27807617 0.31518555
vt 0.27319336 0.30664062
vt 0.27441406 0.31323242
vt 0.2680664 0.30981445
vt 0.27246094 0.30126953
vt 0.26538086 0.29760742
vt 0.26660156 0.30371094
vt 0.25878906 0.30371094
vt 0.26489258 0.2915039
vt 0.25708008 0.2915039
vt 0.2578125 0.29760742
vt 0.24987793 0.29760742
vt 0.25683594 0.2854004
vt 0.24926758 0.2854004
vt 0.24938965 0.2915039
vt 0.24157715 0.2915039
vt 0.24938965 0.27929688
vt 0.24169922 0.27929688
vt 0.24157715 0.2854004
vt 0.23388672 0.2854004
vt 0.24182129 0.27319336
vt 0.23388672 0.27319336
vt 0.23388672 0.27929688
vt 0.22619629 0.27929688
vt 0.23376465 0.26708984
vt 0.22595215 0.27319336
vt 0.21862793 0.27929688
vt 0.21862793 0.2854004
vt 0.22631836 0.2854004
vt 0.22619629 0.2915039
vt 0.21179199 0.28979492
vt 0.21154785 0.29663086
vt 0.23388672 0.2915039
vt 0.23376465 0.29760742
vt 0.21850586 0.2915039
vt 0.21826172 0.29760742
vt 0.20568848 0.3125
vt 0.20581055 0.3149414
vt 0.24182129 0.29760742
vt 0.24230957 0.30371094
vt 0.22595215 0.29760742
vt 0.22558594 0.30371094
vt 0.21130371 0.3017578
vt 0.21105957 0.30688477
vt 0.20178223 0.33911133
vt 0.20300293 0.33251953
vt 0.25073242 0.30371094
vt 0.25195312 0.30981445
vt 0.21777344 0.30371094
vt 0.21728516 0.30981445
vt 0.20593262 0.31689453
vt 0.2052002 0.32543945
vt 0.20153809 0.34643555
vt 0.2006836 0.36083984
vt 0.26049805 0.30981445
vt 0.2619629 0.31591797
vt 0.21044922 0.3137207
vt 0.20983887 0.32055664
vt 0.19836426 0.4038086
vt 0.19909668 0.39208984
vt 0.26953125 0.31591797
vt 0.27075195 0.32202148
vt 0.20446777 0.33422852
vt 0.20458984 0.3371582
vt 0.2010498 0.35839844
vt 0.27661133 0.3251953
vt 0.27685547 0.3305664
vt 0.20227051 0.35302734
vt 0.28076172 0.33789062
vt 0.28051758 0.34545898
vt 0.28271484 0.3491211
vt 0.2836914 0.35302734
vt 0.28515625 0.38208008
vt 0.28344727 0.36035156
vt 0.28344727 0.37231445
vt 0.28564453 0.40307617
vt 0.28466797 0.39672852
vt 0.28564453 0.39111328
vt 0.2854004 0.41479492
vt 0.2849121 0.41137695
vt 0.28320312 0.39038086
vt 0.2763672 0.33691406
vt 0.27026367 0.33422852
vt 0.27514648 0.34350586
vt 0.2800293 0.35351562
vt 0.2788086 0.35717773
vt 0.2824707 0.37231445
vt 0.28100586 0.36987305
vt 0.28222656 0.37963867
vt 0.27856445 0.36767578
vt 0.27124023 0.328125
vt 0.26367188 0.328125
vt 0.27807617 0.3605957
vt 0.27319336 0.3544922
vt 0.2631836 0.32202148
vt 0.2541504 0.32202148
vt 0.27392578 0.3491211
vt 0.26757812 0.34643555
vt 0.26904297 0.34033203
vt 0.2614746 0.34033203
vt 0.26293945 0.33422852
vt 0.25390625 0.33422852
vt 0.25317383 0.31591797
vt 0.24365234 0.31591797
vt 0.25463867 0.328125
vt 0.24450684 0.328125
vt 0.24291992 0.30981445
vt 0.23388672 0.30981445
vt 0.2442627 0.32202148
vt 0.23425293 0.32202148
vt 0.23376465 0.30371094
vt 0.23400879 0.31591797
vt 0.22485352 0.31591797
vt 0.22521973 0.30981445
vt 0.2166748 0.31591797
vt 0.21643066 0.32202148
vt 0.22473145 0.32202148
vt 0.22473145 0.328125
vt 0.20959473 0.3256836
vt 0.20959473 0.3310547
vt 0.234375 0.328125
vt 0.234375 0.33422852
vt 0.2163086 0.328125
vt 0.2166748 0.33422852
vt 0.20483398 0.3395996
vt 0.20471191 0.34765625
vt 0.2442627 0.33422852
vt 0.24365234 0.34033203
vt 0.22497559 0.33422852
vt 0.2253418 0.34033203
vt 0.20983887 0.33764648
vt 0.21032715 0.34423828
vt 0.20117188 0.36547852
vt 0.20080566 0.37890625
vt 0.234375 0.34033203
vt 0.23425293 0.34643555
vt 0.21728516 0.34033203
vt 0.21777344 0.34643555
vt 0.20483398 0.35595703
vt 0.2055664 0.359375
vt 0.19848633 0.41552734
vt 0.19934082 0.40649414
vt 0.22570801 0.34643555
vt 0.22595215 0.35253906
vt 0.2109375 0.34960938
vt 0.21130371 0.35498047
vt 0.20166016 0.3774414
vt 0.203125 0.37353516
vt 0.21813965 0.35253906
vt 0.21789551 0.35864258
vt 0.20605469 0.3623047
vt 0.2055664 0.36987305
vt 0.20178223 0.38476562
vt 0.20092773 0.39672852
vt 0.21105957 0.36132812
vt 0.21057129 0.36791992
vt 0.19848633 0.42749023
vt 0.19921875 0.42114258
vt 0.19848633 0.43920898
vt 0.19934082 0.43579102
vt 0.20092773 0.41479492
vt 0.20495605 0.3779297
vt 0.20495605 0.3815918
vt 0.20129395 0.39672852
vt 0.20251465 0.3942871
vt 0.20129395 0.40405273
vt 0.20495605 0.39208984
vt 0.2052002 0.38500977
vt 0.21008301 0.37890625
vt 0.21020508 0.37353516
vt 0.21704102 0.3708496
vt 0.21740723 0.3647461
vt 0.2253418 0.3647461
vt 0.22570801 0.35864258
vt 0.23400879 0.35864258
vt 0.23413086 0.35253906
vt 0.24255371 0.35253906
vt 0.24304199 0.34643555
vt 0.25170898 0.34643555
vt 0.2529297 0.34033203
vt 0.26000977 0.34643555
vt 0.2590332 0.35253906
vt 0.25097656 0.35253906
vt 0.25097656 0.35864258
vt 0.24255371 0.35864258
vt 0.24279785 0.3647461
vt 0.26660156 0.35253906
vt 0.2668457 0.35864258
vt 0.23400879 0.3647461
vt 0.23388672 0.3708496
vt 0.25927734 0.35864258
vt 0.26000977 0.3647461
vt 0.2734375 0.36083984
vt 0.27416992 0.36743164
vt 0.25170898 0.3647461
vt 0.2524414 0.3708496
vt 0.22497559 0.3708496
vt 0.22485352 0.37695312
vt 0.26757812 0.3647461
vt 0.2685547 0.3708496
vt 0.27929688 0.37524414
vt 0.27954102 0.37939453
vt 0.26098633 0.3708496
vt 0.2614746 0.37695312
vt 0.21679688 0.37695312
vt 0.21704102 0.38305664
vt 0.27490234 0.37304688
vt 0.27514648 0.37841797
vt 0.28295898 0.39160156
vt 0.28198242 0.39038086
vt 0.26904297 0.37695312
vt 0.2685547 0.38305664
vt 0.21020508 0.3852539
vt 0.21057129 0.3918457
vt 0.27954102 0.38305664
vt 0.27954102 0.38989258
vt 0.28295898 0.39868164
vt 0.28320312 0.40844727
vt 0.27490234 0.38476562
vt 0.27416992 0.39111328
vt 0.20495605 0.3996582
vt 0.20568848 0.4038086
vt 0.2854004 0.4267578
vt 0.28442383 0.4260254
vt 0.27929688 0.39697266
vt 0.27856445 0.40161133
vt 0.20178223 0.41601562
vt 0.28222656 0.41064453
vt 0.203125 0.41479492
vt 0.28076172 0.41088867
vt 0.2854004 0.4387207
vt 0.2849121 0.4404297
vt 0.28295898 0.42651367
vt 0.28222656 0.41796875
vt 0.2783203 0.41210938
vt 0.27783203 0.40576172
vt 0.27270508 0.40234375
vt 0.2854004 0.45043945
vt 0.2849121 0.45507812
vt 0.28320312 0.44433594
vt 0.2861328 0.46240234
vt 0.28637695 0.46972656
vt 0.28466797 0.46240234
vt 0.27319336 0.39672852
vt 0.26660156 0.39526367
vt 0.26757812 0.38916016
vt 0.26000977 0.38916016
vt 0.26098633 0.38305664
vt 0.2524414 0.38305664
vt 0.25268555 0.37695312
vt 0.2434082 0.37695312
vt 0.24316406 0.3708496
vt 0.23388672 0.37695312
vt 0.23388672 0.38305664
vt 0.24316406 0.38305664
vt 0.24279785 0.38916016
vt 0.25170898 0.38916016
vt 0.25097656 0.39526367
vt 0.22497559 0.38305664
vt 0.2253418 0.38916016
vt 0.2590332 0.39526367
vt 0.25854492 0.4013672
vt 0.23388672 0.38916016
vt 0.23400879 0.39526367
vt 0.21740723 0.38916016
vt 0.21789551 0.39526367
vt 0.24243164 0.39526367
vt 0.2421875 0.4013672
vt 0.26611328 0.4013672
vt 0.26660156 0.4074707
vt 0.22570801 0.39526367
vt 0.22595215 0.4013672
vt 0.21105957 0.39746094
vt 0.21130371 0.40283203
vt 0.23400879 0.4013672
vt 0.23388672 0.4074707
vt 0.27319336 0.4086914
vt 0.27392578 0.41479492
vt 0.21813965 0.4013672
vt 0.21789551 0.4074707
vt 0.20617676 0.4074707
vt 0.20568848 0.41430664
vt 0.22570801 0.4074707
vt 0.2253418 0.41357422
vt 0.27929688 0.41870117
vt 0.27954102 0.42382812
vt 0.21105957 0.4091797
vt 0.21057129 0.41552734
vt 0.20178223 0.4230957
vt 0.20092773 0.43286133
vt 0.2175293 0.41357422
vt 0.21704102 0.41967773
vt 0.28271484 0.42993164
vt 0.28173828 0.43164062
vt 0.20507812 0.42138672
vt 0.20507812 0.4260254
vt 0.19848633 0.45117188
vt 0.19921875 0.45043945
vt 0.21020508 0.42114258
vt 0.21008301 0.4267578
vt 0.28271484 0.43725586
vt 0.27954102 0.43432617
vt 0.20141602 0.4350586
vt 0.20251465 0.43530273
vt 0.2052002 0.43017578
vt 0.20507812 0.43652344
vt 0.27929688 0.4284668
vt 0.27490234 0.42651367
vt 0.20141602 0.4423828
vt 0.20092773 0.45092773
vt 0.2746582 0.4206543
vt 0.26831055 0.41967773
vt 0.19848633 0.46313477
vt 0.19934082 0.46484375
vt 0.26733398 0.41357422
vt 0.25976562 0.41357422
vt 0.25878906 0.4074707
vt 0.25073242 0.4074707
vt 0.25048828 0.4013672
vt 0.24230957 0.4074707
vt 0.24267578 0.41357422
vt 0.25146484 0.41357422
vt 0.25195312 0.41967773
vt 0.26049805 0.41967773
vt 0.26098633 0.42578125
vt 0.23388672 0.41357422
vt 0.23376465 0.41967773
vt 0.2685547 0.42578125
vt 0.26831055 0.43188477
vt 0.24291992 0.41967773
vt 0.24316406 0.42578125
vt 0.22497559 0.41967773
vt 0.22485352 0.42578125
vt 0.2524414 0.42578125
vt 0.25195312 0.43188477
vt 0.2746582 0.4326172
vt 0.27416992 0.4387207
vt 0.23376465 0.42578125
vt 0.23376465 0.43188477
vt 0.21679688 0.42578125
vt 0.21704102 0.43188477
vt 0.24291992 0.43188477
vt 0.24279785 0.43798828
vt 0.27929688 0.44067383
vt 0.2788086 0.44604492
vt 0.22497559 0.43188477
vt 0.2253418 0.43798828
vt 0.21020508 0.43310547
vt 0.21057129 0.43920898
vt 0.23388672 0.43798828
vt 0.23425293 0.4440918
vt 0.2824707 0.44921875
vt 0.28149414 0.45214844
vt 0.2175293 0.43798828
vt 0.21789551 0.4440918
vt 0.20495605 0.44311523
vt 0.2055664 0.4482422
vt 0.22583008 0.4440918
vt 0.22619629 0.4501953
vt 0.28320312 0.45629883
vt 0.28027344 0.45654297
vt 0.21105957 0.44506836
vt 0.21118164 0.45092773
vt 0.20178223 0.4543457
vt 0.20300293 0.4560547
vt 0.21813965 0.4501953
vt 0.21789551 0.45629883
vt 0.20605469 0.45288086
vt 0.20544434 0.45874023
vt 0.20166016 0.46166992
vt 0.20080566 0.46875
vt 0.21081543 0.45703125
vt 0.21020508 0.46313477
vt 0.19836426 0.47485352
vt 0.19897461 0.4794922
vt 0.19848633 0.4868164
vt 0.19946289 0.49414062
vt 0.20080566 0.4868164
vt 0.20471191 0.4650879
vt 0.20458984 0.47045898
vt 0.2010498 0.4736328
vt 0.20214844 0.4765625
vt 0.2010498 0.48095703
vt 0.20458984 0.48095703
vt 0.20471191 0.47558594
vt 0.20959473 0.47485352
vt 0.2097168 0.46899414
vt 0.21691895 0.46850586
vt 0.21740723 0.46240234
vt 0.22619629 0.46240234
vt 0.22619629 0.45629883
vt 0.23547363 0.45629883
vt 0.23474121 0.4501953
vt 0.24353027 0.4501953
vt 0.24291992 0.4440918
vt 0.25146484 0.4440918
vt 0.25146484 0.43798828
vt 0.26000977 0.43798828
vt 0.26049805 0.43188477
vt 0.26757812 0.43798828
vt 0.26733398 0.4440918
vt 0.25976562 0.4440918
vt 0.26049805 0.4501953
vt 0.25219727 0.4501953
vt 0.25439453 0.45629883
vt 0.27368164 0.44458008
vt 0.27416992 0.45043945
vt 0.24499512 0.45629883
vt 0.24682617 0.46240234
vt 0.2680664 0.4501953
vt 0.27026367 0.45629883
vt 0.2788086 0.45117188
vt 0.26293945 0.45629883
vt 0.26635742 0.46240234
vt 0.23620605 0.46240234
vt 0.2368164 0.46850586
vt 0.27612305 0.45629883
vt 0.2788086 0.46240234
vt 0.25708008 0.46240234
vt 0.25952148 0.46850586
vt 0.22595215 0.46850586
vt 0.22595215 0.47460938
vt 0.2734375 0.46240234
vt 0.27612305 0.46850586
vt 0.2824707 0.46240234
vt 0.2836914 0.46826172
vt 0.26904297 0.46850586
vt 0.27026367 0.47460938
vt 0.2166748 0.47460938
vt 0.21691895 0.4807129
vt 0.28076172 0.46850586
vt 0.28173828 0.47436523
vt 0.2854004 0.46826172
vt 0.28515625 0.47265625
vt 0.27734375 0.47460938
vt 0.27612305 0.4807129
vt 0.2097168 0.4807129
vt 0.21020508 0.4868164
vt 0.2841797 0.4736328
vt 0.2836914 0.47875977
vt 0.2854004 0.47558594
vt 0.28466797 0.48046875
vt 0.28076172 0.4802246
vt 0.27856445 0.48608398
vt 0.20471191 0.4868164
vt 0.2055664 0.49267578
vt 0.2861328 0.47436523
vt 0.28466797 0.484375
vt 0.28222656 0.48413086
vt 0.28027344 0.49047852
vt 0.20166016 0.49267578
vt 0.28295898 0.48754883
vt 0.20324707 0.4970703
vt 0.28125 0.49316406
vt 0.28515625 0.48608398
vt 0.28466797 0.4987793
vt 0.2824707 0.49829102
vt 0.28198242 0.49487305
vt 0.27807617 0.50097656
vt 0.2783203 0.4963379
vt 0.27368164 0.49829102
vt 0.28564453 0.49804688
vt 0.28515625 0.5136719
vt 0.2836914 0.51660156
vt 0.28564453 0.5097656
vt 0.28442383 0.52783203
vt 0.28344727 0.5341797
vt 0.2758789 0.4921875
vt 0.27001953 0.49291992
vt 0.2734375 0.4868164
vt 0.26611328 0.4868164
vt 0.26904297 0.4807129
vt 0.25952148 0.4807129
vt 0.26049805 0.47460938
vt 0.24902344 0.47460938
vt 0.24841309 0.46850586
vt 0.23706055 0.47460938
vt 0.2368164 0.4807129
vt 0.24841309 0.4807129
vt 0.24682617 0.4868164
vt 0.25708008 0.4868164
vt 0.2541504 0.49291992
vt 0.22595215 0.4807129
vt 0.22619629 0.4868164
vt 0.2626953 0.49291992
vt 0.25976562 0.49902344
vt 0.23620605 0.4868164
vt 0.23547363 0.49291992
vt 0.21740723 0.4868164
vt 0.21801758 0.49291992
vt 0.24487305 0.49291992
vt 0.24316406 0.49902344
vt 0.26708984 0.49902344
vt 0.265625 0.5053711
vt 0.22631836 0.49291992
vt 0.22644043 0.49902344
vt 0.2109375 0.49291992
vt 0.21154785 0.4987793
vt 0.23474121 0.49902344
vt 0.23425293 0.5053711
vt 0.27246094 0.50390625
vt 0.2722168 0.5097656
vt 0.21838379 0.49902344
vt 0.21850586 0.5053711
vt 0.20629883 0.49804688
vt 0.20605469 0.50341797
vt 0.22631836 0.5053711
vt 0.22607422 0.51123047
vt 0.27807617 0.5058594
vt 0.27807617 0.5126953
vt 0.21154785 0.5048828
vt 0.21142578 0.5107422
vt 0.2019043 0.5
vt 0.20129395 0.5048828
vt 0.21838379 0.51123047
vt 0.21801758 0.5175781
vt 0.28198242 0.50683594
vt 0.28100586 0.5136719
vt 0.2055664 0.50878906
vt 0.20568848 0.51464844
vt 0.1986084 0.4987793
vt 0.19934082 0.50878906
vt 0.21118164 0.51660156
vt 0.21081543 0.5229492
vt 0.2824707 0.51416016
vt 0.27929688 0.5234375
vt 0.20178223 0.51220703
vt 0.20288086 0.5175781
vt 0.20581055 0.5209961
vt 0.20507812 0.5253906
vt 0.2783203 0.51904297
vt 0.27319336 0.52246094
vt 0.20141602 0.51904297
vt 0.2006836 0.5229492
vt 0.27246094 0.5161133
vt 0.265625 0.5175781
vt 0.19836426 0.5107422
vt 0.19909668 0.5234375
vt 0.26538086 0.51123047
vt 0.25756836 0.51123047
vt 0.25805664 0.5053711
vt 0.25024414 0.5053711
vt 0.25170898 0.49902344
vt 0.2421875 0.5053711
vt 0.24182129 0.51123047
vt 0.24975586 0.51123047
vt 0.25 0.5175781
vt 0.25805664 0.5175781
vt 0.2590332 0.5234375
vt 0.23388672 0.51123047
vt 0.23376465 0.5175781
vt 0.2668457 0.5234375
vt 0.2680664 0.52978516
vt 0.24182129 0.5175781
vt 0.24230957 0.5234375
vt 0.22570801 0.5175781
vt 0.2253418 0.5234375
vt 0.25073242 0.5234375
vt 0.25195312 0.52978516
vt 0.27441406 0.52783203
vt 0.27563477 0.5336914
vt 0.23364258 0.5234375
vt 0.23376465 0.52978516
vt 0.2175293 0.5234375
vt 0.21704102 0.52978516
vt 0.24291992 0.52978516
vt 0.24353027 0.53564453
vt 0.28027344 0.52783203
vt 0.28076172 0.53466797
vt 0.22497559 0.52978516
vt 0.22473145 0.53564453
vt 0.21032715 0.5283203
vt 0.2097168 0.5341797
vt 0.23388672 0.53564453
vt 0.23400879 0.5419922
vt 0.28344727 0.5258789
vt 0.28271484 0.5341797
vt 0.21655273 0.53564453
vt 0.2163086 0.5419922
vt 0.20446777 0.53027344
vt 0.20458984 0.5371094
vt 0.2244873 0.5419922
vt 0.22460938 0.54785156
vt 0.28344727 0.5332031
vt 0.28027344 0.54541016
vt 0.20959473 0.54052734
vt 0.20959473 0.546875
vt 0.2010498 0.53125
vt 0.20227051 0.53808594
vt 0.2163086 0.54785156
vt 0.2166748 0.5541992
vt 0.20483398 0.54345703
vt 0.20483398 0.54785156
vt 0.20117188 0.5385742
vt 0.20080566 0.5410156
vt 0.20996094 0.5522461
vt 0.21032715 0.55810547
vt 0.19848633 0.52246094
vt 0.19934082 0.53808594
vt 0.19848633 0.5341797
vt 0.19921875 0.5522461
vt 0.2010498 0.55859375
vt 0.20483398 0.5522461
vt 0.2055664 0.55908203
vt 0.20178223 0.55029297
vt 0.203125 0.55908203
vt 0.20178223 0.5576172
vt 0.20568848 0.5698242
vt 0.20617676 0.56591797
vt 0.21130371 0.5708008
vt 0.2109375 0.5644531
vt 0.21789551 0.56640625
vt 0.21728516 0.5600586
vt 0.2253418 0.5600586
vt 0.22485352 0.5541992
vt 0.23413086 0.5541992
vt 0.23413086 0.54785156
vt 0.24414062 0.54785156
vt 0.24401855 0.5419922
vt 0.25390625 0.5419922
vt 0.2529297 0.53564453
vt 0.2619629 0.53564453
vt 0.26049805 0.52978516
vt 0.26953125 0.53564453
vt 0.2705078 0.5419922
vt 0.26293945 0.5419922
vt 0.2631836 0.54785156
vt 0.2541504 0.54785156
vt 0.25341797 0.5541992
vt 0.2763672 0.54003906
vt 0.27661133 0.5463867
vt 0.24389648 0.5541992
vt 0.2434082 0.5600586
vt 0.27075195 0.54785156
vt 0.2697754 0.5541992
vt 0.28051758 0.5415039
vt 0.26245117 0.5541992
vt 0.26098633 0.5600586
vt 0.23413086 0.5600586
vt 0.23413086 0.56640625
vt 0.2758789 0.5517578
vt 0.27490234 0.5576172
vt 0.2524414 0.5600586
vt 0.25146484 0.56640625
vt 0.22570801 0.56640625
vt 0.22595215 0.5722656
vt 0.2685547 0.5600586
vt 0.26708984 0.56640625
vt 0.27978516 0.5498047
vt 0.2788086 0.5571289
vt 0.25952148 0.56640625
vt 0.25878906 0.5722656
vt 0.21813965 0.5722656
vt 0.21801758 0.5786133
vt 0.27368164 0.56396484
vt 0.27294922 0.5703125
vt 0.28222656 0.54541016
vt 0.28100586 0.5551758
vt 0.26635742 0.5722656
vt 0.26635742 0.5786133
vt 0.21105957 0.5761719
vt 0.21069336 0.58203125
vt 0.27783203 0.5644531
vt 0.2783203 0.5678711
vt 0.28222656 0.5522461
vt 0.28295898 0.5522461
vt 0.27319336 0.5756836
vt 0.27368164 0.5810547
vt 0.20507812 0.57421875
vt 0.2052002 0.58154297
vt 0.2854004 0.52197266
vt 0.28466797 0.54248047
vt 0.27905273 0.57128906
vt 0.27929688 0.57910156
vt 0.20141602 0.5698242
vt 0.28271484 0.5644531
vt 0.20263672 0.57958984
vt 0.28173828 0.5756836
vt 0.28515625 0.5336914
vt 0.2841797 0.5571289
vt 0.28295898 0.5703125
vt 0.28271484 0.57177734
vt 0.27929688 0.58984375
vt 0.27905273 0.58691406
vt 0.2746582 0.5942383
vt 0.2849121 0.54541016
vt 0.2841797 0.57177734
vt 0.28222656 0.5883789
vt 0.2849121 0.5576172
vt 0.2841797 0.5864258
vt 0.28222656 0.6064453
vt 0.27441406 0.5878906
vt 0.26782227 0.5908203
vt 0.26708984 0.58447266
vt 0.25952148 0.58447266
vt 0.25878906 0.5786133
vt 0.25073242 0.5786133
vt 0.25073242 0.5722656
vt 0.24243164 0.5722656
vt 0.24279785 0.56640625
vt 0.23413086 0.5722656
vt 0.23400879 0.5786133
vt 0.24230957 0.5786133
vt 0.24255371 0.58447266
vt 0.2512207 0.58447266
vt 0.25170898 0.5908203
vt 0.22583008 0.5786133
vt 0.22546387 0.58447266
vt 0.2602539 0.5908203
vt 0.2607422 0.5966797
vt 0.23388672 0.58447266
vt 0.23376465 0.5908203
vt 0.21765137 0.58447266
vt 0.21716309 0.5908203
vt 0.24279785 0.5908203
vt 0.24291992 0.5966797
vt 0.26831055 0.5966797
vt 0.26782227 0.60302734
vt 0.22509766 0.5908203
vt 0.22497559 0.5966797
vt 0.21044922 0.5883789
vt 0.21032715 0.59472656
vt 0.23376465 0.5966797
vt 0.23376465 0.60302734
vt 0.27441406 0.5996094
vt 0.27368164 0.60498047
vt 0.21704102 0.5966797
vt 0.21716309 0.60302734
vt 0.20532227 0.5888672
vt 0.2052002 0.59228516
vt 0.22509766 0.60302734
vt 0.22546387 0.6088867
vt 0.27905273 0.5932617
vt 0.27807617 0.6015625
vt 0.21044922 0.60009766
vt 0.21069336 0.60546875
vt 0.20141602 0.57666016
vt 0.2010498 0.57666016
vt 0.21765137 0.6088867
vt 0.21813965 0.6152344
vt 0.28198242 0.5834961
vt 0.28027344 0.5961914
vt 0.20507812 0.5957031
vt 0.20581055 0.6035156
vt 0.19848633 0.5463867
vt 0.19946289 0.56689453
vt 0.21130371 0.6123047
vt 0.21166992 0.61865234
vt 0.28173828 0.5908203
vt 0.27734375 0.6123047
vt 0.2019043 0.5888672
vt 0.20336914 0.60009766
vt 0.2064209 0.6113281
vt 0.20617676 0.6142578
vt 0.27734375 0.609375
vt 0.27197266 0.61816406
vt 0.20202637 0.5961914
vt 0.20129395 0.59472656
vt 0.27270508 0.6118164
vt 0.26586914 0.6152344
vt 0.19873047 0.55810547
vt 0.19946289 0.58154297
vt 0.26708984 0.6088867
vt 0.25927734 0.6088867
vt 0.2602539 0.60302734
vt 0.25170898 0.60302734
vt 0.25195312 0.5966797
vt 0.24279785 0.60302734
vt 0.24255371 0.6088867
vt 0.25097656 0.6088867
vt 0.25024414 0.6152344
vt 0.25830078 0.6152344
vt 0.25732422 0.62109375
vt 0.23388672 0.6088867
vt 0.23388672 0.6152344
vt 0.26513672 0.62109375
vt 0.26464844 0.6274414
vt 0.2421875 0.6152344
vt 0.24182129 0.62109375
vt 0.22595215 0.6152344
vt 0.22619629 0.62109375
vt 0.24963379 0.62109375
vt 0.24938965 0.6274414
vt 0.27172852 0.62353516
vt 0.27172852 0.62890625
vt 0.23400879 0.62109375
vt 0.23400879 0.6274414
vt 0.21850586 0.62109375
vt 0.21862793 0.6274414
vt 0.24169922 0.6274414
vt 0.24157715 0.6333008
vt 0.27783203 0.6147461
vt 0.2775879 0.62353516
vt 0.22631836 0.6274414
vt 0.22619629 0.6333008
vt 0.21179199 0.62402344
vt 0.21154785 0.62939453
vt 0.23388672 0.6333008
vt 0.23388672 0.63964844
vt 0.28173828 0.60302734
vt 0.28027344 0.6166992
vt 0.21862793 0.6333008
vt 0.21850586 0.63964844
vt 0.20581055 0.6176758
vt 0.20605469 0.62597656
vt 0.22607422 0.63964844
vt 0.22607422 0.6455078
vt 0.28173828 0.6098633
vt 0.2775879 0.63427734
vt 0.21154785 0.63623047
vt 0.21154785 0.6425781
vt 0.2019043 0.60791016
vt 0.20324707 0.62060547
vt 0.21838379 0.6455078
vt 0.21850586 0.65185547
vt 0.20629883 0.63378906
vt 0.20605469 0.63671875
vt 0.2019043 0.6152344
vt 0.20129395 0.61279297
vt 0.21154785 0.6479492
vt 0.21154785 0.6533203
vt 0.19873047 0.5698242
vt 0.19946289 0.5961914
vt 0.1986084 0.58203125
vt 0.19921875 0.61083984
vt 0.2010498 0.6308594
vt 0.20581055 0.63916016
vt 0.20617676 0.6479492
vt 0.20202637 0.6274414
vt 0.20336914 0.6411133
vt 0.2019043 0.63427734
vt 0.20581055 0.6586914
vt 0.2064209 0.6567383
vt 0.21179199 0.6665039
vt 0.21179199 0.66015625
vt 0.21862793 0.6640625
vt 0.21862793 0.65771484
vt 0.22619629 0.65771484
vt 0.22607422 0.65185547
vt 0.23388672 0.65185547
vt 0.23376465 0.6455078
vt 0.24157715 0.6455078
vt 0.24157715 0.63964844
vt 0.24938965 0.63964844
vt 0.24938965 0.6333008
vt 0.25708008 0.6333008
vt 0.25708008 0.6274414
vt 0.26464844 0.6333008
vt 0.26489258 0.63964844
vt 0.25708008 0.63964844
vt 0.25732422 0.6455078
vt 0.24951172 0.6455078
vt 0.24938965 0.65185547
vt 0.27197266 0.6357422
vt 0.27197266 0.64208984
vt 0.24157715 0.65185547
vt 0.24157715 0.65771484
vt 0.26489258 0.6455078
vt 0.26489258 0.65185547
vt 0.2770996 0.6323242
vt 0.25708008 0.65185547
vt 0.25708008 0.65771484
vt 0.23388672 0.65771484
vt 0.23400879 0.6640625
vt 0.27197266 0.64746094
vt 0.27197266 0.65234375
vt 0.24938965 0.65771484
vt 0.24938965 0.6640625
vt 0.22631836 0.6640625
vt 0.22619629 0.6699219
vt 0.26464844 0.65771484
vt 0.26489258 0.6640625
vt 0.27783203 0.63671875
vt 0.27734375 0.6459961
vt 0.25708008 0.6640625
vt 0.25756836 0.6699219
vt 0.21862793 0.6699219
vt 0.21813965 0.67626953
vt 0.27172852 0.6591797
vt 0.27197266 0.6660156
vt 0.28173828 0.6220703
vt 0.28051758 0.63720703
vt 0.26513672 0.6699219
vt 0.26611328 0.67626953
vt 0.21130371 0.671875
vt 0.21069336 0.6767578
vt 0.27734375 0.65478516
vt 0.27807617 0.6567383
vt 0.28198242 0.62939453
vt 0.28295898 0.6245117
vt 0.27294922 0.6713867
vt 0.27392578 0.67626953
vt 0.20507812 0.6611328
vt 0.2052002 0.67041016
vt 0.2854004 0.56933594
vt 0.27905273 0.6586914
vt 0.27954102 0.66796875
vt 0.2849121 0.6010742
vt 0.20141602 0.6464844
vt 0.28271484 0.6411133
vt 0.28173828 0.65771484
vt 0.28271484 0.6484375
vt 0.2854004 0.5810547
vt 0.2849121 0.61572266
vt 0.27954102 0.67871094
vt 0.28320312 0.6425781
vt 0.20263672 0.6616211
vt 0.27929688 0.6777344
vt 0.27490234 0.6904297
vt 0.2861328 0.59277344
vt 0.28466797 0.66015625
vt 0.2746582 0.68310547
vt 0.26831055 0.68847656
vt 0.2854004 0.6796875
vt 0.2836914 0.71240234
vt 0.26733398 0.6821289
vt 0.25976562 0.6821289
vt 0.2849121 0.72265625
vt 0.2824707 0.73828125
vt 0.25854492 0.67626953
vt 0.25048828 0.67626953
vt 0.2836914 0.7426758
vt 0.27954102 0.7495117
vt 0.24975586 0.6699219
vt 0.24194336 0.6699219
vt 0.27978516 0.7553711
vt 0.27294922 0.7553711
vt 0.24169922 0.6640625
vt 0.27246094 0.76171875
vt 0.2619629 0.76171875
vt 0.23400879 0.6699219
vt 0.23400879 0.67626953
vt 0.2607422 0.7675781
vt 0.2487793 0.7675781
vt 0.24230957 0.67626953
vt 0.24267578 0.6821289
vt 0.22595215 0.67626953
vt 0.22558594 0.6821289
vt 0.24768066 0.7739258
vt 0.2355957 0.7739258
vt 0.23400879 0.6821289
vt 0.23400879 0.68847656
vt 0.25146484 0.6821289
vt 0.25219727 0.68847656
vt 0.21765137 0.6821289
vt 0.21728516 0.68847656
vt 0.23498535 0.77978516
vt 0.22436523 0.77978516
vt 0.24304199 0.68847656
vt 0.24328613 0.69433594
vt 0.22521973 0.68847656
vt 0.22509766 0.69433594
vt 0.21044922 0.68359375
vt 0.21032715 0.6904297
vt 0.22436523 0.7861328
vt 0.21582031 0.7861328
vt 0.23400879 0.69433594
vt 0.23400879 0.7006836
vt 0.21704102 0.69433594
vt 0.21728516 0.7006836
vt 0.20532227 0.6791992
vt 0.2052002 0.68115234
vt 0.21606445 0.7919922
vt 0.20947266 0.7866211
vt 0.22521973 0.7006836
vt 0.22558594 0.70654297
vt 0.21044922 0.6958008
vt 0.21069336 0.7006836
vt 0.20141602 0.6538086
vt 0.2010498 0.6489258
vt 0.2097168 0.7910156
vt 0.20471191 0.77001953
vt 0.20471191 0.77001953
vt 0.20471191 0.77001953
vt 0.20422363 0.75927734
vt 0.20080566 0.7207031
vt 0.20214844 0.7441406
vt 0.20166016 0.7426758
vt 0.19934082 0.68359375
vt 0.19836426 0.6411133
vt 0.2019043 0.7495117
vt 0.20910645 0.7792969
vt 0.20874023 0.77197266
vt 0.21557617 0.77978516
vt 0.2154541 0.7739258
vt 0.2244873 0.7739258
vt 0.22460938 0.7675781
vt 0.23620605 0.7675781
vt 0.23657227 0.76171875
vt 0.24951172 0.76171875
vt 0.25 0.7553711
vt 0.26245117 0.7553711
vt 0.26245117 0.7495117
vt 0.27270508 0.7495117
vt 0.27148438 0.74316406
vt 0.2783203 0.74316406
vt 0.27563477 0.7373047
vt 0.28051758 0.73095703
vt 0.27807617 0.7236328
vt 0.28198242 0.70214844
vt 0.2800293 0.7011719
vt 0.28295898 0.66748047
vt 0.28149414 0.67871094
vt 0.2824707 0.66064453
vt 0.2788086 0.6904297
vt 0.27929688 0.6801758
vt 0.27416992 0.7001953
vt 0.27856445 0.7001953
vt 0.27392578 0.71435547
vt 0.27563477 0.71875
vt 0.2697754 0.72509766
vt 0.2746582 0.6953125
vt 0.26831055 0.7006836
vt 0.27368164 0.70703125
vt 0.26708984 0.7128906
vt 0.27270508 0.73095703
vt 0.26538086 0.73095703
vt 0.2685547 0.69433594
vt 0.26098633 0.69433594
vt 0.26757812 0.71875
vt 0.2602539 0.71875
vt 0.26757812 0.70654297
vt 0.26000977 0.70654297
vt 0.26245117 0.72509766
vt 0.25390625 0.72509766
vt 0.2607422 0.68847656
vt 0.2607422 0.7006836
vt 0.25219727 0.7006836
vt 0.2524414 0.69433594
vt 0.24304199 0.7006836
vt 0.24291992 0.70654297
vt 0.25170898 0.70654297
vt 0.25146484 0.7128906
vt 0.23413086 0.70654297
vt 0.23425293 0.7128906
vt 0.25952148 0.7128906
vt 0.24279785 0.7128906
vt 0.24328613 0.71875
vt 0.25195312 0.71875
vt 0.22595215 0.7128906
vt 0.21801758 0.7128906
vt 0.22619629 0.71875
vt 0.23461914 0.71875
vt 0.23522949 0.72509766
vt 0.2446289 0.72509766
vt 0.24621582 0.73095703
vt 0.21765137 0.70654297
vt 0.25634766 0.73095703
vt 0.2590332 0.7373047
vt 0.26879883 0.7373047
vt 0.26123047 0.74316406
vt 0.24926758 0.74316406
vt 0.2479248 0.7373047
vt 0.2364502 0.7373047
vt 0.24987793 0.7495117
vt 0.23706055 0.7495117
vt 0.23583984 0.73095703
vt 0.22595215 0.73095703
vt 0.2368164 0.74316406
vt 0.2253418 0.74316406
vt 0.23693848 0.7553711
vt 0.22485352 0.7553711
vt 0.22607422 0.72509766
vt 0.21789551 0.72509766
vt 0.22558594 0.7373047
vt 0.2166748 0.7373047
vt 0.22509766 0.7495117
vt 0.21557617 0.7495117
vt 0.22473145 0.76171875
vt 0.21533203 0.76171875
vt 0.21813965 0.71875
vt 0.21130371 0.71484375
vt 0.21594238 0.74316406
vt 0.20898438 0.73876953
vt 0.2154541 0.7553711
vt 0.20825195 0.7480469
vt 0.21533203 0.7675781
vt 0.2084961 0.7626953
vt 0.21105957 0.70751953
vt 0.20568848 0.6923828
vt 0.2084961 0.74316406
vt 0.20373535 0.72558594
vt 0.20837402 0.7553711
vt 0.20361328 0.7368164
vt 0.20861816 0.76708984
vt 0.20373535 0.7475586
vt 0.20361328 0.74853516
vt 0.20019531 0.7026367
vt 0.20385742 0.7470703
vt 0.20153809 0.7236328
vt 0.20056152 0.7114258
vt 0.19873047 0.65478516
vt 0.20092773 0.72314453
vt 0.19897461 0.6689453
vt 0.19812012 0.62939453
vt 0.20117188 0.73046875
vt 0.20056152 0.70410156
vt 0.20007324 0.6845703
vt 0.20324707 0.7265625
vt 0.19812012 0.6171875
vt 0.19885254 0.6401367
vt 0.19812012 0.62939453
vt 0.20056152 0.69189453
vt 0.20178223 0.703125
vt 0.20422363 0.7246094
vt 0.2043457 0.71484375
vt 0.20092773 0.6850586
vt 0.2006836 0.6669922
vt 0.19836426 0.60546875
vt 0.19934082 0.6254883
vt 0.20947266 0.7314453
vt 0.21020508 0.7246094
vt 0.19848633 0.59375
vt 0.20458984 0.70458984
vt 0.20544434 0.703125
vt 0.21728516 0.73095703
vt 0.21081543 0.71972656
vt 0.20166016 0.67285156
vt 0.20605469 0.70214844
vt 0.20300293 0.6821289
vt 0.20178223 0.66552734
vt 0.20507812 0.68310547
vt 0.20275879 0.18847656
vt 0.20568848 0.15844727
vt 0.20544434 0.15930176
vt 0.20166016 0.20471191
vt 0.2010498 0.22143555
vt 0.20544434 0.15991211
vt 0.19921875 0.27539062
vt 0.19836426 0.32714844
vt 0.1986084 0.33398438
vt 0.20166016 0.21105957
vt 0.19616699 0.4868164
vt 0.19689941 0.48950195
vt 0.20263672 0.16247559
vt 0.19934082 0.31860352
vt 0.2010498 0.27075195
vt 0.20507812 0.22595215
vt 0.20507812 0.2253418
vt 0.20141602 0.26220703
vt 0.19921875 0.3190918
vt 0.19848633 0.34423828
vt 0.20019531 0.7026367
vt 0.20361328 0.74853516
vt 0.20373535 0.7475586
vt 0.20056152 0.7114258
vt 0.19873047 0.65478516
vt 0.19812012 0.62939453
vt 0.20214844 0.7441406
vt 0.20471191 0.77001953
vt 0.20471191 0.77001953
vt 0.20117188 0.73046875
vt 0.20080566 0.7207031
vt 0.20471191 0.77001953
vt 0.19897461 0.6689453
vt 0.19836426 0.6411133
vt 0.19616699 0.4868164
vt 0.19812012 0.62939453
vt 0.19934082 0.68359375
vt 0.1986084 0.65283203
vt 0.20129395 0.73876953
vt 0.2019043 0.7495117
vt 0.20593262 0.7919922
vt 0.20568848 0.7919922
vt 0.20300293 0.76464844
vt 0.20605469 0.79248047
vt 0.28125 0.18457031
vt 0.2783203 0.15710449
vt 0.2783203 0.15673828
vt 0.28222656 0.19946289
vt 0.28271484 0.21044922
vt 0.2783203 0.15722656
vt 0.28442383 0.26538086
vt 0.28515625 0.29614258
vt 0.28295898 0.2644043
vt 0.27905273 0.22265625
vt 0.27929688 0.22375488
vt 0.28271484 0.25708008
vt 0.28466797 0.30932617
vt 0.28515625 0.3317871
vt 0.28271484 0.30029297
vt 0.27856445 0.26635742
vt 0.2788086 0.26831055
vt 0.2824707 0.29541016
vt 0.2836914 0.3544922
vt 0.28051758 0.33154297
vt 0.28076172 0.33496094
vt 0.2836914 0.35302734
vt 0.28515625 0.38208008
vt 0.28564453 0.39111328
vt 0.28759766 0.46240234
vt 0.28442383 0.36767578
vt 0.28515625 0.37939453
vt 0.28222656 0.33642578
vt 0.28198242 0.33398438
vt 0.28320312 0.6425781
vt 0.27954102 0.67871094
vt 0.27929688 0.6801758
vt 0.28271484 0.6484375
vt 0.2849121 0.6010742
vt 0.2854004 0.5810547
vt 0.2824707 0.76220703
vt 0.28466797 0.74560547
vt 0.2854004 0.7348633
vt 0.28344727 0.7548828
vt 0.28393555 0.7475586
vt 0.27929688 0.76171875
vt 0.28588867 0.7241211
vt 0.28564453 0.72314453
vt 0.2866211 0.67822266
vt 0.27807617 0.7675781
vt 0.2763672 0.7739258
vt 0.2709961 0.7675781
vt 0.28125 0.76660156
vt 0.27978516 0.7714844
vt 0.28637695 0.6870117
vt 0.2866211 0.6303711
vt 0.28710938 0.60498047
vt 0.28759766 0.46240234
vt 0.28564453 0.69921875
vt 0.2746582 0.77978516
vt 0.27270508 0.7861328
vt 0.26733398 0.77978516
vt 0.27807617 0.7788086
vt 0.2692871 0.7739258
vt 0.25927734 0.7739258
vt 0.27661133 0.7861328
vt 0.28173828 0.75683594
vt 0.28051758 0.7680664
vt 0.27075195 0.7919922
vt 0.2692871 0.79833984
vt 0.26342773 0.7919922
vt 0.27539062 0.79052734
vt 0.27441406 0.7949219
vt 0.26538086 0.7861328
vt 0.25585938 0.7861328
vt 0.25756836 0.77978516
vt 0.24645996 0.77978516
vt 0.26782227 0.8041992
vt 0.2602539 0.8041992
vt 0.2668457 0.8105469
vt 0.26171875 0.79833984
vt 0.2529297 0.79833984
vt 0.2541504 0.7919922
vt 0.24414062 0.7919922
vt 0.24523926 0.7861328
vt 0.234375 0.7861328
vt 0.2734375 0.8027344
vt 0.27856445 0.7792969
vt 0.27270508 0.8100586
vt 0.27954102 0.7675781
vt 0.28320312 0.71435547
vt 0.28222656 0.7373047
vt 0.28076172 0.7607422
vt 0.27783203 0.79052734
vt 0.27783203 0.79003906
vt 0.2722168 0.8144531
vt 0.27197266 0.81884766
vt 0.26513672 0.8227539
vt 0.27783203 0.7895508
vt 0.27734375 0.80126953
vt 0.2824707 0.72802734
vt 0.28173828 0.73828125
vt 0.28076172 0.7866211
vt 0.26586914 0.81640625
vt 0.25830078 0.81640625
vt 0.2590332 0.8105469
vt 0.25073242 0.8105469
vt 0.25170898 0.8041992
vt 0.24267578 0.8041992
vt 0.24328613 0.79833984
vt 0.23364258 0.79833984
vt 0.23400879 0.7919922
vt 0.22436523 0.7919922
vt 0.25024414 0.81640625
vt 0.24963379 0.8227539
vt 0.24194336 0.81640625
vt 0.2421875 0.8105469
vt 0.23364258 0.8105469
vt 0.23364258 0.8041992
vt 0.22485352 0.8041992
vt 0.22460938 0.79833984
vt 0.21655273 0.79833984
vt 0.25756836 0.8227539
vt 0.25708008 0.8286133
vt 0.26464844 0.8286133
vt 0.26464844 0.83496094
vt 0.27172852 0.82666016
vt 0.27172852 0.8354492
vt 0.27734375 0.81933594
vt 0.27856445 0.8364258
vt 0.2841797 0.8261719
vt 0.2878418 0.85302734
vt 0.28027344 0.85058594
vt 0.28125 0.859375
vt 0.2734375 0.85253906
vt 0.2878418 0.859375
vt 0.2878418 0.8652344
vt 0.28173828 0.8652344
vt 0.27563477 0.8652344
vt 0.2746582 0.859375
vt 0.26782227 0.859375
vt 0.26953125 0.8652344
vt 0.26367188 0.8652344
vt 0.27246094 0.8442383
vt 0.26538086 0.84716797
vt 0.26635742 0.85302734
vt 0.25878906 0.85302734
vt 0.26049805 0.859375
vt 0.25170898 0.859375
vt 0.25317383 0.8652344
vt 0.24279785 0.8652344
vt 0.26489258 0.8408203
vt 0.25708008 0.8408203
vt 0.2578125 0.84716797
vt 0.24987793 0.84716797
vt 0.25073242 0.85302734
vt 0.2421875 0.85302734
vt 0.24243164 0.859375
vt 0.2331543 0.859375
vt 0.23254395 0.8652344
vt 0.22216797 0.8652344
vt 0.25683594 0.83496094
vt 0.24926758 0.83496094
vt 0.24938965 0.8408203
vt 0.24169922 0.8408203
vt 0.24182129 0.84716797
vt 0.23388672 0.84716797
vt 0.23364258 0.85302734
vt 0.22546387 0.85302734
vt 0.22436523 0.859375
vt 0.21679688 0.859375
vt 0.21557617 0.8652344
vt 0.20910645 0.8652344
vt 0.20996094 0.8535156
vt 0.20373535 0.8364258
vt 0.21081543 0.84375
vt 0.20251465 0.8652344
vt 0.19604492 0.8652344
vt 0.21777344 0.85302734
vt 0.21838379 0.84716797
vt 0.22607422 0.84716797
vt 0.22631836 0.8408203
vt 0.23400879 0.8408203
vt 0.23388672 0.83496094
vt 0.24157715 0.83496094
vt 0.24157715 0.8286133
vt 0.24926758 0.8286133
vt 0.24169922 0.8227539
vt 0.23376465 0.8227539
vt 0.23388672 0.8286133
vt 0.22619629 0.8286133
vt 0.22631836 0.83496094
vt 0.21875 0.83496094
vt 0.23364258 0.81640625
vt 0.22558594 0.81640625
vt 0.21862793 0.8408203
vt 0.21179199 0.83447266
vt 0.22595215 0.8227539
vt 0.21826172 0.8227539
vt 0.22521973 0.8105469
vt 0.21740723 0.8105469
vt 0.21850586 0.8286133
vt 0.21154785 0.81933594
vt 0.21179199 0.82714844
vt 0.20617676 0.80371094
vt 0.21789551 0.81640625
vt 0.21118164 0.8105469
vt 0.21691895 0.8041992
vt 0.21008301 0.79589844
vt 0.21142578 0.8149414
vt 0.20593262 0.7919922
vt 0.20568848 0.7919922
vt 0.20605469 0.79248047
vt 0.20532227 0.78125
vt 0.20129395 0.73876953
vt 0.20300293 0.76464844
vt 0.21069336 0.80322266
vt 0.20202637 0.76171875
vt 0.19946289 0.6982422
vt 0.1986084 0.65283203
vt 0.19616699 0.4868164
vt 0.20336914 0.78515625
vt 0.20654297 0.8149414
vt 0.20593262 0.8144531
vt 0.2019043 0.76904297
vt 0.20043945 0.75634766
vt 0.19799805 0.64941406
vt 0.19689941 0.6503906
vt 0.19689941 0.48950195
vt 0.21142578 0.8388672
vt 0.20495605 0.81640625
vt 0.19909668 0.7783203
vt 0.19604492 0.67626953
vt 0.19604492 0.4868164
vt 0.1986084 0.33398438
vt 0.19934082 0.31860352
vt 0.2866211 0.67822266
vt 0.28588867 0.7241211
vt 0.2854004 0.7348633
vt 0.28637695 0.69873047
vt 0.2866211 0.64453125
vt 0.28710938 0.60498047
vt 0.28759766 0.46240234
vt 0.28564453 0.71972656
vt 0.28466797 0.74560547
vt 0.28393555 0.74560547
vt 0.2824707 0.76220703
vt 0.28125 0.76660156
vt 0.27978516 0.7714844
vt 0.28564453 0.7060547
vt 0.28515625 0.69628906
vt 0.28320312 0.74560547
vt 0.28173828 0.75683594
vt 0.27807617 0.7788086
vt 0.28637695 0.6166992
vt 0.2854004 0.6591797
vt 0.2841797 0.7182617
vt 0.28271484 0.7402344
vt 0.28051758 0.7680664
vt 0.2800293 0.7675781
vt 0.27661133 0.7861328
vt 0.27539062 0.79052734
vt 0.27441406 0.7949219
vt 0.27954102 0.7675781
vt 0.28320312 0.71435547
vt 0.28320312 0.72509766
vt 0.2854004 0.62841797
vt 0.28442383 0.6738281
vt 0.28222656 0.7373047
vt 0.28076172 0.7607422
vt 0.28515625 0.6220703
vt 0.28515625 0.6152344
vt 0.28686523 0.4597168
vt 0.2824707 0.72802734
vt 0.28173828 0.7446289
vt 0.27783203 0.79003906
vt 0.27783203 0.79052734
vt 0.27783203 0.7895508
vt 0.28173828 0.73828125
vt 0.28076172 0.7866211
vt 0.2841797 0.6308594
vt 0.20275879 0.18847656
vt 0.20166016 0.20471191
vt 0.19921875 0.27539062
vt 0.20153809 0.21191406
vt 0.2052002 0.17004395
vt 0.20092773 0.23486328
vt 0.20568848 0.15844727
vt 0.21069336 0.13916016
vt 0.20544434 0.15930176
vt 0.19848633 0.32055664
vt 0.19934082 0.28979492
vt 0.19616699 0.4868164
vt 0.19836426 0.32714844
vt 0.21081543 0.13476562
vt 0.21105957 0.1303711
vt 0.21765137 0.12658691
vt 0.20544434 0.15991211
vt 0.20593262 0.14782715
vt 0.2010498 0.22143555
vt 0.20166016 0.21105957
vt 0.20263672 0.16247559
vt 0.1986084 0.33251953
vt 0.19946289 0.30444336
vt 0.20117188 0.2529297
vt 0.19848633 0.34423828
vt 0.19921875 0.3190918
vt 0.2010498 0.27075195
vt 0.20617676 0.12976074
vt 0.20495605 0.1126709
vt 0.21166992 0.11364746
vt 0.19934082 0.123168945
vt 0.19604492 0.096069336
vt 0.21142578 0.1227417
vt 0.21838379 0.11437988
vt 0.21801758 0.1204834
vt 0.22583008 0.1204834
vt 0.2019043 0.25024414
vt 0.20581055 0.21447754
vt 0.20507812 0.2253418
vt 0.21069336 0.20166016
vt 0.20507812 0.22595215
vt 0.20324707 0.22961426
vt 0.2019043 0.24304199
vt 0.20605469 0.20373535
vt 0.2064209 0.20373535
vt 0.21166992 0.18713379
vt 0.21118164 0.19433594
vt 0.21801758 0.18762207
vt 0.21032715 0.2064209
vt 0.21716309 0.1998291
vt 0.21020508 0.21105957
vt 0.2175293 0.19372559
vt 0.22546387 0.19372559
vt 0.20532227 0.22644043
vt 0.20507812 0.23669434
vt 0.20251465 0.25024414
vt 0.20141602 0.26220703
vt 0.20141602 0.26953125
vt 0.2010498 0.28881836
vt 0.19848633 0.35620117
vt 0.19946289 0.33374023
vt 0.22583008 0.18762207
vt 0.22607422 0.18151855
vt 0.23388672 0.18762207
vt 0.21838379 0.18151855
vt 0.21838379 0.17541504
vt 0.21154785 0.18249512
vt 0.21130371 0.17785645
vt 0.2055664 0.20349121
vt 0.20568848 0.19226074
vt 0.20166016 0.2310791
vt 0.20288086 0.20898438
vt 0.20153809 0.22387695
vt 0.20532227 0.18151855
vt 0.20581055 0.18115234
vt 0.21081543 0.16308594
vt 0.21105957 0.17041016
vt 0.21789551 0.16320801
vt 0.20483398 0.18164062
vt 0.21032715 0.15405273
vt 0.21826172 0.16931152
vt 0.22583008 0.16931152
vt 0.21057129 0.1586914
vt 0.21728516 0.15100098
vt 0.21044922 0.14660645
vt 0.21716309 0.13879395
vt 0.2175293 0.15710449
vt 0.22521973 0.15710449
vt 0.22558594 0.16320801
vt 0.23364258 0.16320801
vt 0.22607422 0.17541504
vt 0.23388672 0.17541504
vt 0.21728516 0.13269043
vt 0.22509766 0.13269043
vt 0.23376465 0.16931152
vt 0.24169922 0.16931152
vt 0.23388672 0.18151855
vt 0.24182129 0.18151855
vt 0.22546387 0.12658691
vt 0.23364258 0.12658691
vt 0.24169922 0.17541504
vt 0.24963379 0.17541504
vt 0.24182129 0.16320801
vt 0.25 0.16320801
vt 0.24194336 0.15710449
vt 0.24975586 0.16931152
vt 0.25756836 0.16931152
vt 0.23352051 0.15710449
vt 0.23339844 0.15100098
vt 0.22509766 0.15100098
vt 0.22497559 0.14489746
vt 0.21716309 0.14489746
vt 0.22497559 0.13879395
vt 0.23352051 0.13879395
vt 0.23339844 0.14489746
vt 0.2421875 0.14489746
vt 0.24206543 0.15100098
vt 0.25073242 0.15100098
vt 0.23352051 0.13269043
vt 0.24230957 0.13269043
vt 0.25048828 0.15710449
vt 0.25854492 0.15710449
vt 0.24230957 0.13879395
vt 0.25097656 0.13879395
vt 0.25097656 0.14489746
vt 0.25927734 0.14489746
vt 0.2590332 0.15100098
vt 0.2668457 0.15100098
vt 0.25805664 0.16320801
vt 0.26586914 0.16320801
vt 0.26635742 0.15710449
vt 0.27294922 0.16271973
vt 0.25097656 0.13269043
vt 0.25048828 0.12658691
vt 0.25927734 0.13269043
vt 0.25952148 0.13879395
vt 0.26708984 0.13879395
vt 0.26708984 0.14489746
vt 0.27368164 0.15344238
vt 0.2734375 0.15808105
vt 0.27856445 0.17932129
vt 0.2421875 0.12658691
vt 0.24194336 0.1204834
vt 0.23376465 0.1204834
vt 0.23388672 0.11437988
vt 0.22607422 0.11437988
vt 0.22619629 0.10827637
vt 0.21850586 0.10827637
vt 0.21826172 0.10217285
vt 0.21118164 0.10479736
vt 0.21044922 0.09667969
vt 0.20349121 0.09869385
vt 0.20288086 0.08996582
vt 0.19604492 0.08996582
vt 0.19604492 0.083862305
vt 0.20251465 0.083862305
vt 0.20910645 0.083862305
vt 0.2097168 0.08996582
vt 0.21679688 0.08996582
vt 0.21557617 0.083862305
vt 0.22216797 0.083862305
vt 0.21777344 0.096069336
vt 0.22546387 0.096069336
vt 0.22436523 0.08996582
vt 0.2331543 0.08996582
vt 0.23254395 0.083862305
vt 0.24279785 0.083862305
vt 0.22595215 0.10217285
vt 0.23388672 0.10217285
vt 0.23364258 0.096069336
vt 0.2421875 0.096069336
vt 0.24243164 0.08996582
vt 0.25170898 0.08996582
vt 0.25317383 0.083862305
vt 0.26367188 0.083862305
vt 0.23388672 0.10827637
vt 0.24182129 0.10827637
vt 0.24194336 0.10217285
vt 0.25 0.10217285
vt 0.25073242 0.096069336
vt 0.25878906 0.096069336
vt 0.26049805 0.08996582
vt 0.26782227 0.08996582
vt 0.26953125 0.083862305
vt 0.27563477 0.083862305
vt 0.24182129 0.11437988
vt 0.24975586 0.11437988
vt 0.24963379 0.10827637
vt 0.25756836 0.10827637
vt 0.2578125 0.10217285
vt 0.265625 0.10217285
vt 0.26635742 0.096069336
vt 0.27319336 0.10522461
vt 0.27441406 0.09564209
vt 0.28027344 0.112854004
vt 0.28173828 0.083862305
vt 0.2878418 0.083862305
vt 0.28466797 0.17089844
vt 0.28686523 0.29907227
vt 0.28320312 0.19299316
vt 0.2878418 0.27319336
vt 0.2878418 0.46240234
vt 0.27905273 0.1328125
vt 0.27783203 0.1348877
vt 0.27246094 0.11035156
vt 0.27197266 0.11468506
vt 0.26513672 0.10827637
vt 0.26538086 0.11437988
vt 0.25756836 0.11437988
vt 0.25805664 0.1204834
vt 0.25024414 0.1204834
vt 0.25878906 0.12658691
vt 0.26635742 0.12658691
vt 0.26586914 0.1204834
vt 0.27270508 0.12963867
vt 0.2722168 0.12219238
vt 0.27783203 0.14562988
vt 0.2668457 0.13269043
vt 0.2734375 0.13867188
vt 0.27734375 0.1340332
vt 0.28051758 0.1640625
vt 0.27319336 0.13415527
vt 0.2783203 0.15710449
vt 0.2783203 0.15722656
vt 0.2783203 0.15673828
vt 0.2788086 0.16784668
vt 0.28271484 0.21044922
vt 0.28125 0.18457031
vt 0.27368164 0.1459961
vt 0.28173828 0.1875
vt 0.2841797 0.25097656
vt 0.28515625 0.29614258
vt 0.28759766 0.46240234
vt 0.28442383 0.26538086
vt 0.28564453 0.30004883
vt 0.28222656 0.19946289
vt 0.28173828 0.18029785
vt 0.28686523 0.4597168
vt 0.28515625 0.6152344
vt 0.2841797 0.6308594
vt 0.2824707 0.20666504
vt 0.28295898 0.22839355
vt 0.28515625 0.30810547
vt 0.28442383 0.2800293
vt 0.27905273 0.17907715
vt 0.28222656 0.21862793
vt 0.28100586 0.2052002
vt 0.27807617 0.17932129
vt 0.27807617 0.19006348
vt 0.28198242 0.22595215
vt 0.2824707 0.24645996
vt 0.28515625 0.31982422
vt 0.2841797 0.29467773
vt 0.28515625 0.3317871
vt 0.28466797 0.30932617
vt 0.28295898 0.2644043
vt 0.27270508 0.16992188
vt 0.2722168 0.1772461
vt 0.27807617 0.20080566
vt 0.2775879 0.20153809
vt 0.28173828 0.23791504
vt 0.28051758 0.22570801
vt 0.28198242 0.24511719
vt 0.27807617 0.21228027
vt 0.27905273 0.22265625
vt 0.27368164 0.20092773
vt 0.27929688 0.22375488
vt 0.26538086 0.16931152
vt 0.26513672 0.17541504
vt 0.27734375 0.20202637
vt 0.27197266 0.18664551
vt 0.27197266 0.18200684
vt 0.27270508 0.19372559
vt 0.26586914 0.18762207
vt 0.25732422 0.17541504
vt 0.25756836 0.18151855
vt 0.26513672 0.18151855
vt 0.24975586 0.18151855
vt 0.25024414 0.18762207
vt 0.25830078 0.18762207
vt 0.25927734 0.19372559
vt 0.2668457 0.19372559
vt 0.26782227 0.1998291
vt 0.24206543 0.18762207
vt 0.24243164 0.19372559
vt 0.27416992 0.20581055
vt 0.27441406 0.21057129
vt 0.25097656 0.19372559
vt 0.25170898 0.1998291
vt 0.23376465 0.19372559
vt 0.23376465 0.1998291
vt 0.2602539 0.1998291
vt 0.26049805 0.20593262
vt 0.26831055 0.20593262
vt 0.26782227 0.21203613
vt 0.24267578 0.1998291
vt 0.24279785 0.20593262
vt 0.22509766 0.1998291
vt 0.22485352 0.20593262
vt 0.25195312 0.20593262
vt 0.25170898 0.21203613
vt 0.2602539 0.21203613
vt 0.25927734 0.21813965
vt 0.23364258 0.20593262
vt 0.23376465 0.21203613
vt 0.21691895 0.20593262
vt 0.21716309 0.21203613
vt 0.24267578 0.21203613
vt 0.24243164 0.21813965
vt 0.25097656 0.21813965
vt 0.25048828 0.22424316
vt 0.22509766 0.21203613
vt 0.22546387 0.21813965
vt 0.21032715 0.21826172
vt 0.21069336 0.2253418
vt 0.23376465 0.21813965
vt 0.23388672 0.22424316
vt 0.2421875 0.22424316
vt 0.24194336 0.23034668
vt 0.2175293 0.21813965
vt 0.21801758 0.22424316
vt 0.20507812 0.24707031
vt 0.20568848 0.24816895
vt 0.22583008 0.22424316
vt 0.22595215 0.23034668
vt 0.23388672 0.23034668
vt 0.23388672 0.2364502
vt 0.21118164 0.23022461
vt 0.21142578 0.23510742
vt 0.20178223 0.28149414
vt 0.20324707 0.27075195
vt 0.21826172 0.23034668
vt 0.21813965 0.2364502
vt 0.22583008 0.2364502
vt 0.22558594 0.24255371
vt 0.20629883 0.24902344
vt 0.20581055 0.25878906
vt 0.2019043 0.28881836
vt 0.2010498 0.30688477
vt 0.21130371 0.24206543
vt 0.21081543 0.24914551
vt 0.21777344 0.24255371
vt 0.21740723 0.24865723
vt 0.1986084 0.36816406
vt 0.19921875 0.34814453
vt 0.2052002 0.26879883
vt 0.20532227 0.2705078
vt 0.21057129 0.2541504
vt 0.21057129 0.2590332
vt 0.20153809 0.30078125
vt 0.20275879 0.29125977
vt 0.2055664 0.27172852
vt 0.20532227 0.28100586
vt 0.20153809 0.30786133
vt 0.2010498 0.32470703
vt 0.1986084 0.3798828
vt 0.19946289 0.36279297
vt 0.1986084 0.3918457
vt 0.19934082 0.3774414
vt 0.20129395 0.34277344
vt 0.21057129 0.26586914
vt 0.21740723 0.26098633
vt 0.2109375 0.27294922
vt 0.2052002 0.29077148
vt 0.20593262 0.2927246
vt 0.2019043 0.31982422
vt 0.20336914 0.31201172
vt 0.20202637 0.32714844
vt 0.20617676 0.30322266
vt 0.21716309 0.2548828
vt 0.22509766 0.2548828
vt 0.20654297 0.2944336
vt 0.21179199 0.28295898
vt 0.22521973 0.24865723
vt 0.23364258 0.24865723
vt 0.21142578 0.27807617
vt 0.21826172 0.27319336
vt 0.21777344 0.26708984
vt 0.22558594 0.26708984
vt 0.22521973 0.26098633
vt 0.23364258 0.26098633
vt 0.23376465 0.24255371
vt 0.24206543 0.24255371
vt 0.23352051 0.2548828
vt 0.24243164 0.2548828
vt 0.24194336 0.2364502
vt 0.25 0.2364502
vt 0.24230957 0.24865723
vt 0.25097656 0.24865723
vt 0.25 0.23034668
vt 0.2578125 0.23034668
vt 0.25048828 0.24255371
vt 0.25854492 0.24255371
vt 0.25854492 0.22424316
vt 0.26611328 0.22424316
vt 0.25805664 0.2364502
vt 0.26586914 0.2364502
vt 0.26708984 0.21813965
vt 0.27368164 0.22473145
vt 0.265625 0.23034668
vt 0.27246094 0.23461914
vt 0.27416992 0.21765137
vt 0.27929688 0.23449707
vt 0.27294922 0.22973633
vt 0.27807617 0.24597168
vt 0.27905273 0.22460938
vt 0.28173828 0.24633789
vt 0.28271484 0.25708008
vt 0.27905273 0.24450684
vt 0.28295898 0.2824707
vt 0.28271484 0.2644043
vt 0.2854004 0.34375
vt 0.28442383 0.32373047
vt 0.28198242 0.2763672
vt 0.28051758 0.2668457
vt 0.2775879 0.24731445
vt 0.27807617 0.2565918
vt 0.28198242 0.28344727
vt 0.28271484 0.30029297
vt 0.28515625 0.35546875
vt 0.28442383 0.3383789
vt 0.27856445 0.26635742
vt 0.27319336 0.24853516
vt 0.2824707 0.29541016
vt 0.2788086 0.26831055
vt 0.27246094 0.24157715
vt 0.28125 0.28735352
vt 0.26635742 0.24255371
vt 0.2668457 0.24865723
vt 0.2734375 0.2536621
vt 0.27368164 0.25854492
vt 0.27856445 0.27001953
vt 0.2788086 0.2788086
vt 0.2824707 0.30273438
vt 0.28271484 0.31835938
vt 0.25927734 0.24865723
vt 0.25952148 0.2548828
vt 0.26733398 0.2548828
vt 0.2668457 0.26098633
vt 0.28515625 0.36743164
vt 0.2841797 0.35302734
vt 0.28515625 0.37939453
vt 0.28222656 0.33642578
vt 0.2734375 0.26538086
vt 0.27294922 0.2722168
vt 0.2512207 0.2548828
vt 0.25097656 0.26098633
vt 0.27856445 0.28808594
vt 0.27783203 0.29052734
vt 0.28173828 0.31469727
vt 0.28027344 0.30810547
vt 0.25927734 0.26098633
vt 0.25854492 0.26708984
vt 0.24230957 0.26098633
vt 0.24206543 0.26708984
vt 0.28149414 0.32202148
vt 0.27734375 0.3010254
vt 0.2770996 0.29248047
vt 0.27172852 0.2824707
vt 0.26635742 0.26708984
vt 0.26538086 0.27319336
vt 0.2722168 0.27734375
vt 0.27783203 0.30981445
vt 0.27783203 0.31274414
vt 0.27197266 0.29614258
vt 0.28198242 0.33398438
vt 0.27172852 0.28930664
vt 0.26464844 0.2854004
vt 0.26489258 0.27929688
vt 0.25708008 0.27929688
vt 0.28100586 0.32861328
vt 0.28442383 0.36767578
vt 0.2578125 0.27319336
vt 0.24987793 0.27319336
vt 0.25048828 0.26708984
vt 0.2824707 0.34106445
vt 0.27929688 0.3232422
vt 0.2836914 0.3544922
vt 0.28564453 0.39111328
vt 0.28051758 0.33154297
vt 0.27563477 0.31982422
vt 0.28076172 0.33496094
vt 0.27807617 0.31518555
vt 0.27319336 0.30664062
vt 0.27441406 0.31323242
vt 0.2680664 0.30981445
vt 0.27246094 0.30126953
vt 0.26538086 0.29760742
vt 0.26660156 0.30371094
vt 0.25878906 0.30371094
vt 0.26489258 0.2915039
vt 0.25708008 0.2915039
vt 0.2578125 0.29760742
vt 0.24987793 0.29760742
vt 0.25683594 0.2854004
vt 0.24926758 0.2854004
vt 0.24938965 0.2915039
vt 0.24157715 0.2915039
vt 0.24938965 0.27929688
vt 0.24169922 0.27929688
vt 0.24157715 0.2854004
vt 0.23388672 0.2854004
vt 0.24182129 0.27319336
vt 0.23388672 0.27319336
vt 0.23388672 0.27929688
vt 0.22619629 0.27929688
vt 0.23376465 0.26708984
vt 0.22595215 0.27319336
vt 0.21862793 0.27929688
vt 0.21862793 0.2854004
vt 0.22631836 0.2854004
vt 0.22619629 0.2915039
vt 0.21179199 0.28979492
vt 0.21154785 0.29663086
vt 0.23388672 0.2915039
vt 0.23376465 0.29760742
vt 0.21850586 0.2915039
vt 0.21826172 0.29760742
vt 0.20568848 0.3125
vt 0.20581055 0.3149414
vt 0.24182129 0.29760742
vt 0.24230957 0.30371094
vt 0.22595215 0.29760742
vt 0.22558594 0.30371094
vt 0.21130371 0.3017578
vt 0.21105957 0.30688477
vt 0.20178223 0.33911133
vt 0.20300293 0.33251953
vt 0.25073242 0.30371094
vt 0.25195312 0.30981445
vt 0.21777344 0.30371094
vt 0.21728516 0.30981445
vt 0.20593262 0.31689453
vt 0.2052002 0.32543945
vt 0.20153809 0.34643555
vt 0.2006836 0.36083984
vt 0.26049805 0.30981445
vt 0.2619629 0.31591797
vt 0.21044922 0.3137207
vt 0.20983887 0.32055664
vt 0.19836426 0.4038086
vt 0.19909668 0.39208984
vt 0.26953125 0.31591797
vt 0.27075195 0.32202148
vt 0.20446777 0.33422852
vt 0.20458984 0.3371582
vt 0.2010498 0.35839844
vt 0.27661133 0.3251953
vt 0.27685547 0.3305664
vt 0.20227051 0.35302734
vt 0.28076172 0.33789062
vt 0.28051758 0.34545898
vt 0.28271484 0.3491211
vt 0.2836914 0.35302734
vt 0.28515625 0.38208008
vt 0.28344727 0.36035156
vt 0.28344727 0.37231445
vt 0.28564453 0.40307617
vt 0.28466797 0.39672852
vt 0.28564453 0.39111328
vt 0.2854004 0.41479492
vt 0.2849121 0.41137695
vt 0.28320312 0.39038086
vt 0.2763672 0.33691406
vt 0.27026367 0.33422852
vt 0.27514648 0.34350586
vt 0.2800293 0.35351562
vt 0.2788086 0.35717773
vt 0.2824707 0.37231445
vt 0.28100586 0.36987305
vt 0.28222656 0.37963867
vt 0.27856445 0.36767578
vt 0.27124023 0.328125
vt 0.26367188 0.328125
vt 0.27807617 0.3605957
vt 0.27319336 0.3544922
vt 0.2631836 0.32202148
vt 0.2541504 0.32202148
vt 0.27392578 0.3491211
vt 0.26757812 0.34643555
vt 0.26904297 0.34033203
vt 0.2614746 0.34033203
vt 0.26293945 0.33422852
vt 0.25390625 0.33422852
vt 0.25317383 0.31591797
vt 0.24365234 0.31591797
vt 0.25463867 0.328125
vt 0.24450684 0.328125
vt 0.24291992 0.30981445
vt 0.23388672 0.30981445
vt 0.2442627 0.32202148
vt 0.23425293 0.32202148
vt 0.23376465 0.30371094
vt 0.23400879 0.31591797
vt 0.22485352 0.31591797
vt 0.22521973 0.30981445
vt 0.2166748 0.31591797
vt 0.21643066 0.32202148
vt 0.22473145 0.32202148
vt 0.22473145 0.328125
vt 0.20959473 0.3256836
vt 0.20959473 0.3310547
vt 0.234375 0.328125
vt 0.234375 0.33422852
vt 0.2163086 0.328125
vt 0.2166748 0.33422852
vt 0.20483398 0.3395996
vt 0.20471191 0.34765625
vt 0.2442627 0.33422852
vt 0.24365234 0.34033203
vt 0.22497559 0.33422852
vt 0.2253418 0.34033203
vt 0.20983887 0.33764648
vt 0.21032715 0.34423828
vt 0.20117188 0.36547852
vt 0.20080566 0.37890625
vt 0.234375 0.34033203
vt 0.23425293 0.34643555
vt 0.21728516 0.34033203
vt 0.21777344 0.34643555
vt 0.20483398 0.35595703
vt 0.2055664 0.359375
vt 0.19848633 0.41552734
vt 0.19934082 0.40649414
vt 0.22570801 0.34643555
vt 0.22595215 0.35253906
vt 0.2109375 0.34960938
vt 0.21130371 0.35498047
vt 0.20166016 0.3774414
vt 0.203125 0.37353516
vt 0.21813965 0.35253906
vt 0.21789551 0.35864258
vt 0.20605469 0.3623047
vt 0.2055664 0.36987305
vt 0.20178223 0.38476562
vt 0.20092773 0.39672852
vt 0.21105957 0.36132812
vt 0.21057129 0.36791992
vt 0.19848633 0.42749023
vt 0.19921875 0.42114258
vt 0.19848633 0.43920898
vt 0.19934082 0.43579102
vt 0.20092773 0.41479492
vt 0.20495605 0.3779297
vt 0.20495605 0.3815918
vt 0.20129395 0.39672852
vt 0.20251465 0.3942871
vt 0.20129395 0.40405273
vt 0.20495605 0.39208984
vt 0.2052002 0.38500977
vt 0.21008301 0.37890625
vt 0.21020508 0.37353516
vt 0.21704102 0.3708496
vt 0.21740723 0.3647461
vt 0.2253418 0.3647461
vt 0.22570801 0.35864258
vt 0.23400879 0.35864258
vt 0.23413086 0.35253906
vt 0.24255371 0.35253906
vt 0.24304199 0.34643555
vt 0.25170898 0.34643555
vt 0.2529297 0.34033203
vt 0.26000977 0.34643555
vt 0.2590332 0.35253906
vt 0.25097656 0.35253906
vt 0.25097656 0.35864258
vt 0.24255371 0.35864258
vt 0.24279785 0.3647461
vt 0.26660156 0.35253906
vt 0.2668457 0.35864258
vt 0.23400879 0.3647461
vt 0.23388672 0.3708496
vt 0.25927734 0.35864258
vt 0.26000977 0.3647461
vt 0.2734375 0.36083984
vt 0.27416992 0.36743164
vt 0.25170898 0.3647461
vt 0.2524414 0.3708496
vt 0.22497559 0.3708496
vt 0.22485352 0.37695312
vt 0.26757812 0.3647461
vt 0.2685547 0.3708496
vt 0.27929688 0.37524414
vt 0.27954102 0.37939453
vt 0.26098633 0.3708496
vt 0.2614746 0.37695312
vt 0.21679688 0.37695312
vt 0.21704102 0.38305664
vt 0.27490234 0.37304688
vt 0.27514648 0.37841797
vt 0.28295898 0.39160156
vt 0.28198242 0.39038086
vt 0.26904297 0.37695312
vt 0.2685547 0.38305664
vt 0.21020508 0.3852539
vt 0.21057129 0.3918457
vt 0.27954102 0.38305664
vt 0.27954102 0.38989258
vt 0.28295898 0.39868164
vt 0.28320312 0.40844727
vt 0.27490234 0.38476562
vt 0.27416992 0.39111328
vt 0.20495605 0.3996582
vt 0.20568848 0.4038086
vt 0.2854004 0.4267578
vt 0.28442383 0.4260254
vt 0.27929688 0.39697266
vt 0.27856445 0.40161133
vt 0.20178223 0.41601562
vt 0.28222656 0.41064453
vt 0.203125 0.41479492
vt 0.28076172 0.41088867
vt 0.2854004 0.4387207
vt 0.2849121 0.4404297
vt 0.28295898 0.42651367
vt 0.28222656 0.41796875
vt 0.2783203 0.41210938
vt 0.27783203 0.40576172
vt 0.27270508 0.40234375
vt 0.2854004 0.45043945
vt 0.2849121 0.45507812
vt 0.28320312 0.44433594
vt 0.2861328 0.46240234
vt 0.28637695 0.46972656
vt 0.28466797 0.46240234
vt 0.27319336 0.39672852
vt 0.26660156 0.39526367
vt 0.26757812 0.38916016
vt 0.26000977 0.38916016
vt 0.26098633 0.38305664
vt 0.2524414 0.38305664
vt 0.25268555 0.37695312
vt 0.2434082 0.37695312
vt 0.24316406 0.3708496
vt 0.23388672 0.37695312
vt 0.23388672 0.38305664
vt 0.24316406 0.38305664
vt 0.24279785 0.38916016
vt 0.25170898 0.38916016
vt 0.25097656 0.39526367
vt 0.22497559 0.38305664
vt 0.2253418 0.38916016
vt 0.2590332 0.39526367
vt 0.25854492 0.4013672
vt 0.23388672 0.38916016
vt 0.23400879 0.39526367
vt 0.21740723 0.38916016
vt 0.21789551 0.39526367
vt 0.24243164 0.39526367
vt 0.2421875 0.4013672
vt 0.26611328 0.4013672
vt 0.26660156 0.4074707
vt 0.22570801 0.39526367
vt 0.22595215 0.4013672
vt 0.21105957 0.39746094
vt 0.21130371 0.40283203
vt 0.23400879 0.4013672
vt 0.23388672 0.4074707
vt 0.27319336 0.4086914
vt 0.27392578 0.41479492
vt 0.21813965 0.4013672
vt 0.21789551 0.4074707
vt 0.20617676 0.4074707
vt 0.20568848 0.41430664
vt 0.22570801 0.4074707
vt 0.2253418 0.41357422
vt 0.27929688 0.41870117
vt 0.27954102 0.42382812
vt 0.21105957 0.4091797
vt 0.21057129 0.41552734
vt 0.20178223 0.4230957
vt 0.20092773 0.43286133
vt 0.2175293 0.41357422
vt 0.21704102 0.41967773
vt 0.28271484 0.42993164
vt 0.28173828 0.43164062
vt 0.20507812 0.42138672
vt 0.20507812 0.4260254
vt 0.19848633 0.45117188
vt 0.19921875 0.45043945
vt 0.21020508 0.42114258
vt 0.21008301 0.4267578
vt 0.28271484 0.43725586
vt 0.27954102 0.43432617
vt 0.20141602 0.4350586
vt 0.20251465 0.43530273
vt 0.2052002 0.43017578
vt 0.20507812 0.43652344
vt 0.27929688 0.4284668
vt 0.27490234 0.42651367
vt 0.20141602 0.4423828
vt 0.20092773 0.45092773
vt 0.2746582 0.4206543
vt 0.26831055 0.41967773
vt 0.19848633 0.46313477
vt 0.19934082 0.46484375
vt 0.26733398 0.41357422
vt 0.25976562 0.41357422
vt 0.25878906 0.4074707
vt 0.25073242 0.4074707
vt 0.25048828 0.4013672
vt 0.24230957 0.4074707
vt 0.24267578 0.41357422
vt 0.25146484 0.41357422
vt 0.25195312 0.41967773
vt 0.26049805 0.41967773
vt 0.26098633 0.42578125
vt 0.23388672 0.41357422
vt 0.23376465 0.41967773
vt 0.2685547 0.42578125
vt 0.26831055 0.43188477
vt 0.24291992 0.41967773
vt 0.24316406 0.42578125
vt 0.22497559 0.41967773
vt 0.22485352 0.42578125
vt 0.2524414 0.42578125
vt 0.25195312 0.43188477
vt 0.2746582 0.4326172
vt 0.27416992 0.4387207
vt 0.23376465 0.42578125
vt 0.23376465 0.43188477
vt 0.21679688 0.42578125
vt 0.21704102 0.43188477
vt 0.24291992 0.43188477
vt 0.24279785 0.43798828
vt 0.27929688 0.44067383
vt 0.2788086 0.44604492
vt 0.22497559 0.43188477
vt 0.2253418 0.43798828
vt 0.21020508 0.43310547
vt 0.21057129 0.43920898
vt 0.23388672 0.43798828
vt 0.23425293 0.4440918
vt 0.2824707 0.44921875
vt 0.28149414 0.45214844
vt 0.2175293 0.43798828
vt 0.21789551 0.4440918
vt 0.20495605 0.44311523
vt 0.2055664 0.4482422
vt 0.22583008 0.4440918
vt 0.22619629 0.4501953
vt 0.28320312 0.45629883
vt 0.28027344 0.45654297
vt 0.21105957 0.44506836
vt 0.21118164 0.45092773
vt 0.20178223 0.4543457
vt 0.20300293 0.4560547
vt 0.21813965 0.4501953
vt 0.21789551 0.45629883
vt 0.20605469 0.45288086
vt 0.20544434 0.45874023
vt 0.20166016 0.46166992
vt 0.20080566 0.46875
vt 0.21081543 0.45703125
vt 0.21020508 0.46313477
vt 0.19836426 0.47485352
vt 0.19897461 0.4794922
vt 0.19848633 0.4868164
vt 0.19946289 0.49414062
vt 0.20080566 0.4868164
vt 0.20471191 0.4650879
vt 0.20458984 0.47045898
vt 0.2010498 0.4736328
vt 0.20214844 0.4765625
vt 0.2010498 0.48095703
vt 0.20458984 0.48095703
vt 0.20471191 0.47558594
vt 0.20959473 0.47485352
vt 0.2097168 0.46899414
vt 0.21691895 0.46850586
vt 0.21740723 0.46240234
vt 0.22619629 0.46240234
vt 0.22619629 0.45629883
vt 0.23547363 0.45629883
vt 0.23474121 0.4501953
vt 0.24353027 0.4501953
vt 0.24291992 0.4440918
vt 0.25146484 0.4440918
vt 0.25146484 0.43798828
vt 0.26000977 0.43798828
vt 0.26049805 0.43188477
vt 0.26757812 0.43798828
vt 0.26733398 0.4440918
vt 0.25976562 0.4440918
vt 0.26049805 0.4501953
vt 0.25219727 0.4501953
vt 0.25439453 0.45629883
vt 0.27368164 0.44458008
vt 0.27416992 0.45043945
vt 0.24499512 0.45629883
vt 0.24682617 0.46240234
vt 0.2680664 0.4501953
vt 0.27026367 0.45629883
vt 0.2788086 0.45117188
vt 0.26293945 0.45629883
vt 0.26635742 0.46240234
vt 0.23620605 0.46240234
vt 0.2368164 0.46850586
vt 0.27612305 0.45629883
vt 0.2788086 0.46240234
vt 0.25708008 0.46240234
vt 0.25952148 0.46850586
vt 0.22595215 0.46850586
vt 0.22595215 0.47460938
vt 0.2734375 0.46240234
vt 0.27612305 0.46850586
vt 0.2824707 0.46240234
vt 0.2836914 0.46826172
vt 0.26904297 0.46850586
vt 0.27026367 0.47460938
vt 0.2166748 0.47460938
vt 0.21691895 0.4807129
vt 0.28076172 0.46850586
vt 0.28173828 0.47436523
vt 0.2854004 0.46826172
vt 0.28515625 0.47265625
vt 0.27734375 0.47460938
vt 0.27612305 0.4807129
vt 0.2097168 0.4807129
vt 0.21020508 0.4868164
vt 0.2841797 0.4736328
vt 0.2836914 0.47875977
vt 0.2854004 0.47558594
vt 0.28466797 0.48046875
vt 0.28076172 0.4802246
vt 0.27856445 0.48608398
vt 0.20471191 0.4868164
vt 0.2055664 0.49267578
vt 0.2861328 0.47436523
vt 0.28466797 0.484375
vt 0.28222656 0.48413086
vt 0.28027344 0.49047852
vt 0.20166016 0.49267578
vt 0.28295898 0.48754883
vt 0.20324707 0.4970703
vt 0.28125 0.49316406
vt 0.28515625 0.48608398
vt 0.28466797 0.4987793
vt 0.2824707 0.49829102
vt 0.28198242 0.49487305
vt 0.27807617 0.50097656
vt 0.2783203 0.4963379
vt 0.27368164 0.49829102
vt 0.28564453 0.49804688
vt 0.28515625 0.5136719
vt 0.2836914 0.51660156
vt 0.28564453 0.5097656
vt 0.28442383 0.52783203
vt 0.28344727 0.5341797
vt 0.2758789 0.4921875
vt 0.27001953 0.49291992
vt 0.2734375 0.4868164
vt 0.26611328 0.4868164
vt 0.26904297 0.4807129
vt 0.25952148 0.4807129
vt 0.26049805 0.47460938
vt 0.24902344 0.47460938
vt 0.24841309 0.46850586
vt 0.23706055 0.47460938
vt 0.2368164 0.4807129
vt 0.24841309 0.4807129
vt 0.24682617 0.4868164
vt 0.25708008 0.4868164
vt 0.2541504 0.49291992
vt 0.22595215 0.4807129
vt 0.22619629 0.4868164
vt 0.2626953 0.49291992
vt 0.25976562 0.49902344
vt 0.23620605 0.4868164
vt 0.23547363 0.49291992
vt 0.21740723 0.4868164
vt 0.21801758 0.49291992
vt 0.24487305 0.49291992
vt 0.24316406 0.49902344
vt 0.26708984 0.49902344
vt 0.265625 0.5053711
vt 0.22631836 0.49291992
vt 0.22644043 0.49902344
vt 0.2109375 0.49291992
vt 0.21154785 0.4987793
vt 0.23474121 0.49902344
vt 0.23425293 0.5053711
vt 0.27246094 0.50390625
vt 0.2722168 0.5097656
vt 0.21838379 0.49902344
vt 0.21850586 0.5053711
vt 0.20629883 0.49804688
vt 0.20605469 0.50341797
vt 0.22631836 0.5053711
vt 0.22607422 0.51123047
vt 0.27807617 0.5058594
vt 0.27807617 0.5126953
vt 0.21154785 0.5048828
vt 0.21142578 0.5107422
vt 0.2019043 0.5
vt 0.20129395 0.5048828
vt 0.21838379 0.51123047
vt 0.21801758 0.5175781
vt 0.28198242 0.50683594
vt 0.28100586 0.5136719
vt 0.2055664 0.50878906
vt 0.20568848 0.51464844
vt 0.1986084 0.4987793
vt 0.19934082 0.50878906
vt 0.21118164 0.51660156
vt 0.21081543 0.5229492
vt 0.2824707 0.51416016
vt 0.27929688 0.5234375
vt 0.20178223 0.51220703
vt 0.20288086 0.5175781
vt 0.20581055 0.5209961
vt 0.20507812 0.5253906
vt 0.2783203 0.51904297
vt 0.27319336 0.52246094
vt 0.20141602 0.51904297
vt 0.2006836 0.5229492
vt 0.27246094 0.5161133
vt 0.265625 0.5175781
vt 0.19836426 0.5107422
vt 0.19909668 0.5234375
vt 0.26538086 0.51123047
vt 0.25756836 0.51123047
vt 0.25805664 0.5053711
vt 0.25024414 0.5053711
vt 0.25170898 0.49902344
vt 0.2421875 0.5053711
vt 0.24182129 0.51123047
vt 0.24975586 0.51123047
vt 0.25 0.5175781
vt 0.25805664 0.5175781
vt 0.2590332 0.5234375
vt 0.23388672 0.51123047
vt 0.23376465 0.5175781
vt 0.2668457 0.5234375
vt 0.2680664 0.52978516
vt 0.24182129 0.5175781
vt 0.24230957 0.5234375
vt 0.22570801 0.5175781
vt 0.2253418 0.5234375
vt 0.25073242 0.5234375
vt 0.25195312 0.52978516
vt 0.27441406 0.52783203
vt 0.27563477 0.5336914
vt 0.23364258 0.5234375
vt 0.23376465 0.52978516
vt 0.2175293 0.5234375
vt 0.21704102 0.52978516
vt 0.24291992 0.52978516
vt 0.24353027 0.53564453
vt 0.28027344 0.52783203
vt 0.28076172 0.53466797
vt 0.22497559 0.52978516
vt 0.22473145 0.53564453
vt 0.21032715 0.5283203
vt 0.2097168 0.5341797
vt 0.23388672 0.53564453
vt 0.23400879 0.5419922
vt 0.28344727 0.5258789
vt 0.28271484 0.5341797
vt 0.21655273 0.53564453
vt 0.2163086 0.5419922
vt 0.20446777 0.53027344
vt 0.20458984 0.5371094
vt 0.2244873 0.5419922
vt 0.22460938 0.54785156
vt 0.28344727 0.5332031
vt 0.28027344 0.54541016
vt 0.20959473 0.54052734
vt 0.20959473 0.546875
vt 0.2010498 0.53125
vt 0.20227051 0.53808594
vt 0.2163086 0.54785156
vt 0.2166748 0.5541992
vt 0.20483398 0.54345703
vt 0.20483398 0.54785156
vt 0.20117188 0.5385742
vt 0.20080566 0.5410156
vt 0.20996094 0.5522461
vt 0.21032715 0.55810547
vt 0.19848633 0.52246094
vt 0.19934082 0.53808594
vt 0.19848633 0.5341797
vt 0.19921875 0.5522461
vt 0.2010498 0.55859375
vt 0.20483398 0.5522461
vt 0.2055664 0.55908203
vt 0.20178223 0.55029297
vt 0.203125 0.55908203
vt 0.20178223 0.5576172
vt 0.20568848 0.5698242
vt 0.20617676 0.56591797
vt 0.21130371 0.5708008
vt 0.2109375 0.5644531
vt 0.21789551 0.56640625
vt 0.21728516 0.5600586
vt 0.2253418 0.5600586
vt 0.22485352 0.5541992
vt 0.23413086 0.5541992
vt 0.23413086 0.54785156
vt 0.24414062 0.54785156
vt 0.24401855 0.5419922
vt 0.25390625 0.5419922
vt 0.2529297 0.53564453
vt 0.2619629 0.53564453
vt 0.26049805 0.52978516
vt 0.26953125 0.53564453
vt 0.2705078 0.5419922
vt 0.26293945 0.5419922
vt 0.2631836 0.54785156
vt 0.2541504 0.54785156
vt 0.25341797 0.5541992
vt 0.2763672 0.54003906
vt 0.27661133 0.5463867
vt 0.24389648 0.5541992
vt 0.2434082 0.5600586
vt 0.27075195 0.54785156
vt 0.2697754 0.5541992
vt 0.28051758 0.5415039
vt 0.26245117 0.5541992
vt 0.26098633 0.5600586
vt 0.23413086 0.5600586
vt 0.23413086 0.56640625
vt 0.2758789 0.5517578
vt 0.27490234 0.5576172
vt 0.2524414 0.5600586
vt 0.25146484 0.56640625
vt 0.22570801 0.56640625
vt 0.22595215 0.5722656
vt 0.2685547 0.5600586
vt 0.26708984 0.56640625
vt 0.27978516 0.5498047
vt 0.2788086 0.5571289
vt 0.25952148 0.56640625
vt 0.25878906 0.5722656
vt 0.21813965 0.5722656
vt 0.21801758 0.5786133
vt 0.27368164 0.56396484
vt 0.27294922 0.5703125
vt 0.28222656 0.54541016
vt 0.28100586 0.5551758
vt 0.26635742 0.5722656
vt 0.26635742 0.5786133
vt 0.21105957 0.5761719
vt 0.21069336 0.58203125
vt 0.27783203 0.5644531
vt 0.2783203 0.5678711
vt 0.28222656 0.5522461
vt 0.28295898 0.5522461
vt 0.27319336 0.5756836
vt 0.27368164 0.5810547
vt 0.20507812 0.57421875
vt 0.2052002 0.58154297
vt 0.2854004 0.52197266
vt 0.28466797 0.54248047
vt 0.27905273 0.57128906
vt 0.27929688 0.57910156
vt 0.20141602 0.5698242
vt 0.28271484 0.5644531
vt 0.20263672 0.57958984
vt 0.28173828 0.5756836
vt 0.28515625 0.5336914
vt 0.2841797 0.5571289
vt 0.28295898 0.5703125
vt 0.28271484 0.57177734
vt 0.27929688 0.58984375
vt 0.27905273 0.58691406
vt 0.2746582 0.5942383
vt 0.2849121 0.54541016
vt 0.2841797 0.57177734
vt 0.28222656 0.5883789
vt 0.2849121 0.5576172
vt 0.2841797 0.5864258
vt 0.28222656 0.6064453
vt 0.27441406 0.5878906
vt 0.26782227 0.5908203
vt 0.26708984 0.58447266
vt 0.25952148 0.58447266
vt 0.25878906 0.5786133
vt 0.25073242 0.5786133
vt 0.25073242 0.5722656
vt 0.24243164 0.5722656
vt 0.24279785 0.56640625
vt 0.23413086 0.5722656
vt 0.23400879 0.5786133
vt 0.24230957 0.5786133
vt 0.24255371 0.58447266
vt 0.2512207 0.58447266
vt 0.25170898 0.5908203
vt 0.22583008 0.5786133
vt 0.22546387 0.58447266
vt 0.2602539 0.5908203
vt 0.2607422 0.5966797
vt 0.23388672 0.58447266
vt 0.23376465 0.5908203
vt 0.21765137 0.58447266
vt 0.21716309 0.5908203
vt 0.24279785 0.5908203
vt 0.24291992 0.5966797
vt 0.26831055 0.5966797
vt 0.26782227 0.60302734
vt 0.22509766 0.5908203
vt 0.22497559 0.5966797
vt 0.21044922 0.5883789
vt 0.21032715 0.59472656
vt 0.23376465 0.5966797
vt 0.23376465 0.60302734
vt 0.27441406 0.5996094
vt 0.27368164 0.60498047
vt 0.21704102 0.5966797
vt 0.21716309 0.60302734
vt 0.20532227 0.5888672
vt 0.2052002 0.59228516
vt 0.22509766 0.60302734
vt 0.22546387 0.6088867
vt 0.27905273 0.5932617
vt 0.27807617 0.6015625
vt 0.21044922 0.60009766
vt 0.21069336 0.60546875
vt 0.20141602 0.57666016
vt 0.2010498 0.57666016
vt 0.21765137 0.6088867
vt 0.21813965 0.6152344
vt 0.28198242 0.5834961
vt 0.28027344 0.5961914
vt 0.20507812 0.5957031
vt 0.20581055 0.6035156
vt 0.19848633 0.5463867
vt 0.19946289 0.56689453
vt 0.21130371 0.6123047
vt 0.21166992 0.61865234
vt 0.28173828 0.5908203
vt 0.27734375 0.6123047
vt 0.2019043 0.5888672
vt 0.20336914 0.60009766
vt 0.2064209 0.6113281
vt 0.20617676 0.6142578
vt 0.27734375 0.609375
vt 0.27197266 0.61816406
vt 0.20202637 0.5961914
vt 0.20129395 0.59472656
vt 0.27270508 0.6118164
vt 0.26586914 0.6152344
vt 0.19873047 0.55810547
vt 0.19946289 0.58154297
vt 0.26708984 0.6088867
vt 0.25927734 0.6088867
vt 0.2602539 0.60302734
vt 0.25170898 0.60302734
vt 0.25195312 0.5966797
vt 0.24279785 0.60302734
vt 0.24255371 0.6088867
vt 0.25097656 0.6088867
vt 0.25024414 0.6152344
vt 0.25830078 0.6152344
vt 0.25732422 0.62109375
vt 0.23388672 0.6088867
vt 0.23388672 0.6152344
vt 0.26513672 0.62109375
vt 0.26464844 0.6274414
vt 0.2421875 0.6152344
vt 0.24182129 0.62109375
vt 0.22595215 0.6152344
vt 0.22619629 0.62109375
vt 0.24963379 0.62109375
vt 0.24938965 0.6274414
vt 0.27172852 0.62353516
vt 0.27172852 0.62890625
vt 0.23400879 0.62109375
vt 0.23400879 0.6274414
vt 0.21850586 0.62109375
vt 0.21862793 0.6274414
vt 0.24169922 0.6274414
vt 0.24157715 0.6333008
vt 0.27783203 0.6147461
vt 0.2775879 0.62353516
vt 0.22631836 0.6274414
vt 0.22619629 0.6333008
vt 0.21179199 0.62402344
vt 0.21154785 0.62939453
vt 0.23388672 0.6333008
vt 0.23388672 0.63964844
vt 0.28173828 0.60302734
vt 0.28027344 0.6166992
vt 0.21862793 0.6333008
vt 0.21850586 0.63964844
vt 0.20581055 0.6176758
vt 0.20605469 0.62597656
vt 0.22607422 0.63964844
vt 0.22607422 0.6455078
vt 0.28173828 0.6098633
vt 0.2775879 0.63427734
vt 0.21154785 0.63623047
vt 0.21154785 0.6425781
vt 0.2019043 0.60791016
vt 0.20324707 0.62060547
vt 0.21838379 0.6455078
vt 0.21850586 0.65185547
vt 0.20629883 0.63378906
vt 0.20605469 0.63671875
vt 0.2019043 0.6152344
vt 0.20129395 0.61279297
vt 0.21154785 0.6479492
vt 0.21154785 0.6533203
vt 0.19873047 0.5698242
vt 0.19946289 0.5961914
vt 0.1986084 0.58203125
vt 0.19921875 0.61083984
vt 0.2010498 0.6308594
vt 0.20581055 0.63916016
vt 0.20617676 0.6479492
vt 0.20202637 0.6274414
vt 0.20336914 0.6411133
vt 0.2019043 0.63427734
vt 0.20581055 0.6586914
vt 0.2064209 0.6567383
vt 0.21179199 0.6665039
vt 0.21179199 0.66015625
vt 0.21862793 0.6640625
vt 0.21862793 0.65771484
vt 0.22619629 0.65771484
vt 0.22607422 0.65185547
vt 0.23388672 0.65185547
vt 0.23376465 0.6455078
vt 0.24157715 0.6455078
vt 0.24157715 0.63964844
vt 0.24938965 0.63964844
vt 0.24938965 0.6333008
vt 0.25708008 0.6333008
vt 0.25708008 0.6274414
vt 0.26464844 0.6333008
vt 0.26489258 0.63964844
vt 0.25708008 0.63964844
vt 0.25732422 0.6455078
vt 0.24951172 0.6455078
vt 0.24938965 0.65185547
vt 0.27197266 0.6357422
vt 0.27197266 0.64208984
vt 0.24157715 0.65185547
vt 0.24157715 0.65771484
vt 0.26489258 0.6455078
vt 0.26489258 0.65185547
vt 0.2770996 0.6323242
vt 0.25708008 0.65185547
vt 0.25708008 0.65771484
vt 0.23388672 0.65771484
vt 0.23400879 0.6640625
vt 0.27197266 0.64746094
vt 0.27197266 0.65234375
vt 0.24938965 0.65771484
vt 0.24938965 0.6640625
vt 0.22631836 0.6640625
vt 0.22619629 0.6699219
vt 0.26464844 0.65771484
vt 0.26489258 0.6640625
vt 0.27783203 0.63671875
vt 0.27734375 0.6459961
vt 0.25708008 0.6640625
vt 0.25756836 0.6699219
vt 0.21862793 0.6699219
vt 0.21813965 0.67626953
vt 0.27172852 0.6591797
vt 0.27197266 0.6660156
vt 0.28173828 0.6220703
vt 0.28051758 0.63720703
vt 0.26513672 0.6699219
vt 0.26611328 0.67626953
vt 0.21130371 0.671875
vt 0.21069336 0.6767578
vt 0.27734375 0.65478516
vt 0.27807617 0.6567383
vt 0.28198242 0.62939453
vt 0.28295898 0.6245117
vt 0.27294922 0.6713867
vt 0.27392578 0.67626953
vt 0.20507812 0.6611328
vt 0.2052002 0.67041016
vt 0.2854004 0.56933594
vt 0.27905273 0.6586914
vt 0.27954102 0.66796875
vt 0.2849121 0.6010742
vt 0.20141602 0.6464844
vt 0.28271484 0.6411133
vt 0.28173828 0.65771484
vt 0.28271484 0.6484375
vt 0.2854004 0.5810547
vt 0.2849121 0.61572266
vt 0.27954102 0.67871094
vt 0.28320312 0.6425781
vt 0.20263672 0.6616211
vt 0.27929688 0.6777344
vt 0.27490234 0.6904297
vt 0.2861328 0.59277344
vt 0.28466797 0.66015625
vt 0.2746582 0.68310547
vt 0.26831055 0.68847656
vt 0.2854004 0.6796875
vt 0.2836914 0.71240234
vt 0.26733398 0.6821289
vt 0.25976562 0.6821289
vt 0.2849121 0.72265625
vt 0.2824707 0.73828125
vt 0.25854492 0.67626953
vt 0.25048828 0.67626953
vt 0.2836914 0.7426758
vt 0.27954102 0.7495117
vt 0.24975586 0.6699219
vt 0.24194336 0.6699219
vt 0.27978516 0.7553711
vt 0.27294922 0.7553711
vt 0.24169922 0.6640625
vt 0.27246094 0.76171875
vt 0.2619629 0.76171875
vt 0.23400879 0.6699219
vt 0.23400879 0.67626953
vt 0.2607422 0.7675781
vt 0.2487793 0.7675781
vt 0.24230957 0.67626953
vt 0.24267578 0.6821289
vt 0.22595215 0.67626953
vt 0.22558594 0.6821289
vt 0.24768066 0.7739258
vt 0.2355957 0.7739258
vt 0.23400879 0.6821289
vt 0.23400879 0.68847656
vt 0.25146484 0.6821289
vt 0.25219727 0.68847656
vt 0.21765137 0.6821289
vt 0.21728516 0.68847656
vt 0.23498535 0.77978516
vt 0.22436523 0.77978516
vt 0.24304199 0.68847656
vt 0.24328613 0.69433594
vt 0.22521973 0.68847656
vt 0.22509766 0.69433594
vt 0.21044922 0.68359375
vt 0.21032715 0.6904297
vt 0.22436523 0.7861328
vt 0.21582031 0.7861328
vt 0.23400879 0.69433594
vt 0.23400879 0.7006836
vt 0.21704102 0.69433594
vt 0.21728516 0.7006836
vt 0.20532227 0.6791992
vt 0.2052002 0.68115234
vt 0.21606445 0.7919922
vt 0.20947266 0.7866211
vt 0.22521973 0.7006836
vt 0.22558594 0.70654297
vt 0.21044922 0.6958008
vt 0.21069336 0.7006836
vt 0.20141602 0.6538086
vt 0.2010498 0.6489258
vt 0.2097168 0.7910156
vt 0.20471191 0.77001953
vt 0.20471191 0.77001953
vt 0.20471191 0.77001953
vt 0.20422363 0.75927734
vt 0.20080566 0.7207031
vt 0.20214844 0.7441406
vt 0.20166016 0.7426758
vt 0.19934082 0.68359375
vt 0.19836426 0.6411133
vt 0.2019043 0.7495117
vt 0.20910645 0.7792969
vt 0.20874023 0.77197266
vt 0.21557617 0.77978516
vt 0.2154541 0.7739258
vt 0.2244873 0.7739258
vt 0.22460938 0.7675781
vt 0.23620605 0.7675781
vt 0.23657227 0.76171875
vt 0.24951172 0.76171875
vt 0.25 0.7553711
vt 0.26245117 0.7553711
vt 0.26245117 0.7495117
vt 0.27270508 0.7495117
vt 0.27148438 0.74316406
vt 0.2783203 0.74316406
vt 0.27563477 0.7373047
vt 0.28051758 0.73095703
vt 0.27807617 0.7236328
vt 0.28198242 0.70214844
vt 0.2800293 0.7011719
vt 0.28295898 0.66748047
vt 0.28149414 0.67871094
vt 0.2824707 0.66064453
vt 0.2788086 0.6904297
vt 0.27929688 0.6801758
vt 0.27416992 0.7001953
vt 0.27856445 0.7001953
vt 0.27392578 0.71435547
vt 0.27563477 0.71875
vt 0.2697754 0.72509766
vt 0.2746582 0.6953125
vt 0.26831055 0.7006836
vt 0.27368164 0.70703125
vt 0.26708984 0.7128906
vt 0.27270508 0.73095703
vt 0.26538086 0.73095703
vt 0.2685547 0.69433594
vt 0.26098633 0.69433594
vt 0.26757812 0.71875
vt 0.2602539 0.71875
vt 0.26757812 0.70654297
vt 0.26000977 0.70654297
vt 0.26245117 0.72509766
vt 0.25390625 0.72509766
vt 0.2607422 0.68847656
vt 0.2607422 0.7006836
vt 0.25219727 0.7006836
vt 0.2524414 0.69433594
vt 0.24304199 0.7006836
vt 0.24291992 0.70654297
vt 0.25170898 0.70654297
vt 0.25146484 0.7128906
vt 0.23413086 0.70654297
vt 0.23425293 0.7128906
vt 0.25952148 0.7128906
vt 0.24279785 0.7128906
vt 0.24328613 0.71875
vt 0.25195312 0.71875
vt 0.22595215 0.7128906
vt 0.21801758 0.7128906
vt 0.22619629 0.71875
vt 0.23461914 0.71875
vt 0.23522949 0.72509766
vt 0.2446289 0.72509766
vt 0.24621582 0.73095703
vt 0.21765137 0.70654297
vt 0.25634766 0.73095703
vt 0.2590332 0.7373047
vt 0.26879883 0.7373047
vt 0.26123047 0.74316406
vt 0.24926758 0.74316406
vt 0.2479248 0.7373047
vt 0.2364502 0.7373047
vt 0.24987793 0.7495117
vt 0.23706055 0.7495117
vt 0.23583984 0.73095703
vt 0.22595215 0.73095703
vt 0.2368164 0.74316406
vt 0.2253418 0.74316406
vt 0.23693848 0.7553711
vt 0.22485352 0.7553711
vt 0.22607422 0.72509766
vt 0.21789551 0.72509766
vt 0.22558594 0.7373047
vt 0.2166748 0.7373047
vt 0.22509766 0.7495117
vt 0.21557617 0.7495117
vt 0.22473145 0.76171875
vt 0.21533203 0.76171875
vt 0.21813965 0.71875
vt 0.21130371 0.71484375
vt 0.21594238 0.74316406
vt 0.20898438 0.73876953
vt 0.2154541 0.7553711
vt 0.20825195 0.7480469
vt 0.21533203 0.7675781
vt 0.2084961 0.7626953
vt 0.21105957 0.70751953
vt 0.20568848 0.6923828
vt 0.2084961 0.74316406
vt 0.20373535 0.72558594
vt 0.20837402 0.7553711
vt 0.20361328 0.7368164
vt 0.20861816 0.76708984
vt 0.20373535 0.7475586
vt 0.20361328 0.74853516
vt 0.20019531 0.7026367
vt 0.20385742 0.7470703
vt 0.20153809 0.7236328
vt 0.20056152 0.7114258
vt 0.19873047 0.65478516
vt 0.20092773 0.72314453
vt 0.19897461 0.6689453
vt 0.19812012 0.62939453
vt 0.20117188 0.73046875
vt 0.20056152 0.70410156
vt 0.20007324 0.6845703
vt 0.20324707 0.7265625
vt 0.19812012 0.6171875
vt 0.19885254 0.6401367
vt 0.19812012 0.62939453
vt 0.20056152 0.69189453
vt 0.20178223 0.703125
vt 0.20422363 0.7246094
vt 0.2043457 0.71484375
vt 0.20092773 0.6850586
vt 0.2006836 0.6669922
vt 0.19836426 0.60546875
vt 0.19934082 0.6254883
vt 0.20947266 0.7314453
vt 0.21020508 0.7246094
vt 0.19848633 0.59375
vt 0.20458984 0.70458984
vt 0.20544434 0.703125
vt 0.21728516 0.73095703
vt 0.21081543 0.71972656
vt 0.20166016 0.67285156
vt 0.20605469 0.70214844
vt 0.20300293 0.6821289
vt 0.20178223 0.66552734
vt 0.20507812 0.68310547
vt 0.33691406 0.36206055
vt 0.3569336 0.3540039
vt 0.33691406 0.3540039
vt 0.3569336 0.36206055
vt 0.33691406 0.36547852
vt 0.37719727 0.3540039
vt 0.3569336 0.36547852
vt 0.37719727 0.36206055
vt 0.3972168 0.3540039
vt 0.37719727 0.36547852
vt 0.3972168 0.36206055
vt 0.41748047 0.3540039
vt 0.3972168 0.36547852
vt 0.41748047 0.36206055
vt 0.4375 0.3540039
vt 0.41748047 0.36547852
vt 0.4375 0.36206055
vt 0.45776367 0.3540039
vt 0.4375 0.36547852
vt 0.45776367 0.36206055
vt 0.4777832 0.3540039
vt 0.45776367 0.36547852
vt 0.4777832 0.36206055
vt 0.49804688 0.3540039
vt 0.4777832 0.36547852
vt 0.49804688 0.36206055
vt 0.5180664 0.3540039
vt 0.49804688 0.36547852
vt 0.5180664 0.36206055
vt 0.53808594 0.3540039
vt 0.5180664 0.36547852
vt 0.53808594 0.36206055
vt 0.55859375 0.3540039
vt 0.53808594 0.36547852
vt 0.55859375 0.36206055
vt 0.5786133 0.3540039
vt 0.55859375 0.36547852
vt 0.5786133 0.36206055
vt 0.5986328 0.3540039
vt 0.5786133 0.36547852
vt 0.5986328 0.36206055
vt 0.61865234 0.3540039
vt 0.5986328 0.36547852
vt 0.61865234 0.36206055
vt 0.63916016 0.3540039
vt 0.61865234 0.36547852
vt 0.63916016 0.36206055
vt 0.6591797 0.3540039
vt 0.63916016 0.36547852
vt 0.6591797 0.36206055
vt 0.6791992 0.3540039
vt 0.6591797 0.36547852
vt 0.6791992 0.36206055
vt 0.69921875 0.3540039
vt 0.6791992 0.36547852
vt 0.69921875 0.36206055
vt 0.71972656 0.3540039
vt 0.69921875 0.36547852
vt 0.71972656 0.36206055
vt 0.7397461 0.3540039
vt 0.71972656 0.36547852
vt 0.7397461 0.36206055
vt 0.7597656 0.3540039
vt 0.7397461 0.36547852
vt 0.7597656 0.36206055
vt 0.78027344 0.3540039
vt 0.7597656 0.36547852
vt 0.78027344 0.36206055
vt 0.80029297 0.3540039
vt 0.78027344 0.36547852
vt 0.80029297 0.36206055
vt 0.8203125 0.3540039
vt 0.80029297 0.36547852
vt 0.8203125 0.36206055
vt 0.84033203 0.3540039
vt 0.8203125 0.36547852
vt 0.84033203 0.36206055
vt 0.86083984 0.3540039
vt 0.84033203 0.36547852
vt 0.86083984 0.36206055
vt 0.8808594 0.3540039
vt 0.86083984 0.36547852
vt 0.8808594 0.36206055
vt 0.9008789 0.3540039
vt 0.8808594 0.36547852
vt 0.9008789 0.36206055
vt 0.92089844 0.3540039
vt 0.9008789 0.36547852
vt 0.92089844 0.36206055
vt 0.94140625 0.3540039
vt 0.92089844 0.36547852
vt 0.94140625 0.36206055
vt 0.9614258 0.3540039
vt 0.94140625 0.36547852
vt 0.9614258 0.36206055
vt 0.9814453 0.3540039
vt 0.9614258 0.36547852
vt 0.9814453 0.36206055
vt 0.9814453 0.36547852
vt 0.9614258 0.3540039
vt 0.9814453 0.3540039
vt 0.9814453 0.34594727
vt 0.9614258 0.34594727
vt 0.9814453 0.34277344
vt 0.94140625 0.3540039
vt 0.9614258 0.34277344
vt 0.94140625 0.34594727
vt 0.92089844 0.3540039
vt 0.94140625 0.34277344
vt 0.92089844 0.34594727
vt 0.9008789 0.3540039
vt 0.92089844 0.34277344
vt 0.9008789 0.34594727
vt 0.8808594 0.3540039
vt 0.9008789 0.34277344
vt 0.8808594 0.34594727
vt 0.86083984 0.3540039
vt 0.8808594 0.34277344
vt 0.86083984 0.34594727
vt 0.84033203 0.3540039
vt 0.86083984 0.34277344
vt 0.84033203 0.34594727
vt 0.8203125 0.3540039
vt 0.84033203 0.34277344
vt 0.8203125 0.34594727
vt 0.80029297 0.3540039
vt 0.8203125 0.34277344
vt 0.80029297 0.34594727
vt 0.78027344 0.3540039
vt 0.80029297 0.34277344
vt 0.78027344 0.34594727
vt 0.7597656 0.3540039
vt 0.78027344 0.34277344
vt 0.7597656 0.34594727
vt 0.7397461 0.3540039
vt 0.7597656 0.34277344
vt 0.7397461 0.34594727
vt 0.71972656 0.3540039
vt 0.7397461 0.34277344
vt 0.71972656 0.34594727
vt 0.69921875 0.3540039
vt 0.71972656 0.34277344
vt 0.69921875 0.34594727
vt 0.6791992 0.3540039
vt 0.69921875 0.34277344
vt 0.6791992 0.34594727
vt 0.6591797 0.3540039
vt 0.6791992 0.34277344
vt 0.6591797 0.34594727
vt 0.63916016 0.3540039
vt 0.6591797 0.34277344
vt 0.63916016 0.34594727
vt 0.61865234 0.3540039
vt 0.63916016 0.34277344
vt 0.61865234 0.34594727
vt 0.5986328 0.3540039
vt 0.61865234 0.34277344
vt 0.5986328 0.34594727
vt 0.5786133 0.3540039
vt 0.5986328 0.34277344
vt 0.5786133 0.34594727
vt 0.55859375 0.3540039
vt 0.5786133 0.34277344
vt 0.55859375 0.34594727
vt 0.53808594 0.3540039
vt 0.55859375 0.34277344
vt 0.53808594 0.34594727
vt 0.5180664 0.3540039
vt 0.53808594 0.34277344
vt 0.5180664 0.34594727
vt 0.49804688 0.3540039
vt 0.5180664 0.34277344
vt 0.49804688 0.34594727
vt 0.4777832 0.3540039
vt 0.49804688 0.34277344
vt 0.4777832 0.34594727
vt 0.45776367 0.3540039
vt 0.4777832 0.34277344
vt 0.45776367 0.34594727
vt 0.4375 0.3540039
vt 0.45776367 0.34277344
vt 0.4375 0.34594727
vt 0.41748047 0.3540039
vt 0.4375 0.34277344
vt 0.41748047 0.34594727
vt 0.3972168 0.3540039
vt 0.41748047 0.34277344
vt 0.3972168 0.34594727
vt 0.37719727 0.3540039
vt 0.3972168 0.34277344
vt 0.37719727 0.34594727
vt 0.3569336 0.3540039
vt 0.37719727 0.34277344
vt 0.3569336 0.34594727
vt 0.33691406 0.3540039
vt 0.3569336 0.34277344
vt 0.33691406 0.34594727
vt 0.33691406 0.34277344
vt 0.9614258 0.34277344
vt 0.9814453 0.34277344
vt 0.9814453 0.3395996
vt 0.9614258 0.3395996
vt 0.94140625 0.34277344
vt 0.9614258 0.33398438
vt 0.9814453 0.33398438
vt 0.9814453 0.29370117
vt 0.94140625 0.3395996
vt 0.92089844 0.34277344
vt 0.9614258 0.29370117
vt 0.9814453 0.25341797
vt 0.94140625 0.33398438
vt 0.92089844 0.3395996
vt 0.9008789 0.34277344
vt 0.92089844 0.33398438
vt 0.94140625 0.29370117
vt 0.9614258 0.25341797
vt 0.9008789 0.3395996
vt 0.8808594 0.34277344
vt 0.9008789 0.33398438
vt 0.92089844 0.29370117
vt 0.8808594 0.3395996
vt 0.86083984 0.34277344
vt 0.8808594 0.33398438
vt 0.86083984 0.3395996
vt 0.84033203 0.34277344
vt 0.9614258 0.24267578
vt 0.9814453 0.24267578
vt 0.9814453 0.23937988
vt 0.94140625 0.25341797
vt 0.9008789 0.29370117
vt 0.86083984 0.33398438
vt 0.84033203 0.3395996
vt 0.8203125 0.34277344
vt 0.94140625 0.24267578
vt 0.9614258 0.23937988
vt 0.9814453 0.23620605
vt 0.8808594 0.29370117
vt 0.84033203 0.33398438
vt 0.8203125 0.3395996
vt 0.80029297 0.34277344
vt 0.86083984 0.29370117
vt 0.8203125 0.33398438
vt 0.80029297 0.3395996
vt 0.78027344 0.34277344
vt 0.84033203 0.29370117
vt 0.80029297 0.33398438
vt 0.78027344 0.3395996
vt 0.7597656 0.34277344
vt 0.8203125 0.29370117
vt 0.78027344 0.33398438
vt 0.7597656 0.3395996
vt 0.7397461 0.34277344
vt 0.80029297 0.29370117
vt 0.7597656 0.33398438
vt 0.7397461 0.3395996
vt 0.71972656 0.34277344
vt 0.78027344 0.29370117
vt 0.7397461 0.33398438
vt 0.71972656 0.3395996
vt 0.69921875 0.34277344
vt 0.7597656 0.29370117
vt 0.71972656 0.33398438
vt 0.69921875 0.3395996
vt 0.6791992 0.34277344
vt 0.7397461 0.29370117
vt 0.69921875 0.33398438
vt 0.6791992 0.3395996
vt 0.6591797 0.34277344
vt 0.71972656 0.29370117
vt 0.6791992 0.33398438
vt 0.6591797 0.3395996
vt 0.63916016 0.34277344
vt 0.69921875 0.29370117
vt 0.6591797 0.33398438
vt 0.63916016 0.3395996
vt 0.61865234 0.34277344
vt 0.6791992 0.29370117
vt 0.63916016 0.33398438
vt 0.61865234 0.3395996
vt 0.5986328 0.34277344
vt 0.6591797 0.29370117
vt 0.61865234 0.33398438
vt 0.5986328 0.3395996
vt 0.5786133 0.34277344
vt 0.63916016 0.29370117
vt 0.5986328 0.33398438
vt 0.5786133 0.3395996
vt 0.55859375 0.34277344
vt 0.61865234 0.29370117
vt 0.5786133 0.33398438
vt 0.55859375 0.3395996
vt 0.53808594 0.34277344
vt 0.5986328 0.29370117
vt 0.55859375 0.33398438
vt 0.53808594 0.3395996
vt 0.5180664 0.34277344
vt 0.5786133 0.29370117
vt 0.53808594 0.33398438
vt 0.5180664 0.3395996
vt 0.49804688 0.34277344
vt 0.55859375 0.29370117
vt 0.5180664 0.33398438
vt 0.49804688 0.3395996
vt 0.4777832 0.34277344
vt 0.53808594 0.29370117
vt 0.49804688 0.33398438
vt 0.4777832 0.3395996
vt 0.45776367 0.34277344
vt 0.5180664 0.29370117
vt 0.4777832 0.33398438
vt 0.45776367 0.3395996
vt 0.4375 0.34277344
vt 0.49804688 0.29370117
vt 0.45776367 0.33398438
vt 0.4375 0.3395996
vt 0.41748047 0.34277344
vt 0.4777832 0.29370117
vt 0.4375 0.33398438
vt 0.41748047 0.3395996
vt 0.3972168 0.34277344
vt 0.45776367 0.29370117
vt 0.41748047 0.33398438
vt 0.3972168 0.3395996
vt 0.37719727 0.34277344
vt 0.4375 0.29370117
vt 0.3972168 0.33398438
vt 0.37719727 0.3395996
vt 0.3569336 0.34277344
vt 0.41748047 0.29370117
vt 0.37719727 0.33398438
vt 0.3569336 0.3395996
vt 0.33691406 0.34277344
vt 0.33691406 0.3395996
vt 0.33691406 0.33398438
vt 0.3569336 0.33398438
vt 0.3972168 0.29370117
vt 0.3569336 0.29370117
vt 0.33691406 0.29370117
vt 0.37719727 0.29370117
vt 0.3569336 0.25341797
vt 0.33691406 0.25341797
vt 0.33691406 0.24267578
vt 0.37719727 0.25341797
vt 0.3972168 0.25341797
vt 0.41748047 0.25341797
vt 0.3569336 0.24267578
vt 0.37719727 0.24267578
vt 0.3569336 0.23937988
vt 0.33691406 0.23937988
vt 0.4375 0.25341797
vt 0.3972168 0.24267578
vt 0.37719727 0.23937988
vt 0.3569336 0.23620605
vt 0.33691406 0.23620605
vt 0.33691406 0.2253418
vt 0.3569336 0.2253418
vt 0.37719727 0.23620605
vt 0.37719727 0.2253418
vt 0.3972168 0.23620605
vt 0.3972168 0.2253418
vt 0.3972168 0.23937988
vt 0.41748047 0.23620605
vt 0.41748047 0.2253418
vt 0.41748047 0.23937988
vt 0.4375 0.23620605
vt 0.4375 0.2253418
vt 0.41748047 0.24267578
vt 0.45776367 0.23620605
vt 0.45776367 0.2253418
vt 0.4375 0.23937988
vt 0.4375 0.24267578
vt 0.4777832 0.23620605
vt 0.4777832 0.2253418
vt 0.45776367 0.23937988
vt 0.45776367 0.25341797
vt 0.49804688 0.23620605
vt 0.49804688 0.2253418
vt 0.45776367 0.24267578
vt 0.4777832 0.25341797
vt 0.4777832 0.23937988
vt 0.5180664 0.23620605
vt 0.5180664 0.2253418
vt 0.49804688 0.25341797
vt 0.4777832 0.24267578
vt 0.49804688 0.23937988
vt 0.53808594 0.23620605
vt 0.53808594 0.2253418
vt 0.5180664 0.25341797
vt 0.49804688 0.24267578
vt 0.5180664 0.23937988
vt 0.55859375 0.23620605
vt 0.55859375 0.2253418
vt 0.53808594 0.25341797
vt 0.5180664 0.24267578
vt 0.53808594 0.23937988
vt 0.5786133 0.23620605
vt 0.5786133 0.2253418
vt 0.55859375 0.25341797
vt 0.53808594 0.24267578
vt 0.55859375 0.23937988
vt 0.5986328 0.23620605
vt 0.5986328 0.2253418
vt 0.5786133 0.25341797
vt 0.55859375 0.24267578
vt 0.5786133 0.23937988
vt 0.61865234 0.23620605
vt 0.61865234 0.2253418
vt 0.5986328 0.25341797
vt 0.5786133 0.24267578
vt 0.5986328 0.23937988
vt 0.63916016 0.23620605
vt 0.63916016 0.2253418
vt 0.61865234 0.25341797
vt 0.5986328 0.24267578
vt 0.61865234 0.23937988
vt 0.6591797 0.23620605
vt 0.6591797 0.2253418
vt 0.63916016 0.25341797
vt 0.61865234 0.24267578
vt 0.63916016 0.23937988
vt 0.6791992 0.23620605
vt 0.6791992 0.2253418
vt 0.6591797 0.25341797
vt 0.63916016 0.24267578
vt 0.6591797 0.23937988
vt 0.69921875 0.23620605
vt 0.69921875 0.2253418
vt 0.6791992 0.25341797
vt 0.6591797 0.24267578
vt 0.6791992 0.23937988
vt 0.71972656 0.23620605
vt 0.71972656 0.2253418
vt 0.69921875 0.25341797
vt 0.6791992 0.24267578
vt 0.69921875 0.23937988
vt 0.7397461 0.23620605
vt 0.7397461 0.2253418
vt 0.71972656 0.25341797
vt 0.69921875 0.24267578
vt 0.71972656 0.23937988
vt 0.7597656 0.23620605
vt 0.7597656 0.2253418
vt 0.7397461 0.25341797
vt 0.71972656 0.24267578
vt 0.7397461 0.23937988
vt 0.78027344 0.23620605
vt 0.78027344 0.2253418
vt 0.7597656 0.25341797
vt 0.7397461 0.24267578
vt 0.7597656 0.23937988
vt 0.80029297 0.23620605
vt 0.80029297 0.2253418
vt 0.78027344 0.25341797
vt 0.7597656 0.24267578
vt 0.78027344 0.23937988
vt 0.8203125 0.23620605
vt 0.8203125 0.2253418
vt 0.80029297 0.25341797
vt 0.78027344 0.24267578
vt 0.80029297 0.23937988
vt 0.84033203 0.23620605
vt 0.84033203 0.2253418
vt 0.8203125 0.25341797
vt 0.80029297 0.24267578
vt 0.8203125 0.23937988
vt 0.86083984 0.23620605
vt 0.86083984 0.2253418
vt 0.84033203 0.25341797
vt 0.8203125 0.24267578
vt 0.84033203 0.23937988
vt 0.8808594 0.23620605
vt 0.8808594 0.2253418
vt 0.86083984 0.25341797
vt 0.84033203 0.24267578
vt 0.86083984 0.23937988
vt 0.9008789 0.23620605
vt 0.9008789 0.2253418
vt 0.8808594 0.25341797
vt 0.86083984 0.24267578
vt 0.8808594 0.23937988
vt 0.92089844 0.23620605
vt 0.92089844 0.2253418
vt 0.9008789 0.25341797
vt 0.8808594 0.24267578
vt 0.9008789 0.23937988
vt 0.94140625 0.23620605
vt 0.94140625 0.2253418
vt 0.92089844 0.25341797
vt 0.9008789 0.24267578
vt 0.92089844 0.23937988
vt 0.92089844 0.24267578
vt 0.94140625 0.23937988
vt 0.9614258 0.23620605
vt 0.9614258 0.2253418
vt 0.9814453 0.2253418
vt 0.33691406 0.21484375
vt 0.33691406 0.2253418
vt 0.3569336 0.2253418
vt 0.3569336 0.21484375
vt 0.37719727 0.2253418
vt 0.3569336 0.21142578
vt 0.33691406 0.21142578
vt 0.37719727 0.21142578
vt 0.37719727 0.21484375
vt 0.3972168 0.2253418
vt 0.3972168 0.21142578
vt 0.3972168 0.21484375
vt 0.41748047 0.2253418
vt 0.41748047 0.21142578
vt 0.41748047 0.21484375
vt 0.4375 0.2253418
vt 0.4375 0.21142578
vt 0.4375 0.21484375
vt 0.45776367 0.2253418
vt 0.45776367 0.21142578
vt 0.45776367 0.21484375
vt 0.4777832 0.2253418
vt 0.4777832 0.21142578
vt 0.4777832 0.21484375
vt 0.49804688 0.2253418
vt 0.49804688 0.21142578
vt 0.49804688 0.21484375
vt 0.5180664 0.2253418
vt 0.5180664 0.21142578
vt 0.5180664 0.21484375
vt 0.53808594 0.2253418
vt 0.53808594 0.21142578
vt 0.53808594 0.21484375
vt 0.55859375 0.2253418
vt 0.55859375 0.21142578
vt 0.55859375 0.21484375
vt 0.5786133 0.2253418
vt 0.5786133 0.21142578
vt 0.5786133 0.21484375
vt 0.5986328 0.2253418
vt 0.5986328 0.21142578
vt 0.5986328 0.21484375
vt 0.61865234 0.2253418
vt 0.61865234 0.21142578
vt 0.61865234 0.21484375
vt 0.63916016 0.2253418
vt 0.63916016 0.21142578
vt 0.63916016 0.21484375
vt 0.6591797 0.2253418
vt 0.6591797 0.21142578
vt 0.6591797 0.21484375
vt 0.6791992 0.2253418
vt 0.6791992 0.21142578
vt 0.6791992 0.21484375
vt 0.69921875 0.2253418
vt 0.69921875 0.21142578
vt 0.69921875 0.21484375
vt 0.71972656 0.2253418
vt 0.71972656 0.21142578
vt 0.71972656 0.21484375
vt 0.7397461 0.2253418
vt 0.7397461 0.21142578
vt 0.7397461 0.21484375
vt 0.7597656 0.2253418
vt 0.7597656 0.21142578
vt 0.7597656 0.21484375
vt 0.78027344 0.2253418
vt 0.78027344 0.21142578
vt 0.78027344 0.21484375
vt 0.80029297 0.2253418
vt 0.80029297 0.21142578
vt 0.80029297 0.21484375
vt 0.8203125 0.2253418
vt 0.8203125 0.21142578
vt 0.8203125 0.21484375
vt 0.84033203 0.2253418
vt 0.84033203 0.21142578
vt 0.84033203 0.21484375
vt 0.86083984 0.2253418
vt 0.86083984 0.21142578
vt 0.86083984 0.21484375
vt 0.8808594 0.2253418
vt 0.8808594 0.21142578
vt 0.8808594 0.21484375
vt 0.9008789 0.2253418
vt 0.9008789 0.21142578
vt 0.9008789 0.21484375
vt 0.92089844 0.2253418
vt 0.92089844 0.21142578
vt 0.92089844 0.21484375
vt 0.94140625 0.2253418
vt 0.94140625 0.21142578
vt 0.94140625 0.21484375
vt 0.9614258 0.2253418
vt 0.9614258 0.21142578
vt 0.9614258 0.21484375
vt 0.9814453 0.2253418
vt 0.9814453 0.21142578
vt 0.9814453 0.21484375
vn 0.34204102 0.9394531 -1.1920929E-07
vn 0.2980957 0.93408203 -0.19714355
vn 0.33496094 0.92041016 -0.20092773
vn 0.24414062 0.89208984 -0.3803711
vn 0.31518555 0.86621094 -0.38793945
vn 0.18078613 0.81591797 -0.5488281
vn 0.28344727 0.7788086 -0.5595703
vn 0.1105957 0.7089844 -0.69628906
vn 0.24084473 0.6616211 -0.70996094
vn 0.0362854 0.5751953 -0.8173828
vn 0.18908691 0.51953125 -0.8334961
vn -0.039367676 0.41918945 -0.90722656
vn 0.13012695 0.35766602 -0.9248047
vn -0.11352539 0.24768066 -0.96240234
vn 0.066345215 0.18225098 -0.98095703
vn -0.018188477 -0.049957275 -0.99853516
vn 0.17578125 0.9169922 -0.35839844
vn 0.082092285 0.8520508 -0.51708984
vn -0.014564514 0.75439453 -0.65625
vn -0.1105957 0.62841797 -0.77001953
vn -0.20239258 0.47851562 -0.8544922
vn -0.28637695 0.31054688 -0.90625
vn -0.20129395 0.016677856 -0.9794922
vn -0.24926758 -0.12646484 -0.95996094
vn -0.06982422 -0.19177246 -0.9790039
vn -0.421875 -0.06365967 -0.9042969
vn -0.37719727 0.08074951 -0.9223633
vn -0.5810547 -0.0057678223 -0.81396484
vn -0.44580078 0.36865234 -0.81591797
vn -0.5395508 0.13977051 -0.8300781
vn -0.72021484 0.04498291 -0.6923828
vn -0.35253906 0.5332031 -0.76904297
vn -0.5854492 0.4194336 -0.69384766
vn -0.6816406 0.19152832 -0.7060547
vn -0.83447266 0.08660889 -0.5439453
vn -0.24597168 0.6777344 -0.6928711
vn -0.484375 0.5810547 -0.6538086
vn -0.7001953 0.46118164 -0.5449219
vn -0.79833984 0.23400879 -0.5546875
vn -0.9199219 0.11755371 -0.37451172
vn -0.12988281 0.7963867 -0.59033203
vn -0.3647461 0.7211914 -0.58935547
vn -0.59228516 0.62060547 -0.5136719
vn -0.78515625 0.4921875 -0.37548828
vn -0.8852539 0.265625 -0.38208008
vn -0.97216797 0.13659668 -0.19104004
vn -0.0088272095 0.8852539 -0.46533203
vn -0.2310791 0.8334961 -0.5019531
vn -0.4621582 0.75634766 -0.46289062
vn -0.67285156 0.64990234 -0.3540039
vn -0.8378906 0.51123047 -0.19140625
vn -0.93847656 0.2849121 -0.19482422
vn -0.9897461 0.1430664 2.9802322E-07
vn -0.95654297 0.2915039 2.9802322E-07
vn -0.97216797 0.13659668 0.19104004
vn -0.85546875 0.5175781 2.9802322E-07
vn -0.72216797 0.66796875 -0.18041992
vn -0.5341797 0.78271484 -0.31884766
vn -0.31396484 0.86376953 -0.39453125
vn -0.93847656 0.2849121 0.19482422
vn -0.9199219 0.11755371 0.37451172
vn -0.8378906 0.51123047 0.19140625
vn -0.73876953 0.6738281 1.7881393E-07
vn -0.57910156 0.7988281 -0.16259766
vn -0.8852539 0.265625 0.38208008
vn -0.83447266 0.08660889 0.5439453
vn -0.78515625 0.4921875 0.37548828
vn -0.72216797 0.66796875 0.18041992
vn -0.79833984 0.23400879 0.5546875
vn -0.72021484 0.04498291 0.6923828
vn -0.7001953 0.46118164 0.5449219
vn -0.6816406 0.19152832 0.7060547
vn -0.5810547 -0.0057678223 0.81396484
vn -0.37573242 0.88623047 -0.27172852
vn -0.5942383 0.8046875 1.1920929E-07
vn -0.67285156 0.64990234 0.3540039
vn -0.5854492 0.4194336 0.69384766
vn -0.5395508 0.13977051 0.8300781
vn -0.421875 -0.06365967 0.9042969
vn -0.41357422 0.89990234 -0.1385498
vn -0.57910156 0.7988281 0.16259766
vn -0.59228516 0.62060547 0.5136719
vn -0.44580078 0.36865234 0.81591797
vn -0.37719727 0.08074951 0.9223633
vn -0.24926758 -0.12646484 0.95996094
vn -0.42651367 0.9042969 5.9604645E-08
vn -0.5341797 0.78271484 0.31884766
vn -0.484375 0.5810547 0.6538086
vn -0.28637695 0.31054688 0.90625
vn -0.20129395 0.016677856 0.9794922
vn -0.06982422 -0.19177246 0.9790039
vn -0.41357422 0.89990234 0.1385498
vn -0.4621582 0.75634766 0.46289062
vn -0.35253906 0.5332031 0.76904297
vn -0.11352539 0.24768066 0.96240234
vn -0.018173218 -0.049957275 0.99853516
vn 0.109680176 -0.25708008 0.95996094
vn -0.37573242 0.88623047 0.27172852
vn -0.3647461 0.7211914 0.58935547
vn -0.20239258 0.47851562 0.8544922
vn 0.066345215 0.18225098 0.98095703
vn 0.16491699 -0.11657715 0.9794922
vn 0.28222656 -0.31982422 0.9042969
vn -0.31396484 0.86376953 0.39453125
vn -0.24597168 0.6777344 0.6928711
vn -0.039367676 0.41918945 0.90722656
vn 0.24621582 0.116760254 0.96240234
vn 0.3408203 -0.18066406 0.9223633
vn 0.4411621 -0.37768555 0.81396484
vn -0.2310791 0.8334961 0.5019531
vn -0.1105957 0.62841797 0.77001953
vn 0.13012695 0.35766602 0.9248047
vn 0.41918945 0.053833008 0.90625
vn 0.5029297 -0.2397461 0.8300781
vn 0.5805664 -0.4284668 0.6923828
vn -0.12988281 0.7963867 0.59033203
vn 0.0362854 0.5751953 0.8173828
vn 0.2998047 0.29589844 0.90722656
vn 0.5786133 -0.004173279 0.81591797
vn 0.6455078 -0.2915039 0.7060547
vn 0.6953125 -0.47021484 0.5439453
vn -0.014564514 0.75439453 0.65625
vn 0.18908691 0.51953125 0.8334961
vn 0.46264648 0.23657227 0.8544922
vn 0.7182617 -0.055023193 0.69384766
vn 0.76220703 -0.33398438 0.5546875
vn 0.78027344 -0.50097656 0.37451172
vn 0.1105957 0.7089844 0.69628906
vn 0.34179688 0.4638672 0.8173828
vn 0.61279297 0.18188477 0.76904297
vn 0.8330078 -0.09674072 0.5449219
vn 0.8486328 -0.36547852 0.38208008
vn 0.83251953 -0.52001953 0.19104004
vn 0.24084473 0.6616211 0.70996094
vn 0.48876953 0.4104004 0.77001953
vn 0.7446289 0.13391113 0.6538086
vn 0.91796875 -0.12780762 0.37548828
vn 0.90234375 -0.38500977 0.19482422
vn 0.85009766 -0.5263672 -1.4305115E-06
vn 0.37109375 0.6142578 0.69628906
vn 0.62402344 0.36108398 0.6928711
vn 0.85253906 0.09460449 0.5136719
vn 0.9707031 -0.14685059 0.19140625
vn 0.92041016 -0.39160156 -1.4305115E-06
vn 0.83251953 -0.52001953 -0.19104004
vn 0.49609375 0.56884766 0.65625
vn 0.7426758 0.3178711 0.58935547
vn 0.93310547 0.06536865 0.3540039
vn 0.98828125 -0.15332031 -1.4305115E-06
vn 0.90234375 -0.38500977 -0.19482422
vn 0.78027344 -0.50097656 -0.37451172
vn 0.6113281 0.52685547 0.59033203
vn 0.84033203 0.2824707 0.46289062
vn 0.9824219 0.04736328 0.18041992
vn 0.9707031 -0.14685059 -0.19140625
vn 0.8486328 -0.36547852 -0.38208008
vn 0.6953125 -0.47021484 -0.5439453
vn 0.7128906 0.4897461 0.5019531
vn 0.91259766 0.25610352 0.31884766
vn 0.99902344 0.041290283 -1.4305115E-06
vn 0.91796875 -0.12780762 -0.37548828
vn 0.76220703 -0.33398438 -0.5546875
vn 0.5805664 -0.4284668 -0.6923828
vn 0.79589844 0.4597168 0.39453125
vn 0.95703125 0.23986816 0.16259766
vn 0.9824219 0.04736328 -0.18041992
vn 0.8330078 -0.09674072 -0.5449219
vn 0.6455078 -0.2915039 -0.7060547
vn 0.4411621 -0.37768555 -0.81396484
vn 0.8574219 0.43725586 0.27172852
vn 0.97216797 0.234375 -1.3113022E-06
vn 0.93310547 0.06536865 -0.3540039
vn 0.7182617 -0.055023193 -0.69384766
vn 0.5029297 -0.2397461 -0.8300781
vn 0.28222656 -0.31982422 -0.9042969
vn 0.8955078 0.42333984 0.1385498
vn 0.95703125 0.23986816 -0.16259766
vn 0.85253906 0.09460449 -0.5136719
vn 0.5786133 -0.004173279 -0.81591797
vn 0.3408203 -0.18066406 -0.9223633
vn 0.109680176 -0.25708008 -0.95996094
vn 0.9082031 0.41870117 -1.1324883E-06
vn 0.91259766 0.25610352 -0.31884766
vn 0.7446289 0.13391113 -0.6538086
vn 0.41918945 0.053833008 -0.90625
vn 0.16491699 -0.11657715 -0.9794922
vn -0.06982422 -0.19177246 -0.9790039
vn -0.018188477 -0.049957275 -0.99853516
vn 0.066345215 0.18225098 -0.98095703
vn 0.24621582 0.116760254 -0.96240234
vn 0.61279297 0.18188477 -0.76904297
vn 0.84033203 0.2824707 -0.46289062
vn 0.29956055 0.29589844 -0.90722656
vn 0.13012695 0.35766602 -0.9248047
vn 0.46264648 0.23657227 -0.8544922
vn 0.7426758 0.3178711 -0.58935547
vn 0.34179688 0.4638672 -0.8173828
vn 0.18908691 0.51953125 -0.8334961
vn 0.62402344 0.36108398 -0.6928711
vn 0.48876953 0.4104004 -0.77001953
vn 0.37109375 0.6142578 -0.69628906
vn 0.24084473 0.6616211 -0.70996094
vn 0.49609375 0.56884766 -0.65625
vn 0.6113281 0.52685547 -0.59033203
vn 0.7128906 0.4897461 -0.5019531
vn 0.79541016 0.4597168 -0.39453125
vn 0.38598633 0.74121094 -0.5488281
vn 0.28344727 0.7788086 -0.5595703
vn 0.48461914 0.7055664 -0.51708984
vn 0.5756836 0.6723633 -0.46533203
vn 0.65527344 0.6430664 -0.39575195
vn 0.38623047 0.84033203 -0.3803711
vn 0.31518555 0.86621094 -0.38793945
vn 0.45483398 0.8154297 -0.35839844
vn 0.5175781 0.79248047 -0.32250977
vn 0.37182617 0.90722656 -0.19714355
vn 0.33496094 0.92041016 -0.20092773
vn 0.34204102 0.9394531 -1.1920929E-07
vn 0.40722656 0.89404297 -0.18566895
vn 0.34204102 0.9394531 -1.1920929E-07
vn 0.4399414 0.8823242 -0.16711426
vn 0.34204102 0.9394531 -1.1920929E-07
vn 0.5727539 0.77246094 -0.27416992
vn 0.46850586 0.8720703 -0.14208984
vn 0.34204102 0.9394531 -1.1920929E-07
vn 0.49194336 0.86328125 -0.1116333
vn 0.34204102 0.9394531 -1.1920929E-07
vn 0.61816406 0.7558594 -0.2154541
vn 0.7207031 0.6196289 -0.31103516
vn 0.50927734 0.8569336 -0.0769043
vn 0.34204102 0.9394531 -1.1920929E-07
vn 0.65185547 0.74365234 -0.1484375
vn 0.76953125 0.6015625 -0.2142334
vn 0.52001953 0.85302734 -0.039215088
vn 0.34204102 0.9394531 -1.1920929E-07
vn 0.67285156 0.73583984 -0.075683594
vn 0.8574219 0.43725586 -0.27172852
vn 0.7993164 0.5908203 -0.109191895
vn 0.8955078 0.42333984 -0.1385498
vn 0.5239258 0.8515625 -4.172325E-07
vn 0.34204102 0.9394531 -1.1920929E-07
vn 0.6796875 0.73339844 -6.556511E-07
vn 0.8095703 0.58740234 -8.940697E-07
vn 0.52001953 0.85302734 0.039215088
vn 0.34204102 0.9394531 -1.1920929E-07
vn 0.7993164 0.5908203 0.109191895
vn 0.67285156 0.73583984 0.075683594
vn 0.76953125 0.6015625 0.2142334
vn 0.50927734 0.8569336 0.0769043
vn 0.34204102 0.9394531 -1.1920929E-07
vn 0.65185547 0.74365234 0.1484375
vn 0.7207031 0.6196289 0.31103516
vn 0.49194336 0.86328125 0.1116333
vn 0.34204102 0.9394531 -1.1920929E-07
vn 0.61816406 0.7558594 0.2154541
vn 0.65527344 0.6430664 0.39575195
vn 0.46850586 0.8720703 0.14208984
vn 0.34204102 0.9394531 -1.1920929E-07
vn 0.5727539 0.77246094 0.27416992
vn 0.5756836 0.6723633 0.46533203
vn 0.4399414 0.8823242 0.16711426
vn 0.34204102 0.9394531 -1.1920929E-07
vn 0.5175781 0.79248047 0.32250977
vn 0.48461914 0.7055664 0.51708984
vn 0.40722656 0.89404297 0.18566895
vn 0.34204102 0.9394531 -1.1920929E-07
vn 0.45483398 0.8154297 0.35839844
vn 0.38598633 0.74121094 0.5488281
vn 0.37182617 0.90722656 0.19714355
vn 0.34204102 0.9394531 -1.1920929E-07
vn 0.38623047 0.84033203 0.3803711
vn 0.28344727 0.7788086 0.5595703
vn 0.33496094 0.92041016 0.20092773
vn 0.34204102 0.9394531 -1.1920929E-07
vn 0.31518555 0.86621094 0.38793945
vn 0.18078613 0.81591797 0.5488281
vn 0.2980957 0.93408203 0.19714355
vn 0.34204102 0.9394531 -1.1920929E-07
vn 0.24414062 0.89208984 0.3803711
vn 0.082092285 0.8520508 0.51708984
vn 0.2626953 0.94677734 0.18566895
vn 0.34204102 0.9394531 -1.1920929E-07
vn 0.17578125 0.9169922 0.35839844
vn -0.0088272095 0.8852539 0.46533203
vn 0.23010254 0.9584961 0.16711426
vn 0.34204102 0.9394531 -1.1920929E-07
vn 0.11273193 0.9399414 0.32250977
vn -0.08856201 0.9140625 0.39575195
vn 0.20153809 0.9692383 0.14208984
vn 0.34204102 0.9394531 -1.1920929E-07
vn 0.057495117 0.95996094 0.27416992
vn -0.15393066 0.9379883 0.31103516
vn 0.17797852 0.97753906 0.1116333
vn 0.34204102 0.9394531 -1.1920929E-07
vn 0.012176514 0.9765625 0.2154541
vn -0.20251465 0.9555664 0.2142334
vn 0.16052246 0.9838867 0.0769043
vn 0.34204102 0.9394531 -1.1920929E-07
vn -0.021499634 0.98876953 0.1484375
vn -0.23254395 0.9663086 0.109191895
vn 0.14978027 0.98779297 0.039215088
vn 0.34204102 0.9394531 -1.1920929E-07
vn -0.042236328 0.99609375 0.075683594
vn -0.24255371 0.97021484 0
vn 0.14624023 0.9892578 -5.9604645E-08
vn 0.34204102 0.9394531 -1.1920929E-07
vn -0.04925537 0.99902344 -0
vn -0.23254395 0.9663086 -0.109191895
vn 0.14978027 0.98779297 -0.039215088
vn 0.34204102 0.9394531 -1.1920929E-07
vn -0.042236328 0.99609375 -0.075683594
vn -0.20251465 0.9555664 -0.2142334
vn 0.16052246 0.9838867 -0.0769043
vn 0.34204102 0.9394531 -1.1920929E-07
vn -0.021499634 0.98876953 -0.1484375
vn -0.15393066 0.9379883 -0.31103516
vn 0.17797852 0.97753906 -0.1116333
vn 0.34204102 0.9394531 -1.1920929E-07
vn 0.012176514 0.9765625 -0.2154541
vn -0.08856201 0.9140625 -0.39575195
vn 0.20153809 0.9692383 -0.14208984
vn 0.34204102 0.9394531 -1.1920929E-07
vn 0.057495117 0.95996094 -0.27416992
vn 0.11273193 0.9399414 -0.32250977
vn 0.23010254 0.9584961 -0.16711426
vn 0.34204102 0.9394531 -1.1920929E-07
vn 0.2626953 0.94677734 -0.18566895
vn 0.34204102 0.9394531 -1.1920929E-07
vn 0.34204102 0.9394531 -1.1920929E-07
vn -0.34204102 -0.9394531 1.7881393E-07
vn -0.33496094 -0.92041016 -0.20092773
vn -0.37182617 -0.90722656 -0.19714355
vn -0.31518555 -0.86621094 -0.38793945
vn -0.38623047 -0.84033203 -0.3803711
vn -0.28344727 -0.7788086 -0.5595703
vn -0.40722656 -0.89404297 -0.18566895
vn -0.34204102 -0.9394531 1.7881393E-07
vn -0.38598633 -0.74121094 -0.5488281
vn -0.24084473 -0.6616211 -0.70996094
vn -0.45483398 -0.8154297 -0.35839844
vn -0.37109375 -0.6142578 -0.69628906
vn -0.16772461 -0.46069336 -0.87158203
vn -0.4399414 -0.8823242 -0.16711426
vn -0.34204102 -0.9394531 1.7881393E-07
vn -0.48461914 -0.7055664 -0.51708984
vn -0.32739258 -0.4025879 -0.85498047
vn -0.11657715 -0.3203125 -0.9399414
vn -0.28881836 -0.25756836 -0.921875
vn -0.5175781 -0.79248047 -0.32250977
vn -0.49609375 -0.56884766 -0.65625
vn -0.48120117 -0.3466797 -0.8051758
vn -0.45458984 -0.19726562 -0.86865234
vn -0.5756836 -0.6723633 -0.46533203
vn -0.46850586 -0.8720703 -0.14208984
vn -0.34204102 -0.9394531 1.7881393E-07
vn -0.6225586 -0.29516602 -0.7246094
vn -0.6074219 -0.14160156 -0.7817383
vn -0.6113281 -0.52685547 -0.59033203
vn -0.5727539 -0.77246094 -0.27416992
vn -0.74658203 -0.24987793 -0.61621094
vn -0.74121094 -0.09295654 -0.6645508
vn -0.7128906 -0.4897461 -0.5019531
vn -0.65527344 -0.6430664 -0.39575195
vn -0.49194336 -0.86328125 -0.1116333
vn -0.34204102 -0.9394531 1.7881393E-07
vn -0.8486328 -0.21276855 -0.48413086
vn -0.8510742 -0.052947998 -0.52246094
vn -0.79541016 -0.4597168 -0.39453125
vn -0.7207031 -0.6196289 -0.31103516
vn -0.61816406 -0.7558594 -0.2154541
vn -0.9243164 -0.18530273 -0.3334961
vn -0.9326172 -0.023239136 -0.35986328
vn -0.8574219 -0.43725586 -0.27172852
vn -0.50927734 -0.8569336 -0.0769043
vn -0.34204102 -0.9394531 1.7881393E-07
vn -0.76953125 -0.6015625 -0.2142334
vn -0.65185547 -0.74365234 -0.1484375
vn -0.9711914 -0.16833496 -0.17004395
vn -0.98291016 -0.004940033 -0.18334961
vn -0.8955078 -0.42333984 -0.1385498
vn -0.52001953 -0.85302734 -0.039215088
vn -0.34204102 -0.9394531 1.7881393E-07
vn -0.7993164 -0.5908203 -0.109191895
vn -0.67285156 -0.73583984 -0.075683594
vn -0.9868164 -0.16259766 2.3841858E-07
vn -1 0.0012397766 2.3841858E-07
vn -0.9082031 -0.41870117 2.3841858E-07
vn -0.5239258 -0.8515625 1.7881393E-07
vn -0.34204102 -0.9394531 1.7881393E-07
vn -0.8095703 -0.58740234 2.3841858E-07
vn -0.6796875 -0.73339844 1.7881393E-07
vn -0.9711914 -0.16833496 0.17004395
vn -0.98291016 -0.004940033 0.18334961
vn -0.8955078 -0.42333984 0.1385498
vn -0.52001953 -0.85302734 0.039215088
vn -0.34204102 -0.9394531 1.7881393E-07
vn -0.7993164 -0.5908203 0.109191895
vn -0.67285156 -0.73583984 0.075683594
vn -0.9243164 -0.18530273 0.3334961
vn -0.9326172 -0.023239136 0.35986328
vn -0.8574219 -0.43725586 0.27172852
vn -0.50927734 -0.8569336 0.0769043
vn -0.34204102 -0.9394531 1.7881393E-07
vn -0.76953125 -0.6015625 0.2142334
vn -0.65185547 -0.74365234 0.1484375
vn -0.8486328 -0.21276855 0.48413086
vn -0.8510742 -0.052947998 0.52246094
vn -0.79541016 -0.4597168 0.39453125
vn -0.49194336 -0.86328125 0.1116333
vn -0.34204102 -0.9394531 1.7881393E-07
vn -0.7207031 -0.6196289 0.31103516
vn -0.61816406 -0.7558594 0.2154541
vn -0.74658203 -0.24987793 0.61621094
vn -0.74121094 -0.09295654 0.6645508
vn -0.7128906 -0.4897461 0.5019531
vn -0.46850586 -0.8720703 0.14208984
vn -0.34204102 -0.9394531 1.7881393E-07
vn -0.65527344 -0.6430664 0.39575195
vn -0.5727539 -0.77246094 0.27416992
vn -0.6225586 -0.29516602 0.7246094
vn -0.6074219 -0.14160156 0.7817383
vn -0.6113281 -0.52685547 0.59033203
vn -0.4399414 -0.8823242 0.16711426
vn -0.34204102 -0.9394531 1.7881393E-07
vn -0.5756836 -0.6723633 0.46533203
vn -0.5175781 -0.79248047 0.32250977
vn -0.48120117 -0.3466797 0.8051758
vn -0.45458984 -0.19726562 0.86865234
vn -0.49609375 -0.56884766 0.65625
vn -0.40722656 -0.89404297 0.18566895
vn -0.34204102 -0.9394531 1.7881393E-07
vn -0.48461914 -0.7055664 0.51708984
vn -0.45483398 -0.8154297 0.35839844
vn -0.32739258 -0.4025879 0.85498047
vn -0.28881836 -0.25756836 0.921875
vn -0.37109375 -0.6142578 0.69628906
vn -0.37182617 -0.90722656 0.19714355
vn -0.34204102 -0.9394531 1.7881393E-07
vn -0.38598633 -0.74121094 0.5488281
vn -0.38623047 -0.84033203 0.3803711
vn -0.16772461 -0.46069336 0.87158203
vn -0.11657715 -0.3203125 0.9399414
vn -0.24084473 -0.6616211 0.70996094
vn -0.33496094 -0.92041016 0.20092773
vn -0.34204102 -0.9394531 1.7881393E-07
vn -0.28344727 -0.7788086 0.5595703
vn -0.31518555 -0.86621094 0.38793945
vn -0.007888794 -0.51904297 0.85498047
vn 0.055755615 -0.38305664 0.921875
vn -0.1105957 -0.7089844 0.69628906
vn -0.2980957 -0.93408203 0.19714355
vn -0.34204102 -0.9394531 1.7881393E-07
vn -0.18078613 -0.81591797 0.5488281
vn -0.24414062 -0.89208984 0.3803711
vn 0.14575195 -0.57470703 0.8051758
vn 0.22143555 -0.44335938 0.86865234
vn 0.014572144 -0.75439453 0.65625
vn -0.2626953 -0.94677734 0.18566895
vn -0.34204102 -0.9394531 1.7881393E-07
vn -0.082092285 -0.8520508 0.51708984
vn -0.17578125 -0.9169922 0.35839844
vn 0.28735352 -0.62646484 0.7246094
vn 0.37426758 -0.49902344 0.7817383
vn 0.12988281 -0.7963867 0.59033203
vn -0.23010254 -0.9584961 0.16711426
vn -0.34204102 -0.9394531 1.7881393E-07
vn 0.0088272095 -0.8852539 0.46533203
vn -0.11273193 -0.9399414 0.32250977
vn 0.41137695 -0.6713867 0.61621094
vn 0.5083008 -0.54785156 0.6645508
vn 0.2310791 -0.8334961 0.5019531
vn -0.20153809 -0.9692383 0.14208984
vn -0.34204102 -0.9394531 1.7881393E-07
vn 0.08856201 -0.9140625 0.39575195
vn -0.057495117 -0.95996094 0.27416992
vn 0.5131836 -0.7084961 0.48413086
vn 0.61816406 -0.5878906 0.52246094
vn 0.31396484 -0.86376953 0.39453125
vn -0.17797852 -0.97753906 0.1116333
vn -0.34204102 -0.9394531 1.7881393E-07
vn 0.15393066 -0.9379883 0.31103516
vn -0.012176514 -0.9765625 0.2154541
vn 0.5888672 -0.7363281 0.3334961
vn 0.69970703 -0.6171875 0.35986328
vn 0.37573242 -0.88623047 0.27172852
vn -0.16052246 -0.9838867 0.0769043
vn -0.34204102 -0.9394531 1.7881393E-07
vn 0.20251465 -0.9555664 0.2142334
vn 0.021499634 -0.98876953 0.1484375
vn 0.6357422 -0.7529297 0.17004395
vn 0.75 -0.6357422 0.18334961
vn 0.41357422 -0.89990234 0.1385498
vn -0.14978027 -0.98779297 0.039215088
vn -0.34204102 -0.9394531 1.7881393E-07
vn 0.23254395 -0.9663086 0.109191895
vn 0.042236328 -0.99609375 0.075683594
vn 0.6513672 -0.75878906 -1.2516975E-06
vn 0.76660156 -0.64160156 -1.3709068E-06
vn 0.42651367 -0.9042969 -9.536743E-07
vn -0.14624023 -0.9892578 -1.7881393E-07
vn -0.34204102 -0.9394531 1.7881393E-07
vn 0.24255371 -0.97021484 -7.1525574E-07
vn 0.04925537 -0.99902344 -4.172325E-07
vn 0.6357422 -0.7529297 -0.17004395
vn 0.75 -0.6357422 -0.18334961
vn 0.41357422 -0.89990234 -0.1385498
vn -0.14978027 -0.98779297 -0.039215088
vn -0.34204102 -0.9394531 1.7881393E-07
vn 0.23254395 -0.9663086 -0.109191895
vn 0.042236328 -0.99609375 -0.075683594
vn 0.5888672 -0.7363281 -0.3334961
vn 0.69970703 -0.6171875 -0.35986328
vn 0.37573242 -0.88623047 -0.27172852
vn -0.16052246 -0.9838867 -0.0769043
vn -0.34204102 -0.9394531 1.7881393E-07
vn 0.20251465 -0.9555664 -0.2142334
vn 0.021499634 -0.98876953 -0.1484375
vn 0.5131836 -0.7084961 -0.48413086
vn 0.61816406 -0.5878906 -0.52246094
vn 0.31396484 -0.86376953 -0.39453125
vn -0.17797852 -0.97753906 -0.1116333
vn -0.34204102 -0.9394531 1.7881393E-07
vn 0.15393066 -0.9379883 -0.31103516
vn -0.012176514 -0.9765625 -0.2154541
vn 0.41137695 -0.6713867 -0.61621094
vn 0.5083008 -0.54785156 -0.6645508
vn 0.2310791 -0.8334961 -0.5019531
vn -0.20153809 -0.9692383 -0.14208984
vn -0.34204102 -0.9394531 1.7881393E-07
vn 0.08856201 -0.9140625 -0.39575195
vn -0.057495117 -0.95996094 -0.27416992
vn 0.28735352 -0.62646484 -0.7246094
vn 0.37426758 -0.49902344 -0.7817383
vn 0.12988281 -0.7963867 -0.59033203
vn -0.23010254 -0.9584961 -0.16711426
vn -0.34204102 -0.9394531 1.7881393E-07
vn 0.0088272095 -0.8852539 -0.46533203
vn -0.11273193 -0.9399414 -0.32250977
vn 0.14575195 -0.57470703 -0.8051758
vn 0.22143555 -0.44335938 -0.86865234
vn 0.014564514 -0.75439453 -0.65625
vn -0.2626953 -0.94677734 -0.18566895
vn -0.34204102 -0.9394531 1.7881393E-07
vn -0.082092285 -0.8520508 -0.51708984
vn -0.17578125 -0.9169922 -0.35839844
vn -0.007896423 -0.51904297 -0.85498047
vn 0.055755615 -0.38305664 -0.921875
vn -0.1105957 -0.7089844 -0.69628906
vn -0.16772461 -0.46069336 -0.87158203
vn -0.11657715 -0.3203125 -0.9399414
vn -0.24084473 -0.6616211 -0.70996094
vn -0.28344727 -0.7788086 -0.5595703
vn -0.18078613 -0.81591797 -0.5488281
vn -0.31518555 -0.86621094 -0.38793945
vn -0.24414062 -0.89208984 -0.3803711
vn -0.33496094 -0.92041016 -0.20092773
vn -0.2980957 -0.93408203 -0.19714355
vn -0.34204102 -0.9394531 1.7881393E-07
vn -0.34204102 -0.9394531 1.7881393E-07
vn 0.29907227 0.95410156 -0.0033550262
vn 0.25097656 0.96777344 0.0031013489
vn 0.2602539 0.96533203 -0.023269653
vn 0.30932617 0.9506836 -0.0152282715
vn 0.31713867 0.9482422 -0.0074386597
vn 0.2709961 0.96240234 -0.009475708
vn 0.32592773 0.9453125 -0.0057373047
vn 0.33154297 0.9433594 -0.0026054382
vn 0.32421875 0.9458008 0.0014066696
vn 0.30737305 0.95166016 0.003047943
vn 0.34179688 0.9399414 -0.002073288
vn 0.33032227 0.94384766 0.009460449
vn 0.29370117 0.9560547 -0.0012340546
vn 0.30786133 0.95166016 -0.002538681
vn 0.3413086 0.9399414 0.014259338
vn 0.31420898 0.94873047 0.036193848
vn 0.33081055 0.9428711 0.041137695
vn 0.33325195 0.9428711 0.013214111
vn 0.3334961 0.9428711 0.001537323
vn 0.33764648 0.94140625 -0.00057697296
vn 0.35107422 0.9355469 -0.037750244
vn 0.3359375 0.9379883 -0.086242676
vn 0.30859375 0.94677734 -0.08984375
vn 0.3371582 0.9404297 -0.041748047
vn 0.34448242 0.93847656 -0.025283813
vn 0.35205078 0.93603516 -0.02029419
vn 0.36010742 0.93115234 -0.059783936
vn 0.34838867 0.93408203 -0.076538086
vn 0.34350586 0.93359375 -0.10290527
vn 0.36083984 0.9316406 -0.04296875
vn 0.36010742 0.9321289 -0.03086853
vn 0.35864258 0.93115234 -0.0635376
vn 0.359375 0.9326172 -0.031158447
vn 0.35302734 0.9355469 -0.016174316
vn 0.34179688 0.9399414 -0.002073288
vn 0.35205078 0.93603516 -0.02029419
vn 0.3479004 0.9375 -0.008049011
vn 0.33862305 0.94091797 0.0053749084
vn 0.3330078 0.9428711 0.012557983
vn 0.34057617 0.9399414 0.0017576218
vn 0.32080078 0.9472656 -0.0002617836
vn 0.3154297 0.94873047 0.013519287
vn 0.34985352 0.93652344 -0.01335907
vn 0.33398438 0.94189453 -0.03338623
vn -0.3330078 -0.9428711 -0.0029354095
vn -0.33447266 -0.9423828 -0.0019207001
vn -0.3347168 -0.9423828 -0.002779007
vn -0.33569336 -0.94189453 -0.0009460449
vn -0.33740234 -0.94140625 -0.0015678406
vn -0.33496094 -0.9423828 -0.0028820038
vn -0.33935547 -0.9404297 -0.003768921
vn -0.34057617 -0.9404297 -0.00075006485
vn -0.31445312 -0.94921875 0.005344391
vn -0.2841797 -0.9584961 0.008522034
vn -0.28833008 -0.95751953 0.0055274963
vn -0.31347656 -0.94970703 0.0020313263
vn -0.33740234 -0.94140625 -0.010635376
vn -0.33569336 -0.94189453 -0.0058937073
vn -0.30932617 -0.9511719 -0.0053253174
vn -0.2746582 -0.9614258 -0.013969421
vn -0.28198242 -0.95947266 -0.015945435
vn -0.31079102 -0.9501953 -0.009239197
vn -0.3486328 -0.9370117 -0.005771637
vn -0.35229492 -0.9355469 -0.0132751465
vn -0.3864746 -0.9223633 -0.016662598
vn -0.38012695 -0.9248047 -0.009117126
vn -0.38330078 -0.92333984 -0.0035133362
vn -0.34692383 -0.9379883 -0.0026569366
vn -0.34228516 -0.9394531 -0.0023040771
vn -0.31176758 -0.9501953 -0.004989624
vn -0.32421875 -0.9458008 -0.007282257
vn -0.2915039 -0.95654297 -0.01651001
vn -0.27514648 -0.9614258 -0.014183044
vn -0.31396484 -0.94921875 0.019683838
vn -0.27246094 -0.9614258 0.03463745
vn -0.29101562 -0.9560547 0.040374756
vn -0.29467773 -0.9555664 0.020263672
vn -0.3166504 -0.94873047 0.00894928
vn -0.33618164 -0.94189453 0.008483887
vn -0.35351562 -0.92871094 -0.11004639
vn -0.32861328 -0.9433594 -0.044281006
vn -0.33642578 -0.94091797 -0.03878784
vn -0.36157227 -0.9267578 -0.103393555
vn -0.38891602 -0.91748047 -0.08166504
vn -0.4724121 -0.79785156 -0.375
vn -0.36035156 -0.9326172 -0.023330688
vn -0.39379883 -0.9189453 -0.010658264
vn -0.35302734 -0.9355469 -0.0067100525
vn -0.4633789 -0.80126953 -0.3786621
vn -0.45483398 -0.8125 -0.36499023
vn -0.53222656 -0.57910156 -0.6171875
vn -0.3395996 -0.9355469 -0.095703125
vn -0.31591797 -0.9448242 -0.087646484
vn -0.3803711 -0.9248047 0.0027980804
vn -0.38012695 -0.9248047 0.009971619
vn -0.35180664 -0.93603516 -0.0006971359
vn -0.34228516 -0.9394531 -0.0023040771
vn -0.40600586 -0.9135742 0.013313293
vn -0.43847656 -0.8276367 -0.35058594
vn -0.42211914 -0.8408203 -0.33935547
vn -0.5390625 -0.5620117 -0.6269531
vn -0.29711914 -0.9506836 -0.08850098
vn -0.53564453 -0.5703125 -0.6225586
vn -0.5551758 -0.42163086 -0.7167969
vn -0.2775879 -0.95703125 -0.08520508
vn -0.2902832 -0.9560547 -0.03994751
vn -0.2709961 -0.9614258 -0.042419434
vn -0.40454102 -0.85498047 -0.3239746
vn -0.3894043 -0.87060547 -0.30078125
vn -0.54589844 -0.5488281 -0.6333008
vn -0.25683594 -0.9638672 -0.07183838
vn -0.24890137 -0.96728516 -0.05050659
vn -0.54248047 -0.5546875 -0.6303711
vn -0.5732422 -0.32250977 -0.75341797
vn -0.56396484 -0.37426758 -0.73583984
vn -0.56884766 -0.2265625 -0.79052734
vn -0.38598633 -0.8828125 -0.26831055
vn -0.5805664 -0.54052734 -0.6088867
vn -0.3947754 -0.890625 -0.22485352
vn -0.5566406 -0.54345703 -0.62841797
vn -0.5991211 -0.21936035 -0.77001953
vn -0.5830078 -0.2697754 -0.76660156
vn -0.5834961 -0.09906006 -0.80615234
vn -0.5761719 -0.16333008 -0.80078125
vn -0.56347656 -0.019699097 -0.8261719
vn -0.25219727 -0.96728516 -0.020996094
vn -0.26586914 -0.9638672 0.0009841919
vn -0.26000977 -0.96533203 0.00970459
vn -0.26123047 -0.96484375 -0.025512695
vn -0.29516602 -0.9550781 -0.02168274
vn -0.29418945 -0.9555664 -0.0034370422
vn -0.28295898 -0.9589844 0.010467529
vn -0.26293945 -0.96484375 0.018920898
vn -0.27416992 -0.9614258 0.028060913
vn -0.2746582 -0.9609375 0.03717041
vn -0.29370117 -0.9536133 0.06347656
vn -0.43579102 -0.8930664 -0.11242676
vn -0.2980957 -0.953125 0.052612305
vn -0.3095703 -0.9477539 0.0793457
vn -0.32226562 -0.94628906 0.026031494
vn -0.328125 -0.9433594 0.05279541
vn -0.32055664 -0.9453125 0.060577393
vn -0.41357422 -0.89453125 -0.16931152
vn -0.6611328 -0.5439453 -0.51708984
vn -0.61621094 -0.54052734 -0.5727539
vn -0.6645508 -0.14086914 -0.7338867
vn -0.62646484 -0.17529297 -0.75927734
vn -0.61621094 0.016357422 -0.78759766
vn -0.59521484 -0.037963867 -0.8027344
vn -0.5751953 0.10925293 -0.8105469
vn -0.5678711 0.04559326 -0.82177734
vn -0.51660156 0.22766113 -0.8256836
vn -0.71191406 -0.11767578 -0.6923828
vn -0.7675781 -0.10455322 -0.6323242
vn -0.68408203 0.09893799 -0.72265625
vn -0.6459961 0.06201172 -0.7607422
vn -0.6118164 0.22009277 -0.7597656
vn -0.58935547 0.16772461 -0.79003906
vn -0.51123047 0.37451172 -0.7734375
vn -0.51171875 0.30200195 -0.8046875
vn -0.15734863 0.7685547 -0.6201172
vn -0.7080078 -0.54785156 -0.44555664
vn -0.75146484 -0.55126953 -0.36206055
vn -0.45507812 -0.8881836 -0.06149292
vn -0.47143555 -0.88183594 -0.017623901
vn -0.30786133 -0.9477539 0.08306885
vn -0.3178711 -0.94433594 0.08654785
vn -0.30908203 -0.9477539 0.077697754
vn -0.31713867 -0.94628906 0.0647583
vn -0.3305664 -0.9428711 0.045318604
vn -0.3395996 -0.9399414 0.041229248
vn -0.32885742 -0.94189453 0.06573486
vn -0.33325195 -0.9404297 0.06561279
vn -0.34057617 -0.93652344 0.08123779
vn -0.33911133 -0.9394531 0.044921875
vn -0.33496094 -0.94140625 0.038513184
vn -0.3334961 -0.94140625 0.04748535
vn -0.35668945 -0.9326172 0.0501709
vn -0.35009766 -0.93408203 0.07147217
vn -0.5229492 -0.8515625 0.034606934
vn -0.52197266 -0.85302734 0.0060577393
vn -0.8076172 -0.5805664 -0.10534668
vn -0.32885742 -0.9404297 0.08343506
vn -0.50341797 -0.86328125 0.041229248
vn -0.5151367 -0.85595703 0.04663086
vn -0.8364258 -0.5449219 -0.056915283
vn -0.8286133 -0.55615234 -0.06213379
vn -0.9746094 -0.16662598 -0.14868164
vn -0.9560547 -0.21166992 -0.20385742
vn -0.96533203 0.076538086 -0.24963379
vn -0.4885254 -0.8725586 0.017944336
vn -0.8203125 -0.54589844 -0.1706543
vn -0.83496094 -0.54296875 -0.091430664
vn -0.9736328 -0.1081543 -0.20141602
vn -0.98046875 -0.13122559 -0.14794922
vn -0.9707031 0.14697266 -0.18981934
vn -0.97509766 0.111816406 -0.19055176
vn -0.91796875 0.33862305 -0.20593262
vn -0.9121094 0.31835938 -0.25878906
vn -0.7871094 0.5698242 -0.23596191
vn -0.7895508 -0.5517578 -0.2692871
vn -0.89208984 -0.097473145 -0.4416504
vn -0.9448242 -0.09838867 -0.3125
vn -0.91552734 0.18164062 -0.35888672
vn -0.95410156 0.17297363 -0.24536133
vn -0.8823242 0.39282227 -0.25927734
vn -0.90625 0.3684082 -0.20666504
vn -0.76220703 0.61621094 -0.1986084
vn -0.7866211 0.58496094 -0.19641113
vn -0.35546875 0.9272461 -0.11834717
vn -0.37548828 0.9169922 -0.13415527
vn 0.10571289 0.9941406 -0.012878418
vn 0.13745117 0.9902344 -0.015556335
vn 0.27685547 0.9609375 0.0115356445
vn 0.16210938 0.9868164 0.0029850006
vn 0.25585938 0.9663086 0.019561768
vn 0.2993164 0.9536133 0.023284912
vn -0.31958008 0.94091797 -0.1105957
vn -0.2919922 0.9472656 -0.1307373
vn -0.7246094 0.64501953 -0.24243164
vn -0.67871094 0.65625 -0.3305664
vn -0.8408203 0.39892578 -0.36572266
vn -0.78515625 0.38232422 -0.48754883
vn -0.85546875 0.17285156 -0.4880371
vn -0.7915039 0.1541748 -0.5913086
vn -0.8300781 -0.09887695 -0.5488281
vn -0.7324219 0.12915039 -0.66845703
vn -0.68066406 0.31054688 -0.6635742
vn -0.72998047 0.35058594 -0.58691406
vn -0.58935547 0.6098633 -0.52978516
vn -0.6298828 0.6430664 -0.43554688
vn -0.21130371 0.9453125 -0.24865723
vn -0.64160156 0.26708984 -0.7192383
vn -0.5332031 0.5058594 -0.67822266
vn -0.25756836 0.9482422 -0.1862793
vn 0.1628418 0.9863281 -0.019897461
vn -0.5571289 0.5625 -0.61083984
vn -0.16455078 0.9140625 -0.3708496
vn -0.5180664 0.44262695 -0.7319336
vn -0.1328125 0.84472656 -0.5185547
vn -0.17895508 0.9355469 -0.30493164
vn 0.22497559 0.9736328 -0.039794922
vn 0.1998291 0.9790039 -0.036376953
vn 0.30297852 0.953125 0.015640259
vn -0.15014648 0.8808594 -0.44921875
vn 0.2421875 0.96240234 -0.12408447
vn -0.13232422 0.81152344 -0.56933594
vn 0.2854004 0.9428711 -0.17260742
vn 0.22802734 0.9711914 -0.06781006
vn 0.32080078 0.9472656 -0.0002617836
vn 0.3154297 0.94873047 0.013519287
vn 0.33398438 0.94189453 -0.03338623
vn 0.3544922 0.93310547 -0.057037354
vn 0.3330078 0.9428711 0.012557983
vn 0.34985352 0.93652344 -0.01335907
vn 0.27539062 0.9477539 -0.16027832
vn 0.3239746 0.9458008 0.021560669
vn 0.32788086 0.94433594 0.01939392
vn 0.33862305 0.94091797 0.0053749084
vn 0.34179688 0.9399414 -0.002073288
vn 0.31396484 0.94921875 0.027801514
vn 0.28320312 0.9589844 0.023422241
vn 0.28125 0.9589844 0.034240723
vn 0.31591797 0.9482422 0.02810669
vn 0.32006836 0.9472656 0.022003174
vn 0.3305664 0.94384766 0.016448975
vn 0.3239746 0.9458008 0.018676758
vn 0.33032227 0.94384766 0.009460449
vn 0.15698242 0.98779297 0.0056266785
vn 0.28710938 0.95751953 0.02557373
vn 0.31347656 0.94921875 0.018295288
vn 0.30737305 0.9511719 0.026138306
vn 0.31591797 0.94873047 0.012458801
vn 0.32421875 0.9458008 0.0014066696
vn 0.30786133 0.95166016 -0.002538681
vn -0.35302734 -0.9355469 -0.0067100525
vn -0.36035156 -0.9326172 -0.023330688
vn -0.33642578 -0.94091797 -0.03878784
vn -0.33398438 -0.9423828 -0.018585205
vn -0.33129883 -0.9433594 -0.013420105
vn -0.35180664 -0.93603516 -0.0006971359
vn -0.34228516 -0.9394531 -0.0023040771
vn -0.32592773 -0.9448242 -0.02545166
vn -0.32861328 -0.9433594 -0.044281006
vn -0.31958008 -0.94677734 -0.03781128
vn -0.35351562 -0.92871094 -0.11004639
vn -0.3395996 -0.9355469 -0.095703125
vn -0.31591797 -0.9448242 -0.087646484
vn -0.32177734 -0.94677734 -0.021697998
vn -0.31469727 -0.94873047 -0.022399902
vn -0.30493164 -0.95166016 -0.037017822
vn -0.2902832 -0.9560547 -0.03994751
vn -0.29711914 -0.9506836 -0.08850098
vn -0.32299805 -0.94628906 -0.01576233
vn -0.30664062 -0.95166016 -0.025283813
vn -0.30126953 -0.953125 -0.028060913
vn -0.2836914 -0.9584961 -0.032470703
vn -0.2709961 -0.9614258 -0.042419434
vn -0.25683594 -0.96533203 -0.04107666
vn -0.2775879 -0.95703125 -0.08520508
vn -0.25683594 -0.9638672 -0.07183838
vn -0.24890137 -0.96728516 -0.05050659
vn -0.26123047 -0.96484375 -0.025512695
vn -0.29516602 -0.9550781 -0.02168274
vn -0.28393555 -0.9584961 -0.032714844
vn -0.31713867 -0.9482422 -0.014923096
vn -0.31420898 -0.94921875 -0.0033683777
vn -0.29418945 -0.9555664 -0.0034370422
vn -0.28295898 -0.9589844 0.010467529
vn -0.3330078 -0.9428711 0.010116577
vn -0.33862305 -0.9404297 0.032928467
vn -0.34301758 -0.93896484 0.023620605
vn -0.32226562 -0.94628906 0.026031494
vn -0.29956055 -0.95410156 0.009735107
vn -0.27416992 -0.9614258 0.028060913
vn -0.26293945 -0.96484375 0.018920898
vn -0.2980957 -0.953125 0.052612305
vn -0.328125 -0.9433594 0.05279541
vn -0.32055664 -0.9453125 0.060577393
vn -0.3305664 -0.9428711 0.045318604
vn 0.29907227 0.95410156 -0.0033550262
vn 0.30932617 0.9506836 -0.0152282715
vn 0.32592773 0.9453125 -0.0057373047
vn 0.31323242 0.94970703 0.0054473877
vn 0.2697754 0.96240234 0.02355957
vn 0.3190918 0.9477539 -0.0044441223
vn 0.25097656 0.96777344 0.0031013489
vn 0.088378906 0.99560547 0.032165527
vn 0.2602539 0.96533203 -0.023269653
vn 0.33081055 0.94384766 -0.0090408325
vn 0.32373047 0.9458008 -0.016098022
vn 0.34179688 0.9399414 -0.002073288
vn 0.33154297 0.9433594 -0.0026054382
vn 0.10632324 0.9941406 0.00024282932
vn 0.12756348 0.9916992 0.004470825
vn -0.3720703 0.92285156 0.099487305
vn 0.2709961 0.96240234 -0.009475708
vn 0.25830078 0.9658203 0.010047913
vn 0.31713867 0.9482422 -0.0074386597
vn 0.30737305 0.95166016 0.003047943
vn 0.29370117 0.9560547 -0.0012340546
vn 0.33251953 0.9428711 -0.010658264
vn 0.33520508 0.94189453 -0.0043678284
vn 0.3203125 0.9472656 -0.022644043
vn 0.33764648 0.94140625 -0.00057697296
vn 0.3334961 0.9428711 0.001537323
vn 0.3413086 0.9399414 0.014259338
vn 0.24353027 0.96972656 -0.004005432
vn 0.2602539 0.96533203 -0.01399231
vn 0.09051514 0.99560547 -0.0126953125
vn 0.30786133 0.95166016 -0.002538681
vn 0.31591797 0.94873047 0.012458801
vn 0.11004639 0.99365234 0.014038086
vn -0.32348633 0.9458008 0.033966064
vn -0.3359375 0.93896484 0.072631836
vn -0.7451172 0.65185547 0.14147949
vn 0.3400879 0.9404297 0.0128479
vn 0.32763672 0.94384766 0.04257202
vn 0.33081055 0.9428711 0.041137695
vn 0.2446289 0.9609375 0.12927246
vn 0.31420898 0.94873047 0.036193848
vn 0.32861328 0.94433594 -0.0012302399
vn 0.32177734 0.94677734 -0.018753052
vn 0.28710938 0.95751953 -0.026168823
vn 0.3017578 0.953125 0.013549805
vn 0.19128418 0.97802734 0.08129883
vn 0.23388672 0.9638672 0.12683105
vn -0.1652832 0.8979492 0.40771484
vn 0.21496582 0.96777344 0.13000488
vn -0.19995117 0.859375 0.47045898
vn 0.18530273 0.9746094 0.12524414
vn -0.1619873 0.87597656 0.45483398
vn -0.5493164 0.49658203 0.6723633
vn 0.29638672 0.95458984 0.02998352
vn 0.29516602 0.9555664 0.009552002
vn 0.32177734 0.94677734 0.008987427
vn 0.33325195 0.9428711 0.013214111
vn 0.32128906 0.94677734 -0.0028057098
vn 0.3239746 0.94628906 -0.009086609
vn 0.33764648 0.94140625 -0.0009660721
vn 0.34179688 0.9399414 0.0016784668
vn -0.55908203 0.5571289 0.6142578
vn -0.609375 0.61328125 0.5024414
vn -0.6875 0.3010254 0.6611328
vn -0.2084961 0.92626953 0.31347656
vn -0.25317383 0.94433594 0.20910645
vn 0.17016602 0.98535156 0.01626587
vn 0.16540527 0.9863281 -0.0033988953
vn 0.2861328 0.95751953 -0.03152466
vn 0.27392578 0.9614258 -0.019805908
vn 0.3112793 0.9501953 -0.021881104
vn 0.2980957 0.95410156 -0.021148682
vn 0.30810547 0.9511719 -0.01737976
vn 0.2626953 0.96484375 -0.017654419
vn 0.2541504 0.9667969 -0.017333984
vn 0.10101318 0.9946289 0.014404297
vn 0.1361084 0.99072266 0.00957489
vn -0.33642578 0.93310547 0.12756348
vn 0.27807617 0.9604492 0.0040130615
vn 0.13293457 0.99072266 0.03302002
vn -0.28955078 0.9453125 0.14916992
vn -0.7182617 0.63720703 0.28027344
vn 0.111572266 0.99365234 0.012321472
vn -0.39916992 0.9082031 0.124572754
vn 0.11419678 0.9921875 0.053741455
vn -0.40673828 0.90234375 0.14123535
vn -0.3815918 0.9160156 0.12365723
vn -0.78808594 0.58203125 0.20080566
vn -0.7573242 0.61376953 0.22302246
vn -0.8989258 0.36743164 0.23828125
vn -0.6699219 0.6411133 0.37426758
vn -0.8256836 0.38330078 0.41333008
vn -0.4033203 0.90625 0.1274414
vn -0.80566406 0.5576172 0.20031738
vn -0.8701172 0.3852539 0.30737305
vn -0.94140625 0.1619873 0.2956543
vn -0.75683594 0.35302734 0.55029297
vn -0.82177734 0.14038086 0.5522461
vn -0.77685547 0.6010742 0.1875
vn -0.9145508 0.33935547 0.22045898
vn -0.8979492 0.16467285 0.4086914
vn -0.92578125 -0.11456299 0.3605957
vn -0.96533203 0.13903809 0.22180176
vn -0.9746094 -0.14416504 0.171875
vn -0.9765625 0.105163574 0.18908691
vn -0.96191406 -0.12036133 0.24475098
vn -0.83154297 -0.54345703 0.115112305
vn -0.91796875 0.3388672 0.20690918
vn -0.9296875 0.31054688 0.1986084
vn -0.8100586 0.5522461 0.19677734
vn -0.8227539 0.5336914 0.19506836
vn -0.39990234 0.9067383 0.13354492
vn -0.8222656 0.5336914 0.1965332
vn -0.9345703 0.28881836 0.20690918
vn -0.9355469 0.2919922 0.19848633
vn -0.98095703 0.0524292 0.18652344
vn -0.98046875 0.07342529 0.18261719
vn -0.96728516 -0.20727539 0.14685059
vn -0.92578125 0.30493164 0.22265625
vn -0.9741211 0.042175293 0.22167969
vn -0.97314453 -0.1776123 0.14501953
vn -0.8310547 -0.5527344 0.060668945
vn -0.9790039 0.04272461 0.20007324
vn -0.9550781 -0.24133301 0.1730957
vn -0.9614258 -0.22668457 0.15698242
vn -0.81640625 -0.56933594 0.099121094
vn -0.8232422 -0.5620117 0.080078125
vn -0.54248047 -0.83984375 0.00042963028
vn -0.83691406 -0.5439453 0.06530762
vn -0.5332031 -0.84472656 -0.051635742
vn -0.5410156 -0.84033203 -0.031311035
vn -0.36621094 -0.92822266 -0.06707764
vn -0.94677734 -0.25878906 0.19213867
vn -0.9404297 -0.28027344 0.19274902
vn -0.79052734 -0.5991211 0.12573242
vn -0.8066406 -0.57958984 0.11517334
vn -0.53466797 -0.84375 0.0413208
vn -0.5395508 -0.8413086 0.025283813
vn -0.3605957 -0.9326172 -0.01335144
vn -0.3642578 -0.93066406 -0.03552246
vn -0.33740234 -0.94091797 -0.030227661
vn -0.97314453 0.04928589 0.22473145
vn -0.98095703 0.061157227 0.18359375
vn -0.9067383 0.38354492 0.17602539
vn -0.90283203 0.421875 0.086120605
vn -0.71875 0.6923828 0.0635376
vn -0.70751953 0.7050781 -0.052459717
vn -0.32470703 0.9453125 -0.035583496
vn -0.32080078 0.94140625 -0.10449219
vn 0.11395264 0.9926758 -0.034423828
vn 0.13269043 0.99121094 -0.014640808
vn 0.27148438 0.96240234 0.01209259
vn 0.26049805 0.96484375 0.032440186
vn 0.30737305 0.9511719 0.026138306
vn 0.2993164 0.9536133 0.023284912
vn 0.25585938 0.9663086 0.019561768
vn 0.10571289 0.9941406 -0.012878418
vn 0.11468506 0.99316406 0.0001322031
vn -0.35961914 0.921875 -0.14404297
vn -0.37548828 0.9169922 -0.13415527
vn -0.7871094 0.5698242 -0.23596191
vn -0.33032227 0.93408203 -0.13696289
vn -0.7348633 0.6328125 -0.24475098
vn -0.76416016 0.58691406 -0.2680664
vn -0.89453125 0.3251953 -0.30639648
vn -0.9121094 0.31835938 -0.25878906
vn -0.96533203 0.076538086 -0.24963379
vn -0.71240234 0.68066406 -0.17041016
vn -0.88964844 0.40771484 -0.20544434
vn -0.88623047 0.36206055 -0.28955078
vn -0.95458984 0.05407715 -0.29345703
vn -0.9506836 0.05545044 -0.30517578
vn -0.9321289 -0.25610352 -0.2553711
vn -0.9560547 -0.21166992 -0.20385742
vn -0.8076172 -0.5805664 -0.10534668
vn -0.89941406 0.4333496 -0.058807373
vn -0.99560547 0.07476807 -0.058380127
vn -0.97558594 0.064819336 -0.21057129
vn -0.93066406 -0.32055664 -0.17529297
vn -0.9238281 -0.2944336 -0.2454834
vn -0.7519531 -0.6435547 -0.14355469
vn -0.7783203 -0.61035156 -0.1463623
vn -0.5126953 -0.85791016 -0.023666382
vn -0.52197266 -0.85302734 0.0060577393
vn -0.35668945 -0.9326172 0.0501709
vn -0.99316406 0.072265625 0.09289551
vn -0.9433594 -0.3227539 0.07763672
vn -0.9428711 -0.32910156 -0.048461914
vn -0.73339844 -0.6791992 -0.029556274
vn -0.73583984 -0.6694336 -0.10284424
vn -0.48779297 -0.8725586 -0.03125
vn -0.49853516 -0.86621094 -0.035858154
vn -0.3557129 -0.9345703 0.012435913
vn -0.35742188 -0.93359375 0.028396606
vn -0.3347168 -0.94189453 0.025970459
vn -0.3334961 -0.94140625 0.04748535
vn -0.33496094 -0.94140625 0.038513184
vn -0.33789062 -0.94091797 0.021438599
vn -0.3425293 -0.93896484 0.024734497
vn -0.3388672 -0.94091797 0.011024475
vn -0.33911133 -0.9394531 0.044921875
vn -0.3395996 -0.9399414 0.041229248
vn -0.33569336 -0.94189453 0.014892578
vn -0.33544922 -0.94189453 0.0075798035
vn -0.3569336 -0.93408203 0.0012674332
vn -0.35913086 -0.93310547 -0.0008454323
vn -0.48486328 -0.8745117 -0.010215759
vn -0.4868164 -0.87353516 0.013687134
vn -0.73779297 -0.67333984 0.04421997
vn -0.7519531 -0.65283203 0.0925293
vn -0.9399414 -0.30371094 0.1550293
vn -0.7709961 -0.625 0.12060547
vn -0.51123047 -0.85839844 0.039123535
vn -0.49609375 -0.8676758 0.028884888
vn -0.3557129 -0.9345703 0.00024080276
vn -0.35668945 -0.93408203 0.00091314316
vn -0.33496094 -0.9423828 -0.0028629303
vn -0.5253906 -0.8496094 0.044891357
vn -0.36328125 -0.9316406 0.003572464
vn -0.33544922 -0.94189453 0.00086927414
vn -0.33398438 -0.9423828 0.00093078613
vn -0.359375 -0.93310547 0.00063323975
vn -0.33447266 -0.9423828 -0.0019207001
vn -0.33496094 -0.9423828 -0.0028820038
vn -0.3347168 -0.9423828 -0.002779007
vn -0.33520508 -0.94189453 -0.007194519
vn -0.33740234 -0.94140625 -0.0015678406
vn -0.3330078 -0.9428711 -0.0029354095
vn -0.36157227 -0.9326172 0.00080251694
vn -0.33618164 -0.94189453 -0.0021953583
vn -0.33935547 -0.9404297 0.0023288727
vn -0.34057617 -0.9404297 -0.00075006485
vn -0.34228516 -0.9394531 -0.0023040771
vn -0.33935547 -0.9404297 -0.003768921
vn -0.34204102 -0.9394531 0.011131287
vn -0.33569336 -0.94189453 -0.0009460449
vn -0.33666992 -0.94140625 0.005970001
vn -0.34301758 -0.93896484 0.023620605
vn -0.33862305 -0.9404297 0.032928467
vn -0.3305664 -0.9428711 0.045318604
vn -0.33642578 -0.94189453 -0.00642395
vn -0.3395996 -0.9404297 -0.01234436
vn -0.34277344 -0.9394531 -0.012504578
vn -0.34448242 -0.93847656 -0.028640747
vn -0.33618164 -0.94140625 -0.015068054
vn -0.3400879 -0.9399414 -0.0259552
vn -0.3395996 -0.9394531 -0.048828125
vn -0.33935547 -0.93847656 -0.060668945
vn -0.33984375 -0.9370117 -0.08312988
vn -0.34350586 -0.9375 -0.055267334
vn -0.33911133 -0.9399414 -0.042114258
vn -0.34106445 -0.9399414 -0.017944336
vn -0.3293457 -0.94433594 -0.012710571
vn -0.33569336 -0.94189453 -0.0058937073
vn -0.33740234 -0.94140625 -0.010635376
vn -0.31445312 -0.94921875 0.005344391
vn -0.35888672 -0.92871094 -0.09313965
vn -0.34350586 -0.9345703 -0.093566895
vn -0.3305664 -0.94091797 -0.07476807
vn -0.3100586 -0.94921875 -0.055877686
vn -0.32202148 -0.94628906 -0.03152466
vn -0.30395508 -0.95214844 -0.026535034
vn -0.3100586 -0.9506836 -0.009284973
vn -0.28515625 -0.9584961 -0.011558533
vn -0.2841797 -0.9584961 0.008522034
vn -0.27783203 -0.9604492 0.02456665
vn -0.28833008 -0.95751953 0.0055274963
vn -0.5161133 -0.85546875 -0.04046631
vn -0.49121094 -0.87109375 0.0034999847
vn -0.29052734 -0.9560547 -0.035949707
vn -0.29614258 -0.95458984 -0.032806396
vn -0.32177734 -0.94433594 -0.07183838
vn -0.2788086 -0.9604492 0.0056610107
vn -0.4206543 -0.89404297 0.15466309
vn -0.8071289 -0.5522461 0.20922852
vn -0.74853516 -0.5678711 0.3425293
vn -0.4543457 -0.88720703 0.08190918
vn -0.85009766 -0.1303711 0.5097656
vn -0.7631836 -0.15600586 0.6269531
vn -0.6791992 -0.5776367 0.45288086
vn -0.6479492 -0.5751953 0.4987793
vn -0.4165039 -0.88964844 0.18823242
vn -0.4411621 -0.87890625 0.18164062
vn -0.7402344 0.09863281 0.66503906
vn -0.70214844 0.059906006 0.70947266
vn -0.2939453 -0.9555664 0.016616821
vn -0.3310547 -0.9433594 -0.024993896
vn -0.71972656 -0.17749023 0.67089844
vn -0.7290039 -0.18713379 0.6586914
vn -0.6586914 0.25097656 0.70947266
vn -0.671875 0.21789551 0.7080078
vn -0.6645508 -0.56396484 0.48999023
vn -0.7265625 -0.5395508 0.4248047
vn -0.4909668 -0.8613281 0.1303711
vn -0.53271484 -0.8432617 0.07373047
vn -0.71191406 0.03665161 0.7011719
vn -0.76464844 0.045318604 0.6430664
vn -0.57470703 0.4519043 0.6821289
vn -0.6230469 0.44506836 0.6430664
vn -0.7871094 -0.16992188 0.59277344
vn -0.83740234 -0.1348877 0.52978516
vn -0.78125 -0.51171875 0.35791016
vn -0.7871094 -0.50927734 0.34814453
vn -0.71972656 0.21899414 0.6586914
vn -0.75390625 0.2479248 0.60839844
vn -0.24609375 0.8588867 0.4489746
vn -0.25512695 0.87841797 0.40356445
vn -0.8066406 0.077697754 0.5859375
vn -0.80078125 0.10510254 0.58984375
vn -0.83935547 -0.113586426 0.5317383
vn -0.7915039 -0.12097168 0.5991211
vn -0.64697266 0.47460938 0.59716797
vn -0.61816406 0.5136719 0.59521484
vn 0.1887207 0.97753906 0.09289551
vn 0.19836426 0.97802734 0.06311035
vn -0.7402344 0.27856445 0.6123047
vn -0.68066406 0.29077148 0.6723633
vn -0.7470703 0.10961914 0.65527344
vn -0.63134766 0.07684326 0.77197266
vn -0.22473145 0.89746094 0.37939453
vn -0.17041016 0.8989258 0.40405273
vn 0.29589844 0.9550781 -0.007320404
vn 0.29858398 0.95458984 -0.003353119
vn -0.54589844 0.53759766 0.6425781
vn -0.42993164 0.52197266 0.7368164
vn -0.56591797 0.26635742 0.78027344
vn -0.44213867 0.21435547 0.87109375
vn 0.20495605 0.97558594 0.076049805
vn 0.2475586 0.9604492 0.12902832
vn 0.32763672 0.9448242 -0.0073776245
vn 0.34155273 0.9399414 0.0052108765
vn -0.07824707 0.8745117 0.47827148
vn 0.012573242 0.83740234 0.5463867
vn -0.3190918 0.46972656 0.8232422
vn -0.26879883 0.41479492 0.8691406
vn 0.3256836 0.9448242 0.027664185
vn 0.35888672 0.9321289 0.04724121
vn 0.35473633 0.9350586 0.015266418
vn 0.35351562 0.9350586 0.016433716
vn 0.30517578 0.93896484 0.15905762
vn 0.31445312 0.9355469 0.15966797
vn 0.042419434 0.8105469 0.5839844
vn 0.017318726 0.79589844 0.60546875
vn 0.34155273 0.9399414 0.0029735565
vn 0.33520508 0.9423828 0.004837036
vn 0.35913086 0.9321289 0.046447754
vn 0.33789062 0.9399414 0.04714966
vn 0.28198242 0.94433594 0.16955566
vn 0.2434082 0.9550781 0.17028809
vn 0.34326172 0.93896484 0.01751709
vn 0.32617188 0.9453125 0.015274048
vn 0.31030273 0.94970703 0.0435791
vn 0.2944336 0.9555664 0.020889282
vn 0.3173828 0.9482422 0.0026302338
vn 0.31860352 0.9477539 -0.0044670105
vn 0.3400879 0.9404297 0.00097227097
vn 0.34887695 0.9370117 0.0013456345
vn 0.35424805 0.9350586 0.0055389404
vn 0.36010742 0.9326172 0.014442444
vn 0.3798828 0.9248047 0.014511108
vn 0.22692871 0.96484375 0.13391113
vn -0.061065674 0.8276367 0.55810547
vn 0.22436523 0.9692383 0.101623535
vn 0.28955078 0.95703125 0.004119873
vn 0.29956055 0.95410156 0.007030487
vn 0.32714844 0.9448242 -0.004699707
vn 0.35083008 0.93652344 0.0020446777
vn 0.37329102 0.9277344 0.009651184
vn 0.3955078 0.91748047 0.037902832
vn -0.0340271 0.8017578 0.59716797
vn -0.32128906 0.37817383 0.86816406
vn 0.34594727 0.9379883 0.027328491
vn 0.3100586 0.9394531 0.14477539
vn -0.2734375 0.3779297 0.8847656
vn -0.37182617 0.13708496 0.91796875
vn 0.24145508 0.9638672 0.110961914
vn 0.010810852 0.8486328 0.5288086
vn -0.045013428 0.8486328 0.52685547
vn -0.33666992 0.44140625 0.83154297
vn -0.3564453 0.4086914 0.84033203
vn -0.46044922 0.17089844 0.87109375
vn -0.37695312 0.16625977 0.9111328
vn -0.42749023 -0.022415161 0.9038086
vn -0.4189453 0.14196777 0.89697266
vn -0.47509766 -0.03793335 0.87890625
vn -0.49926758 0.022949219 0.86621094
vn -0.5371094 -0.21801758 0.8144531
vn -0.421875 -0.04776001 0.90527344
vn -0.4597168 -0.2746582 0.84472656
vn -0.67529297 -0.16442871 0.7192383
vn -0.63916016 -0.58447266 0.49951172
vn -0.46240234 -0.2565918 0.8486328
vn -0.45361328 -0.6430664 0.6166992
vn -0.7451172 -0.53564453 0.39746094
vn -0.49975586 -0.86376953 0.06530762
vn -0.515625 -0.62646484 0.58447266
vn -0.35668945 -0.9169922 0.17736816
vn -0.5336914 -0.8442383 0.050720215
vn -0.36254883 -0.9277344 -0.087402344
vn -0.42871094 -0.8955078 0.12097168
vn -0.2993164 -0.9526367 -0.05508423
vn -0.3618164 -0.9296875 -0.07043457
vn -0.34887695 -0.9345703 -0.0713501
vn -0.33911133 -0.9370117 -0.08166504
vn -0.32373047 -0.94384766 -0.06866455
vn -0.31762695 -0.9477539 -0.034851074
vn -0.32543945 -0.9453125 -0.02545166
vn -0.31347656 -0.94970703 0.0020313263
vn -0.3474121 -0.9345703 -0.074279785
vn -0.3474121 -0.9370117 -0.037261963
vn -0.3474121 -0.9370117 -0.040405273
vn -0.3395996 -0.9404297 -0.011047363
vn -0.33081055 -0.9433594 -0.016296387
vn -0.32958984 -0.9433594 -0.03869629
vn -0.30932617 -0.9501953 -0.04269409
vn -0.29711914 -0.953125 -0.058258057
vn -0.2824707 -0.9584961 -0.034484863
vn -0.3095703 -0.9506836 -0.022079468
vn -0.30932617 -0.9511719 -0.0053253174
vn -0.33618164 -0.94189453 -0.0076065063
vn -0.34155273 -0.9399414 -0.012687683
vn -0.2746582 -0.9614258 -0.013969421
vn -0.25854492 -0.9658203 -0.0022563934
vn -0.31079102 -0.9501953 -0.009239197
vn -0.28198242 -0.95947266 -0.015945435
vn -0.26611328 -0.9638672 -0.021697998
vn -0.33569336 -0.94140625 -0.032836914
vn -0.33374023 -0.9199219 0.2052002
vn -0.35888672 -0.9111328 0.203125
vn -0.28100586 -0.95996094 -0.005214691
vn -0.33911133 -0.9399414 -0.035095215
vn -0.33129883 -0.9423828 -0.046447754
vn -0.37963867 -0.9223633 -0.07110596
vn -0.36499023 -0.9301758 -0.03918457
vn -0.3635254 -0.93066406 -0.036376953
vn -0.46191406 -0.64208984 0.6123047
vn -0.5371094 -0.6176758 0.57421875
vn -0.42797852 -0.8881836 0.16784668
vn -0.4909668 -0.8618164 0.1282959
vn -0.34204102 -0.9394531 -0.011871338
vn -0.33251953 -0.9428711 -0.021331787
vn -0.32421875 -0.9458008 -0.007282257
vn -0.2915039 -0.95654297 -0.01651001
vn -0.39086914 -0.91796875 -0.06951904
vn -0.39794922 -0.9135742 -0.085876465
vn -0.5234375 -0.25830078 0.8120117
vn -0.58447266 -0.21911621 0.78125
vn -0.37939453 -0.9223633 -0.07501221
vn -0.35107422 -0.93310547 -0.079589844
vn -0.3449707 -0.9375 -0.045806885
vn -0.3232422 -0.94433594 -0.05810547
vn -0.61035156 -0.58251953 0.5366211
vn -0.6230469 -0.5727539 0.53271484
vn -0.52441406 -0.004096985 0.8515625
vn -0.52001953 0.022506714 0.8540039
vn -0.30981445 -0.9501953 -0.03567505
vn -0.28295898 -0.95751953 -0.059173584
vn -0.31591797 -0.9453125 -0.07952881
vn -0.31518555 -0.9458008 -0.07952881
vn -0.5029297 -0.8574219 0.10870361
vn -0.46704102 -0.8774414 0.10864258
vn -0.3696289 -0.9248047 -0.08984375
vn -0.25317383 -0.9667969 -0.03744507
vn -0.24157715 -0.96972656 -0.027923584
vn -0.22473145 -0.9736328 -0.03363037
vn -0.27514648 -0.9614258 -0.014183044
vn -0.25854492 -0.96435547 -0.056671143
vn -0.2836914 -0.9472656 0.14929199
vn -0.38110352 -0.91552734 0.12792969
vn -0.4638672 -0.6542969 0.59765625
vn -0.2861328 -0.9580078 -0.017105103
vn -0.31176758 -0.9501953 -0.004989624
vn -0.57714844 -0.59716797 0.5571289
vn -0.53564453 -0.19799805 0.8208008
vn -0.58740234 -0.1932373 0.7861328
vn -0.31884766 -0.9477539 -0.009757996
vn -0.31811523 -0.9477539 -0.015853882
vn -0.3486328 -0.9370117 -0.005771637
vn -0.34692383 -0.9379883 -0.0026569366
vn -0.35229492 -0.9355469 -0.0132751465
vn -0.35107422 -0.93652344 0.011131287
vn -0.3864746 -0.9223633 -0.016662598
vn -0.27246094 -0.96191406 -0.022491455
vn -0.2548828 -0.9667969 0.0006599426
vn -0.3034668 -0.9526367 0.008735657
vn -0.25268555 -0.94189453 0.22045898
vn -0.22180176 -0.97509766 -0.015022278
vn -0.20214844 -0.9628906 0.17858887
vn -0.21691895 -0.9560547 0.1973877
vn -0.12670898 -0.80078125 0.58496094
vn -0.22363281 -0.9604492 0.16467285
vn -0.21887207 -0.75683594 0.61621094
vn -0.15356445 -0.7866211 0.59765625
vn -0.078552246 -0.45092773 0.88916016
vn -0.32470703 -0.7133789 0.62109375
vn -0.28198242 -0.31054688 0.90771484
vn -0.16491699 -0.3815918 0.90966797
vn -0.10644531 -0.115722656 0.98779297
vn -0.42211914 -0.24304199 0.87353516
vn -0.35595703 -0.0023403168 0.9345703
vn -0.2220459 -0.054626465 0.9736328
vn -0.14648438 0.14770508 0.97802734
vn -0.46557617 0.026473999 0.8847656
vn -0.3918457 0.20532227 0.89697266
vn -0.27978516 0.18725586 0.94140625
vn -0.14428711 0.45214844 0.8803711
vn -0.4501953 0.19641113 0.87109375
vn -0.26635742 0.46118164 0.8461914
vn 0.121276855 0.8227539 0.55566406
vn 0.2376709 0.78125 0.57714844
vn -0.010879517 0.41455078 0.91015625
vn 0.091308594 0.36645508 0.92578125
vn 0.38745117 0.9086914 0.15661621
vn 0.41259766 0.8964844 0.16271973
vn -0.033081055 0.10015869 0.9946289
vn 0.054870605 0.043060303 0.9975586
vn 0.30517578 0.74365234 0.59472656
vn 0.33203125 0.70410156 0.6274414
vn 0.40625 0.91259766 0.04309082
vn 0.3972168 0.91552734 0.060394287
vn -0.015129089 -0.1842041 0.98291016
vn 0.05102539 -0.2565918 0.96533203
vn 0.16015625 0.30932617 0.9375
vn 0.19836426 0.23730469 0.9511719
vn 0.4038086 0.8935547 0.19689941
vn 0.39233398 0.88964844 0.23303223
vn 0.3815918 0.9238281 0.024780273
vn 0.37719727 0.92529297 0.03765869
vn -0.02268982 -0.50878906 0.86035156
vn 0.00018382072 -0.5410156 0.8413086
vn 0.3388672 0.66064453 0.6699219
vn 0.33325195 0.63134766 0.7001953
vn 0.38598633 0.9189453 0.08026123
vn 0.36376953 0.92871094 0.07122803
vn 0.35791016 0.93310547 0.028625488
vn 0.32763672 0.94433594 0.021240234
vn -0.12963867 -0.79589844 0.5917969
vn -0.15197754 -0.76660156 0.62402344
vn 0.37158203 0.9008789 0.22375488
vn 0.32348633 0.92333984 0.20776367
vn 0.33422852 0.9423828 0.00843811
vn 0.3059082 0.95214844 0.013046265
vn -0.29760742 -0.921875 0.24743652
vn -0.35327148 -0.89501953 0.2722168
vn 0.32104492 0.9453125 0.060180664
vn 0.28198242 0.95703125 0.066467285
vn 0.29711914 0.95458984 0.026397705
vn -0.39819336 -0.91748047 0.0105896
vn -0.4477539 -0.89404297 0.0021190643
vn 0.27978516 0.95947266 0.030700684
vn -0.43188477 -0.9013672 -0.024307251
vn -0.46020508 -0.88720703 -0.030075073
vn -0.41503906 -0.90966797 -0.017044067
vn -0.38012695 -0.9248047 -0.009117126
vn -0.38330078 -0.92333984 -0.0035133362
vn -0.4230957 -0.9057617 -0.01309967
vn -0.40161133 -0.91552734 -0.017364502
vn -0.3635254 -0.9316406 -0.008163452
vn -0.34985352 -0.93652344 -0.027557373
vn -0.34692383 -0.9379883 -0.0026569366
vn -0.3269043 -0.9448242 -0.02178955
vn -0.30737305 -0.9511719 -0.03189087
vn -0.30200195 -0.95166016 -0.053222656
vn -0.48046875 -0.8769531 -0.016189575
vn -0.46972656 -0.84033203 0.27075195
vn -0.4729004 -0.8803711 -0.041503906
vn -0.4428711 -0.8955078 -0.043395996
vn -0.40600586 -0.91064453 -0.0736084
vn -0.37817383 -0.9248047 -0.043151855
vn -0.36206055 -0.9291992 -0.071777344
vn -0.3347168 -0.9404297 -0.05871582
vn -0.32641602 -0.9399414 -0.10211182
vn -0.42163086 -0.8623047 0.28027344
vn -0.27563477 -0.6489258 0.7089844
vn -0.36987305 -0.9238281 -0.1005249
vn -0.37109375 -0.9223633 -0.10644531
vn -0.1973877 -0.7158203 0.6699219
vn -0.048675537 -0.4880371 0.87158203
vn -0.43310547 -0.8984375 -0.07476807
vn -0.4086914 -0.88964844 0.2043457
vn -0.4663086 -0.85058594 0.24304199
vn -0.32128906 -0.6064453 0.72753906
vn -0.33422852 -0.5996094 0.7270508
vn -0.17480469 -0.3305664 0.9272461
vn -0.009429932 -0.5336914 0.8457031
vn 0.075683594 -0.34570312 0.9350586
vn -0.12298584 -0.4074707 0.90478516
vn -0.037719727 -0.26782227 0.9628906
vn 0.08300781 -0.3173828 0.9448242
vn 0.14343262 -0.1048584 0.9838867
vn 0.035858154 -0.33007812 0.9433594
vn 0.092163086 -0.18139648 0.9790039
vn 0.11627197 -0.028198242 0.9926758
vn 0.13269043 -0.16394043 0.97753906
vn 0.18762207 0.072387695 0.9794922
vn 0.20715332 0.15270996 0.9663086
vn 0.30444336 0.61572266 0.7270508
vn 0.25756836 0.6020508 0.7558594
vn 0.1463623 0.027664185 0.98876953
vn 0.08532715 0.045806885 0.9951172
vn 0.2770996 0.9345703 0.22351074
vn 0.25805664 0.93896484 0.22802734
vn 0.023086548 -0.14367676 0.9892578
vn -0.021514893 -0.080200195 0.99658203
vn 0.21203613 0.61572266 0.75927734
vn 0.1940918 0.6640625 0.72216797
vn 0.26708984 0.9614258 0.067993164
vn 0.26489258 0.9633789 0.04547119
vn -0.088134766 -0.19482422 0.9770508
vn -0.059539795 -0.15686035 0.98583984
vn 0.05307007 0.11016846 0.9926758
vn 0.094177246 0.17358398 0.98046875
vn 0.25219727 0.94970703 0.1854248
vn 0.25585938 0.9560547 0.14367676
vn 0.28442383 0.9584961 0.018753052
vn 0.2993164 0.95410156 0.008102417
vn 0.009811401 -0.036895752 0.9995117
vn 0.117492676 -0.032989502 0.9926758
vn 0.22253418 0.7060547 0.671875
vn 0.30737305 0.7133789 0.6298828
vn 0.2709961 0.96240234 0.026290894
vn 0.29418945 0.9555664 0.014465332
vn 0.32592773 0.9453125 0.0027923584
vn 0.34155273 0.9399414 -0.007335663
vn 0.20593262 0.20275879 0.95751953
vn 0.37963867 0.17443848 0.9086914
vn 0.2932129 0.9472656 0.12976074
vn 0.3774414 0.9194336 0.11053467
vn 0.31591797 0.94873047 -0.0029411316
vn 0.33911133 0.9404297 -0.016571045
vn 0.45214844 0.67822266 0.57958984
vn 0.5830078 0.6225586 0.52197266
vn 0.34472656 0.93896484 -0.0010709763
vn 0.39233398 0.9194336 -0.020645142
vn 0.3647461 0.93066406 -0.020401001
vn 0.38354492 0.92333984 -0.022033691
vn 0.45239258 0.88916016 0.07104492
vn 0.48583984 0.8720703 0.058654785
vn 0.36035156 0.9326172 -0.009963989
vn 0.38330078 0.92333984 -0.015350342
vn 0.36206055 0.9321289 -0.0034923553
vn 0.3544922 0.9350586 0.013000488
vn 0.3774414 0.92626953 0.001663208
vn 0.41625977 0.9086914 -0.025421143
vn 0.43164062 0.90185547 -0.013473511
vn 0.40161133 0.91552734 -0.02293396
vn 0.41357422 0.91015625 -0.016235352
vn 0.40014648 0.9165039 -0.010650635
vn 0.4362793 0.89990234 0.012245178
vn 0.4440918 0.8959961 0.0059890747
vn 0.5205078 0.8442383 0.12683105
vn 0.50634766 0.8574219 0.08929443
vn 0.6640625 0.53027344 0.52685547
vn 0.64697266 0.5732422 0.5024414
vn 0.5917969 0.036590576 0.8051758
vn 0.5283203 0.105407715 0.84228516
vn 0.45483398 -0.14379883 0.87890625
vn 0.29736328 -0.078125 0.95166016
vn 0.23876953 -0.22351074 0.9448242
vn 0.049621582 -0.16577148 0.9848633
vn -0.038238525 -0.32836914 0.94384766
vn -0.14782715 -0.3022461 0.94189453
vn -0.2290039 -0.66259766 0.7133789
vn -0.047302246 -0.74658203 0.6635742
vn 0.15820312 -0.4013672 0.90234375
vn 0.33666992 -0.47094727 0.8154297
vn 0.40649414 -0.29174805 0.86572266
vn 0.47338867 -0.34277344 0.81152344
vn -0.29052734 -0.94384766 0.15649414
vn -0.16931152 -0.9794922 0.10803223
vn 0.51953125 -0.19702148 0.83154297
vn 0.51171875 -0.23254395 0.82714844
vn 0.12805176 -0.8051758 0.57910156
vn 0.2097168 -0.82714844 0.5214844
vn -0.30371094 -0.9448242 -0.12188721
vn -0.2529297 -0.95996094 -0.12200928
vn 0.4086914 -0.5180664 0.75146484
vn 0.3918457 -0.5576172 0.7319336
vn 0.59033203 -0.011222839 0.8071289
vn 0.5395508 -0.01133728 0.8417969
vn -0.10101318 -0.99072266 0.09020996
vn -0.08642578 -0.99121094 0.0982666
vn -0.2800293 -0.95458984 -0.10192871
vn -0.25805664 -0.9604492 -0.1027832
vn 0.20593262 -0.83984375 0.5024414
vn 0.11871338 -0.84814453 0.51660156
vn 0.64453125 0.51416016 0.56591797
vn 0.6113281 0.5385742 0.57958984
vn -0.23388672 -0.9663086 -0.10772705
vn -0.25341797 -0.96484375 -0.07128906
vn -0.28149414 -0.95751953 -0.063964844
vn -0.29003906 -0.9550781 -0.061523438
vn -0.12658691 -0.98339844 0.1282959
vn -0.18481445 -0.97021484 0.15783691
vn 0.5097656 0.85009766 0.13391113
vn 0.4790039 0.86572266 0.14611816
vn -0.27929688 -0.95703125 -0.07879639
vn -0.30981445 -0.94970703 -0.044403076
vn -0.31225586 -0.94921875 -0.034179688
vn -0.328125 -0.94433594 -0.017120361
vn -0.28637695 -0.95751953 -0.033569336
vn -0.31103516 -0.9501953 -0.009399414
vn 0.4086914 0.9121094 0.029403687
vn 0.3918457 0.91796875 0.062683105
vn -0.32861328 -0.94433594 -0.012809753
vn -0.3425293 -0.9394531 -0.002532959
vn -0.32641602 -0.9448242 -0.02519226
vn -0.3383789 -0.94091797 -0.013923645
vn 0.36694336 0.9301758 0.022918701
vn -0.33935547 -0.9404297 -0.010734558
vn 0.37231445 0.9272461 0.036193848
vn -0.3474121 -0.9375 -0.0070495605
vn -0.35229492 -0.93603516 0.008743286
vn -0.36914062 -0.9291992 0.024780273
vn -0.35668945 -0.93408203 0.008865356
vn -0.35107422 -0.93652344 0.0003271103
vn -0.35375977 -0.9355469 0.0006766319
vn -0.34643555 -0.9379883 -0.006008148
vn -0.32958984 -0.94384766 0.014511108
vn -0.3605957 -0.9326172 0.012062073
vn -0.36401367 -0.9316406 -0.00491333
vn -0.38549805 -0.9223633 0.027450562
vn -0.3503418 -0.93652344 -0.009750366
vn -0.35009766 -0.93652344 -0.016082764
vn -0.35546875 -0.93408203 -0.039123535
vn -0.32641602 -0.9453125 0.007972717
vn -0.24291992 -0.9584961 0.14978027
vn -0.22607422 -0.9609375 0.16064453
vn -0.046051025 -0.87158203 0.48779297
vn 0.012634277 -0.85302734 0.52197266
vn 0.18103027 -0.61035156 0.7709961
vn 0.29174805 -0.58691406 0.7553711
vn 0.37304688 -0.3984375 0.8378906
vn 0.4597168 -0.3815918 0.8017578
vn 0.44360352 -0.234375 0.8652344
vn 0.3857422 -0.20410156 0.89990234
vn 0.28735352 -0.39892578 0.87060547
vn 0.28149414 -0.40820312 0.86816406
vn 0.13891602 -0.64990234 0.7470703
vn 0.17041016 -0.70166016 0.69140625
vn 0.5004883 0.037841797 0.8647461
vn 0.52441406 0.104003906 0.84521484
vn -0.052337646 -0.89941406 0.4338379
vn 9.4890594E-05 -0.9301758 0.36645508
vn 0.40698242 -0.1673584 0.8979492
vn 0.4975586 -0.14697266 0.85498047
vn 0.5942383 0.57421875 0.5629883
vn 0.60839844 0.5859375 0.53515625
vn 0.35546875 -0.4345703 0.8276367
vn 0.49389648 -0.48266602 0.72314453
vn -0.23059082 -0.96435547 0.13000488
vn -0.21044922 -0.9707031 0.11651611
vn 0.5961914 0.15222168 0.78808594
vn 0.70166016 0.14672852 0.6972656
vn 0.46704102 0.8652344 0.1829834
vn 0.48876953 0.8510742 0.19055176
vn 0.6357422 -0.17150879 0.7524414
vn 0.74121094 -0.22924805 0.6308594
vn -0.3347168 -0.9423828 0.015823364
vn -0.34887695 -0.9370117 0.026565552
vn 0.6611328 0.57128906 0.48632812
vn 0.7109375 0.5522461 0.43579102
vn 0.4025879 0.91259766 0.07421875
vn 0.3947754 0.9169922 0.060180664
vn 0.7885742 0.089782715 0.60839844
vn 0.82470703 0.00957489 0.5654297
vn -0.3630371 -0.9316406 0.009178162
vn -0.37817383 -0.92578125 0.020507812
vn 0.48779297 0.8574219 0.16369629
vn 0.45776367 0.8730469 0.1673584
vn 0.36157227 0.9321289 0.027816772
vn 0.34228516 0.93896484 0.034332275
vn 0.73291016 0.52978516 0.42700195
vn 0.7397461 0.49853516 0.4519043
vn -0.37036133 -0.92871094 0.01966858
vn -0.39257812 -0.9189453 0.034362793
vn 0.3647461 0.92822266 0.0715332
vn 0.34887695 0.9321289 0.09637451
vn 0.3395996 0.9404297 0.01725769
vn 0.32885742 0.94384766 0.034820557
vn 0.44726562 0.8725586 0.19616699
vn 0.44848633 0.87060547 0.20263672
vn -0.39501953 -0.91796875 0.04196167
vn -0.4243164 -0.9038086 0.056488037
vn 0.3310547 0.94189453 0.054107666
vn 0.3293457 0.94189453 0.063964844
vn 0.34985352 0.9316406 0.09899902
vn 0.33911133 0.9375 0.07946777
vn -0.4050293 -0.9135742 0.041625977
vn -0.3955078 -0.9160156 0.06829834
vn 0.3256836 0.94433594 0.049102783
vn 0.32641602 0.9448242 0.0345459
vn -0.3671875 -0.9291992 0.045074463
vn -0.19946289 -0.9663086 0.16381836
vn 0.33374023 0.9423828 0.017120361
vn 0.33813477 0.94091797 0.0048561096
vn -0.19909668 -0.9711914 0.12963867
vn 0.1282959 -0.94140625 0.31152344
vn 0.07055664 -0.9472656 0.31298828
vn 0.38232422 -0.78222656 0.49169922
vn 0.27441406 -0.7558594 0.5942383
vn 0.609375 -0.5253906 0.59375
vn 0.65625 -0.5444336 0.52246094
vn 0.44970703 -0.7714844 0.4501953
vn 0.484375 -0.73583984 0.47338867
vn 0.16638184 -0.9199219 0.3557129
vn 0.16577148 -0.88183594 0.4411621
vn 0.7753906 -0.29052734 0.56103516
vn 0.7651367 -0.3305664 0.5522461
vn -0.22265625 -0.95166016 0.21081543
vn -0.24804688 -0.9379883 0.24267578
vn 0.6616211 -0.5385742 0.52197266
vn 0.6323242 -0.50097656 0.5913086
vn 0.82177734 -0.059417725 0.56640625
vn 0.7861328 -0.08093262 0.6123047
vn 0.47851562 -0.6777344 0.55859375
vn 0.46923828 -0.6166992 0.6323242
vn -0.42407227 -0.90234375 0.08001709
vn -0.4350586 -0.8979492 0.06390381
vn 0.7236328 -0.32714844 0.6074219
vn 0.6928711 -0.29248047 0.6591797
vn 0.7260742 0.4897461 0.48242188
vn 0.703125 0.5180664 0.48657227
vn 0.60791016 -0.4489746 0.65527344
vn 0.63671875 -0.41967773 0.64697266
vn -0.42260742 -0.90527344 0.039733887
vn -0.41992188 -0.90771484 0.003643036
vn 0.75878906 -0.0546875 0.6489258
vn 0.77978516 -0.016998291 0.62597656
vn 0.42651367 0.88671875 0.1776123
vn 0.40405273 0.9013672 0.15441895
vn 0.7163086 -0.26513672 0.6455078
vn 0.7866211 -0.26513672 0.5576172
vn -0.38745117 -0.921875 0.001376152
vn -0.39624023 -0.91796875 -0.020355225
vn 0.69970703 0.5522461 0.45336914
vn 0.73583984 0.55810547 0.38330078
vn 0.32861328 0.94189453 0.066589355
vn 0.3347168 0.94091797 0.05307007
vn 0.84277344 -0.0017242432 0.53808594
vn 0.92626953 -0.034942627 0.37524414
vn -0.37524414 -0.9267578 -0.02696228
vn -0.39770508 -0.9160156 -0.05014038
vn 0.41967773 0.8979492 0.13110352
vn 0.46289062 0.88378906 0.070129395
vn 0.32983398 0.94384766 0.023208618
vn 0.33691406 0.94140625 0.004928589
vn 0.8076172 0.5292969 0.25878906
vn 0.8652344 0.4831543 0.1348877
vn 0.35668945 0.93408203 0.016418457
vn 0.36791992 0.9296875 -0.02268982
vn 0.34545898 0.93847656 -0.012138367
vn 0.35083008 0.93603516 -0.01940918
vn 0.48046875 0.8769531 0.00089502335
vn 0.48461914 0.8745117 -0.01777649
vn 0.34399414 0.93896484 -0.0042037964
vn 0.35009766 0.93652344 -0.011413574
vn 0.3466797 0.9379883 -0.008956909
vn 0.3486328 0.9370117 -0.01259613
vn 0.35083008 0.93652344 -0.0014810562
vn 0.3713379 0.9277344 -0.03225708
vn 0.38085938 0.9243164 -0.025177002
vn 0.35668945 0.93408203 -0.02142334
vn 0.36132812 0.9321289 -0.015914917
vn 0.3557129 0.9345703 -0.0074005127
vn 0.38208008 0.9243164 -0.002412796
vn 0.39111328 0.92041016 -0.012527466
vn 0.5307617 0.84716797 0.024459839
vn 0.5097656 0.86035156 -0.0001950264
vn 0.9267578 0.35913086 0.109558105
vn 0.9003906 0.42578125 0.08709717
vn 0.9667969 -0.21264648 0.14245605
vn 0.9707031 -0.11303711 0.2130127
vn 0.91503906 -0.35375977 0.19433594
vn 0.87597656 -0.3005371 0.37768555
vn 0.8105469 -0.4580078 0.36499023
vn 0.7133789 -0.42456055 0.5576172
vn 0.5864258 -0.6040039 0.54003906
vn 0.5048828 -0.5913086 0.62890625
vn 0.1784668 -0.8442383 0.5053711
vn 0.1574707 -0.8461914 0.50927734
vn -0.2565918 -0.93896484 0.22924805
vn -0.23999023 -0.9555664 0.17224121
vn 0.23950195 -0.8730469 0.4248047
vn 0.33764648 -0.9067383 0.25317383
vn 0.69189453 -0.6352539 0.34301758
vn 0.74853516 -0.6484375 0.13952637
vn -0.4326172 -0.9013672 0.025009155
vn -0.4177246 -0.9082031 -0.026260376
vn 0.8544922 -0.49194336 0.16723633
vn 0.8457031 -0.52685547 0.08538818
vn -0.18847656 -0.9794922 0.06994629
vn -0.13171387 -0.99072266 -0.028442383
vn -0.41723633 -0.9082031 -0.028396606
vn 0.4111328 -0.9082031 0.07739258
vn 0.45092773 -0.8925781 0.0063972473
vn 0.9033203 -0.41259766 0.11633301
vn 0.87353516 -0.46655273 0.13928223
vn -0.3935547 -0.9165039 -0.06994629
vn -0.3713379 -0.9238281 -0.09246826
vn 0.7519531 -0.6567383 0.055877686
vn 0.73291016 -0.6748047 0.08673096
vn 0.9399414 -0.3017578 0.15966797
vn 0.90625 -0.33398438 0.25854492
vn -0.0859375 -0.9941406 -0.06567383
vn -0.061462402 -0.9970703 -0.043395996
vn -0.37524414 -0.9243164 -0.072631836
vn -0.37036133 -0.92529297 -0.07904053
vn 0.4658203 -0.88427734 0.037384033
vn 0.43896484 -0.8828125 0.16809082
vn 0.9277344 0.32641602 0.1809082
vn 0.8989258 0.36572266 0.24182129
vn -0.36157227 -0.92822266 -0.086364746
vn -0.36669922 -0.9296875 -0.040100098
vn -0.35546875 -0.93359375 -0.048217773
vn -0.36865234 -0.9291992 -0.029876709
vn -0.07305908 -0.99658203 0.037322998
vn -0.10290527 -0.98779297 0.11846924
vn 0.51171875 0.85839844 0.039398193
vn 0.48706055 0.87158203 0.0524292
vn -0.3815918 -0.92333984 -0.038726807
vn -0.38623047 -0.9223633 0.0069847107
vn -0.36523438 -0.93066406 2.1159649E-05
vn -0.36206055 -0.9321289 0.0049438477
vn -0.37597656 -0.9267578 0.008506775
vn -0.38232422 -0.9238281 0.02268982
vn 0.37280273 0.9277344 0.009613037
vn 0.3786621 0.92529297 0.013748169
vn -0.34887695 -0.9370117 -0.007972717
vn -0.35620117 -0.9345703 -0.009422302
vn -0.38549805 -0.92285156 0.01184082
vn -0.390625 -0.92041016 -0.002609253
vn 0.35302734 0.9355469 -0.0019836426
vn -0.37036133 -0.92871094 -0.004421234
vn 0.359375 0.93310547 -0.016525269
vn -0.38085938 -0.9243164 -0.01348114
vn -0.3491211 -0.9370117 -0.014083862
vn -0.35009766 -0.93652344 -0.02017212
vn -0.35888672 -0.9326172 -0.031280518
vn -0.3684082 -0.9291992 -0.019699097
vn -0.3857422 -0.921875 -0.0345459
vn -0.3942871 -0.9189453 -0.018157959
vn -0.38598633 -0.9223633 -0.018585205
vn -0.34570312 -0.93847656 -0.0059127808
vn -0.34521484 -0.93847656 0.005264282
vn -0.34838867 -0.9375 -0.0027637482
vn -0.34399414 -0.93896484 0.0036945343
vn -0.3466797 -0.9379883 0.004425049
vn -0.3479004 -0.9375 0.008728027
vn -0.38671875 -0.921875 0.0115356445
vn -0.17321777 -0.9790039 0.10668945
vn -0.14147949 -0.97998047 0.13879395
vn 0.3269043 -0.88671875 0.32763672
vn 0.37963867 -0.87646484 0.29589844
vn 0.6425781 -0.6699219 0.37182617
vn 0.69189453 -0.6850586 0.22851562
vn 0.77734375 -0.578125 0.24829102
vn 0.8183594 -0.56347656 0.11383057
vn 0.83496094 -0.48583984 0.25756836
vn 0.80859375 -0.45141602 0.3774414
vn 0.7392578 -0.55322266 0.38452148
vn 0.74121094 -0.51708984 0.42822266
vn 0.625 -0.66015625 0.4169922
vn 0.6411133 -0.67285156 0.36865234
vn 0.890625 -0.28320312 0.35595703
vn 0.9091797 -0.1817627 0.37426758
vn 0.29736328 -0.9140625 0.27563477
vn 0.28881836 -0.9472656 0.14001465
vn 0.8232422 -0.38989258 0.41210938
vn 0.8720703 -0.33032227 0.36108398
vn 0.86572266 0.4345703 0.2479248
vn 0.8510742 0.48608398 0.1977539
vn 0.7817383 -0.49389648 0.38110352
vn 0.84033203 -0.49145508 0.22888184
vn -0.19006348 -0.9814453 0.029647827
vn -0.19848633 -0.9785156 -0.052368164
vn 0.94677734 -0.07556152 0.31323242
vn 0.98535156 0.0014400482 0.1706543
vn 0.49609375 0.8666992 0.05206299
vn 0.51464844 0.8574219 0.00058460236
vn 0.93310547 -0.28955078 0.21289062
vn 0.9628906 -0.2680664 0.028259277
vn -0.37963867 -0.9238281 -0.0524292
vn -0.3701172 -0.92626953 -0.072265625
vn 0.8491211 0.5214844 0.08465576
vn 0.8388672 0.54345703 -0.035003662
vn 0.39160156 0.9199219 -0.016433716
vn 0.3869629 0.92089844 -0.04977417
vn 0.99902344 0.03817749 0.006038666
vn 0.9921875 0.038635254 -0.11975098
vn -0.37646484 -0.9248047 -0.052764893
vn -0.37231445 -0.92626953 -0.059509277
vn 0.50341797 0.8618164 -0.059020996
vn 0.4970703 0.8647461 -0.0703125
vn 0.3564453 0.93408203 -0.028930664
vn 0.35498047 0.9345703 -0.025527954
vn 0.8334961 0.5419922 -0.10784912
vn 0.8457031 0.51123047 -0.15393066
vn -0.36010742 -0.9321289 -0.040527344
vn -0.36157227 -0.9316406 -0.03149414
vn 0.38427734 0.921875 -0.045684814
vn 0.39916992 0.9165039 -0.033081055
vn 0.3474121 0.9375 -0.011657715
vn 0.35351562 0.9355469 -0.012252808
vn 0.52246094 0.85009766 -0.066101074
vn 0.54785156 0.8330078 -0.076293945
vn -0.35327148 -0.9355469 -0.013641357
vn -0.35717773 -0.93408203 -0.013519287
vn 0.36376953 0.93115234 -0.021408081
vn 0.37524414 0.9267578 -0.022232056
vn 0.41479492 0.9091797 -0.035614014
vn 0.4050293 0.9140625 -0.029891968
vn -0.36572266 -0.9296875 -0.03933716
vn -0.34399414 -0.9375 -0.056365967
vn 0.36669922 0.9301758 -0.014579773
vn 0.36132812 0.9326172 -0.00053977966
vn -0.35839844 -0.93066406 -0.07434082
vn -0.18530273 -0.97509766 -0.121520996
vn 0.34887695 0.9370117 -0.005012512
vn 0.35302734 0.9355469 -0.0036182404
vn -0.19665527 -0.97558594 -0.10021973
vn 0.24865723 -0.95996094 -0.12976074
vn 0.27197266 -0.96191406 -0.018539429
vn 0.6816406 -0.7314453 0.019546509
vn 0.6748047 -0.7060547 0.21398926
vn 0.8676758 -0.49560547 0.034088135
vn 0.85546875 -0.50341797 -0.122924805
vn 0.6557617 -0.74365234 -0.13171387
vn 0.61621094 -0.75146484 -0.23571777
vn 0.23022461 -0.9526367 -0.19763184
vn 0.22851562 -0.9458008 -0.2310791
vn 0.95654297 -0.265625 -0.11932373
vn 0.93115234 -0.28442383 -0.22814941
vn -0.16381836 -0.9790039 -0.121154785
vn -0.13720703 -0.984375 -0.11047363
vn 0.8208008 -0.51953125 -0.23742676
vn 0.7783203 -0.5439453 -0.31396484
vn 0.97753906 0.00869751 -0.21081543
vn 0.9604492 -0.048614502 -0.27441406
vn 0.5805664 -0.7573242 -0.29882812
vn 0.5625 -0.75927734 -0.32666016
vn -0.33447266 -0.94189453 -0.030944824
vn -0.32861328 -0.94433594 -0.01084137
vn 0.8959961 -0.32348633 -0.30395508
vn 0.8598633 -0.375 -0.3461914
vn 0.8642578 0.4650879 -0.19213867
vn 0.8754883 0.43139648 -0.21679688
vn 0.7421875 -0.5703125 -0.35229492
vn 0.7241211 -0.5942383 -0.35058594
vn -0.3527832 -0.9355469 -0.0005249977
vn -0.35180664 -0.93603516 0.007701874
vn 0.94140625 -0.123291016 -0.31445312
vn 0.9238281 -0.1977539 -0.32788086
vn 0.5366211 0.8408203 -0.07324219
vn 0.52734375 0.84814453 -0.04586792
vn 0.8339844 -0.42529297 -0.35107422
vn 0.82910156 -0.45922852 -0.31835938
vn -0.34936523 -0.9370117 0.005420685
vn -0.35180664 -0.93603516 0.013519287
vn 0.8886719 0.40307617 -0.21911621
vn 0.90527344 0.36865234 -0.21105957
vn 0.39892578 0.9169922 -0.004940033
vn 0.4099121 0.9121094 0.0062179565
vn 0.91796875 -0.24731445 -0.30981445
vn 0.93310547 -0.24890137 -0.25878906
vn -0.34814453 -0.9375 0.013999939
vn -0.35107422 -0.93603516 0.019332886
vn 0.54785156 0.8359375 -0.03756714
vn 0.5566406 0.828125 -0.06719971
vn 0.36791992 0.9296875 0.005001068
vn 0.37329102 0.9277344 -0.008270264
vn 0.9091797 0.36401367 -0.20288086
vn 0.89208984 0.40673828 -0.19580078
vn 0.41333008 0.91015625 -0.02067566
vn 0.3930664 0.91845703 -0.042663574
vn 0.36010742 0.9326172 -0.017730713
vn 0.35595703 0.9345703 -0.013999939
vn 0.52685547 0.8457031 -0.0881958
vn 0.5078125 0.85791016 -0.080078125
vn 0.3486328 0.9370117 -0.0042304993
vn 0.35327148 0.9355469 -0.008003235
vn 0.35205078 0.93603516 0.00020515919
vn 0.35986328 0.93310547 0.004432678
vn 0.3630371 0.9316406 -0.004295349
vn 0.38793945 0.92089844 -0.033233643
vn 0.40307617 0.91503906 -0.027450562
vn 0.3647461 0.93115234 -0.01348114
vn 0.3720703 0.9277344 -0.023361206
vn 0.36254883 0.9316406 -0.018966675
vn 0.39233398 0.91845703 -0.04953003
vn 0.40820312 0.9116211 -0.04699707
vn 0.5229492 0.84375 -0.12213135
vn 0.52197266 0.8486328 -0.08496094
vn 0.83154297 0.5004883 -0.24157715
vn 0.86328125 0.46313477 -0.2019043
vn 0.9633789 -0.101135254 -0.24743652
vn 0.9555664 -0.19348145 -0.22277832
vn 0.8798828 -0.43286133 -0.19592285
vn 0.85009766 -0.4645996 -0.2475586
vn 0.75341797 -0.61572266 -0.22998047
vn 0.7285156 -0.61083984 -0.31030273
vn 0.5864258 -0.75927734 -0.28149414
vn 0.56689453 -0.75878906 -0.32128906
vn 0.28149414 -0.9301758 -0.23608398
vn 0.24719238 -0.93847656 -0.24182129
vn -0.109802246 -0.9892578 -0.09698486
vn -0.08673096 -0.99316406 -0.078186035
vn 0.31591797 -0.92578125 -0.20739746
vn 0.3330078 -0.93115234 -0.14978027
vn 0.6123047 -0.7636719 -0.20446777
vn 0.62353516 -0.7680664 -0.14453125
vn -0.32128906 -0.94677734 0.0023822784
vn -0.31835938 -0.9477539 0.009147644
vn 0.7792969 -0.6035156 -0.16955566
vn 0.7915039 -0.5810547 -0.18945312
vn -0.08166504 -0.9951172 -0.053375244
vn -0.0970459 -0.9946289 -0.03302002
vn -0.35107422 -0.93603516 0.015853882
vn 0.31958008 -0.94189453 -0.10266113
vn 0.27514648 -0.9555664 -0.10510254
vn 0.9003906 -0.375 -0.22045898
vn 0.8955078 -0.3100586 -0.31958008
vn -0.32495117 -0.9458008 0.012863159
vn -0.33276367 -0.9428711 0.012962341
vn 0.61035156 -0.7763672 -0.15759277
vn 0.5732422 -0.78222656 -0.2442627
vn 0.9448242 -0.008621216 -0.32763672
vn 0.88720703 0.0541687 -0.45776367
vn -0.12939453 -0.99121094 -0.029632568
vn -0.16394043 -0.98535156 -0.046142578
vn -0.35375977 -0.9350586 0.014785767
vn -0.35839844 -0.93359375 0.009811401
vn 0.21728516 -0.9633789 -0.15637207
vn 0.15234375 -0.95458984 -0.25561523
vn 0.78808594 0.5253906 -0.32080078
vn 0.7421875 0.5439453 -0.39135742
vn -0.3371582 -0.94140625 0.007987976
vn -0.34179688 -0.9399414 -0.0019626617
vn -0.35327148 -0.9355469 0.005554199
vn -0.35766602 -0.93359375 0.007850647
vn -0.19470215 -0.97753906 -0.08355713
vn -0.21435547 -0.9692383 -0.119140625
vn 0.4951172 0.85839844 -0.13549805
vn 0.49047852 0.86376953 -0.11437988
vn -0.36010742 -0.9326172 0.009086609
vn -0.35791016 -0.93359375 0.00970459
vn -0.35180664 -0.93603516 0.007499695
vn -0.34716797 -0.9379883 0.007331848
vn -0.34594727 -0.9379883 -0.0073165894
vn -0.34277344 -0.9394531 -0.0032367706
vn 0.39453125 0.91845703 -0.025726318
vn 0.41186523 0.9111328 -0.014030457
vn -0.34106445 -0.9399414 0.007724762
vn -0.33642578 -0.94140625 0.017684937
vn -0.35498047 -0.9345703 0.010604858
vn -0.35083008 -0.93603516 0.019119263
vn 0.375 0.9267578 0.0031414032
vn -0.34472656 -0.93847656 0.015792847
vn 0.3815918 0.9243164 -0.00056791306
vn -0.3383789 -0.9404297 0.034606934
vn -0.3413086 -0.9399414 0.011108398
vn -0.35253906 -0.9355469 0.011291504
vn -0.33544922 -0.94140625 0.03112793
vn -0.32958984 -0.9433594 0.039123535
vn -0.3256836 -0.9433594 0.061462402
vn -0.33740234 -0.9404297 0.042907715
vn -0.31518555 -0.9482422 0.031707764
vn -0.3557129 -0.9345703 -0.00048589706
vn -0.36450195 -0.93115234 -0.0053596497
vn -0.37548828 -0.9267578 -0.0016536713
vn -0.34985352 -0.9370117 -0.0013780594
vn -0.3408203 -0.9399414 0.0029239655
vn -0.35205078 -0.93603516 0.00073337555
vn -0.33203125 -0.9433594 0.008117676
vn -0.18603516 -0.97314453 -0.13598633
vn -0.20947266 -0.9682617 -0.13671875
vn 0.09057617 -0.9116211 -0.40112305
vn 0.09838867 -0.9316406 -0.34960938
vn 0.41577148 -0.73339844 -0.53759766
vn 0.5004883 -0.7680664 -0.39941406
vn 0.71533203 -0.5209961 -0.46606445
vn 0.7792969 -0.5546875 -0.29101562
vn 0.83691406 -0.2553711 -0.48388672
vn 0.74316406 -0.23022461 -0.62841797
vn 0.6171875 -0.4873047 -0.6176758
vn 0.55322266 -0.47509766 -0.68408203
vn 0.3762207 -0.7036133 -0.60253906
vn 0.39013672 -0.68847656 -0.6113281
vn 0.8125 0.06774902 -0.57910156
vn 0.7607422 0.032409668 -0.6484375
vn 0.12286377 -0.9013672 -0.41479492
vn 0.18908691 -0.90527344 -0.38085938
vn 0.6748047 -0.24475098 -0.69628906
vn 0.65234375 -0.2775879 -0.7050781
vn 0.72802734 0.5361328 -0.42749023
vn 0.7397461 0.50390625 -0.44604492
vn 0.54345703 -0.4807129 -0.6879883
vn 0.5957031 -0.49194336 -0.6347656
vn -0.15222168 -0.9824219 -0.109191895
vn -0.12866211 -0.98876953 -0.07672119
vn 0.7421875 -0.021118164 -0.6699219
vn 0.7680664 -0.06112671 -0.6376953
vn 0.5131836 0.8510742 -0.11035156
vn 0.5205078 0.84521484 -0.12176514
vn 0.68847656 -0.30639648 -0.65771484
vn 0.7373047 -0.30371094 -0.6035156
vn -0.30639648 -0.9501953 0.05670166
vn -0.31591797 -0.94677734 0.063964844
vn 0.75927734 0.48095703 -0.4387207
vn 0.7651367 0.4970703 -0.4091797
vn 0.41455078 0.90966797 -0.023269653
vn 0.39575195 0.91796875 -0.020217896
vn 0.80322266 -0.0541687 -0.5932617
vn 0.80810547 0.0011463165 -0.5888672
vn -0.33422852 -0.94091797 0.05819702
vn -0.35595703 -0.93310547 0.050201416
vn 0.49780273 0.86035156 -0.10864258
vn 0.48046875 0.8725586 -0.08874512
vn 0.36865234 0.9296875 0.0010643005
vn 0.35986328 0.93310547 0.0019874573
vn 0.7475586 0.5366211 -0.39135742
vn 0.7055664 0.5756836 -0.41259766
vn -0.35229492 -0.9355469 0.028839111
vn -0.36791992 -0.9291992 0.030776978
vn 0.3876953 0.921875 -0.010002136
vn 0.3864746 0.9223633 -0.0181427
vn 0.3479004 0.9375 -0.0005745888
vn 0.33984375 0.9404297 -0.009613037
vn 0.47338867 0.8745117 -0.10620117
vn 0.43652344 0.88623047 -0.15588379
vn -0.36938477 -0.9291992 0.014564514
vn -0.38916016 -0.92089844 0.02268982
vn 0.3557129 0.9345703 -0.00497818
vn 0.34423828 0.93847656 -0.021835327
vn 0.3630371 0.9301758 -0.050933838
vn 0.32910156 0.94189453 -0.06793213
vn -0.37646484 -0.92578125 0.041137695
vn -0.3708496 -0.92822266 0.034332275
vn 0.32885742 0.94384766 -0.028366089
vn 0.3256836 0.9448242 -0.028549194
vn -0.33935547 -0.93896484 0.055267334
vn -0.18188477 -0.98046875 -0.07354736
vn 0.33398438 0.9423828 -0.012771606
vn 0.32885742 0.94384766 -0.024337769
vn -0.14050293 -0.98828125 -0.062805176
vn 0.24511719 -0.9116211 -0.33032227
vn 0.24487305 -0.9091797 -0.3371582
vn 0.5288086 -0.67822266 -0.5102539
vn 0.45898438 -0.68603516 -0.5644531
vn 0.65771484 -0.48510742 -0.5761719
vn 0.67871094 -0.45776367 -0.57421875
vn 0.54833984 -0.66308594 -0.50927734
vn 0.5131836 -0.6459961 -0.5649414
vn 0.19494629 -0.91015625 -0.3659668
vn 0.09674072 -0.89404297 -0.43725586
vn 0.75341797 -0.26635742 -0.6010742
vn 0.7270508 -0.21179199 -0.65283203
vn -0.24597168 -0.9633789 -0.10827637
vn -0.30639648 -0.94140625 -0.1418457
vn 0.65185547 -0.4206543 -0.6308594
vn 0.56689453 -0.37597656 -0.73291016
vn 0.77441406 0.07702637 -0.62841797
vn 0.69384766 0.1529541 -0.7036133
vn 0.41577148 -0.62158203 -0.6640625
vn 0.29663086 -0.5966797 -0.74560547
vn -0.39868164 -0.9169922 0.009536743
vn -0.41259766 -0.91064453 -0.010017395
vn 0.64746094 -0.14904785 -0.7470703
vn 0.5488281 -0.097351074 -0.8305664
vn 0.62890625 0.6196289 -0.46899414
vn 0.546875 0.65966797 -0.5151367
vn 0.45922852 -0.33789062 -0.82177734
vn 0.38085938 -0.32470703 -0.86572266
vn -0.4013672 -0.9160156 0.0029010773
vn -0.40722656 -0.91308594 -0.0059776306
vn 0.5996094 0.20727539 -0.7729492
vn 0.5341797 0.23364258 -0.8125
vn 0.38256836 0.90625 -0.18029785
vn 0.36694336 0.9121094 -0.18249512
vn 0.47924805 -0.06982422 -0.875
vn 0.4428711 -0.05895996 -0.89453125
vn -0.38549805 -0.92285156 -0.00699234
vn -0.3815918 -0.9243164 -0.0027217865
vn 0.5024414 0.67529297 -0.5395508
vn 0.48657227 0.6689453 -0.5620117
vn 0.3256836 0.9428711 -0.06707764
vn 0.33813477 0.9379883 -0.078125
vn 0.5004883 0.24523926 -0.8305664
vn 0.49853516 0.25219727 -0.82910156
vn -0.3635254 -0.9316406 -0.0010900497
vn -0.36791992 -0.9296875 0.00111866
vn 0.3803711 0.90185547 -0.20471191
vn 0.38232422 0.89404297 -0.234375
vn 0.32763672 0.94384766 -0.03857422
vn 0.32714844 0.9433594 -0.055236816
vn 0.48291016 0.66064453 -0.57470703
vn 0.48120117 0.66748047 -0.5683594
vn 0.33764648 0.93603516 -0.10064697
vn 0.3310547 0.93896484 -0.09484863
vn 0.3269043 0.94384766 -0.04437256
vn 0.34204102 0.9394531 -0.029556274
vn 0.375 0.8989258 -0.22729492
vn 0.3918457 0.8964844 -0.2064209
vn 0.34033203 0.9404297 -0.0132369995
vn 0.35302734 0.9355469 -0.016708374
vn 0.35668945 0.93408203 -0.0076789856
vn 0.36791992 0.9296875 -0.009765625
vn 0.3671875 0.9301758 -0.020339966
vn 0.35351562 0.9321289 -0.07611084
vn 0.38208008 0.92089844 -0.08001709
vn 0.36108398 0.9321289 -0.033172607
vn 0.36328125 0.93066406 -0.04711914
vn 0.3569336 0.93359375 -0.033050537
vn 0.3605957 0.9291992 -0.08306885
vn 0.37451172 0.921875 -0.097473145
vn 0.3942871 0.8852539 -0.24609375
vn 0.4128418 0.88378906 -0.21948242
vn 0.44628906 0.6855469 -0.5756836
vn 0.47265625 0.6801758 -0.5605469
vn 0.46777344 0.30541992 -0.82958984
vn 0.4987793 0.2705078 -0.8232422
vn 0.44262695 -0.0446167 -0.8955078
vn 0.44262695 -0.05706787 -0.89501953
vn 0.32543945 -0.35913086 -0.8745117
vn 0.33496094 -0.33398438 -0.88134766
vn 0.14953613 -0.6147461 -0.77441406
vn 0.20727539 -0.59375 -0.77734375
vn -0.08532715 -0.8564453 -0.5097656
vn -0.011909485 -0.8696289 -0.4934082
vn -0.33764648 -0.9277344 -0.15930176
vn -0.34545898 -0.9238281 -0.1640625
vn -0.12670898 -0.85839844 -0.49682617
vn -0.1352539 -0.87597656 -0.46289062
vn 0.12780762 -0.6542969 -0.74560547
vn 0.111206055 -0.6875 -0.71728516
vn -0.41137695 -0.9111328 -0.021469116
vn -0.3918457 -0.9199219 -0.023925781
vn 0.3166504 -0.37646484 -0.87060547
vn 0.26733398 -0.36938477 -0.8901367
vn -0.33154297 -0.9301758 -0.15722656
vn -0.31079102 -0.93896484 -0.14624023
vn -0.39111328 -0.92041016 -0.0032176971
vn -0.13452148 -0.8925781 -0.43017578
vn -0.15405273 -0.89746094 -0.41333008
vn 0.40307617 -0.012237549 -0.91503906
vn 0.31640625 0.025512695 -0.9482422
vn -0.36865234 -0.9291992 -0.01965332
vn -0.35180664 -0.93603516 -0.014892578
vn 0.0637207 -0.6977539 -0.7133789
vn -0.014457703 -0.68115234 -0.7319336
vn 0.4013672 0.33911133 -0.8510742
vn 0.29467773 0.3540039 -0.8876953
vn -0.3005371 -0.94384766 -0.13781738
vn -0.3010254 -0.9433594 -0.13830566
vn -0.35546875 -0.9345703 0.0034103394
vn -0.3474121 -0.9375 0.005760193
vn -0.19165039 -0.8881836 -0.41748047
vn -0.24731445 -0.86035156 -0.4453125
vn 0.3869629 0.69189453 -0.609375
vn 0.32885742 0.6972656 -0.63671875
vn -0.33984375 -0.9404297 -0.01424408
vn -0.33666992 -0.94140625 -0.016662598
vn -0.34643555 -0.9379883 0.004711151
vn -0.34155273 -0.9399414 0.008972168
vn -0.3149414 -0.9370117 -0.15075684
vn -0.3269043 -0.9301758 -0.16821289
vn 0.3720703 0.8989258 -0.23156738
vn 0.38891602 0.89746094 -0.20910645
vn -0.3408203 -0.9399414 0.0076789856
vn -0.33422852 -0.9423828 0.00995636
vn -0.3359375 -0.94189453 0.00793457
vn -0.32958984 -0.94433594 0.0075149536
vn -0.33422852 -0.9423828 -0.014274597
vn -0.32202148 -0.94677734 -0.009803772
vn 0.38061523 0.9223633 -0.06378174
vn 0.4025879 0.91308594 -0.06689453
vn -0.33203125 -0.9433594 0.0038967133
vn -0.32617188 -0.9453125 0.012557983
vn -0.3137207 -0.94921875 0.01789856
vn -0.3166504 -0.94873047 0.00894928
vn 0.3828125 0.92333984 -0.023605347
vn -0.31762695 -0.9482422 0.012771606
vn -0.29882812 -0.95410156 0.02230835
vn -0.29467773 -0.9555664 0.020263672
vn -0.33618164 -0.94189453 0.008483887
vn -0.35717773 -0.93359375 0.019134521
vn -0.27246094 -0.9614258 0.03463745
vn -0.31396484 -0.94921875 0.019683838
vn 0.38598633 0.921875 -0.030410767
vn -0.28857422 -0.95703125 0.027328491
vn -0.27563477 -0.9614258 0.0013971329
vn -0.36645508 -0.9301758 0.01084137
vn -0.39819336 -0.9169922 0.025497437
vn -0.30297852 -0.953125 -0.0066490173
vn -0.2944336 -0.9321289 -0.2109375
vn -0.41015625 -0.9116211 0.022628784
vn -0.44335938 -0.8959961 0.03050232
vn -0.32006836 -0.92822266 -0.18933105
vn -0.29541016 -0.79296875 -0.53271484
vn -0.42626953 -0.90478516 0.0067329407
vn -0.4675293 -0.8828125 -0.040740967
vn -0.2915039 -0.82470703 -0.484375
vn -0.20800781 -0.57714844 -0.7895508
vn -0.42993164 -0.9003906 -0.06542969
vn -0.5332031 -0.7836914 -0.3190918
vn -0.121398926 -0.63378906 -0.7636719
vn 0.03375244 -0.2980957 -0.95410156
vn -0.4970703 -0.79296875 -0.3527832
vn -0.55615234 -0.5854492 -0.58984375
vn 0.17272949 -0.3413086 -0.9238281
vn -0.5366211 -0.5854492 -0.6074219
vn -0.5463867 -0.4807129 -0.6855469
vn 0.17980957 0.052001953 -0.9824219
vn 0.047790527 0.044952393 -0.9980469
vn -0.546875 -0.4597168 -0.69970703
vn -0.5493164 -0.32641602 -0.76904297
vn -0.08856201 -0.26513672 -0.95996094
vn -0.13842773 -0.25756836 -0.9560547
vn 0.18481445 0.33032227 -0.92578125
vn 0.11340332 0.26831055 -0.95654297
vn -0.5600586 -0.28320312 -0.7788086
vn -0.5473633 -0.13537598 -0.8256836
vn -0.023773193 0.0029850006 -0.9995117
vn -0.030151367 -0.046966553 -0.99853516
vn -0.23022461 -0.5317383 -0.8149414
vn -0.1928711 -0.5004883 -0.8442383
vn 0.30688477 0.6826172 -0.66308594
vn 0.3083496 0.64697266 -0.6977539
vn -0.5571289 -0.082092285 -0.82666016
vn -0.5180664 0.091308594 -0.85058594
vn -0.12005615 -0.26293945 -0.95751953
vn -0.028045654 -0.27416992 -0.9614258
vn 0.09124756 0.19616699 -0.9765625
vn 0.13586426 0.14038086 -0.98095703
vn 0.4099121 0.8847656 -0.22192383
vn 0.40795898 0.8828125 -0.23291016
vn -0.52001953 0.15600586 -0.83984375
vn -0.1862793 0.6816406 -0.70751953
vn 0.03878784 -0.08770752 -0.99560547
vn 0.11657715 -0.09124756 -0.98876953
vn 0.33007812 0.6196289 -0.71240234
vn 0.3564453 0.6303711 -0.6894531
vn 0.39770508 0.9145508 -0.07287598
vn 0.38354492 0.921875 -0.053100586
vn -0.1817627 0.7167969 -0.67333984
vn 0.24328613 0.9370117 -0.25146484
vn 0.1940918 0.13879395 -0.9711914
vn 0.19567871 0.19885254 -0.9604492
vn 0.39916992 0.89501953 -0.19995117
vn 0.39208984 0.90478516 -0.16687012
vn 0.37426758 0.9272461 -0.018112183
vn 0.36157227 0.9321289 -0.009902954
vn 0.26049805 0.94384766 -0.20410156
vn 0.34838867 0.93408203 -0.076538086
vn 0.35864258 0.93115234 -0.0635376
vn 0.34350586 0.93359375 -0.10290527
vn 0.3503418 0.93066406 -0.10430908
vn 0.36010742 0.9321289 -0.03086853
vn 0.36010742 0.93115234 -0.059783936
vn 0.35717773 0.93359375 -0.02494812
vn 0.3479004 0.9375 -0.008049011
vn 0.35302734 0.9355469 -0.016174316
vn 0.34057617 0.9399414 0.0017576218
vn 0.25585938 0.9316406 -0.25805664
vn 0.24694824 0.93847656 -0.24145508
vn -0.19519043 0.6582031 -0.7270508
vn -0.21606445 0.6201172 -0.75439453
vn -0.50927734 0.039093018 -0.8598633
vn -0.49316406 0.004142761 -0.8696289
vn -0.5336914 -0.17260742 -0.828125
vn -0.5209961 -0.1842041 -0.8334961
vn -0.5439453 -0.34570312 -0.76464844
vn -0.54833984 -0.32763672 -0.76953125
vn -0.56103516 -0.4729004 -0.6791992
vn -0.58935547 -0.42895508 -0.6845703
vn -0.59033203 -0.5756836 -0.5654297
vn -0.6376953 -0.5541992 -0.53466797
vn -0.57177734 -0.7758789 -0.26611328
vn -0.5917969 -0.7792969 -0.20654297
vn -0.4868164 -0.87353516 0.00031995773
vn -0.4790039 -0.8774414 0.032043457
vn -0.43579102 -0.8989258 0.04434204
vn -0.40966797 -0.91064453 0.054901123
vn -0.38330078 -0.92285156 0.034942627
vn -0.3635254 -0.9301758 0.046966553
vn -0.33984375 -0.9399414 0.032470703
vn -0.32666016 -0.94384766 0.052703857
vn -0.29101562 -0.9560547 0.040374756
vn -0.27124023 -0.96191406 0.032440186
vn -0.36889648 -0.9272461 0.06149292
vn -0.3786621 -0.9238281 0.051879883
vn -0.4428711 -0.8955078 0.047943115
vn -0.5131836 -0.84521484 -0.15100098
vn -0.25756836 -0.9663086 0.01687622
vn -0.21325684 -0.9526367 -0.21643066
vn -0.31298828 -0.94873047 0.045288086
vn -0.2902832 -0.9404297 -0.17736816
vn -0.5722656 -0.8027344 -0.1661377
vn -0.63623047 -0.5600586 -0.5307617
vn -0.24902344 -0.9428711 -0.22070312
vn -0.17419434 -0.76464844 -0.62060547
vn -0.40429688 -0.9003906 -0.16040039
vn -0.3803711 -0.68847656 -0.6171875
vn -0.22607422 -0.9536133 -0.19836426
vn -0.10888672 -0.76123047 -0.63916016
vn -0.5488281 -0.61279297 -0.56884766
vn -0.47387695 -0.26416016 -0.83984375
vn -0.25878906 -0.77001953 -0.5830078
vn -0.10095215 -0.7636719 -0.63720703
vn 0.006591797 -0.46948242 -0.8828125
vn -0.08996582 -0.48583984 -0.8691406
vn 0.06524658 -0.26660156 -0.9614258
vn 0.07672119 -0.22924805 -0.97021484
vn 0.014167786 -0.44189453 -0.89697266
vn -0.07928467 -0.40014648 -0.91308594
vn 0.12408447 -0.047546387 -0.99121094
vn 0.043823242 0.027511597 -0.99853516
vn -0.20349121 -0.7441406 -0.63623047
vn -0.008300781 -0.16809082 -0.98583984
vn -0.19665527 -0.08630371 -0.9765625
vn -0.27661133 -0.3317871 -0.90185547
vn 0.12023926 0.2890625 -0.94970703
vn 0.28051758 0.7211914 -0.6333008
vn -0.04257202 0.37573242 -0.92578125
vn -0.13256836 0.11657715 -0.984375
vn -0.31811523 0.17285156 -0.9321289
vn -0.39160156 -0.023269653 -0.9199219
vn -0.5107422 -0.018066406 -0.859375
vn 0.34887695 0.67089844 -0.6542969
vn -0.58691406 -0.24438477 -0.77197266
vn -0.6347656 -0.27807617 -0.7207031
vn -0.6621094 -0.5415039 -0.5180664
vn -0.62646484 -0.3527832 -0.6953125
vn -0.5800781 -0.1652832 -0.79785156
vn -0.57177734 -0.06982422 -0.8173828
vn -0.50097656 0.10876465 -0.8588867
vn -0.56152344 -0.26391602 -0.7841797
vn -0.5131836 -0.08959961 -0.8535156
vn -0.43579102 0.16760254 -0.88427734
vn -0.34155273 0.37573242 -0.8613281
vn -0.5180664 0.010887146 -0.85546875
vn -0.44555664 0.1784668 -0.8774414
vn -0.51416016 -0.15844727 -0.84277344
vn -0.46191406 0.015457153 -0.88671875
vn -0.21948242 0.4099121 -0.8852539
vn -0.0043678284 0.8041992 -0.5942383
vn -0.41723633 0.29052734 -0.8613281
vn -0.15979004 0.73828125 -0.65527344
vn -0.45141602 0.07824707 -0.8886719
vn -0.20031738 0.6230469 -0.7558594
vn -0.47558594 -0.007007599 -0.87939453
vn -0.1862793 0.5776367 -0.7949219
vn 0.14025879 0.7753906 -0.61572266
vn 0.27392578 0.94433594 -0.18151855
vn -0.19787598 0.6665039 -0.71875
vn 0.14025879 0.9550781 -0.26123047
vn -0.18383789 0.6015625 -0.77734375
vn 0.21057129 0.9423828 -0.25976562
vn -0.21179199 0.5800781 -0.7866211
vn 0.1998291 0.92871094 -0.31274414
vn 0.35986328 0.9169922 -0.17211914
vn 0.3605957 0.9316406 -0.04031372
vn 0.15881348 0.9526367 -0.2590332
vn 0.2590332 0.9628906 -0.07836914
vn 0.22729492 0.92626953 -0.3010254
vn 0.32763672 0.9379883 -0.11224365
vn 0.20715332 0.94140625 -0.26538086
vn 0.30859375 0.94677734 -0.08984375
vn 0.3359375 0.9379883 -0.086242676
vn 0.35107422 0.9355469 -0.037750244
vn 0.31030273 0.9433594 -0.11895752
vn 0.33496094 0.9404297 -0.061828613
vn 0.3371582 0.9404297 -0.041748047
vn 0.34448242 0.93847656 -0.025283813
vn 0.36083984 0.93115234 -0.05239868
vn 0.359375 0.9326172 -0.031158447
vn 0.35205078 0.93603516 -0.02029419
vn 0.36083984 0.9316406 -0.04296875
vn 0.3425293 0.93847656 -0.048919678
vn 0.32617188 0.9448242 -0.028762817
vn 0.30249023 0.94970703 -0.08355713
vn 0.33276367 0.9428711 -0.010475159
vn 0.31054688 0.9506836 -0.009185791
vn 0.35205078 0.93603516 -0.02029419
vn 0.29663086 0.95458984 -0.027511597
vn 0.28051758 0.9589844 -0.03555298
vn 0.24633789 0.96533203 -0.084106445
vn 0.25708008 0.96435547 -0.058685303
vn 0.29052734 0.95654297 -0.018310547
vn 0.2956543 0.9550781 -0.006000519
vn 0.32250977 0.94677734 -0.0023403168
vn 0.328125 0.9448242 -0.0027179718
vn 0.1595459 0.96435547 -0.2109375
vn 0.17163086 0.9716797 -0.16174316
vn 0.34814453 0.9375 -0.0039482117
vn 0.25390625 0.9667969 -0.033996582
vn 0.25805664 0.96533203 -0.03353882
vn -0.09680176 0.7910156 -0.6040039
vn 0.19482422 0.96728516 -0.16174316
vn 0.29736328 0.95458984 -0.006187439
vn 0.30639648 0.9506836 -0.045196533
vn 0.31762695 0.9482422 -0.011604309
vn 0.3461914 0.9379883 -0.009986877
vn 0.3774414 0.92529297 -0.037628174
vn 0.32202148 0.9448242 -0.06185913
vn 0.29541016 0.9477539 -0.120788574
vn 0.32861328 0.9375 -0.115356445
vn 0.34106445 0.93896484 -0.050048828
vn 0.33618164 0.94091797 -0.035858154
vn 0.31762695 0.9433594 -0.09564209
vn 0.33764648 0.94091797 -0.023361206
vn 0.3395996 0.9404297 -0.014930725
vn 0.33569336 0.94140625 -0.024108887
vn 0.32226562 0.9453125 -0.04550171
vn 0.34326172 0.9394531 -0.00048446655
vn 0.33374023 0.9423828 -0.013938904
vn 0.32739258 0.9423828 -0.066833496
vn 0.33984375 0.93896484 -0.04928589
vn 0.3190918 0.9477539 -0.009750366
vn 0.27563477 0.95947266 -0.05493164
vn 0.27612305 0.9604492 -0.030212402
vn 0.31591797 0.94873047 -0.023071289
vn 0.32958984 0.94384766 -0.012535095
vn 0.3359375 0.94189453 -0.00793457
vn 0.3774414 0.92578125 -0.015037537
vn 0.42382812 0.9038086 -0.05859375
vn 0.41870117 0.9038086 -0.09075928
vn 0.37817383 0.92529297 -0.03353882
vn 0.3659668 0.93066406 -0.011688232
vn 0.36035156 0.9326172 -0.0028247833
vn 0.39990234 0.9160156 -0.027420044
vn 0.40844727 0.91064453 -0.06463623
vn 0.4404297 0.89501953 -0.07220459
vn 0.37890625 0.92529297 -0.019363403
vn 0.3720703 0.92822266 -0.009666443
vn 0.40673828 0.91259766 -0.04360962
vn 0.3701172 0.9291992 -0.004146576
vn 0.3569336 0.93408203 -0.0023078918
vn 0.34326172 0.9394531 -0.00048446655
vn 0.36035156 0.9326172 -0.0028247833
vn 0.3527832 0.9355469 -0.009094238
vn 0.34057617 0.9404297 -0.008872986
vn 0.33862305 0.94091797 -0.021881104
vn 0.34448242 0.93847656 -0.02633667
vn 0.3479004 0.9345703 -0.0713501
vn 0.34399414 0.9370117 -0.062683105
vn 0.36547852 0.9301758 -0.029556274
vn 0.3869629 0.9194336 -0.07147217
vn -0.34350586 -0.93896484 -0.005382538
vn -0.34350586 -0.93896484 -0.013908386
vn -0.3479004 -0.9375 -0.01537323
vn -0.34179688 -0.9399414 -0.004436493
vn -0.34228516 -0.9394531 -0.0032367706
vn -0.34472656 -0.93847656 -0.01096344
vn -0.34106445 -0.9399414 -0.0028743744
vn -0.34204102 -0.9394531 -0.0016717911
vn -0.34521484 -0.93847656 0.01537323
vn -0.35009766 -0.93603516 0.030075073
vn -0.3491211 -0.9370117 0.022735596
vn -0.34399414 -0.93896484 0.012763977
vn -0.3383789 -0.94091797 -0.0010738373
vn -0.33935547 -0.9404297 0.0015697479
vn -0.33911133 -0.9404297 0.019088745
vn -0.33740234 -0.9404297 0.038208008
vn -0.33911133 -0.9404297 0.029418945
vn -0.3388672 -0.94091797 0.015403748
vn -0.34545898 -0.93847656 -0.0032348633
vn -0.35083008 -0.93652344 -0.0027713776
vn -0.35791016 -0.93310547 -0.028961182
vn -0.35131836 -0.93603516 -0.025741577
vn -0.35058594 -0.93603516 -0.026672363
vn -0.34375 -0.93896484 -0.0028076172
vn -0.3408203 -0.9399414 -0.0005235672
vn -0.33789062 -0.94091797 0.020126343
vn -0.3371582 -0.94140625 0.010894775
vn -0.32958984 -0.9433594 0.031143188
vn -0.33032227 -0.9428711 0.0413208
vn -0.34301758 -0.93896484 0.02017212
vn -0.33374023 -0.94140625 0.044067383
vn -0.34179688 -0.93896484 0.0368042
vn -0.3383789 -0.9404297 0.03086853
vn -0.33911133 -0.9404297 0.017364502
vn -0.34375 -0.93896484 0.0045776367
vn -0.23901367 -0.96875 -0.06695557
vn -0.29736328 -0.95458984 -0.015525818
vn -0.30126953 -0.9536133 -0.0137786865
vn -0.24450684 -0.96728516 -0.06427002
vn -0.26708984 -0.9604492 -0.07745361
vn -0.016220093 -0.9628906 -0.26879883
vn -0.31860352 -0.9472656 -0.027938843
vn -0.3317871 -0.94189453 -0.053100586
vn -0.33520508 -0.94189453 -0.012756348
vn -0.014373779 -0.9638672 -0.2668457
vn -0.030807495 -0.9663086 -0.25561523
vn 0.18310547 -0.88671875 -0.42407227
vn -0.2524414 -0.9658203 -0.05496216
vn -0.25512695 -0.9663086 -0.03262329
vn -0.34448242 -0.9379883 -0.03237915
vn -0.35083008 -0.93603516 -0.026428223
vn -0.3413086 -0.9399414 -0.008323669
vn -0.3408203 -0.9399414 -0.0005235672
vn -0.35131836 -0.9350586 -0.048431396
vn -0.045837402 -0.9707031 -0.2355957
vn -0.056549072 -0.9741211 -0.21838379
vn 0.18005371 -0.8823242 -0.43432617
vn -0.24816895 -0.9682617 -0.02130127
vn 0.18200684 -0.88427734 -0.4296875
vn 0.26489258 -0.82666016 -0.4963379
vn -0.24914551 -0.9682617 -0.012901306
vn -0.2944336 -0.9555664 0.014022827
vn -0.2915039 -0.95654297 0.021148682
vn -0.07244873 -0.9770508 -0.20031738
vn -0.09631348 -0.9790039 -0.17858887
vn 0.17468262 -0.87939453 -0.4428711
vn -0.26098633 -0.96533203 0.0047187805
vn -0.27392578 -0.9614258 0.018463135
vn 0.17749023 -0.8808594 -0.43847656
vn 0.31420898 -0.76953125 -0.55615234
vn 0.28833008 -0.80126953 -0.52441406
vn 0.39990234 -0.68310547 -0.61083984
vn -0.12524414 -0.9785156 -0.16247559
vn 0.14160156 -0.87402344 -0.4645996
vn -0.16101074 -0.9746094 -0.15600586
vn 0.16516113 -0.8774414 -0.4506836
vn 0.3544922 -0.6953125 -0.625
vn 0.3388672 -0.73339844 -0.58935547
vn 0.4519043 -0.5761719 -0.68115234
vn 0.42651367 -0.6333008 -0.6459961
vn 0.52685547 -0.46826172 -0.70947266
vn -0.29052734 -0.95654297 0.02053833
vn -0.3173828 -0.9477539 0.03543091
vn -0.31420898 -0.94921875 0.016952515
vn -0.3046875 -0.95166016 0.034301758
vn -0.31835938 -0.9477539 0.021591187
vn -0.32641602 -0.9448242 0.024124146
vn -0.33325195 -0.9423828 0.029922485
vn -0.3305664 -0.9428711 0.035949707
vn -0.34375 -0.93847656 0.031021118
vn -0.3395996 -0.9404297 0.013504028
vn -0.35961914 -0.93310547 0.008239746
vn -0.25439453 -0.95458984 -0.15637207
vn -0.3605957 -0.9326172 0.02243042
vn -0.37548828 -0.9267578 0.017501831
vn -0.35205078 -0.93603516 0.011428833
vn -0.36694336 -0.9301758 0.010147095
vn -0.3720703 -0.92822266 0.012512207
vn -0.20703125 -0.9658203 -0.15539551
vn 0.04559326 -0.8652344 -0.49902344
vn 0.10217285 -0.8701172 -0.4819336
vn 0.32983398 -0.62841797 -0.70458984
vn 0.35229492 -0.6591797 -0.6645508
vn 0.46875 -0.45898438 -0.7548828
vn 0.46826172 -0.5161133 -0.71728516
vn 0.55029297 -0.33374023 -0.7651367
vn 0.5419922 -0.40307617 -0.7373047
vn 0.6201172 -0.19787598 -0.75927734
vn 0.2861328 -0.60546875 -0.7426758
vn 0.21936035 -0.5888672 -0.77783203
vn 0.41748047 -0.36499023 -0.83203125
vn 0.45166016 -0.40795898 -0.79345703
vn 0.5283203 -0.20141602 -0.82470703
vn 0.5463867 -0.26538086 -0.7944336
vn 0.61083984 -0.034820557 -0.7910156
vn 0.62060547 -0.11755371 -0.7753906
vn 0.67871094 0.42114258 -0.6015625
vn -0.023712158 -0.85791016 -0.5136719
vn -0.1015625 -0.8461914 -0.5229492
vn -0.29541016 -0.9423828 -0.15820312
vn -0.3305664 -0.9291992 -0.16381836
vn -0.3737793 -0.9277344 -0.00052165985
vn -0.38330078 -0.92333984 -0.011024475
vn -0.3791504 -0.92529297 0.013664246
vn -0.3779297 -0.92578125 0.008041382
vn -0.36743164 -0.9301758 0.0063285828
vn -0.36547852 -0.93066406 0.0020446777
vn -0.3779297 -0.92578125 0.0029258728
vn -0.37548828 -0.9267578 -0.002243042
vn -0.3894043 -0.92089844 -0.024108887
vn -0.3659668 -0.93066406 0.000767231
vn -0.36328125 -0.9316406 -0.0009045601
vn -0.3684082 -0.9296875 -0.008300781
vn -0.37329102 -0.92626953 -0.046539307
vn -0.38305664 -0.92285156 -0.03543091
vn -0.38793945 -0.8979492 -0.20751953
vn -0.36865234 -0.9042969 -0.21459961
vn -0.3227539 -0.80126953 -0.50341797
vn -0.38964844 -0.92089844 -0.017822266
vn -0.38720703 -0.9033203 -0.18408203
vn -0.39501953 -0.8979492 -0.19506836
vn -0.36035156 -0.77197266 -0.5234375
vn -0.35668945 -0.7783203 -0.51708984
vn -0.27246094 -0.54833984 -0.79052734
vn -0.23144531 -0.59765625 -0.7675781
vn -0.1171875 -0.3215332 -0.9394531
vn -0.36328125 -0.91552734 -0.17407227
vn -0.26831055 -0.80322266 -0.5317383
vn -0.3330078 -0.78125 -0.52783203
vn -0.21508789 -0.51171875 -0.83203125
vn -0.26708984 -0.5180664 -0.8125
vn -0.15075684 -0.22753906 -0.96191406
vn -0.16259766 -0.26831055 -0.94970703
vn -0.051635742 0.015640259 -0.99853516
vn -0.008117676 -0.0236969 -0.9995117
vn 0.08276367 0.2529297 -0.9638672
vn -0.18432617 -0.8286133 -0.5283203
vn 0.016921997 -0.5546875 -0.83203125
vn -0.10998535 -0.5288086 -0.8413086
vn 0.032562256 -0.22436523 -0.9741211
vn -0.08654785 -0.21020508 -0.9736328
vn 0.029159546 0.074523926 -0.99658203
vn -0.03643799 0.05429077 -0.9980469
vn 0.07244873 0.3227539 -0.94384766
vn 0.051940918 0.28344727 -0.95751953
vn 0.21020508 0.68652344 -0.69628906
vn 0.21374512 0.66552734 -0.71533203
vn 0.29638672 0.90722656 -0.29858398
vn 0.31396484 0.91064453 -0.26879883
vn 0.33447266 0.9370117 -0.09906006
vn 0.30273438 0.92285156 -0.23901367
vn 0.31396484 0.94189453 -0.12060547
vn 0.32055664 0.9453125 -0.060333252
vn 0.2199707 0.7133789 -0.66503906
vn 0.25097656 0.71972656 -0.64697266
vn 0.13464355 0.34960938 -0.9272461
vn 0.234375 0.34594727 -0.9086914
vn 0.14367676 0.061645508 -0.98779297
vn 0.27001953 0.021865845 -0.96240234
vn 0.16821289 -0.25708008 -0.95166016
vn 0.27856445 -0.29174805 -0.91503906
vn 0.12854004 -0.5732422 -0.80908203
vn 0.36157227 -0.32739258 -0.8730469
vn 0.44555664 -0.08496094 -0.8911133
vn 0.37060547 -0.029174805 -0.92822266
vn 0.43115234 0.2602539 -0.86376953
vn 0.3425293 0.31274414 -0.8857422
vn 0.3942871 0.6953125 -0.6010742
vn 0.49609375 -0.1418457 -0.8564453
vn 0.5527344 0.12322998 -0.82421875
vn 0.31835938 0.7084961 -0.6298828
vn 0.3334961 0.9082031 -0.25317383
vn 0.50097656 0.1953125 -0.84277344
vn 0.5048828 0.6347656 -0.58496094
vn 0.5883789 0.046020508 -0.8071289
vn 0.62109375 0.5292969 -0.5786133
vn 0.45141602 0.67529297 -0.5830078
vn 0.37719727 0.90527344 -0.19519043
vn 0.37036133 0.90283203 -0.21838379
vn 0.34960938 0.93408203 -0.07537842
vn 0.56640625 0.57910156 -0.5864258
vn 0.45092773 0.8666992 -0.21350098
vn 0.6538086 0.48510742 -0.5805664
vn 0.49267578 0.85253906 -0.17504883
vn 0.39624023 0.89404297 -0.20861816
vn 0.3479004 0.9345703 -0.0713501
vn 0.34399414 0.9370117 -0.062683105
vn 0.3869629 0.9194336 -0.07147217
vn 0.41381836 0.9091797 -0.047424316
vn 0.33862305 0.94091797 -0.021881104
vn 0.36547852 0.9301758 -0.029556274
vn 0.4897461 0.8520508 -0.18383789
vn 0.33740234 0.94091797 -0.03161621
vn 0.3305664 0.94384766 -0.018615723
vn 0.34057617 0.9404297 -0.008872986
vn 0.34326172 0.9394531 -0.00048446655
vn 0.32641602 0.94384766 -0.04864502
vn 0.3269043 0.9399414 -0.09942627
vn 0.30395508 0.9482422 -0.09283447
vn 0.31811523 0.9472656 -0.03878784
vn 0.32641602 0.9448242 -0.029937744
vn 0.3310547 0.9433594 -0.01272583
vn 0.32788086 0.94433594 -0.021713257
vn 0.33374023 0.9423828 -0.013938904
vn 0.29736328 0.921875 -0.24829102
vn 0.31860352 0.94433594 -0.08270264
vn 0.3322754 0.9423828 -0.04147339
vn 0.31445312 0.9482422 -0.043945312
vn 0.32885742 0.94384766 -0.03414917
vn 0.33569336 0.94140625 -0.024108887
vn 0.33984375 0.93896484 -0.04928589
vn -0.33520508 -0.94189453 -0.012756348
vn -0.31860352 -0.9472656 -0.027938843
vn -0.30126953 -0.9536133 -0.0137786865
vn -0.32226562 -0.94677734 -0.0023231506
vn -0.3293457 -0.94433594 0.0018196106
vn -0.3413086 -0.9399414 -0.008323669
vn -0.3408203 -0.9399414 -0.0005235672
vn -0.31591797 -0.94873047 -0.0024967194
vn -0.29736328 -0.95458984 -0.015525818
vn -0.30541992 -0.95214844 -0.009376526
vn -0.23901367 -0.96875 -0.06695557
vn -0.2524414 -0.9658203 -0.05496216
vn -0.25512695 -0.9663086 -0.03262329
vn -0.3215332 -0.94677734 0.0019435883
vn -0.3203125 -0.9472656 0.009223938
vn -0.30273438 -0.953125 0.0047340393
vn -0.2944336 -0.9555664 0.014022827
vn -0.24816895 -0.9682617 -0.02130127
vn -0.32788086 -0.9448242 0.007873535
vn -0.31884766 -0.9477539 0.015548706
vn -0.31201172 -0.9501953 0.016326904
vn -0.30615234 -0.95166016 0.022964478
vn -0.2915039 -0.95654297 0.021148682
vn -0.29589844 -0.95458984 0.030639648
vn -0.24914551 -0.9682617 -0.012901306
vn -0.26098633 -0.96533203 0.0047187805
vn -0.27392578 -0.9614258 0.018463135
vn -0.3046875 -0.95166016 0.034301758
vn -0.31835938 -0.9477539 0.021591187
vn -0.3100586 -0.9506836 0.024353027
vn -0.32788086 -0.9448242 0.01158905
vn -0.33374023 -0.9423828 0.013839722
vn -0.32641602 -0.9448242 0.024124146
vn -0.33325195 -0.9423828 0.029922485
vn -0.34570312 -0.93847656 0.005214691
vn -0.35986328 -0.93310547 0.0034999847
vn -0.3557129 -0.9345703 0.00052690506
vn -0.35205078 -0.93603516 0.011428833
vn -0.33935547 -0.9404297 0.021194458
vn -0.34375 -0.93847656 0.031021118
vn -0.3305664 -0.9428711 0.035949707
vn -0.3605957 -0.9326172 0.02243042
vn -0.36694336 -0.9301758 0.010147095
vn -0.3720703 -0.92822266 0.012512207
vn -0.36743164 -0.9301758 0.0063285828
vn 0.32202148 0.9448242 -0.06185913
vn 0.34106445 0.93896484 -0.050048828
vn 0.33764648 0.94091797 -0.023361206
vn 0.3178711 0.9472656 -0.03894043
vn 0.27929688 0.9560547 -0.09112549
vn 0.33203125 0.9428711 -0.03302002
vn 0.29541016 0.9477539 -0.120788574
vn 0.20458984 0.9350586 -0.28881836
vn 0.32861328 0.9375 -0.115356445
vn 0.34204102 0.9394531 -0.015823364
vn 0.34179688 0.9394531 -0.025680542
vn 0.34326172 0.9394531 -0.00048446655
vn 0.3395996 0.9404297 -0.014930725
vn 0.24499512 0.9291992 -0.2763672
vn 0.24963379 0.9355469 -0.24987793
vn -0.027511597 0.765625 -0.6425781
vn 0.31762695 0.9433594 -0.09564209
vn 0.29370117 0.9501953 -0.10479736
vn 0.33618164 0.94091797 -0.035858154
vn 0.32226562 0.9453125 -0.04550171
vn 0.32739258 0.9423828 -0.066833496
vn 0.34204102 0.9394531 -0.014175415
vn 0.3347168 0.9423828 -0.014152527
vn 0.34033203 0.9394531 -0.033081055
vn 0.3359375 0.94189453 -0.00793457
vn 0.32958984 0.94384766 -0.012535095
vn 0.3190918 0.9477539 -0.009750366
vn 0.31323242 0.94091797 -0.12939453
vn 0.3400879 0.93310547 -0.11468506
vn 0.2680664 0.9169922 -0.29516602
vn 0.33984375 0.93896484 -0.04928589
vn 0.32885742 0.94384766 -0.03414917
vn 0.23754883 0.9345703 -0.26489258
vn 0.060516357 0.7792969 -0.62353516
vn 0.015434265 0.7832031 -0.62109375
vn -0.23144531 0.46923828 -0.8520508
vn 0.31176758 0.9501953 -0.01133728
vn 0.26342773 0.96435547 -0.029266357
vn 0.27612305 0.9604492 -0.030212402
vn 0.1430664 0.98339844 -0.11077881
vn 0.27563477 0.95947266 -0.05493164
vn 0.3161621 0.9482422 -0.03378296
vn 0.33740234 0.9404297 -0.03945923
vn 0.31982422 0.9428711 -0.091674805
vn 0.28076172 0.95703125 -0.06982422
vn 0.16381836 0.97021484 -0.17736816
vn 0.13574219 0.98339844 -0.11993408
vn -0.25097656 0.89501953 -0.36865234
vn 0.12963867 0.9814453 -0.14282227
vn -0.3310547 0.8671875 -0.37158203
vn 0.111694336 0.98046875 -0.16210938
vn -0.29614258 0.88964844 -0.34814453
vn -0.67626953 0.55029297 -0.48999023
vn 0.2614746 0.9633789 -0.06298828
vn 0.27514648 0.95996094 -0.0513916
vn 0.30444336 0.95214844 -0.032043457
vn 0.31591797 0.94873047 -0.023071289
vn 0.3166504 0.9482422 -0.023162842
vn 0.32861328 0.94433594 -0.023071289
vn 0.33520508 0.94189453 -0.00687027
vn 0.32983398 0.94384766 -0.0048599243
vn -0.6088867 0.58935547 -0.53125
vn -0.51123047 0.5957031 -0.6196289
vn -0.7626953 0.33691406 -0.5522461
vn -0.17700195 0.88134766 -0.43774414
vn -0.095581055 0.8569336 -0.50634766
vn 0.22229004 0.95166016 -0.21142578
vn 0.2388916 0.9477539 -0.21203613
vn 0.3215332 0.9433594 -0.08203125
vn 0.30126953 0.94921875 -0.08892822
vn 0.33129883 0.9423828 -0.041625977
vn 0.32861328 0.9423828 -0.06329346
vn 0.3388672 0.9394531 -0.050933838
vn 0.32006836 0.9404297 -0.113098145
vn 0.30249023 0.9458008 -0.11859131
vn 0.20996094 0.9375 -0.2770996
vn 0.21618652 0.9472656 -0.23632812
vn -0.0546875 0.80029297 -0.59716797
vn 0.30517578 0.9482422 -0.08721924
vn 0.22045898 0.94433594 -0.2434082
vn -0.055145264 0.83203125 -0.5522461
vn -0.3491211 0.5185547 -0.7807617
vn 0.22924805 0.9345703 -0.27197266
vn -0.06585693 0.7524414 -0.6557617
vn 0.19177246 0.9472656 -0.25634766
vn -0.08239746 0.74853516 -0.65771484
vn -0.06506348 0.76708984 -0.6386719
vn -0.31835938 0.41503906 -0.8520508
vn -0.3190918 0.4645996 -0.8261719
vn -0.43920898 0.20263672 -0.875
vn -0.41259766 0.56640625 -0.7133789
vn -0.56347656 0.30493164 -0.7675781
vn -0.068847656 0.74853516 -0.65966797
vn -0.33007812 0.38208008 -0.86328125
vn -0.484375 0.2565918 -0.8364258
vn -0.57128906 -0.041625977 -0.8198242
vn -0.67089844 0.33789062 -0.66015625
vn -0.76416016 0.055786133 -0.6425781
vn -0.29760742 0.42749023 -0.8535156
vn -0.4387207 0.15637207 -0.8847656
vn -0.65625 0.012626648 -0.75439453
vn -0.67822266 -0.33129883 -0.6557617
vn -0.51953125 -0.0993042 -0.8486328
vn -0.54052734 -0.42822266 -0.7241211
vn -0.5019531 -0.15100098 -0.8515625
vn -0.59375 -0.38134766 -0.7084961
vn -0.52001953 -0.7128906 -0.47070312
vn -0.4272461 0.15270996 -0.8911133
vn -0.4326172 0.11413574 -0.89453125
vn -0.3293457 0.37646484 -0.86572266
vn -0.33666992 0.35327148 -0.8730469
vn -0.07128906 0.7529297 -0.6542969
vn -0.33789062 0.35351562 -0.8720703
vn -0.4482422 0.09082031 -0.88916016
vn -0.4399414 0.09136963 -0.8935547
vn -0.5126953 -0.2097168 -0.83251953
vn -0.5048828 -0.18859863 -0.84228516
vn -0.5253906 -0.4892578 -0.69628906
vn -0.45458984 0.1161499 -0.8828125
vn -0.54296875 -0.20617676 -0.81396484
vn -0.52246094 -0.4658203 -0.71435547
vn -0.4777832 -0.73291016 -0.484375
vn -0.5258789 -0.21472168 -0.8232422
vn -0.54589844 -0.5073242 -0.6665039
vn -0.5336914 -0.50146484 -0.68115234
vn -0.49951172 -0.7294922 -0.46704102
vn -0.4885254 -0.7314453 -0.47558594
vn -0.40673828 -0.8857422 -0.22314453
vn -0.48364258 -0.72753906 -0.4868164
vn -0.3774414 -0.9008789 -0.21435547
vn -0.3894043 -0.8935547 -0.22399902
vn -0.32641602 -0.9428711 -0.06713867
vn -0.56103516 -0.51416016 -0.6484375
vn -0.5625 -0.5292969 -0.6352539
vn -0.5151367 -0.7392578 -0.4333496
vn -0.50927734 -0.73095703 -0.4543457
vn -0.43164062 -0.8769531 -0.21154785
vn -0.42138672 -0.8803711 -0.21728516
vn -0.3540039 -0.93408203 -0.050445557
vn -0.34057617 -0.93847656 -0.060394287
vn -0.32885742 -0.94433594 -0.020828247
vn -0.54345703 -0.19494629 -0.81640625
vn -0.50634766 -0.19482422 -0.83984375
vn -0.38232422 0.19189453 -0.9038086
vn -0.28759766 0.2043457 -0.9355469
vn -0.13977051 0.48901367 -0.86083984
vn -0.024810791 0.46484375 -0.8847656
vn 0.13220215 0.7524414 -0.6455078
vn 0.20507812 0.72265625 -0.66015625
vn 0.3100586 0.9082031 -0.28076172
vn 0.30297852 0.9169922 -0.25927734
vn 0.31958008 0.9428711 -0.09466553
vn 0.29541016 0.94970703 -0.105407715
vn 0.31445312 0.9482422 -0.043945312
vn 0.32055664 0.9453125 -0.060333252
vn 0.31396484 0.94189453 -0.12060547
vn 0.29638672 0.90722656 -0.29858398
vn 0.28344727 0.91748047 -0.27954102
vn 0.22888184 0.6743164 -0.70214844
vn 0.21374512 0.66552734 -0.71533203
vn 0.08276367 0.2529297 -0.9638672
vn 0.23449707 0.69873047 -0.67578125
vn 0.124816895 0.32226562 -0.93847656
vn 0.12408447 0.26293945 -0.95703125
vn 0.04360962 -0.027191162 -0.99853516
vn -0.008117676 -0.0236969 -0.9995117
vn -0.1171875 -0.3215332 -0.9394531
vn 0.07647705 0.39990234 -0.9135742
vn -0.021835327 0.09637451 -0.9951172
vn 0.0423584 0.020812988 -0.99902344
vn -0.079711914 -0.3491211 -0.93359375
vn -0.068725586 -0.35424805 -0.9326172
vn -0.19189453 -0.64208984 -0.7421875
vn -0.23144531 -0.59765625 -0.7675781
vn -0.3227539 -0.80126953 -0.50341797
vn -0.15112305 0.16955566 -0.9736328
vn -0.2939453 -0.2578125 -0.92041016
vn -0.15612793 -0.31347656 -0.93652344
vn -0.2692871 -0.66503906 -0.69628906
vn -0.20532227 -0.66552734 -0.71777344
vn -0.29370117 -0.8442383 -0.4482422
vn -0.2902832 -0.82714844 -0.4807129
vn -0.34765625 -0.9135742 -0.21069336
vn -0.36865234 -0.9042969 -0.21459961
vn -0.37329102 -0.92626953 -0.046539307
vn -0.4272461 -0.21276855 -0.87890625
vn -0.47680664 -0.59472656 -0.64746094
vn -0.3762207 -0.63623047 -0.6738281
vn -0.38720703 -0.8330078 -0.39453125
vn -0.32788086 -0.84765625 -0.4169922
vn -0.3461914 -0.9194336 -0.1862793
vn -0.33935547 -0.9194336 -0.19763184
vn -0.35131836 -0.9350586 -0.045043945
vn -0.36279297 -0.93066406 -0.04711914
vn -0.35961914 -0.93310547 -0.009506226
vn -0.3684082 -0.9296875 -0.008300781
vn -0.36328125 -0.9316406 -0.0009045601
vn -0.3557129 -0.9345703 -0.0020637512
vn -0.35668945 -0.93408203 -0.0005941391
vn -0.34838867 -0.9375 -0.0024280548
vn -0.3659668 -0.93066406 0.000767231
vn -0.36547852 -0.93066406 0.0020446777
vn -0.35009766 -0.93652344 -0.0096588135
vn -0.34326172 -0.93896484 -0.01335144
vn -0.34472656 -0.9375 -0.049713135
vn -0.3515625 -0.9345703 -0.052490234
vn -0.3696289 -0.9121094 -0.17773438
vn -0.39501953 -0.90234375 -0.17199707
vn -0.44604492 -0.80810547 -0.38452148
vn -0.48535156 -0.7817383 -0.3918457
vn -0.53515625 -0.5576172 -0.63427734
vn -0.50927734 -0.75683594 -0.41015625
vn -0.42333984 -0.8857422 -0.1895752
vn -0.4111328 -0.89453125 -0.17626953
vn -0.35791016 -0.9326172 -0.043884277
vn -0.35888672 -0.9321289 -0.0463562
vn -0.34765625 -0.9375 -0.012382507
vn -0.43188477 -0.87890625 -0.20324707
vn -0.36621094 -0.9291992 -0.054504395
vn -0.34521484 -0.93847656 -0.016021729
vn -0.34326172 -0.93896484 -0.005897522
vn -0.35913086 -0.9321289 -0.050231934
vn -0.34350586 -0.93896484 -0.013908386
vn -0.34472656 -0.93847656 -0.01096344
vn -0.3479004 -0.9375 -0.01537323
vn -0.3479004 -0.9375 -0.012077332
vn -0.34228516 -0.9394531 -0.0032367706
vn -0.34350586 -0.93896484 -0.005382538
vn -0.3659668 -0.9291992 -0.050048828
vn -0.34350586 -0.93896484 -0.004081726
vn -0.34375 -0.93896484 -0.0020942688
vn -0.34204102 -0.9394531 -0.0016717911
vn -0.3408203 -0.9399414 -0.0005235672
vn -0.34106445 -0.9399414 -0.0028743744
vn -0.3486328 -0.9370117 -0.0007200241
vn -0.34179688 -0.9399414 -0.004436493
vn -0.34375 -0.93896484 -0.0041503906
vn -0.3557129 -0.9345703 0.00052690506
vn -0.35986328 -0.93310547 0.0034999847
vn -0.36743164 -0.9301758 0.0063285828
vn -0.3425293 -0.9394531 -0.004245758
vn -0.3371582 -0.94140625 -0.006187439
vn -0.3359375 -0.94189453 -0.0048828125
vn -0.32788086 -0.9448242 -0.010215759
vn -0.33935547 -0.9404297 -0.01361084
vn -0.32885742 -0.94433594 -0.01159668
vn -0.31860352 -0.9477539 -0.016937256
vn -0.31591797 -0.9482422 -0.027557373
vn -0.30493164 -0.95214844 -0.026535034
vn -0.31567383 -0.94873047 -0.016494751
vn -0.3203125 -0.9472656 -0.010253906
vn -0.3330078 -0.9428711 -0.004436493
vn -0.33520508 -0.94189453 0.0033130646
vn -0.33935547 -0.9404297 0.0015697479
vn -0.3383789 -0.94091797 -0.0010738373
vn -0.34521484 -0.93847656 0.01537323
vn -0.31176758 -0.9482422 -0.060821533
vn -0.30688477 -0.9506836 -0.047912598
vn -0.30493164 -0.95214844 -0.018539429
vn -0.31225586 -0.94970703 -0.0049324036
vn -0.3239746 -0.9458008 0.0002565384
vn -0.328125 -0.9448242 0.01260376
vn -0.33862305 -0.94091797 0.015640259
vn -0.34204102 -0.9394531 0.026992798
vn -0.35009766 -0.93603516 0.030075073
vn -0.3762207 -0.92626953 0.025512695
vn -0.3491211 -0.9370117 0.022735596
vn -0.38330078 -0.9033203 -0.1932373
vn -0.41064453 -0.89746094 -0.16186523
vn -0.3269043 -0.9448242 0.013458252
vn -0.34423828 -0.93896484 -0.0034809113
vn -0.31811523 -0.9477539 -0.030654907
vn -0.3671875 -0.9301758 0.021240234
vn -0.5048828 -0.8598633 -0.075683594
vn -0.58447266 -0.68896484 -0.42895508
vn -0.67041016 -0.6513672 -0.3544922
vn -0.46020508 -0.8803711 -0.11621094
vn -0.7832031 -0.28100586 -0.5546875
vn -0.859375 -0.24902344 -0.44702148
vn -0.7373047 -0.61572266 -0.27856445
vn -0.7651367 -0.5942383 -0.24768066
vn -0.5283203 -0.8466797 -0.06719971
vn -0.5317383 -0.84228516 -0.08905029
vn -0.84716797 0.06951904 -0.5263672
vn -0.8833008 0.04989624 -0.4663086
vn -0.37597656 -0.9267578 0.0093688965
vn -0.36132812 -0.9321289 -0.022659302
vn -0.88623047 -0.24645996 -0.39257812
vn -0.87890625 -0.2631836 -0.39819336
vn -0.8129883 0.3034668 -0.4970703
vn -0.82714844 0.25976562 -0.49829102
vn -0.7631836 -0.58984375 -0.26416016
vn -0.7294922 -0.60009766 -0.328125
vn -0.5102539 -0.8491211 -0.13549805
vn -0.47973633 -0.8598633 -0.17468262
vn -0.88378906 0.01550293 -0.46728516
vn -0.84765625 -0.011543274 -0.53027344
vn -0.7084961 0.5024414 -0.49560547
vn -0.69384766 0.47070312 -0.54541016
vn -0.8388672 -0.28271484 -0.46557617
vn -0.7973633 -0.2800293 -0.53466797
vn -0.6923828 -0.60791016 -0.38891602
vn -0.68652344 -0.61083984 -0.3942871
vn -0.7998047 0.22875977 -0.5546875
vn -0.7578125 0.23498535 -0.60839844
vn -0.3347168 0.84814453 -0.4104004
vn -0.29638672 0.8540039 -0.42749023
vn -0.8041992 -0.005504608 -0.5942383
vn -0.80029297 0.031051636 -0.5991211
vn -0.79785156 -0.25756836 -0.5449219
vn -0.84228516 -0.22973633 -0.4880371
vn -0.6533203 0.4790039 -0.5864258
vn -0.6298828 0.5263672 -0.57177734
vn 0.13830566 0.9785156 -0.15258789
vn 0.17297363 0.97314453 -0.15112305
vn -0.74658203 0.2770996 -0.60498047
vn -0.7739258 0.33203125 -0.5395508
vn -0.83935547 0.07702637 -0.53759766
vn -0.9116211 0.11621094 -0.3942871
vn -0.25878906 0.8745117 -0.4104004
vn -0.26098633 0.8964844 -0.35864258
vn 0.29663086 0.953125 -0.058441162
vn 0.29248047 0.95410156 -0.06781006
vn -0.63720703 0.5854492 -0.50146484
vn -0.6821289 0.6308594 -0.3701172
vn -0.8354492 0.37719727 -0.39941406
vn -0.8881836 0.38720703 -0.24707031
vn 0.16088867 0.97558594 -0.14941406
vn 0.11920166 0.98828125 -0.09350586
vn 0.32470703 0.9453125 -0.02772522
vn 0.30786133 0.9511719 -0.013298035
vn -0.30029297 0.9194336 -0.2541504
vn -0.33618164 0.9301758 -0.14697266
vn -0.734375 0.63720703 -0.23461914
vn -0.7753906 0.61083984 -0.16040039
vn 0.26416016 0.9638672 -0.032073975
vn 0.2602539 0.96533203 0.013557434
vn 0.31030273 0.9506836 0.008453369
vn 0.31689453 0.9482422 0.0053710938
vn 0.11218262 0.99316406 -0.023635864
vn 0.12121582 0.9926758 -0.016235352
vn -0.36450195 0.92578125 -0.10272217
vn -0.39916992 0.91015625 -0.109802246
vn 0.3330078 0.9428711 -0.0020809174
vn 0.32617188 0.9453125 -0.006286621
vn 0.27026367 0.9628906 0.0071372986
vn 0.26123047 0.96533203 -0.0184021
vn 0.09838867 0.9941406 -0.043823242
vn 0.07720947 0.9951172 -0.061309814
vn 0.30932617 0.9506836 -0.007610321
vn 0.29663086 0.9550781 -0.015037537
vn 0.24682617 0.96875 -0.02658081
vn 0.26464844 0.9638672 -0.02671814
vn 0.3112793 0.9501953 -0.01449585
vn 0.3227539 0.94628906 -0.018692017
vn 0.33374023 0.9428711 -0.001958847
vn 0.33032227 0.94384766 0.004688263
vn 0.3334961 0.9428711 0.009971619
vn 0.32470703 0.9458008 0.017471313
vn 0.32202148 0.94628906 0.029968262
vn 0.10675049 0.9921875 -0.067993164
vn -0.38330078 0.90722656 -0.17382812
vn 0.13964844 0.9868164 -0.08068848
vn 0.28271484 0.9584961 -0.041748047
vn 0.27661133 0.95996094 -0.044952393
vn 0.31835938 0.9477539 -0.018692017
vn 0.3088379 0.9511719 0.005317688
vn 0.31762695 0.9477539 0.029571533
vn 0.2746582 0.95996094 0.057556152
vn -0.41308594 0.8989258 -0.1451416
vn -0.8066406 0.5595703 -0.19067383
vn 0.26367188 0.96435547 0.005077362
vn 0.11419678 0.99365234 -0.00059747696
vn -0.80322266 0.57714844 -0.14697266
vn -0.93115234 0.33447266 -0.14538574
vn 0.1307373 0.98876953 -0.07196045
vn -0.32543945 0.9370117 -0.12768555
vn -0.34326172 0.92333984 -0.171875
vn -0.7597656 0.60839844 -0.22888184
vn -0.78564453 0.57177734 -0.23571777
vn -0.9111328 0.3293457 -0.24853516
vn -0.9169922 0.36523438 -0.1616211
vn -0.98339844 0.109069824 -0.14550781
vn -0.92822266 0.3173828 -0.19482422
vn -0.97998047 0.06512451 -0.1875
vn -0.9638672 0.12731934 -0.23449707
vn -0.96240234 -0.19042969 -0.19348145
vn -0.98828125 0.08068848 -0.13085938
vn -0.9707031 -0.21862793 -0.101745605
vn -0.91503906 -0.20288086 -0.3486328
vn -0.76953125 -0.5966797 -0.22851562
vn -0.9736328 -0.19909668 -0.11004639
vn -0.8178711 -0.57373047 -0.047332764
vn -0.71484375 -0.6088867 -0.34326172
vn -0.46655273 -0.8730469 -0.14294434
vn -0.80615234 -0.58203125 -0.10601807
vn -0.5175781 -0.85595703 -0.0038700104
vn -0.46264648 -0.86865234 -0.1763916
vn -0.32373047 -0.9448242 -0.05126953
vn -0.49243164 -0.8671875 -0.072631836
vn -0.33935547 -0.94091797 0.0017108917
vn -0.33789062 -0.9399414 -0.047790527
vn -0.3178711 -0.9477539 -0.024475098
vn -0.32470703 -0.9453125 -0.0357666
vn -0.31225586 -0.94970703 -0.012496948
vn -0.3347168 -0.9423828 -0.0020313263
vn -0.33374023 -0.9428711 3.4749508E-05
vn -0.34399414 -0.93896484 0.012763977
vn -0.31225586 -0.94970703 -0.025543213
vn -0.32617188 -0.9453125 -0.013137817
vn -0.3269043 -0.9448242 -0.0135269165
vn -0.33740234 -0.94140625 -0.0015449524
vn -0.33422852 -0.9423828 0.0030822754
vn -0.32348633 -0.94628906 -0.0039863586
vn -0.3215332 -0.94677734 0.009643555
vn -0.31860352 -0.9477539 0.011123657
vn -0.32958984 -0.94384766 0.031555176
vn -0.3317871 -0.9433594 0.01687622
vn -0.33911133 -0.9404297 0.019088745
vn -0.3388672 -0.94091797 0.0019025803
vn -0.3383789 -0.94091797 -0.0026054382
vn -0.33740234 -0.9404297 0.038208008
vn -0.36157227 -0.93115234 0.046661377
vn -0.3388672 -0.94091797 0.015403748
vn -0.33911133 -0.9404297 0.029418945
vn -0.35351562 -0.9345703 0.037994385
vn -0.33276367 -0.9428711 -0.0037250519
vn -0.53222656 -0.8461914 0.020065308
vn -0.5395508 -0.84228516 0.0027103424
vn -0.36645508 -0.9301758 0.029006958
vn -0.3623047 -0.9321289 -0.012863159
vn -0.3330078 -0.9428711 -0.005138397
vn -0.32421875 -0.9453125 -0.037750244
vn -0.3310547 -0.9433594 -0.021743774
vn -0.33007812 -0.94384766 -0.021514893
vn -0.81689453 -0.57421875 -0.052124023
vn -0.80566406 -0.5805664 -0.11767578
vn -0.53222656 -0.84521484 -0.05130005
vn -0.51660156 -0.85009766 -0.10217285
vn -0.33740234 -0.94140625 -0.00223732
vn -0.33203125 -0.9433594 0.002609253
vn -0.3371582 -0.94140625 0.010894775
vn -0.32958984 -0.9433594 0.031143188
vn -0.34765625 -0.93603516 -0.051086426
vn -0.33544922 -0.9399414 -0.060791016
vn -0.9589844 -0.23071289 -0.16589355
vn -0.9472656 -0.21691895 -0.23583984
vn -0.3190918 -0.94677734 -0.041046143
vn -0.31347656 -0.94921875 -0.026184082
vn -0.32348633 -0.94628906 -0.012504578
vn -0.31567383 -0.94873047 0.0018701553
vn -0.7944336 -0.5786133 -0.18530273
vn -0.7939453 -0.5751953 -0.19677734
vn -0.96484375 0.07989502 -0.24987793
vn -0.95996094 0.11480713 -0.25463867
vn -0.32348633 -0.94628906 0.017410278
vn -0.31396484 -0.94873047 0.033325195
vn -0.31030273 -0.9506836 0.0023975372
vn -0.32958984 -0.94433594 0.0014286041
vn -0.5029297 -0.8569336 -0.11303711
vn -0.49560547 -0.8647461 -0.0836792
vn -0.33007812 -0.9428711 -0.04345703
vn -0.31958008 -0.9458008 0.053985596
vn -0.3256836 -0.9433594 0.061187744
vn -0.33544922 -0.93896484 0.07659912
vn -0.33032227 -0.9428711 0.0413208
vn -0.33007812 -0.9423828 0.049957275
vn -0.48608398 -0.87158203 0.066467285
vn -0.49194336 -0.87060547 -0.012008667
vn -0.80859375 -0.5864258 -0.04498291
vn -0.33325195 -0.9423828 0.03717041
vn -0.33789062 -0.94091797 0.020126343
vn -0.8022461 -0.5776367 -0.15124512
vn -0.9667969 -0.16711426 -0.19348145
vn -0.9506836 -0.18884277 -0.24597168
vn -0.3395996 -0.9404297 0.018218994
vn -0.34472656 -0.93847656 0.023635864
vn -0.34545898 -0.93847656 -0.0032348633
vn -0.34375 -0.93896484 -0.0028076172
vn -0.35083008 -0.93652344 -0.0027713776
vn -0.38598633 -0.9223633 0.012702942
vn -0.35791016 -0.93310547 -0.028961182
vn -0.33618164 -0.9404297 0.048339844
vn -0.36669922 -0.9277344 0.071777344
vn -0.3774414 -0.9248047 0.046447754
vn -0.53027344 -0.83740234 0.1307373
vn -0.34887695 -0.93359375 0.08288574
vn -0.4909668 -0.8598633 0.13891602
vn -0.5083008 -0.8496094 0.14221191
vn -0.7290039 -0.63720703 0.25024414
vn -0.48388672 -0.8676758 0.11541748
vn -0.77001953 -0.61572266 0.16699219
vn -0.74365234 -0.6303711 0.22265625
vn -0.9213867 -0.2709961 0.27856445
vn -0.79589844 -0.60009766 0.07751465
vn -0.98046875 -0.18200684 0.07366943
vn -0.9560547 -0.22033691 0.19238281
vn -0.9711914 0.1373291 0.19421387
vn -0.9838867 -0.16345215 -0.072143555
vn -0.9824219 0.1697998 -0.07946777
vn -0.9838867 0.1661377 0.06750488
vn -0.89404297 0.4428711 0.070007324
vn -0.9682617 0.14941406 -0.19995117
vn -0.8955078 0.4025879 -0.19067383
vn -0.8984375 0.43359375 -0.072265625
vn -0.7260742 0.6855469 -0.054534912
vn -0.8979492 0.36328125 -0.2475586
vn -0.7392578 0.6513672 -0.16967773
vn -0.31762695 0.9477539 -0.025299072
vn -0.3034668 0.94873047 0.086242676
vn -0.71533203 0.69433594 0.078430176
vn -0.7089844 0.6796875 0.18786621
vn 0.13098145 0.98828125 0.0758667
vn 0.13964844 0.98583984 0.09509277
vn -0.8828125 0.42871094 0.19238281
vn -0.8730469 0.39086914 0.29223633
vn -0.30273438 0.9399414 0.1583252
vn -0.3334961 0.9194336 0.20874023
vn 0.2800293 0.9584961 0.05718994
vn 0.25976562 0.96435547 0.04736328
vn -0.9511719 0.08605957 0.29589844
vn -0.92822266 0.018341064 0.3713379
vn -0.71484375 0.6435547 0.27416992
vn -0.73583984 0.58447266 0.34179688
vn 0.105163574 0.9897461 0.09863281
vn 0.06939697 0.9902344 0.12158203
vn 0.30932617 0.9506836 0.02973938
vn 0.29248047 0.9555664 0.0390625
vn -0.88671875 -0.32006836 0.33398438
vn -0.86572266 -0.3503418 0.35717773
vn -0.3779297 0.88964844 0.25585938
vn -0.40966797 0.86621094 0.28564453
vn 0.23876953 0.9692383 0.06185913
vn 0.25170898 0.9663086 0.057678223
vn 0.30541992 0.95166016 0.028808594
vn 0.3095703 0.9506836 0.00029158592
vn -0.7348633 -0.6279297 0.25683594
vn -0.76171875 -0.5991211 0.24731445
vn 0.08123779 0.9892578 0.12109375
vn 0.08782959 0.99316406 0.07739258
vn 0.32861328 0.94433594 -0.0013866425
vn 0.31689453 0.9482422 -0.016662598
vn -0.5571289 -0.8232422 0.10736084
vn -0.5864258 -0.8066406 0.07183838
vn 0.2553711 0.9667969 0.01473999
vn 0.23388672 0.97216797 -0.017578125
vn 0.29345703 0.9555664 -0.021438599
vn -0.3984375 -0.9169922 -0.021087646
vn -0.40405273 -0.91308594 -0.054382324
vn 0.28076172 0.95947266 -0.02218628
vn -0.3623047 -0.9301758 -0.05718994
vn -0.35913086 -0.9301758 -0.07574463
vn -0.35473633 -0.93359375 -0.047821045
vn -0.35131836 -0.93603516 -0.025741577
vn -0.35058594 -0.93603516 -0.026672363
vn -0.3544922 -0.93359375 -0.052093506
vn -0.34716797 -0.9370117 -0.040283203
vn -0.34301758 -0.9394531 -0.014564514
vn -0.3305664 -0.94384766 -0.0075416565
vn -0.34375 -0.93896484 -0.0028076172
vn -0.32861328 -0.94433594 0.008003235
vn -0.3203125 -0.9472656 0.020523071
vn -0.3083496 -0.9511719 0.021453857
vn -0.39404297 -0.91552734 -0.08093262
vn -0.60498047 -0.79589844 -0.020446777
vn -0.37475586 -0.92333984 -0.083618164
vn -0.34765625 -0.9350586 -0.06976318
vn -0.32714844 -0.9433594 -0.0513916
vn -0.33081055 -0.9433594 -0.029312134
vn -0.3125 -0.94970703 -0.01965332
vn -0.31152344 -0.9501953 0.0015287399
vn -0.2902832 -0.95703125 0.00724411
vn -0.60595703 -0.79541016 0.021209717
vn -0.8457031 -0.51220703 0.14929199
vn -0.30444336 -0.95214844 -0.024978638
vn -0.31884766 -0.9477539 -0.015060425
vn -0.8022461 -0.5566406 0.21533203
vn -0.8979492 -0.3088379 0.3137207
vn -0.3503418 -0.9345703 -0.060791016
vn -0.5439453 -0.8388672 0.017028809
vn -0.58203125 -0.8129883 -0.023712158
vn -0.86865234 -0.484375 0.10614014
vn -0.87060547 -0.48217773 0.09539795
vn -0.9682617 -0.17126465 0.18200684
vn -0.8701172 -0.34692383 0.34985352
vn -0.9082031 -0.08746338 0.40893555
vn -0.9399414 -0.24230957 0.23999023
vn -0.9550781 -0.033599854 0.29370117
vn -0.91015625 -0.047943115 0.41088867
vn -0.8745117 0.24487305 0.41870117
vn -0.9248047 -0.0836792 0.3708496
vn -0.9086914 0.13879395 0.3935547
vn -0.8691406 0.32641602 0.37109375
vn -0.8886719 0.17224121 0.42529297
vn -0.8100586 0.4267578 0.4020996
vn -0.7705078 0.50634766 0.38720703
vn -0.44384766 0.85058594 0.2824707
vn -0.49023438 0.83154297 0.26049805
vn -0.84375 0.3762207 0.38256836
vn -0.86621094 0.38085938 0.3239746
vn 0.05307007 0.9975586 0.046203613
vn 0.037719727 0.9980469 0.04660034
vn -0.93310547 0.16088867 0.32177734
vn -0.93896484 0.22167969 0.26391602
vn -0.5078125 0.8310547 0.22644043
vn -0.46948242 0.8618164 0.19152832
vn 0.22558594 0.9741211 -0.011978149
vn 0.25341797 0.96728516 -0.00932312
vn -0.9716797 0.038879395 0.23242188
vn -0.9633789 0.097961426 0.25
vn -0.8569336 0.43603516 0.2746582
vn -0.8125 0.50683594 0.28833008
vn 0.08105469 0.99609375 0.03677368
vn 0.11993408 0.9926758 0.019180298
vn 0.30078125 0.9536133 -0.019180298
vn 0.3137207 0.94921875 -0.018310547
vn -0.9169922 0.28466797 0.27978516
vn -0.86865234 0.32421875 0.37475586
vn -0.40527344 0.89501953 0.18762207
vn -0.34155273 0.90771484 0.24328613
vn 0.26904297 0.9628906 -0.0211792
vn 0.26953125 0.9628906 -0.01259613
vn 0.3310547 0.9433594 -0.0065727234
vn 0.33618164 0.94189453 0.0055351257
vn -0.7416992 0.55908203 0.37109375
vn -0.64404297 0.56152344 0.51953125
vn 0.12878418 0.99072266 0.04348755
vn 0.16027832 0.9794922 0.123535156
vn 0.31518555 0.94921875 -0.010353088
vn 0.32299805 0.94628906 0.015144348
vn -0.26171875 0.89453125 0.3623047
vn -0.18334961 0.8613281 0.4736328
vn 0.28930664 0.95654297 0.03869629
vn 0.32592773 0.9423828 0.07727051
vn 0.34179688 0.93896484 0.032440186
vn 0.34814453 0.93652344 0.03677368
vn 0.21899414 0.9584961 0.18334961
vn 0.23693848 0.9511719 0.19885254
vn 0.34521484 0.93847656 0.015640259
vn 0.3491211 0.93652344 0.03414917
vn 0.34277344 0.9394531 0.01890564
vn 0.32958984 0.94384766 0.021102905
vn 0.3347168 0.94140625 0.038330078
vn 0.3330078 0.9394531 0.08093262
vn 0.3161621 0.94433594 0.09136963
vn 0.34375 0.9375 0.05001831
vn 0.33862305 0.93847656 0.07128906
vn 0.34472656 0.9370117 0.05999756
vn 0.31762695 0.94091797 0.1159668
vn 0.30737305 0.94433594 0.118652344
vn 0.1809082 0.9501953 0.2536621
vn 0.20654297 0.9526367 0.22302246
vn -0.19030762 0.80126953 0.5673828
vn -0.16015625 0.82958984 0.53466797
vn -0.5209961 0.44873047 0.7260742
vn -0.5541992 0.5126953 0.6557617
vn -0.6743164 0.26953125 0.6875
vn -0.77783203 0.31835938 0.5419922
vn -0.84033203 0.10998535 0.5307617
vn -0.9277344 0.1262207 0.35180664
vn -0.9448242 -0.12042236 0.30444336
vn -0.9711914 -0.12780762 0.20141602
vn -0.8383789 -0.51123047 0.1875
vn -0.7626953 -0.5517578 0.33740234
vn -0.8618164 -0.1508789 0.48461914
vn -0.7451172 -0.19970703 0.63623047
vn -0.7290039 0.059509277 0.6821289
vn -0.6699219 0.0022964478 0.7426758
vn -0.4873047 -0.8671875 0.103149414
vn -0.4284668 -0.88378906 0.18737793
vn -0.625 0.21154785 0.75146484
vn -0.6352539 0.16479492 0.75439453
vn -0.66015625 -0.58740234 0.46801758
vn -0.5991211 -0.60546875 0.5234375
vn -0.29077148 -0.9560547 0.03277588
vn -0.27978516 -0.9580078 0.06463623
vn -0.6767578 -0.2487793 0.6928711
vn -0.67089844 -0.30078125 0.6777344
vn -0.53759766 0.39916992 0.7426758
vn -0.5878906 0.39404297 0.70654297
vn -0.4025879 -0.8847656 0.23486328
vn -0.40795898 -0.87841797 0.24902344
vn -0.28222656 -0.9584961 0.034179688
vn -0.28173828 -0.9584961 0.047607422
vn -0.5883789 -0.62158203 0.51708984
vn -0.62158203 -0.63964844 0.45239258
vn -0.23242188 0.7910156 0.56591797
vn -0.2401123 0.81103516 0.5332031
vn -0.2890625 -0.95410156 0.08093262
vn -0.31567383 -0.9458008 0.07867432
vn -0.3010254 -0.953125 0.033233643
vn -0.30493164 -0.95166016 0.031951904
vn -0.43798828 -0.8696289 0.22753906
vn -0.46704102 -0.86376953 0.18933105
vn 0.1899414 0.9511719 0.24365234
vn 0.1842041 0.95996094 0.21020508
vn -0.2993164 -0.953125 0.04296875
vn -0.32055664 -0.94677734 0.029525757
vn -0.32128906 -0.94677734 0.021255493
vn -0.33374023 -0.9428711 0.010948181
vn -0.34033203 -0.9379883 0.062469482
vn -0.35791016 -0.9326172 0.045837402
vn 0.30151367 0.94921875 0.08728027
vn 0.26757812 0.95996094 0.08166504
vn -0.33374023 -0.9423828 0.008712769
vn -0.34277344 -0.9394531 0.0027046204
vn -0.33544922 -0.94189453 0.017852783
vn -0.34765625 -0.9375 0.011924744
vn 0.31298828 0.94921875 0.037109375
vn -0.34179688 -0.9399414 0.005466461
vn 0.30664062 0.9501953 0.056030273
vn -0.3449707 -0.93847656 0.0048942566
vn -0.35009766 -0.93652344 -0.00299263
vn -0.36254883 -0.9321289 -0.009971619
vn -0.35229492 -0.93603516 -0.00248909
vn -0.34594727 -0.9379883 0.002374649
vn -0.3491211 -0.9370117 0.010826111
vn -0.3503418 -0.93652344 0.013641357
vn -0.37060547 -0.9277344 0.04623413
vn -0.3527832 -0.9355469 -0.007904053
vn -0.34350586 -0.93896484 -0.011199951
vn -0.3671875 -0.9301758 -0.018585205
vn -0.33789062 -0.94140625 -0.004470825
vn -0.33398438 -0.9423828 -0.0037555695
vn -0.3215332 -0.94677734 -0.009147644
vn -0.37158203 -0.9277344 0.040008545
vn -0.46313477 -0.87402344 0.14807129
vn -0.4729004 -0.8666992 0.15893555
vn -0.6381836 -0.6972656 0.32641602
vn -0.6503906 -0.6616211 0.37329102
vn -0.7661133 -0.39086914 0.5102539
vn -0.7216797 -0.34887695 0.59814453
vn -0.73876953 -0.08721924 0.66796875
vn -0.67529297 -0.051757812 0.73583984
vn -0.6953125 0.15258789 0.7026367
vn -0.73876953 0.18029785 0.64941406
vn -0.7944336 -0.10058594 0.5986328
vn -0.79541016 -0.107910156 0.5966797
vn -0.7607422 -0.43920898 0.47753906
vn -0.71240234 -0.48950195 0.5029297
vn -0.61035156 0.43701172 0.66064453
vn -0.56640625 0.49951172 0.6557617
vn -0.59814453 -0.73583984 0.31811523
vn -0.5332031 -0.7685547 0.3527832
vn -0.7192383 0.22753906 0.6567383
vn -0.640625 0.26293945 0.7211914
vn -0.21386719 0.8364258 0.5048828
vn -0.17285156 0.8408203 0.5131836
vn -0.7402344 -0.1217041 0.6611328
vn -0.61328125 -0.16247559 0.7729492
vn -0.43774414 -0.8847656 0.16125488
vn -0.41430664 -0.89208984 0.18029785
vn -0.47460938 0.54541016 0.69091797
vn -0.35229492 0.5366211 0.76660156
vn 0.15466309 0.96484375 0.21362305
vn 0.16760254 0.953125 0.2524414
vn -0.50390625 0.24389648 0.8286133
vn -0.37158203 0.17260742 0.9121094
vn -0.36376953 -0.9301758 0.04547119
vn -0.37158203 -0.9277344 0.036193848
vn -0.10229492 0.8203125 0.5625
vn -0.032470703 0.79296875 0.60839844
vn 0.27124023 0.95654297 0.10888672
vn 0.29785156 0.94873047 0.103271484
vn -0.2529297 0.4729004 0.8442383
vn -0.2208252 0.38964844 0.89404297
vn -0.3569336 -0.93408203 0.0027179718
vn -0.36987305 -0.9291992 -0.0046424866
vn 0.21044922 0.94433594 0.25268555
vn 0.20703125 0.95166016 0.22644043
vn 0.3215332 0.9458008 0.04321289
vn 0.3137207 0.94921875 0.023208618
vn -0.0154800415 0.7705078 0.63720703
vn -0.040985107 0.74609375 0.6645508
vn -0.3630371 -0.9316406 -0.008659363
vn -0.37475586 -0.9267578 -0.017166138
vn 0.2824707 0.95654297 0.074279785
vn 0.2529297 0.96484375 0.07128906
vn 0.328125 0.9448242 0.008293152
vn 0.31469727 0.94921875 0.009246826
vn 0.17590332 0.9560547 0.23461914
vn 0.17346191 0.95214844 0.25146484
vn -0.37670898 -0.92626953 -0.020095825
vn -0.39233398 -0.9194336 -0.027770996
vn 0.2932129 0.9555664 0.023452759
vn 0.28881836 0.95654297 0.036499023
vn 0.25854492 0.96191406 0.08642578
vn 0.28344727 0.95654297 0.07110596
vn -0.38476562 -0.92285156 -0.015365601
vn -0.40698242 -0.91308594 0.017822266
vn 0.30664062 0.95166016 0.02394104
vn 0.31323242 0.94970703 0.01373291
vn -0.38891602 -0.92089844 0.029510498
vn -0.4362793 -0.87597656 0.20532227
vn 0.32836914 0.94433594 0.0049819946
vn 0.33618164 0.94189453 0.01084137
vn -0.4152832 -0.8886719 0.1953125
vn -0.45263672 -0.77001953 0.44970703
vn -0.47338867 -0.7832031 0.40283203
vn -0.5024414 -0.56884766 0.6513672
vn -0.6118164 -0.5385742 0.57910156
vn -0.4716797 -0.21765137 0.8544922
vn -0.3984375 -0.25097656 0.8823242
vn -0.44799805 -0.5600586 0.69677734
vn -0.45043945 -0.51904297 0.7265625
vn -0.46923828 -0.7363281 0.4873047
vn -0.52685547 -0.6875 0.49951172
vn -0.31420898 0.09320068 0.9448242
vn -0.32226562 0.043304443 0.9458008
vn -0.47143555 -0.859375 0.19824219
vn -0.4970703 -0.8486328 0.18164062
vn -0.39526367 -0.24829102 0.88427734
vn -0.45776367 -0.19799805 0.8666992
vn -0.23986816 0.3232422 0.91552734
vn -0.29882812 0.3100586 0.90234375
vn -0.5126953 -0.4465332 0.73339844
vn -0.56640625 -0.3701172 0.7363281
vn -0.41601562 -0.9091797 -0.0025367737
vn -0.40893555 -0.91259766 -0.016815186
vn -0.38671875 0.052001953 0.92089844
vn -0.43408203 0.09906006 0.8955078
vn -0.073913574 0.7402344 0.66845703
vn -0.076660156 0.7631836 0.64160156
vn -0.50927734 -0.1274414 0.8510742
vn -0.484375 -0.08666992 0.87060547
vn -0.38427734 -0.92285156 -0.032562256
vn -0.36572266 -0.9301758 -0.035064697
vn -0.33374023 0.34301758 0.8779297
vn -0.29370117 0.3803711 0.8769531
vn 0.1986084 0.95410156 0.22351074
vn 0.2097168 0.9589844 0.18969727
vn -0.40356445 0.1348877 0.90478516
vn -0.296875 0.13000488 0.9458008
vn -0.35424805 -0.9350586 -0.022506714
vn -0.3408203 -0.9394531 -0.028320312
vn -0.041534424 0.7861328 0.6166992
vn 0.029769897 0.77734375 0.62841797
vn 0.28320312 0.95751953 0.051086426
vn 0.28198242 0.95751953 0.057434082
vn -0.18823242 0.38549805 0.9033203
vn -0.023269653 0.32226562 0.94628906
vn -0.3305664 -0.94384766 -0.0178833
vn -0.31860352 -0.9477539 -0.026397705
vn 0.22375488 0.953125 0.20361328
vn 0.29003906 0.9267578 0.23925781
vn 0.31445312 0.94921875 0.019241333
vn 0.3322754 0.9428711 0.03277588
vn 0.1538086 0.7265625 0.6694336
vn 0.26953125 0.65771484 0.7036133
vn 0.32299805 0.9428711 0.0793457
vn 0.36669922 0.9272461 0.074523926
vn 0.3527832 0.9355469 0.027008057
vn 0.35375977 0.9350586 0.02204895
vn 0.36083984 0.90234375 0.23608398
vn 0.37182617 0.89941406 0.23046875
vn 0.34423828 0.93896484 0.008453369
vn 0.35009766 0.93652344 0.016555786
vn 0.3486328 0.9370117 0.009498596
vn 0.35253906 0.9355469 0.014945984
vn 0.3449707 0.93847656 0.02494812
vn 0.3647461 0.92871094 0.06689453
vn 0.35131836 0.9326172 0.08251953
vn 0.35107422 0.93603516 0.03225708
vn 0.35424805 0.93408203 0.04736328
vn 0.35424805 0.9345703 0.033966064
vn 0.359375 0.9291992 0.0869751
vn 0.3557129 0.9291992 0.101867676
vn 0.34423828 0.88964844 0.30078125
vn 0.3540039 0.8959961 0.26757812
vn 0.27612305 0.5463867 0.79052734
vn 0.30664062 0.59814453 0.7402344
vn 0.15026855 0.079711914 0.98535156
vn 0.1149292 0.20361328 0.97216797
vn 0.051208496 -0.051574707 0.9975586
vn -0.11187744 0.05899048 0.9921875
vn -0.18103027 -0.16467285 0.96972656
vn -0.37817383 -0.09552002 0.92089844
vn -0.45141602 -0.3527832 0.8198242
vn -0.5493164 -0.3359375 0.7651367
vn -0.5673828 -0.6411133 0.51660156
vn -0.5761719 -0.6455078 0.50146484
vn -0.48901367 -0.85546875 0.16967773
vn -0.44580078 -0.8779297 0.17333984
vn -0.49365234 -0.671875 0.5522461
vn -0.3395996 -0.7241211 0.60058594
vn -0.25756836 -0.41503906 0.8725586
vn -0.070495605 -0.47729492 0.87597656
vn -0.38598633 -0.9223633 -0.01890564
vn -0.3449707 -0.93847656 -0.011680603
vn 5.0604343E-05 -0.25561523 0.9667969
vn 0.05718994 -0.3269043 0.9433594
vn -0.36108398 -0.9116211 0.19702148
vn -0.27539062 -0.9350586 0.22363281
vn -0.34106445 -0.9394531 -0.034332275
vn -0.18395996 -0.7597656 0.62353516
vn -0.11456299 -0.7597656 0.63964844
vn 0.097595215 -0.15100098 0.9838867
vn 0.047790527 -0.21557617 0.97509766
vn -0.30566406 -0.95214844 -0.0032978058
vn -0.28857422 -0.95751953 0.0062179565
vn -0.0017442703 -0.51220703 0.8588867
vn -0.040374756 -0.5263672 0.8491211
vn 0.10235596 -0.010360718 0.9946289
vn -0.0069847107 -0.018417358 1
vn -0.2364502 -0.9379883 0.2541504
vn -0.24633789 -0.9267578 0.28393555
vn -0.30419922 -0.9526367 -0.017822266
vn -0.30322266 -0.9526367 -0.013175964
vn -0.13220215 -0.74072266 0.6586914
vn -0.24023438 -0.70654297 0.66552734
vn 0.2084961 0.53466797 0.81884766
vn 0.1607666 0.5859375 0.7939453
vn -0.2939453 -0.9555664 0.019165039
vn -0.32250977 -0.94628906 0.028839111
vn -0.31762695 -0.9482422 -0.008644104
vn -0.32885742 -0.94433594 -0.010566711
vn -0.3059082 -0.90478516 0.29589844
vn -0.3701172 -0.88427734 0.28442383
vn 0.3383789 0.89990234 0.27490234
vn 0.32006836 0.91552734 0.24328613
vn -0.32592773 -0.9453125 -0.009971619
vn -0.35058594 -0.93652344 -0.00869751
vn -0.34423828 -0.93896484 -0.006839752
vn -0.34814453 -0.9375 -0.006008148
vn -0.35302734 -0.9350586 0.026397705
vn -0.36621094 -0.9301758 0.01902771
vn 0.34057617 0.9375 0.074645996
vn 0.32983398 0.9399414 0.08746338
vn -0.3383789 -0.94091797 -0.003320694
vn -0.3383789 -0.94091797 -0.006832123
vn -0.3569336 -0.93408203 -0.009963989
vn -0.35229492 -0.9355469 -0.013420105
vn 0.3413086 0.9394531 0.033691406
vn -0.34570312 -0.93847656 -0.010826111
vn 0.35913086 0.9321289 0.044036865
vn -0.33935547 -0.9404297 -0.016723633
vn -0.33422852 -0.9423828 -0.004558563
vn -0.32983398 -0.94384766 -0.004878998
vn -0.32470703 -0.9458008 -0.010696411
vn -0.33129883 -0.9433594 -0.013305664
vn -0.3215332 -0.94677734 -0.018478394
vn -0.33813477 -0.94091797 -0.01701355
vn -0.33569336 -0.94189453 0.010528564
vn -0.33789062 -0.94091797 -0.0010967255
vn -0.34350586 -0.93896484 0.0024814606
vn -0.3383789 -0.94091797 0.00084114075
vn -0.34301758 -0.9394531 0.0013446808
vn -0.3425293 -0.9394531 0.00063943863
vn -0.34448242 -0.93896484 0.0027256012
vn -0.36132812 -0.9321289 0.015167236
vn -0.37890625 -0.89941406 0.21765137
vn -0.39453125 -0.88378906 0.25170898
vn -0.39526367 -0.6894531 0.6074219
vn -0.35424805 -0.67822266 0.6435547
vn -0.30737305 -0.45825195 0.8339844
vn -0.17602539 -0.50439453 0.84521484
vn -0.12902832 -0.3557129 0.92578125
vn 0.008903503 -0.36889648 0.9291992
vn -0.07922363 -0.2109375 0.9741211
vn -0.18579102 -0.14001465 0.97265625
vn -0.25390625 -0.29492188 0.9213867
vn -0.28027344 -0.23779297 0.9301758
vn -0.3479004 -0.43798828 0.82910156
vn -0.30444336 -0.45874023 0.83496094
vn -0.08758545 0.058776855 0.9946289
vn -0.07110596 0.16906738 0.98291016
vn -0.3684082 -0.7319336 0.5732422
vn -0.2746582 -0.7963867 0.5385742
vn -0.19213867 -0.052856445 0.97998047
vn -0.1081543 0.015686035 0.9941406
vn 0.16235352 0.6489258 0.74316406
vn 0.21447754 0.6796875 0.7011719
vn -0.21582031 -0.21142578 0.953125
vn -0.057037354 -0.2364502 0.96972656
vn -0.3256836 -0.9267578 0.18664551
vn -0.26586914 -0.9506836 0.15979004
vn 0.025009155 0.2644043 0.9638672
vn 0.18579102 0.30615234 0.93359375
vn 0.3178711 0.9135742 0.2536621
vn 0.37402344 0.890625 0.2590332
vn 0.062194824 0.034240723 0.9975586
vn 0.24707031 0.007648468 0.96875
vn -0.30664062 -0.95166016 0.0030784607
vn -0.29223633 -0.95654297 0.0028247833
vn 0.32470703 0.67822266 0.6591797
vn 0.43554688 0.6611328 0.61083984
vn 0.36645508 0.92529297 0.09667969
vn 0.40112305 0.91308594 0.074523926
vn 0.34692383 0.29345703 0.890625
vn 0.45776367 0.24938965 0.8535156
vn -0.31176758 -0.9501953 -0.016998291
vn -0.3083496 -0.9511719 -0.012413025
vn 0.4309082 0.87402344 0.22399902
vn 0.43823242 0.8745117 0.20825195
vn 0.3720703 0.9277344 0.028213501
vn 0.36450195 0.93115234 0.022567749
vn 0.50097656 0.63623047 0.58691406
vn 0.5439453 0.5913086 0.59521484
vn -0.31982422 -0.9472656 -0.010681152
vn -0.32177734 -0.94677734 -0.007911682
vn 0.38989258 0.91845703 0.06842041
vn 0.38012695 0.92041016 0.09033203
vn 0.35180664 0.93603516 0.009178162
vn 0.35595703 0.93408203 0.017410278
vn 0.4423828 0.8647461 0.23742676
vn 0.4716797 0.84277344 0.25952148
vn -0.33032227 -0.94384766 -0.0030097961
vn -0.3239746 -0.94628906 0.0024528503
vn 0.3618164 0.9316406 0.03668213
vn 0.37475586 0.92578125 0.05102539
vn 0.40161133 0.91015625 0.10369873
vn 0.40625 0.91015625 0.08416748
vn -0.31298828 -0.94970703 -0.0035057068
vn -0.28735352 -0.95751953 0.027923584
vn 0.3708496 0.92822266 0.034484863
vn 0.3544922 0.9345703 0.029708862
vn -0.28686523 -0.9580078 0.013404846
vn -0.203125 -0.9667969 0.15368652
vn 0.34960938 0.9370117 0.010719299
vn 0.35253906 0.9355469 0.017562866
vn -0.22741699 -0.96240234 0.14904785
vn -0.08428955 -0.88964844 0.4489746
vn -0.1628418 -0.85546875 0.49145508
vn -0.014968872 -0.6040039 0.796875
vn -0.17224121 -0.5253906 0.8334961
vn 0.12597656 -0.2939453 0.9472656
vn 0.25854492 -0.35668945 0.8979492
vn 0.097839355 -0.66552734 0.7397461
vn 0.16760254 -0.71240234 0.6816406
vn -0.033569336 -0.9067383 0.42016602
vn -0.0011844635 -0.9116211 0.4111328
vn 0.3786621 -0.041503906 0.9243164
vn 0.4621582 -0.1083374 0.8803711
vn -0.18786621 -0.96728516 0.17053223
vn -0.18029785 -0.96484375 0.19140625
vn 0.3413086 -0.421875 0.83984375
vn 0.38354492 -0.48510742 0.78564453
vn 0.5288086 0.18273926 0.82910156
vn 0.5683594 0.097351074 0.81689453
vn 0.20581055 -0.74365234 0.6357422
vn 0.2220459 -0.7583008 0.61279297
vn -0.296875 -0.95410156 0.035125732
vn -0.31079102 -0.94970703 0.041992188
vn 0.5053711 -0.18933105 0.8417969
vn 0.5136719 -0.27197266 0.81396484
vn 0.58251953 0.5332031 0.61328125
vn 0.6088867 0.49145508 0.6230469
vn 0.39233398 -0.5366211 0.7470703
vn 0.3737793 -0.56689453 0.7338867
vn -0.33496094 -0.9423828 0.007160187
vn -0.3413086 -0.9399414 0.013504028
vn 0.5805664 0.003610611 0.81396484
vn 0.5678711 -0.07800293 0.81933594
vn 0.48120117 0.8432617 0.23962402
vn 0.45629883 0.85839844 0.23474121
vn 0.49121094 -0.33666992 0.80322266
vn 0.44799805 -0.36450195 0.81640625
vn -0.34375 -0.93896484 0.0043945312
vn -0.34545898 -0.93847656 0.006126404
vn 0.6098633 0.4658203 0.6411133
vn 0.59814453 0.4375 0.6713867
vn 0.37841797 0.921875 0.08258057
vn 0.36791992 0.9238281 0.10473633
vn 0.5366211 -0.12097168 0.83496094
vn 0.49438477 -0.101989746 0.86328125
vn -0.34545898 -0.93847656 0.0044136047
vn -0.34228516 -0.9394531 0.011405945
vn 0.45043945 0.8520508 0.26733398
vn 0.47875977 0.8339844 0.27392578
vn 0.35131836 0.9350586 0.043701172
vn 0.3701172 0.9277344 0.050689697
vn 0.5878906 0.43530273 0.6821289
vn 0.5834961 0.47827148 0.65625
vn 0.3984375 0.9111328 0.10424805
vn 0.41357422 0.90771484 0.070617676
vn 0.37329102 0.9272461 0.027389526
vn 0.36328125 0.9316406 0.022323608
vn 0.48901367 0.8408203 0.23181152
vn 0.47192383 0.8564453 0.21032715
vn 0.35009766 0.93652344 0.009857178
vn 0.3569336 0.93408203 0.015335083
vn 0.34936523 0.9370117 0.0116119385
vn 0.35253906 0.9355469 0.01979065
vn 0.3623047 0.9316406 0.025054932
vn 0.3955078 0.9160156 0.06768799
vn 0.39208984 0.91552734 0.090270996
vn 0.36499023 0.9301758 0.03665161
vn 0.38378906 0.9223633 0.041625977
vn 0.37817383 0.92529297 0.022964478
vn 0.4272461 0.90234375 0.05355835
vn 0.42236328 0.90234375 0.08453369
vn 0.5229492 0.82714844 0.20666504
vn 0.47924805 0.8486328 0.22387695
vn 0.62890625 0.5419922 0.5576172
vn 0.5917969 0.52685547 0.61035156
vn 0.5307617 0.053131104 0.8457031
vn 0.48266602 -0.030960083 0.8754883
vn 0.36621094 -0.28100586 0.88720703
vn 0.39038086 -0.3413086 0.85498047
vn 0.27075195 -0.54541016 0.79345703
vn 0.3330078 -0.57177734 0.75
vn 0.19299316 -0.7426758 0.64160156
vn 0.21911621 -0.75634766 0.61621094
vn 0.0335083 -0.8925781 0.4494629
vn 0.02104187 -0.90625 0.42260742
vn -0.17944336 -0.95996094 0.21496582
vn -0.18554688 -0.953125 0.23950195
vn 0.024856567 -0.8754883 0.48266602
vn -0.016067505 -0.8598633 0.5102539
vn 0.13757324 -0.7182617 0.6821289
vn 0.09197998 -0.7011719 0.70703125
vn -0.31811523 -0.94628906 0.054504395
vn -0.31884766 -0.9458008 0.0597229
vn 0.23376465 -0.5053711 0.8305664
vn 0.265625 -0.48339844 0.8339844
vn -0.20300293 -0.94628906 0.25073242
vn -0.22558594 -0.94384766 0.24108887
vn -0.34155273 -0.9394531 0.015991211
vn -0.060821533 -0.8574219 0.51123047
vn -0.07678223 -0.87646484 0.47485352
vn 0.41503906 -0.21887207 0.8828125
vn 0.5234375 -0.1809082 0.83251953
vn -0.32299805 -0.9448242 0.05105591
vn -0.32836914 -0.9433594 0.042999268
vn 0.09667969 -0.7128906 0.69433594
vn 0.1538086 -0.7495117 0.64404297
vn 0.6201172 0.11352539 0.7763672
vn 0.7348633 0.1182251 0.66748047
vn -0.23901367 -0.9472656 0.21325684
vn -0.23388672 -0.9555664 0.1796875
vn -0.34399414 -0.93896484 0.008735657
vn -0.3425293 -0.9394531 0.008392334
vn -0.057861328 -0.90771484 0.41601562
vn 0.00010406971 -0.94091797 0.33862305
vn 0.69873047 0.52734375 0.48339844
vn 0.7578125 0.5078125 0.4099121
vn -0.3251953 -0.9448242 0.040283203
vn -0.31225586 -0.94970703 0.031082153
vn -0.34350586 -0.93896484 0.0013122559
vn -0.34155273 -0.9399414 -0.00072574615
vn -0.20812988 -0.96777344 0.14123535
vn -0.1809082 -0.9770508 0.11071777
vn 0.5385742 0.8276367 0.15930176
vn 0.5214844 0.8388672 0.1550293
vn -0.33642578 -0.94189453 0.0046958923
vn -0.33422852 -0.9423828 -0.00014436245
vn -0.3408203 -0.9399414 -0.0011806488
vn -0.3425293 -0.9394531 0.001584053
vn -0.30615234 -0.95166016 0.01876831
vn -0.30932617 -0.9506836 0.020141602
vn 0.40356445 0.91308594 0.06109619
vn 0.3996582 0.91259766 0.08746338
vn -0.34448242 -0.93896484 0.003583908
vn -0.34814453 -0.9375 0.009063721
vn -0.33764648 -0.94140625 0.0025424957
vn -0.34179688 -0.9394531 0.010719299
vn 0.36206055 0.93115234 0.042144775
vn -0.3461914 -0.9379883 0.0071411133
vn 0.37695312 0.92529297 0.046539307
vn -0.35229492 -0.9355469 0.014785767
vn -0.3461914 -0.9379883 0.0035686493
vn -0.3466797 -0.9379883 -0.0034275055
vn -0.3540039 -0.9350586 0.012664795
vn -0.3552246 -0.9345703 0.017593384
vn -0.35864258 -0.93310547 0.028045654
vn -0.34936523 -0.93652344 0.022125244
vn -0.31958008 -0.94628906 0.04849243
vn -0.34155273 -0.9399414 -0.008407593
vn -0.33862305 -0.94091797 -0.015090942
vn -0.34106445 -0.9399414 -0.020904541
vn -0.3400879 -0.9404297 -0.0052490234
vn -0.3395996 -0.9404297 0.0011119843
vn -0.3383789 -0.94091797 -0.005947113
vn -0.31225586 -0.94921875 0.033111572
vn -0.15368652 -0.98046875 0.12438965
vn -0.16308594 -0.98095703 0.10675049
vn 0.10827637 -0.9628906 0.24780273
vn 0.06298828 -0.9604492 0.2705078
vn 0.35375977 -0.82910156 0.4326172
vn 0.2602539 -0.79785156 0.5439453
vn 0.5048828 -0.5263672 0.68408203
vn 0.3618164 -0.4892578 0.79345703
vn 0.66796875 -0.19238281 0.71875
vn 0.77197266 -0.24145508 0.5878906
vn 0.61279297 -0.56884766 0.54833984
vn 0.64941406 -0.59814453 0.4699707
vn 0.40161133 -0.83447266 0.3774414
vn 0.41845703 -0.82373047 0.3828125
vn 0.82373047 0.07043457 0.5625
vn 0.86083984 -0.0016765594 0.50927734
vn 0.13415527 -0.95458984 0.26611328
vn 0.1295166 -0.9370117 0.3239746
vn 0.80371094 -0.30126953 0.5126953
vn 0.79248047 -0.34765625 0.50097656
vn 0.7861328 0.48291016 0.3852539
vn 0.80078125 0.44506836 0.4008789
vn 0.64501953 -0.6098633 0.46069336
vn 0.61328125 -0.5917969 0.5234375
vn -0.16210938 -0.9746094 0.15551758
vn -0.1817627 -0.96728516 0.17834473
vn 0.86083984 -0.06591797 0.5048828
vn 0.8310547 -0.0869751 0.5498047
vn 0.52734375 0.82958984 0.18383789
vn 0.546875 0.81591797 0.18725586
vn 0.75341797 -0.35302734 0.5551758
vn 0.7241211 -0.3161621 0.61279297
vn -0.3347168 -0.94091797 0.055023193
vn -0.34521484 -0.9370117 0.049987793
vn 0.7973633 0.4267578 0.42651367
vn 0.7783203 0.45458984 0.4333496
vn 0.41918945 0.9042969 0.08288574
vn 0.41357422 0.9086914 0.054870605
vn 0.8051758 -0.055114746 0.59033203
vn 0.81640625 0.004085541 0.57714844
vn -0.3618164 -0.9321289 0.023529053
vn -0.36035156 -0.9326172 0.011634827
vn 0.5332031 0.8305664 0.16027832
vn 0.50683594 0.8486328 0.1505127
vn 0.36889648 0.9291992 0.02696228
vn 0.359375 0.93310547 0.02180481
vn 0.76416016 0.49658203 0.4116211
vn 0.7763672 0.51708984 0.3605957
vn -0.3544922 -0.9350586 0.0036907196
vn -0.3544922 -0.9350586 -0.007472992
vn 0.39526367 0.9169922 0.056030273
vn 0.4013672 0.9135742 0.0657959
vn 0.34985352 0.9370117 0.007610321
vn 0.35839844 0.93359375 0.002128601
vn 0.51904297 0.8417969 0.14855957
vn 0.55566406 0.8256836 0.09887695
vn -0.34716797 -0.9375 -0.014671326
vn -0.34594727 -0.9379883 -0.025390625
vn 0.36621094 0.9301758 0.02558899
vn 0.3852539 0.92285156 0.012329102
vn 0.43017578 0.90234375 0.033081055
vn 0.4321289 0.90185547 -0.011695862
vn -0.35424805 -0.9350586 -0.007396698
vn -0.3317871 -0.9433594 0.004463196
vn 0.3803711 0.9248047 -0.0101623535
vn 0.37304688 0.9277344 -0.010169983
vn -0.34301758 -0.93847656 0.034698486
vn -0.20178223 -0.96972656 0.13720703
vn 0.3552246 0.9345703 -0.005142212
vn 0.36572266 0.93066406 -0.0102005005
vn -0.19836426 -0.96484375 0.17114258
vn 0.10522461 -0.9194336 0.3786621
vn 0.11248779 -0.9194336 0.37695312
vn 0.39111328 -0.7573242 0.5229492
vn 0.40551758 -0.7949219 0.45092773
vn 0.58984375 -0.54785156 0.5932617
vn 0.6088867 -0.51123047 0.6064453
vn 0.40454102 -0.7397461 0.53759766
vn 0.44458008 -0.74902344 0.49145508
vn 0.11468506 -0.93652344 0.3310547
vn 0.13964844 -0.9614258 0.23706055
vn 0.74121094 -0.26733398 0.61572266
vn 0.79589844 -0.2290039 0.5605469
vn -0.19140625 -0.9785156 0.07867432
vn -0.1809082 -0.98339844 0.021728516
vn 0.6645508 -0.4958496 0.55859375
vn 0.74072266 -0.5048828 0.4428711
vn 0.8569336 0.059814453 0.51171875
vn 0.9135742 0.09088135 0.39697266
vn 0.5004883 -0.77783203 0.37939453
vn 0.53222656 -0.80810547 0.25341797
vn -0.32226562 -0.94628906 -0.026382446
vn -0.31518555 -0.9482422 -0.040130615
vn 0.87060547 -0.21325684 0.44335938
vn 0.9243164 -0.21374512 0.3154297
vn 0.8100586 0.52246094 0.26635742
vn 0.83203125 0.52783203 0.1706543
vn 0.7919922 -0.52441406 0.31201172
vn 0.80566406 -0.5473633 0.22607422
vn -0.33911133 -0.9399414 -0.035217285
vn -0.3334961 -0.94189453 -0.037353516
vn 0.9550781 0.097229004 0.27954102
vn 0.9746094 0.09082031 0.20446777
vn 0.5600586 0.8276367 0.033721924
vn 0.5517578 0.8334961 0.021133423
vn 0.9472656 -0.2211914 0.23242188
vn 0.95410156 -0.22973633 0.19116211
vn -0.33789062 -0.94091797 -0.02659607
vn -0.33618164 -0.94140625 -0.02470398
vn 0.8417969 0.5258789 0.12207031
vn 0.85546875 0.5073242 0.10473633
vn 0.42260742 0.90625 -0.008010864
vn 0.43530273 0.9003906 0.009361267
vn 0.9824219 0.083740234 0.1661377
vn 0.98291016 0.08666992 0.16186523
vn -0.33691406 -0.94140625 -0.015045166
vn -0.32958984 -0.94384766 -0.017791748
vn 0.5727539 0.81933594 0.033416748
vn 0.59814453 0.80078125 0.021255493
vn 0.3840332 0.92333984 -0.0042800903
vn 0.40405273 0.9145508 -0.011680603
vn 0.8642578 0.4934082 0.095947266
vn 0.859375 0.50390625 0.08642578
vn 0.45825195 0.8886719 -0.005634308
vn 0.4477539 0.89404297 -0.024505615
vn 0.3894043 0.92089844 -0.018936157
vn 0.37670898 0.92626953 -0.0028877258
vn 0.58740234 0.8095703 0.0028305054
vn 0.5703125 0.82128906 0.01828003
vn 0.35668945 0.93408203 -0.0026340485
vn 0.36547852 0.93066406 0.004333496
vn 0.35620117 0.9345703 0.007534027
vn 0.36376953 0.93115234 0.013008118
vn 0.37573242 0.9267578 0.010643005
vn 0.4333496 0.9013672 0.0013017654
vn 0.44604492 0.89453125 0.028747559
vn 0.38793945 0.9213867 0.014160156
vn 0.40576172 0.9140625 0.0052375793
vn 0.38720703 0.921875 -0.0038661957
vn 0.44482422 0.8955078 -0.020065308
vn 0.4633789 0.88623047 0.003396988
vn 0.60791016 0.7939453 -0.0076522827
vn 0.58740234 0.80859375 0.031463623
vn 0.8588867 0.51123047 0.032073975
vn 0.85253906 0.5180664 0.069885254
vn 0.98583984 0.12670898 0.11187744
vn 0.9824219 0.10394287 0.15551758
vn 0.95751953 -0.21984863 0.18566895
vn 0.95410156 -0.23095703 0.19006348
vn 0.7783203 -0.60058594 0.1842041
vn 0.7973633 -0.5751953 0.18359375
vn 0.49365234 -0.8598633 0.12902832
vn 0.5253906 -0.8334961 0.17041016
vn 0.14624023 -0.9863281 0.075927734
vn 0.1529541 -0.9785156 0.1373291
vn -0.17480469 -0.984375 -0.007835388
vn -0.17053223 -0.98535156 -0.01586914
vn 0.125 -0.99121094 0.048095703
vn 0.09539795 -0.9941406 0.051452637
vn 0.44848633 -0.8847656 0.12780762
vn 0.4104004 -0.90283203 0.12866211
vn -0.3059082 -0.9511719 -0.03942871
vn -0.29785156 -0.95410156 -0.029418945
vn 0.765625 -0.6166992 0.18225098
vn 0.7680664 -0.6269531 0.13122559
vn -0.17041016 -0.98535156 -0.006591797
vn -0.17492676 -0.984375 0.007293701
vn -0.32910156 -0.94384766 -0.02935791
vn 0.068847656 -0.99560547 0.05996704
vn 0.049957275 -0.9975586 0.04626465
vn 0.96972656 -0.20458984 0.13354492
vn 0.9790039 -0.20129395 0.033294678
vn -0.29858398 -0.95410156 -0.017028809
vn -0.30126953 -0.9536133 -0.004432678
vn 0.38867188 -0.9165039 0.09295654
vn 0.3828125 -0.9238281 0.020217896
vn 0.9902344 0.13513184 0.03201294
vn 0.99072266 0.10974121 -0.081970215
vn -0.17993164 -0.98339844 0.012268066
vn -0.17871094 -0.9838867 0.005279541
vn -0.33154297 -0.9433594 -0.0064888
vn -0.3293457 -0.94433594 0.0019626617
vn 0.044067383 -0.99902344 0.010650635
vn 0.05493164 -0.9975586 -0.04837036
vn 0.87060547 0.49023438 -0.04324341
vn 0.875 0.47045898 -0.11425781
vn -0.29711914 -0.95458984 0.0034160614
vn -0.2919922 -0.95654297 -0.0027713776
vn -0.33764648 -0.94140625 8.010864E-05
vn -0.33642578 -0.94189453 0.0012435913
vn -0.1706543 -0.98535156 -0.018066406
vn -0.15930176 -0.9863281 -0.040527344
vn 0.5908203 0.80566406 -0.042755127
vn 0.5776367 0.81591797 -0.02494812
vn -0.32666016 -0.9453125 0.0007224083
vn -0.32958984 -0.94433594 0.00015997887
vn -0.33789062 -0.94140625 0.00242424
vn -0.3383789 -0.94091797 0.008522034
vn -0.29492188 -0.9555664 -0.0076560974
vn -0.296875 -0.9550781 0.0023345947
vn 0.43188477 0.90185547 0.0066604614
vn 0.44580078 0.89453125 0.030090332
vn -0.3400879 -0.9404297 0.0069618225
vn -0.33129883 -0.9433594 0.009292603
vn -0.32958984 -0.94384766 0.021377563
vn -0.33911133 -0.9404297 0.017364502
vn 0.38720703 0.921875 0.024414062
vn -0.3371582 -0.94140625 0.018432617
vn -0.33666992 -0.94091797 0.029785156
vn -0.3383789 -0.9404297 0.03086853
vn -0.34375 -0.93896484 0.0045776367
vn -0.35205078 -0.93603516 -0.008598328
vn -0.33374023 -0.94140625 0.044067383
vn -0.34301758 -0.93896484 0.02017212
vn 0.40014648 0.9165039 0.017303467
vn -0.32861328 -0.94384766 0.035339355
vn -0.2878418 -0.95703125 0.03451538
vn -0.3503418 -0.93652344 -0.015823364
vn -0.36108398 -0.9316406 -0.03677368
vn -0.29101562 -0.95654297 0.01737976
vn -0.11578369 -0.9926758 -0.03265381
vn -0.35888672 -0.9321289 -0.04547119
vn -0.36010742 -0.9301758 -0.072387695
vn -0.14086914 -0.98876953 -0.044891357
vn 0.12445068 -0.9838867 -0.12963867
vn -0.34277344 -0.93652344 -0.07067871
vn -0.2998047 -0.9453125 -0.12731934
vn 0.08068848 -0.99121094 -0.10357666
vn 0.3930664 -0.90185547 -0.17956543
vn -0.28295898 -0.953125 -0.107055664
vn -0.0692749 -0.953125 -0.2939453
vn 0.38598633 -0.91845703 -0.08703613
vn 0.7602539 -0.63916016 -0.11425781
vn -0.03793335 -0.95996094 -0.27807617
vn 0.16137695 -0.8876953 -0.43115234
vn 0.7729492 -0.63427734 0.029632568
vn 0.17785645 -0.8886719 -0.4230957
vn 0.23669434 -0.85302734 -0.4645996
vn 0.9682617 -0.22460938 -0.10876465
vn 0.93310547 -0.27661133 -0.23046875
vn 0.24780273 -0.84521484 -0.47387695
vn 0.36401367 -0.74902344 -0.55371094
vn 0.72753906 -0.64501953 -0.23364258
vn 0.703125 -0.6542969 -0.2783203
vn 0.9814453 0.045288086 -0.18579102
vn 0.97021484 -0.043151855 -0.2388916
vn 0.37719727 -0.72265625 -0.57910156
vn 0.5019531 -0.5673828 -0.65283203
vn 0.8955078 -0.34399414 -0.28173828
vn 0.87597656 -0.39990234 -0.27001953
vn 0.41845703 -0.88183594 -0.21813965
vn 0.46411133 -0.8613281 -0.2064209
vn 0.88623047 0.44091797 -0.140625
vn 0.9091797 0.39257812 -0.13842773
vn 0.51171875 -0.52441406 -0.6801758
vn 0.6113281 -0.3310547 -0.71875
vn 0.7055664 -0.6586914 -0.26049805
vn 0.7397461 -0.6489258 -0.17785645
vn 0.9628906 -0.12438965 -0.2401123
vn 0.96875 -0.16699219 -0.18225098
vn 0.60009766 0.7998047 -0.00680542
vn 0.6147461 0.7885742 -0.018875122
vn 0.6147461 -0.2705078 -0.74072266
vn 0.7324219 0.30566406 -0.60839844
vn 0.8852539 -0.42285156 -0.1928711
vn 0.9086914 -0.40014648 -0.11993408
vn 0.9243164 0.36376953 -0.11639404
vn 0.9169922 0.38891602 -0.09063721
vn 0.45507812 0.8901367 0.012268066
vn 0.43041992 0.90283203 -0.0045547485
vn 0.7080078 0.34814453 -0.6147461
vn 0.55078125 0.8022461 -0.23034668
vn 0.98095703 -0.14855957 -0.12609863
vn 0.9863281 -0.083740234 -0.14038086
vn 0.58496094 0.8105469 -0.026153564
vn 0.5566406 0.8305664 -0.017410278
vn 0.3803711 0.9248047 0.0071411133
vn 0.3684082 0.9296875 0.006313324
vn 0.5083008 0.8354492 -0.21008301
vn 0.40844727 0.91064453 -0.06463623
vn 0.40673828 0.91259766 -0.04360962
vn 0.4404297 0.89501953 -0.07220459
vn 0.4489746 0.89208984 -0.05126953
vn 0.3720703 0.92822266 -0.009666443
vn 0.39990234 0.9160156 -0.027420044
vn 0.37548828 0.9267578 -0.014411926
vn 0.3527832 0.9355469 -0.009094238
vn 0.3569336 0.93408203 -0.0023078918
vn 0.34448242 0.93847656 -0.02633667
vn 0.5654297 0.7988281 -0.20532227
vn 0.54589844 0.8120117 -0.2055664
vn 0.7421875 0.28051758 -0.60839844
vn 0.75097656 0.23217773 -0.61816406
vn 0.6118164 -0.37670898 -0.6958008
vn 0.6196289 -0.40454102 -0.6723633
vn 0.5019531 -0.5932617 -0.62939453
vn 0.51171875 -0.59765625 -0.6171875
vn 0.36206055 -0.7578125 -0.54296875
vn 0.37353516 -0.7421875 -0.5566406
vn 0.23291016 -0.84716797 -0.4777832
vn 0.24072266 -0.8227539 -0.51464844
vn 0.13378906 -0.88378906 -0.44799805
vn 0.09655762 -0.875 -0.47436523
vn -0.11657715 -0.9458008 -0.30297852
vn -0.16906738 -0.94140625 -0.29248047
vn -0.33007812 -0.9355469 -0.12646484
vn -0.35253906 -0.9291992 -0.11303711
vn -0.37036133 -0.9267578 -0.06585693
vn -0.37158203 -0.9272461 -0.049682617
vn -0.3630371 -0.93115234 -0.027633667
vn -0.3630371 -0.9316406 -0.011177063
vn -0.35253906 -0.93603516 0.006137848
vn -0.35229492 -0.9355469 0.017471313
vn -0.34179688 -0.93896484 0.0368042
vn -0.3125 -0.94873047 0.045166016
vn -0.36401367 -0.93115234 -0.01625061
vn -0.34106445 -0.9394531 -0.03262329
vn -0.35473633 -0.93115234 -0.08502197
vn -0.20544434 -0.9589844 -0.19543457
vn -0.29760742 -0.9536133 0.048217773
vn -0.094055176 -0.9951172 0.027862549
vn -0.32543945 -0.9453125 0.01966858
vn -0.14428711 -0.9892578 -0.016845703
vn -0.20166016 -0.9453125 -0.25610352
vn 0.08203125 -0.88671875 -0.45507812
vn -0.09643555 -0.9951172 -0.0015239716
vn 0.23620605 -0.9692383 -0.07043457
vn -0.17944336 -0.97802734 -0.10412598
vn 0.18908691 -0.95214844 -0.23925781
vn -0.11383057 -0.99316406 0.025634766
vn 0.27148438 -0.96240234 -0.023712158
vn 0.121520996 -0.91796875 -0.3779297
vn 0.45385742 -0.7246094 -0.5185547
vn 0.18005371 -0.9760742 -0.122558594
vn 0.2722168 -0.96191406 -0.01852417
vn 0.5834961 -0.8095703 -0.06524658
vn 0.52734375 -0.8388672 -0.13513184
vn 0.78222656 -0.6152344 -0.099487305
vn 0.8120117 -0.57421875 -0.10479736
vn 0.6118164 -0.78808594 -0.07092285
vn 0.60839844 -0.7763672 -0.16552734
vn 0.92871094 -0.3479004 -0.12866211
vn 0.9296875 -0.2890625 -0.22802734
vn 0.24353027 -0.96484375 -0.09655762
vn 0.8183594 -0.5366211 -0.20544434
vn 0.76904297 -0.49975586 -0.3984375
vn 0.5527344 -0.75683594 -0.34814453
vn 0.97265625 -0.009460449 -0.23205566
vn 0.8666992 0.47216797 -0.1616211
vn 0.9169922 0.04107666 -0.39672852
vn 0.87890625 -0.23864746 -0.41308594
vn 0.78027344 -0.21777344 -0.5859375
vn 0.6660156 -0.4716797 -0.578125
vn 0.56689453 -0.48168945 -0.66796875
vn 0.89404297 0.43725586 -0.09655762
vn 0.36376953 -0.71191406 -0.6010742
vn 0.29467773 -0.73291016 -0.61328125
vn 0.07342529 -0.87158203 -0.484375
vn 0.25610352 -0.7792969 -0.5722656
vn 0.43530273 -0.62109375 -0.65185547
vn 0.48754883 -0.5371094 -0.68847656
vn 0.6245117 -0.32250977 -0.7114258
vn 0.4008789 -0.69677734 -0.59472656
vn 0.55810547 -0.51464844 -0.6508789
vn 0.69091797 -0.24694824 -0.6791992
vn 0.75878906 -0.02128601 -0.6508789
vn 0.5854492 -0.42407227 -0.69091797
vn 0.68359375 -0.2401123 -0.6894531
vn 0.53027344 -0.5732422 -0.6245117
vn 0.6489258 -0.38964844 -0.6538086
vn 0.8305664 0.039764404 -0.55566406
vn 0.7597656 0.49365234 -0.42333984
vn 0.7089844 -0.12426758 -0.69433594
vn 0.74121094 0.37597656 -0.55566406
vn 0.66796875 -0.3334961 -0.66552734
vn 0.7714844 0.2368164 -0.59033203
vn 0.6328125 -0.4111328 -0.65625
vn 0.79345703 0.18969727 -0.578125
vn 0.81884766 0.49267578 -0.29418945
vn 0.5488281 0.8256836 -0.1295166
vn 0.7578125 0.28295898 -0.5878906
vn 0.5605469 0.7817383 -0.2734375
vn 0.7871094 0.21899414 -0.57666016
vn 0.5629883 0.796875 -0.21911621
vn 0.77441406 0.18591309 -0.6044922
vn 0.59814453 0.75927734 -0.25585938
vn 0.5605469 0.82714844 -0.04171753
vn 0.42382812 0.9057617 0.0003476143
vn 0.5522461 0.79003906 -0.26611328
vn 0.4099121 0.90478516 -0.117004395
vn 0.6010742 0.76953125 -0.2154541
vn 0.4555664 0.8881836 -0.05935669
vn 0.5546875 0.7939453 -0.24853516
vn 0.41870117 0.9038086 -0.09075928
vn 0.42382812 0.9038086 -0.05859375
vn 0.3774414 0.92578125 -0.015037537
vn 0.453125 0.88671875 -0.09051514
vn 0.40161133 0.91503906 -0.040802002
vn 0.37817383 0.92529297 -0.03353882
vn 0.3659668 0.93066406 -0.011688232
vn 0.3955078 0.91845703 -0.013137817
vn 0.3701172 0.9291992 -0.004146576
vn 0.36035156 0.9326172 -0.0028247833
vn 0.37890625 0.92529297 -0.019363403
vn 0.3930664 0.9194336 -0.0209198
vn 0.37036133 0.92871094 -0.027862549
vn 0.42211914 0.9033203 -0.07476807
vn 0.35229492 0.93603516 -0.013023376
vn 0.35205078 0.9355469 -0.030014038
vn 0.36035156 0.9326172 -0.0028247833
vn 0.36621094 0.92871094 -0.055999756
vn 0.37963867 0.9223633 -0.06890869
vn 0.42504883 0.89697266 -0.121032715
vn 0.41235352 0.90625 -0.09106445
vn 0.36694336 0.9291992 -0.046905518
vn 0.35302734 0.9345703 -0.04171753
vn 0.34643555 0.9379883 -0.017196655
vn 0.35229492 0.9355469 -0.014770508
vn 0.5336914 0.8125 -0.23364258
vn 0.4963379 0.8417969 -0.2130127
vn 0.35229492 0.93603516 0.0011043549
vn 0.38623047 0.91748047 -0.09259033
vn 0.38842773 0.9160156 -0.101135254
vn 0.7338867 0.45751953 -0.5024414
vn 0.5048828 0.83935547 -0.1998291
vn 0.3569336 0.93310547 -0.048095703
vn 0.4189453 0.90625 -0.057861328
vn 0.37524414 0.92626953 -0.03225708
vn 0.37329102 0.9277344 -0.0014457703
vn 0.41601562 0.9091797 0.0056762695
vn -0.31323242 -0.86083984 -0.4008789
vn -0.37695312 -0.8935547 -0.24450684
vn -0.33129883 -0.91015625 -0.24926758
vn -0.38671875 -0.8339844 -0.3930664
vn -0.29052734 -0.79833984 -0.52734375
vn -0.42089844 -0.8774414 -0.23022461
vn -0.38720703 -0.7631836 -0.51708984
vn -0.45751953 -0.80859375 -0.37036133
vn -0.46142578 -0.86279297 -0.20727539
vn -0.4802246 -0.7294922 -0.4873047
vn -0.52246094 -0.78466797 -0.33325195
vn -0.49682617 -0.8496094 -0.17626953
vn -0.56591797 -0.6982422 -0.43847656
vn -0.57958984 -0.76416016 -0.28344727
vn -0.5258789 -0.83935547 -0.13842773
vn -0.6411133 -0.67089844 -0.37304688
vn -0.62646484 -0.7470703 -0.22265625
vn -0.5473633 -0.8310547 -0.09539795
vn -0.7026367 -0.6484375 -0.29296875
vn -0.6611328 -0.734375 -0.15332031
vn -0.56103516 -0.82666016 -0.048614502
vn -0.74853516 -0.63183594 -0.2019043
vn -0.6826172 -0.7265625 -0.078186035
vn -0.5654297 -0.82470703 1.7881393E-07
vn -0.77685547 -0.62158203 -0.10290527
vn -0.6899414 -0.7236328 2.3841858E-07
vn -0.56103516 -0.82666016 0.048614502
vn -0.7861328 -0.61816406 2.9802322E-07
vn -0.6826172 -0.7265625 0.078186035
vn -0.5473633 -0.8310547 0.09539795
vn -0.77685547 -0.62158203 0.10290527
vn -0.6611328 -0.734375 0.15332031
vn -0.5258789 -0.83935547 0.13842773
vn -0.74853516 -0.63183594 0.2019043
vn -0.62646484 -0.7470703 0.22265625
vn -0.49682617 -0.8496094 0.17626953
vn -0.7026367 -0.6484375 0.29296875
vn -0.57958984 -0.76416016 0.28344727
vn -0.46142578 -0.86279297 0.20727539
vn -0.6411133 -0.67089844 0.37304688
vn -0.52246094 -0.78466797 0.33325195
vn -0.42089844 -0.8774414 0.23022461
vn -0.56591797 -0.6982422 0.43847656
vn -0.45751953 -0.80859375 0.37036133
vn -0.37695312 -0.8935547 0.24450684
vn -0.4802246 -0.7294922 0.4873047
vn -0.38671875 -0.8339844 0.3930664
vn -0.33129883 -0.91015625 0.24926758
vn -0.38720703 -0.7631836 0.51708984
vn -0.31323242 -0.86083984 0.4008789
vn -0.28564453 -0.9267578 0.24450684
vn -0.29052734 -0.79833984 0.52734375
vn -0.23986816 -0.8876953 0.3930664
vn -0.24157715 -0.9428711 0.23022461
vn -0.19384766 -0.8334961 0.51708984
vn -0.16918945 -0.9135742 0.37036133
vn -0.2010498 -0.95751953 0.20727539
vn -0.10089111 -0.8671875 0.4873047
vn -0.10412598 -0.9370117 0.33325195
vn -0.16564941 -0.97021484 0.17626953
vn -0.015205383 -0.8984375 0.43847656
vn -0.047027588 -0.9580078 0.28344727
vn -0.13647461 -0.98095703 0.13842773
vn 0.059906006 -0.92578125 0.37304688
vn -0.00019061565 -0.97509766 0.22265625
vn -0.114868164 -0.98876953 0.09539795
vn 0.121520996 -0.9482422 0.29296875
vn 0.034606934 -0.98779297 0.15332031
vn -0.101501465 -0.99365234 0.048614502
vn 0.1673584 -0.96484375 0.2019043
vn 0.05606079 -0.99560547 0.078186035
vn -0.0970459 -0.9951172 -2.9802322E-07
vn 0.19555664 -0.97509766 0.10290527
vn 0.06329346 -0.9980469 -5.364418E-07
vn -0.101501465 -0.99365234 -0.048614502
vn 0.20507812 -0.9785156 -7.1525574E-07
vn 0.056030273 -0.99560547 -0.078186035
vn -0.114868164 -0.98876953 -0.09539795
vn 0.19555664 -0.97509766 -0.10290527
vn 0.034606934 -0.98779297 -0.15332031
vn -0.13647461 -0.98095703 -0.13842773
vn 0.1673584 -0.96484375 -0.2019043
vn -0.00019109249 -0.97509766 -0.22265625
vn -0.16564941 -0.97021484 -0.17626953
vn 0.121520996 -0.9482422 -0.29296875
vn -0.047027588 -0.9580078 -0.28344727
vn -0.2010498 -0.95751953 -0.20727539
vn 0.059906006 -0.92578125 -0.37304688
vn -0.10412598 -0.9370117 -0.33325195
vn -0.24157715 -0.9428711 -0.23022461
vn -0.015213013 -0.8984375 -0.43847656
vn -0.16918945 -0.9135742 -0.37036133
vn -0.28564453 -0.9267578 -0.24450684
vn -0.10089111 -0.8671875 -0.4873047
vn -0.23986816 -0.8876953 -0.3930664
vn -0.33129883 -0.91015625 -0.24926758
vn -0.19384766 -0.8334961 -0.51708984
vn -0.31323242 -0.86083984 -0.4008789
vn -0.29052734 -0.79833984 -0.52734375
vn 0.37573242 0.89697266 -0.23327637
vn 0.3322754 0.91259766 -0.23791504
vn 0.31689453 0.87060547 -0.37646484
vn 0.38598633 0.84521484 -0.36938477
vn 0.29736328 0.8173828 -0.4934082
vn 0.4177246 0.88134766 -0.21984863
vn 0.38793945 0.7841797 -0.48388672
vn 0.45214844 0.82128906 -0.3479004
vn 0.45629883 0.8676758 -0.1977539
vn 0.47485352 0.7529297 -0.45581055
vn 0.5136719 0.7988281 -0.31323242
vn 0.49023438 0.85498047 -0.16821289
vn 0.5551758 0.7236328 -0.4104004
vn 0.56689453 0.7792969 -0.26635742
vn 0.5180664 0.84521484 -0.13220215
vn 0.6254883 0.6977539 -0.34887695
vn 0.61083984 0.7631836 -0.20922852
vn 0.5385742 0.83740234 -0.09106445
vn 0.68310547 0.6767578 -0.27416992
vn 0.6435547 0.75146484 -0.14416504
vn 0.55126953 0.8330078 -0.046417236
vn 0.7260742 0.6611328 -0.18884277
vn 0.6640625 0.7441406 -0.07348633
vn 0.55566406 0.83154297 -5.364418E-07
vn 0.7524414 0.65185547 -0.09625244
vn 0.67089844 0.7416992 -7.1525574E-07
vn 0.55126953 0.8330078 0.046417236
vn 0.76123047 0.6484375 -8.940697E-07
vn 0.6640625 0.7441406 0.07348633
vn 0.5385742 0.83740234 0.09106445
vn 0.7524414 0.65185547 0.09625244
vn 0.6435547 0.75146484 0.14416504
vn 0.5180664 0.84521484 0.13220215
vn 0.7260742 0.6611328 0.18884277
vn 0.61083984 0.7631836 0.20922852
vn 0.49023438 0.85498047 0.16821289
vn 0.68310547 0.6767578 0.27416992
vn 0.56689453 0.7792969 0.26635742
vn 0.45629883 0.8676758 0.1977539
vn 0.6254883 0.6977539 0.34887695
vn 0.5136719 0.7988281 0.31323242
vn 0.4177246 0.88134766 0.21984863
vn 0.5551758 0.7236328 0.4104004
vn 0.45214844 0.82128906 0.3479004
vn 0.37573242 0.89697266 0.23327637
vn 0.47485352 0.7529297 0.45581055
vn 0.38598633 0.84521484 0.36938477
vn 0.3322754 0.91259766 0.23791504
vn 0.38793945 0.7841797 0.48388672
vn 0.31689453 0.87060547 0.37646484
vn 0.28857422 0.92871094 0.23327637
vn 0.29736328 0.8173828 0.4934082
vn 0.24780273 0.8955078 0.36938477
vn 0.2467041 0.94384766 0.21984863
vn 0.20703125 0.85009766 0.48388672
vn 0.18139648 0.9199219 0.3479004
vn 0.20800781 0.9580078 0.1977539
vn 0.11999512 0.88183594 0.45581055
vn 0.12023926 0.94189453 0.31323242
vn 0.17407227 0.97021484 0.16821289
vn 0.039855957 0.9111328 0.4104004
vn 0.06665039 0.9614258 0.26635742
vn 0.1463623 0.98046875 0.13220215
vn -0.030426025 0.93652344 0.34887695
vn 0.022613525 0.97753906 0.20922852
vn 0.12561035 0.98779297 0.09106445
vn -0.08807373 0.95751953 0.27416992
vn -0.01008606 0.9897461 0.14416504
vn 0.11291504 0.9926758 0.046417236
vn -0.13098145 0.97314453 0.18884277
vn -0.030227661 0.9970703 0.07348633
vn 0.10864258 0.9941406 -5.9604645E-08
vn -0.15734863 0.98291016 0.09625244
vn -0.037017822 0.9995117 0
vn 0.11291504 0.9926758 -0.046417236
vn -0.16625977 0.98583984 5.9604645E-08
vn -0.030227661 0.9970703 -0.07348633
vn 0.12561035 0.98779297 -0.09106445
vn -0.15734863 0.98291016 -0.09625244
vn -0.01008606 0.9897461 -0.14416504
vn 0.1463623 0.98046875 -0.13220215
vn -0.13098145 0.97314453 -0.18884277
vn 0.022613525 0.97753906 -0.20922852
vn 0.17407227 0.97021484 -0.16821289
vn -0.08807373 0.95751953 -0.27416992
vn 0.066589355 0.9614258 -0.26635742
vn 0.20800781 0.9580078 -0.1977539
vn -0.030426025 0.93652344 -0.34887695
vn 0.12023926 0.94189453 -0.31323242
vn 0.2467041 0.94384766 -0.21984863
vn 0.03982544 0.9111328 -0.4104004
vn 0.18139648 0.9199219 -0.3479004
vn 0.28857422 0.92871094 -0.23327637
vn 0.11999512 0.88183594 -0.45581055
vn 0.24780273 0.8955078 -0.36938477
vn 0.3322754 0.91259766 -0.23791504
vn 0.20703125 0.85009766 -0.48388672
vn 0.31689453 0.87060547 -0.37646484
vn 0.29736328 0.8173828 -0.4934082
vn 0.2956543 0.28125 -0.91308594
vn 0.125 0.34326172 -0.93066406
vn 0.0793457 0.21801758 -0.97265625
vn 0.25756836 0.15307617 -0.95410156
vn 0.4597168 0.22155762 -0.8598633
vn 0.18334961 -0.066711426 -0.98095703
vn -5.364418E-07 1.1920929E-07 -1
vn -0.066345215 -0.18225098 -0.98095703
vn 0.42919922 0.09069824 -0.8984375
vn 0.61083984 0.1665039 -0.7739258
vn 0.11352539 -0.24768066 -0.96240234
vn -0.13012695 -0.35766602 -0.9248047
vn 0.35961914 -0.13085938 -0.9238281
vn 0.58740234 0.033172607 -0.80859375
vn 0.74365234 0.1182251 -0.6582031
vn 0.52197266 -0.19006348 -0.83154297
vn 0.28637695 -0.31054688 -0.90625
vn 0.039367676 -0.41918945 -0.90722656
vn 0.72558594 -0.017242432 -0.6879883
vn 0.8520508 0.07867432 -0.51708984
vn 0.6645508 -0.24182129 -0.70703125
vn 0.44580078 -0.36865234 -0.81591797
vn 0.83935547 -0.058624268 -0.54052734
vn 0.93310547 0.049224854 -0.35620117
vn 0.78125 -0.28442383 -0.55566406
vn 0.9238281 -0.08935547 -0.37231445
vn 0.98291016 0.03111267 -0.18164062
vn -0.03753662 -0.5776367 -0.8154297
vn -0.1899414 -0.52197266 -0.83154297
vn -0.2692871 -0.7397461 -0.6166992
vn 0.20239258 -0.47851562 -0.8544922
vn 0.5854492 -0.4194336 -0.69384766
vn 0.86816406 -0.31591797 -0.38256836
vn 0.9760742 -0.10827637 -0.18981934
vn 0.9995117 0.024993896 -1.3709068E-06
vn 0.109069824 -0.6308594 -0.7680664
vn -0.15625 -0.7807617 -0.6044922
vn -0.32299805 -0.8876953 -0.32836914
vn 0.7001953 -0.46118164 -0.5449219
vn 0.921875 -0.33544922 -0.19506836
vn 0.99316406 -0.11468506 -1.4305115E-06
vn 0.98291016 0.03111267 0.18164062
vn 0.78515625 -0.4921875 -0.37548828
vn 0.9394531 -0.34204102 -1.3709068E-06
vn 0.9760742 -0.10827637 0.18981934
vn 0.93310547 0.049224854 0.35620117
vn 0.8378906 -0.51123047 -0.19140625
vn 0.921875 -0.33544922 0.19506836
vn 0.9238281 -0.08935547 0.37231445
vn 0.8520508 0.07867432 0.51708984
vn 0.85546875 -0.5175781 -1.3709068E-06
vn 0.86816406 -0.31591797 0.38256836
vn 0.83935547 -0.058624268 0.54052734
vn 0.74365234 0.1182251 0.6582031
vn 0.8378906 -0.51123047 0.19140625
vn 0.78125 -0.28442383 0.55566406
vn 0.72558594 -0.017242432 0.6879883
vn 0.61083984 0.1665039 0.7739258
vn 0.78515625 -0.4921875 0.37548828
vn 0.6645508 -0.24182129 0.70703125
vn 0.58740234 0.033172607 0.80859375
vn 0.4597168 0.22155762 0.8598633
vn 0.7001953 -0.46118164 0.5449219
vn 0.52197266 -0.19006348 0.83154297
vn 0.42919922 0.09069824 0.8984375
vn 0.2956543 0.28125 0.91308594
vn 0.5854492 -0.4194336 0.69384766
vn 0.35961914 -0.13085938 0.9238281
vn 0.25756836 0.15307617 0.95410156
vn 0.125 0.34326172 0.93066406
vn 0.44580078 -0.36865234 0.81591797
vn 0.18334961 -0.066711426 0.98095703
vn 0.0793457 0.21801758 0.97265625
vn -0.045684814 0.40551758 0.91308594
vn 0.28637695 -0.31054688 0.90625
vn 7.748604E-07 -1.1920929E-07 1
vn -0.09899902 0.28295898 0.95410156
vn -0.2097168 0.4650879 0.8598633
vn 0.11352539 -0.24768066 0.96240234
vn -0.18334961 0.066711426 0.98095703
vn -0.2705078 0.34521484 0.8984375
vn -0.36108398 0.52001953 0.7739258
vn -0.066345215 -0.18225098 0.98095703
vn -0.35961914 0.13085938 0.9238281
vn -0.4284668 0.40283203 0.80859375
vn -0.49365234 0.5683594 0.6582031
vn -0.24621582 -0.116760254 0.96240234
vn -0.52197266 0.19006348 0.83154297
vn -0.56689453 0.45336914 0.6879883
vn -0.60253906 0.60791016 0.51708984
vn -0.41918945 -0.053833008 0.90625
vn -0.6645508 0.24182129 0.70703125
vn -0.68066406 0.4946289 0.54052734
vn -0.68310547 0.6376953 0.35620117
vn -0.5786133 0.004173279 0.81591797
vn -0.78125 0.28442383 0.55566406
vn -0.7651367 0.5253906 0.37231445
vn -0.73291016 0.6557617 0.18164062
vn -0.7182617 0.055023193 0.69384766
vn -0.86816406 0.31591797 0.38256836
vn -0.8173828 0.5444336 0.18981934
vn -0.7495117 0.6616211 2.3841858E-07
vn -0.8330078 0.09674072 0.5449219
vn -0.921875 0.33544922 0.19506836
vn -0.83447266 0.55078125 2.9802322E-07
vn -0.73291016 0.6557617 -0.18164062
vn -0.91796875 0.12780762 0.37548828
vn -0.9394531 0.34204102 2.9802322E-07
vn -0.8173828 0.5444336 -0.18981934
vn -0.68310547 0.6376953 -0.35620117
vn -0.9707031 0.14685059 0.19140625
vn -0.921875 0.33544922 -0.19506836
vn -0.7651367 0.5253906 -0.37231445
vn -0.60253906 0.60791016 -0.51708984
vn -0.98828125 0.15332031 3.5762787E-07
vn -0.86816406 0.31591797 -0.38256836
vn -0.68066406 0.4946289 -0.54052734
vn -0.49365234 0.5683594 -0.6582031
vn -0.9707031 0.14685059 -0.19140625
vn -0.78125 0.28442383 -0.55566406
vn -0.56689453 0.45336914 -0.6879883
vn -0.36108398 0.52001953 -0.7739258
vn -0.91796875 0.12780762 -0.37548828
vn -0.6645508 0.24182129 -0.70703125
vn -0.4284668 0.40283203 -0.80859375
vn -0.2097168 0.4650879 -0.8598633
vn -0.8330078 0.09674072 -0.5449219
vn -0.52197266 0.19006348 -0.83154297
vn -0.2705078 0.34521484 -0.8984375
vn -0.045684814 0.40551758 -0.91308594
vn -0.7182617 0.055023193 -0.69384766
vn -0.35961914 0.13085938 -0.9238281
vn -0.09899902 0.28295898 -0.95410156
vn 0.125 0.34326172 -0.93066406
vn 0.0793457 0.21801758 -0.97265625
vn -5.364418E-07 1.1920929E-07 -1
vn -0.18334961 0.066711426 -0.98095703
vn -0.5786133 0.004173279 -0.81591797
vn -0.24621582 -0.116760254 -0.96240234
vn -0.066345215 -0.18225098 -0.98095703
vn -0.41918945 -0.053833008 -0.90625
vn -0.2998047 -0.29589844 -0.90722656
vn -0.13012695 -0.35766602 -0.9248047
vn -0.1899414 -0.52197266 -0.83154297
vn -0.46264648 -0.23657227 -0.8544922
vn -0.61279297 -0.18188477 -0.76904297
vn -0.7446289 -0.13391113 -0.6538086
vn -0.3425293 -0.46655273 -0.8154297
vn -0.48901367 -0.41308594 -0.7680664
vn -0.38232422 -0.69873047 -0.6044922
vn -0.2692871 -0.7397461 -0.6166992
vn -0.85253906 -0.09460449 -0.5136719
vn -0.62402344 -0.36401367 -0.69140625
vn -0.4909668 -0.6591797 -0.5698242
vn -0.38330078 -0.86572266 -0.32202148
vn -0.32299805 -0.8876953 -0.32836914
vn -0.33325195 -0.91552734 -0.22521973
vn -0.37451172 -0.9003906 -0.22094727
vn -0.4411621 -0.84472656 -0.3034668
vn -0.41430664 -0.88623047 -0.20812988
vn -0.4946289 -0.8251953 -0.27319336
vn -0.45092773 -0.8725586 -0.18725586
vn -0.5913086 -0.6225586 -0.5126953
vn -0.5415039 -0.80810547 -0.2322998
vn -0.48291016 -0.86083984 -0.15930176
vn -0.6791992 -0.5908203 -0.43603516
vn -0.57958984 -0.7939453 -0.18249512
vn -0.50927734 -0.8515625 -0.12512207
vn -0.7426758 -0.32080078 -0.5878906
vn -0.60839844 -0.7836914 -0.12573242
vn -0.5288086 -0.8442383 -0.08618164
vn -0.75097656 -0.5644531 -0.3425293
vn -0.83984375 -0.2854004 -0.46191406
vn -0.62597656 -0.77734375 -0.064086914
vn -0.5410156 -0.83984375 -0.043945312
vn -0.8046875 -0.5449219 -0.23596191
vn -0.93310547 -0.06536865 -0.3540039
vn -0.63183594 -0.7753906 1.7881393E-07
vn -0.5449219 -0.8383789 1.7881393E-07
vn -0.9121094 -0.25927734 -0.31811523
vn -0.9824219 -0.04736328 -0.18041992
vn -0.83740234 -0.5332031 -0.12030029
vn -0.62597656 -0.77734375 0.064086914
vn -0.5410156 -0.83984375 0.043945312
vn -0.99902344 -0.041290283 3.5762787E-07
vn -0.95654297 -0.24304199 -0.16223145
vn -0.8486328 -0.5288086 2.3841858E-07
vn -0.60839844 -0.7836914 0.12573242
vn -0.5288086 -0.8442383 0.08618164
vn -0.9824219 -0.04736328 0.18041992
vn -0.9711914 -0.23754883 2.9802322E-07
vn -0.83740234 -0.5332031 0.12030029
vn -0.57958984 -0.7939453 0.18249512
vn -0.50927734 -0.8515625 0.12512207
vn -0.93310547 -0.06536865 0.3540039
vn -0.95654297 -0.24304199 0.16223145
vn -0.8046875 -0.5449219 0.23596191
vn -0.5415039 -0.80810547 0.2322998
vn -0.48291016 -0.86083984 0.15930176
vn -0.85253906 -0.09460449 0.5136719
vn -0.9121094 -0.25927734 0.31811523
vn -0.75097656 -0.5644531 0.3425293
vn -0.4946289 -0.8251953 0.27319336
vn -0.45092773 -0.8725586 0.18725586
vn -0.7446289 -0.13391113 0.6538086
vn -0.83984375 -0.2854004 0.46191406
vn -0.6791992 -0.5908203 0.43603516
vn -0.4411621 -0.84472656 0.3034668
vn -0.41430664 -0.88623047 0.20812988
vn -0.61279297 -0.18188477 0.76904297
vn -0.7426758 -0.32080078 0.5878906
vn -0.5913086 -0.6225586 0.5126953
vn -0.38330078 -0.86572266 0.32202148
vn -0.37451172 -0.9003906 0.22094727
vn -0.46264648 -0.23657227 0.8544922
vn -0.62402344 -0.36401367 0.69140625
vn -0.4909668 -0.6591797 0.5698242
vn -0.32299805 -0.8876953 0.32836914
vn -0.33325195 -0.91552734 0.22521973
vn -0.2998047 -0.29589844 0.90722656
vn -0.48901367 -0.41308594 0.7680664
vn -0.38232422 -0.69873047 0.6044922
vn -0.26293945 -0.90966797 0.32202148
vn -0.2919922 -0.93066406 0.22094727
vn -0.13012695 -0.35766602 0.9248047
vn -0.3425293 -0.46655273 0.8154297
vn -0.2692871 -0.7397461 0.6166992
vn -0.20495605 -0.93066406 0.3034668
vn -0.25219727 -0.9448242 0.20812988
vn 0.039367676 -0.41918945 0.90722656
vn -0.1899414 -0.52197266 0.83154297
vn -0.15625 -0.7807617 0.6044922
vn -0.15161133 -0.9501953 0.27319336
vn -0.21569824 -0.9584961 0.18725586
vn 0.20239258 -0.47851562 0.8544922
vn -0.03753662 -0.5776367 0.8154297
vn -0.047546387 -0.8203125 0.5698242
vn -0.10479736 -0.9667969 0.2322998
vn -0.18359375 -0.97021484 0.15930176
vn 0.35253906 -0.5332031 0.76904297
vn 0.109069824 -0.6308594 0.7680664
vn 0.052612305 -0.8569336 0.5126953
vn -0.06640625 -0.98095703 0.18249512
vn -0.15722656 -0.9794922 0.12512207
vn 0.484375 -0.5810547 0.6538086
vn 0.24414062 -0.6801758 0.69140625
vn 0.14038086 -0.88916016 0.43603516
vn -0.037902832 -0.99121094 0.12573242
vn -0.13769531 -0.9868164 0.08618164
vn 0.59228516 -0.62060547 0.5136719
vn 0.36254883 -0.72314453 0.5878906
vn 0.21252441 -0.91503906 0.3425293
vn -0.020324707 -0.9975586 0.064086914
vn -0.12561035 -0.99121094 0.043945312
vn 0.67285156 -0.64990234 0.3540039
vn 0.4597168 -0.7583008 0.46191406
vn 0.26611328 -0.9345703 0.23596191
vn -0.0143966675 -1 -3.5762787E-07
vn -0.12158203 -0.9926758 -1.7881393E-07
vn 0.72216797 -0.66796875 0.18041992
vn 0.5317383 -0.78466797 0.31811523
vn 0.29907227 -0.94677734 0.12030029
vn -0.020324707 -0.9975586 -0.064086914
vn -0.12561035 -0.99121094 -0.043945312
vn 0.73876953 -0.6738281 -1.3113022E-06
vn 0.57666016 -0.80078125 0.16223145
vn 0.3100586 -0.9506836 -8.34465E-07
vn -0.037902832 -0.99121094 -0.12573242
vn -0.13769531 -0.9868164 -0.08618164
vn 0.72216797 -0.66796875 -0.18041992
vn 0.5913086 -0.80615234 -1.1920929E-06
vn 0.29907227 -0.94677734 -0.12030029
vn -0.06640625 -0.98095703 -0.18249512
vn -0.15722656 -0.9794922 -0.12512207
vn 0.67285156 -0.64990234 -0.3540039
vn 0.57666016 -0.80078125 -0.16223145
vn 0.26611328 -0.9345703 -0.23596191
vn -0.10479736 -0.9667969 -0.2322998
vn -0.18359375 -0.97021484 -0.15930176
vn 0.59228516 -0.62060547 -0.5136719
vn 0.5317383 -0.78466797 -0.31811523
vn 0.21252441 -0.91503906 -0.3425293
vn -0.15161133 -0.9501953 -0.27319336
vn -0.21569824 -0.9584961 -0.18725586
vn 0.484375 -0.5810547 -0.6538086
vn 0.4597168 -0.7583008 -0.46191406
vn 0.14038086 -0.88916016 -0.43603516
vn -0.20495605 -0.93066406 -0.3034668
vn -0.25219727 -0.9448242 -0.20812988
vn 0.35253906 -0.5332031 -0.76904297
vn 0.36254883 -0.72314453 -0.5878906
vn 0.052612305 -0.8569336 -0.5126953
vn 0.24414062 -0.6801758 -0.69140625
vn -0.047546387 -0.8203125 -0.5698242
vn -0.26293945 -0.90966797 -0.32202148
vn -0.2919922 -0.93066406 -0.22094727
vn -0.33325195 -0.91552734 -0.22521973
vn 0.30395508 0.83496094 -0.45898438
vn 0.3269043 0.8984375 -0.29345703
vn 0.27319336 0.91796875 -0.2878418
vn 0.21972656 0.8652344 -0.4501953
vn 0.22143555 0.93652344 -0.27124023
vn 0.16577148 0.7949219 -0.5834961
vn 0.27490234 0.7553711 -0.59521484
vn 0.060913086 0.8330078 -0.5498047
vn 0.13879395 0.89501953 -0.42407227
vn 0.17370605 0.95410156 -0.24401855
vn -0.0357666 0.86816406 -0.4946289
vn 0.064208984 0.921875 -0.3815918
vn 0.13195801 0.9692383 -0.20751953
vn -0.1204834 0.8989258 -0.4206543
vn -0.0011816025 0.9458008 -0.32470703
vn 0.09765625 0.9819336 -0.16308594
vn -0.19006348 0.9243164 -0.3305664
vn -0.054840088 0.96533203 -0.25512695
vn 0.072143555 0.99121094 -0.11230469
vn -0.24169922 0.9433594 -0.22766113
vn -0.09466553 0.97998047 -0.17565918
vn 0.05645752 0.99658203 -0.057250977
vn -0.2734375 0.9550781 -0.11608887
vn -0.119262695 0.98876953 -0.089538574
vn 0.05114746 0.99853516 -1.1920929E-07
vn -0.2841797 0.9589844 0
vn -0.12756348 0.9916992 -5.9604645E-08
vn 0.05645752 0.99658203 0.057250977
vn -0.2734375 0.9550781 0.11608887
vn -0.119262695 0.98876953 0.089538574
vn 0.072143555 0.99121094 0.11230469
vn -0.24169922 0.9433594 0.22766113
vn -0.09466553 0.97998047 0.17565918
vn 0.09765625 0.9819336 0.16308594
vn -0.19006348 0.9243164 0.3305664
vn -0.054840088 0.96533203 0.25512695
vn 0.13195801 0.9692383 0.20751953
vn -0.1204834 0.8989258 0.4206543
vn -0.0011816025 0.9458008 0.32470703
vn 0.17370605 0.95410156 0.24401855
vn -0.0357666 0.86816406 0.4946289
vn 0.064208984 0.921875 0.3815918
vn 0.22143555 0.93652344 0.27124023
vn 0.060913086 0.8330078 0.5498047
vn 0.13879395 0.89501953 0.42407227
vn 0.27319336 0.91796875 0.2878418
vn 0.16577148 0.7949219 0.5834961
vn 0.21972656 0.8652344 0.4501953
vn 0.3269043 0.8984375 0.29345703
vn 0.27490234 0.7553711 0.59521484
vn 0.30395508 0.83496094 0.45898438
vn 0.38085938 0.87890625 0.2878418
vn 0.3840332 0.71533203 0.5834961
vn 0.38793945 0.8041992 0.4501953
vn 0.4326172 0.8598633 0.27124023
vn 0.48876953 0.6772461 0.5498047
vn 0.46899414 0.77490234 0.42407227
vn 0.4802246 0.84277344 0.24401855
vn 0.5854492 0.64208984 0.4946289
vn 0.54345703 0.7475586 0.3815918
vn 0.52197266 0.82714844 0.20751953
vn 0.67041016 0.6113281 0.4206543
vn 0.6088867 0.7236328 0.32470703
vn 0.55615234 0.8149414 0.16308594
vn 0.7397461 0.5859375 0.3305664
vn 0.66259766 0.70410156 0.25512695
vn 0.58154297 0.80566406 0.11230469
vn 0.7915039 0.5673828 0.22766113
vn 0.7026367 0.6899414 0.17565918
vn 0.59765625 0.7998047 0.057250977
vn 0.8232422 0.55566406 0.11608887
vn 0.7270508 0.68066406 0.089538574
vn 0.60253906 0.79785156 -6.556511E-07
vn 0.8339844 0.5517578 -1.013279E-06
vn 0.73535156 0.6777344 -8.34465E-07
vn 0.59765625 0.7998047 -0.057250977
vn 0.8232422 0.55566406 -0.11608887
vn 0.7270508 0.68066406 -0.089538574
vn 0.58154297 0.80566406 -0.11230469
vn 0.7915039 0.5673828 -0.22766113
vn 0.7026367 0.6899414 -0.17565918
vn 0.55615234 0.8149414 -0.16308594
vn 0.7397461 0.5859375 -0.3305664
vn 0.66259766 0.70410156 -0.25512695
vn 0.52197266 0.82714844 -0.20751953
vn 0.67041016 0.6113281 -0.4206543
vn 0.6088867 0.7236328 -0.32470703
vn 0.4802246 0.84277344 -0.24401855
vn 0.5854492 0.64208984 -0.4946289
vn 0.54345703 0.7475586 -0.3815918
vn 0.4326172 0.8598633 -0.27124023
vn 0.48876953 0.6772461 -0.5498047
vn 0.46899414 0.77490234 -0.42407227
vn 0.38085938 0.87890625 -0.2878418
vn 0.3840332 0.71533203 -0.5834961
vn 0.38793945 0.8041992 -0.4501953
vn 0.3269043 0.8984375 -0.29345703
vn 0.27490234 0.7553711 -0.59521484
vn 0.30395508 0.83496094 -0.45898438
g CakeBall_0
f 3/3/3 2/2/2 1/1/1
f 4/4/4 2/2/2 3/3/3
f 5/5/5 4/4/4 3/3/3
f 6/6/6 4/4/4 5/5/5
f 7/7/7 6/6/6 5/5/5
f 8/8/8 6/6/6 7/7/7
f 9/9/9 8/8/8 7/7/7
f 10/10/10 8/8/8 9/9/9
f 11/11/11 10/10/10 9/9/9
f 12/12/12 10/10/10 11/11/11
f 13/13/13 12/12/12 11/11/11
f 14/14/14 12/12/12 13/13/13
f 15/15/15 14/14/14 13/13/13
f 14/14/14 15/15/15 16/16/16
f 4/4/4 17/17/17 2/2/2
f 6/6/6 18/18/18 4/4/4
f 18/18/18 17/17/17 4/4/4
f 8/8/8 19/19/19 6/6/6
f 19/19/19 18/18/18 6/6/6
f 10/10/10 20/20/20 8/8/8
f 20/20/20 19/19/19 8/8/8
f 12/12/12 21/21/21 10/10/10
f 21/21/21 20/20/20 10/10/10
f 14/14/14 22/22/22 12/12/12
f 22/22/22 21/21/21 12/12/12
f 23/23/23 14/14/14 16/16/16
f 22/22/22 14/14/14 23/23/23
f 24/24/24 23/23/23 16/16/16
f 25/25/25 24/24/24 16/16/16
f 24/24/24 26/26/26 23/23/23
f 26/26/26 27/27/27 23/23/23
f 27/27/27 22/22/22 23/23/23
f 26/26/26 28/28/28 27/27/27
f 22/22/22 29/29/29 21/21/21
f 29/29/29 22/22/22 27/27/27
f 28/28/28 30/30/30 27/27/27
f 30/30/30 29/29/29 27/27/27
f 28/28/28 31/31/31 30/30/30
f 21/21/21 32/32/32 20/20/20
f 29/29/29 32/32/32 21/21/21
f 33/33/33 29/29/29 30/30/30
f 29/29/29 33/33/33 32/32/32
f 31/31/31 34/34/34 30/30/30
f 34/34/34 33/33/33 30/30/30
f 31/31/31 35/35/35 34/34/34
f 32/32/32 36/36/36 20/20/20
f 20/20/20 36/36/36 19/19/19
f 33/33/33 37/37/37 32/32/32
f 32/32/32 37/37/37 36/36/36
f 38/38/38 33/33/33 34/34/34
f 33/33/33 38/38/38 37/37/37
f 35/35/35 39/39/39 34/34/34
f 39/39/39 38/38/38 34/34/34
f 35/35/35 40/40/40 39/39/39
f 36/36/36 41/41/41 19/19/19
f 19/19/19 41/41/41 18/18/18
f 37/37/37 42/42/42 36/36/36
f 36/36/36 42/42/42 41/41/41
f 38/38/38 43/43/43 37/37/37
f 37/37/37 43/43/43 42/42/42
f 44/44/44 38/38/38 39/39/39
f 38/38/38 44/44/44 43/43/43
f 40/40/40 45/45/45 39/39/39
f 45/45/45 44/44/44 39/39/39
f 40/40/40 46/46/46 45/45/45
f 41/41/41 47/47/47 18/18/18
f 18/18/18 47/47/47 17/17/17
f 42/42/42 48/48/48 41/41/41
f 41/41/41 48/48/48 47/47/47
f 43/43/43 49/49/49 42/42/42
f 42/42/42 49/49/49 48/48/48
f 44/44/44 50/50/50 43/43/43
f 43/43/43 50/50/50 49/49/49
f 51/51/51 44/44/44 45/45/45
f 44/44/44 51/51/51 50/50/50
f 46/46/46 52/52/52 45/45/45
f 52/52/52 51/51/51 45/45/45
f 46/46/46 53/53/53 52/52/52
f 53/53/53 54/54/54 52/52/52
f 53/53/53 55/55/55 54/54/54
f 56/56/56 51/51/51 52/52/52
f 54/54/54 56/56/56 52/52/52
f 51/51/51 57/57/57 50/50/50
f 51/51/51 56/56/56 57/57/57
f 50/50/50 58/58/58 49/49/49
f 50/50/50 57/57/57 58/58/58
f 49/49/49 59/59/59 48/48/48
f 49/49/49 58/58/58 59/59/59
f 55/55/55 60/60/60 54/54/54
f 55/55/55 61/61/61 60/60/60
f 62/62/62 56/56/56 54/54/54
f 60/60/60 62/62/62 54/54/54
f 56/56/56 63/63/63 57/57/57
f 56/56/56 62/62/62 63/63/63
f 57/57/57 64/64/64 58/58/58
f 57/57/57 63/63/63 64/64/64
f 61/61/61 65/65/65 60/60/60
f 61/61/61 66/66/66 65/65/65
f 67/67/67 62/62/62 60/60/60
f 65/65/65 67/67/67 60/60/60
f 62/62/62 68/68/68 63/63/63
f 62/62/62 67/67/67 68/68/68
f 66/66/66 69/69/69 65/65/65
f 66/66/66 70/70/70 69/69/69
f 71/71/71 67/67/67 65/65/65
f 69/69/69 71/71/71 65/65/65
f 70/70/70 72/72/72 69/69/69
f 70/70/70 73/73/73 72/72/72
f 58/58/58 64/64/64 74/74/74
f 58/58/58 74/74/74 59/59/59
f 63/63/63 75/75/75 64/64/64
f 63/63/63 68/68/68 75/75/75
f 67/67/67 76/76/76 68/68/68
f 67/67/67 71/71/71 76/76/76
f 77/77/77 71/71/71 69/69/69
f 72/72/72 77/77/77 69/69/69
f 73/73/73 78/78/78 72/72/72
f 73/73/73 79/79/79 78/78/78
f 64/64/64 80/80/80 74/74/74
f 64/64/64 75/75/75 80/80/80
f 68/68/68 81/81/81 75/75/75
f 68/68/68 76/76/76 81/81/81
f 71/71/71 82/82/82 76/76/76
f 71/71/71 77/77/77 82/82/82
f 83/83/83 77/77/77 72/72/72
f 78/78/78 83/83/83 72/72/72
f 79/79/79 84/84/84 78/78/78
f 79/79/79 85/85/85 84/84/84
f 75/75/75 86/86/86 80/80/80
f 75/75/75 81/81/81 86/86/86
f 76/76/76 87/87/87 81/81/81
f 76/76/76 82/82/82 87/87/87
f 77/77/77 88/88/88 82/82/82
f 77/77/77 83/83/83 88/88/88
f 89/89/89 83/83/83 78/78/78
f 84/84/84 89/89/89 78/78/78
f 85/85/85 90/90/90 84/84/84
f 85/85/85 91/91/91 90/90/90
f 81/81/81 92/92/92 86/86/86
f 81/81/81 87/87/87 92/92/92
f 82/82/82 93/93/93 87/87/87
f 82/82/82 88/88/88 93/93/93
f 83/83/83 94/94/94 88/88/88
f 83/83/83 89/89/89 94/94/94
f 95/95/95 89/89/89 84/84/84
f 90/90/90 95/95/95 84/84/84
f 91/91/91 96/96/96 90/90/90
f 91/91/91 97/97/97 96/96/96
f 87/87/87 98/98/98 92/92/92
f 87/87/87 93/93/93 98/98/98
f 88/88/88 99/99/99 93/93/93
f 88/88/88 94/94/94 99/99/99
f 89/89/89 100/100/100 94/94/94
f 89/89/89 95/95/95 100/100/100
f 101/101/101 95/95/95 90/90/90
f 96/96/96 101/101/101 90/90/90
f 97/97/97 102/102/102 96/96/96
f 97/97/97 103/103/103 102/102/102
f 93/93/93 104/104/104 98/98/98
f 93/93/93 99/99/99 104/104/104
f 94/94/94 105/105/105 99/99/99
f 94/94/94 100/100/100 105/105/105
f 95/95/95 106/106/106 100/100/100
f 95/95/95 101/101/101 106/106/106
f 107/107/107 101/101/101 96/96/96
f 102/102/102 107/107/107 96/96/96
f 103/103/103 108/108/108 102/102/102
f 103/103/103 109/109/109 108/108/108
f 99/99/99 110/110/110 104/104/104
f 99/99/99 105/105/105 110/110/110
f 100/100/100 111/111/111 105/105/105
f 100/100/100 106/106/106 111/111/111
f 101/101/101 112/112/112 106/106/106
f 101/101/101 107/107/107 112/112/112
f 113/113/113 107/107/107 102/102/102
f 108/108/108 113/113/113 102/102/102
f 109/109/109 114/114/114 108/108/108
f 109/109/109 115/115/115 114/114/114
f 105/105/105 116/116/116 110/110/110
f 105/105/105 111/111/111 116/116/116
f 106/106/106 117/117/117 111/111/111
f 106/106/106 112/112/112 117/117/117
f 107/107/107 118/118/118 112/112/112
f 107/107/107 113/113/113 118/118/118
f 119/119/119 113/113/113 108/108/108
f 114/114/114 119/119/119 108/108/108
f 115/115/115 120/120/120 114/114/114
f 115/115/115 121/121/121 120/120/120
f 111/111/111 122/122/122 116/116/116
f 111/111/111 117/117/117 122/122/122
f 112/112/112 123/123/123 117/117/117
f 112/112/112 118/118/118 123/123/123
f 113/113/113 124/124/124 118/118/118
f 113/113/113 119/119/119 124/124/124
f 125/125/125 119/119/119 114/114/114
f 120/120/120 125/125/125 114/114/114
f 121/121/121 126/126/126 120/120/120
f 121/121/121 127/127/127 126/126/126
f 117/117/117 128/128/128 122/122/122
f 117/117/117 123/123/123 128/128/128
f 118/118/118 129/129/129 123/123/123
f 118/118/118 124/124/124 129/129/129
f 119/119/119 130/130/130 124/124/124
f 119/119/119 125/125/125 130/130/130
f 131/131/131 125/125/125 120/120/120
f 126/126/126 131/131/131 120/120/120
f 127/127/127 132/132/132 126/126/126
f 127/127/127 133/133/133 132/132/132
f 123/123/123 134/134/134 128/128/128
f 123/123/123 129/129/129 134/134/134
f 124/124/124 135/135/135 129/129/129
f 124/124/124 130/130/130 135/135/135
f 125/125/125 136/136/136 130/130/130
f 125/125/125 131/131/131 136/136/136
f 137/137/137 131/131/131 126/126/126
f 132/132/132 137/137/137 126/126/126
f 133/133/133 138/138/138 132/132/132
f 133/133/133 139/139/139 138/138/138
f 129/129/129 140/140/140 134/134/134
f 129/129/129 135/135/135 140/140/140
f 130/130/130 141/141/141 135/135/135
f 130/130/130 136/136/136 141/141/141
f 131/131/131 142/142/142 136/136/136
f 131/131/131 137/137/137 142/142/142
f 143/143/143 137/137/137 132/132/132
f 138/138/138 143/143/143 132/132/132
f 139/139/139 144/144/144 138/138/138
f 139/139/139 145/145/145 144/144/144
f 135/135/135 146/146/146 140/140/140
f 135/135/135 141/141/141 146/146/146
f 136/136/136 147/147/147 141/141/141
f 136/136/136 142/142/142 147/147/147
f 137/137/137 148/148/148 142/142/142
f 137/137/137 143/143/143 148/148/148
f 149/149/149 143/143/143 138/138/138
f 144/144/144 149/149/149 138/138/138
f 145/145/145 150/150/150 144/144/144
f 145/145/145 151/151/151 150/150/150
f 141/141/141 152/152/152 146/146/146
f 141/141/141 147/147/147 152/152/152
f 142/142/142 153/153/153 147/147/147
f 142/142/142 148/148/148 153/153/153
f 143/143/143 154/154/154 148/148/148
f 143/143/143 149/149/149 154/154/154
f 155/155/155 149/149/149 144/144/144
f 150/150/150 155/155/155 144/144/144
f 151/151/151 156/156/156 150/150/150
f 151/151/151 157/157/157 156/156/156
f 147/147/147 158/158/158 152/152/152
f 147/147/147 153/153/153 158/158/158
f 148/148/148 159/159/159 153/153/153
f 148/148/148 154/154/154 159/159/159
f 149/149/149 160/160/160 154/154/154
f 149/149/149 155/155/155 160/160/160
f 161/161/161 155/155/155 150/150/150
f 156/156/156 161/161/161 150/150/150
f 157/157/157 162/162/162 156/156/156
f 157/157/157 163/163/163 162/162/162
f 153/153/153 164/164/164 158/158/158
f 153/153/153 159/159/159 164/164/164
f 154/154/154 165/165/165 159/159/159
f 154/154/154 160/160/160 165/165/165
f 155/155/155 166/166/166 160/160/160
f 155/155/155 161/161/161 166/166/166
f 167/167/167 161/161/161 156/156/156
f 162/162/162 167/167/167 156/156/156
f 163/163/163 168/168/168 162/162/162
f 163/163/163 169/169/169 168/168/168
f 159/159/159 170/170/170 164/164/164
f 159/159/159 165/165/165 170/170/170
f 160/160/160 171/171/171 165/165/165
f 160/160/160 166/166/166 171/171/171
f 161/161/161 172/172/172 166/166/166
f 161/161/161 167/167/167 172/172/172
f 173/173/173 167/167/167 162/162/162
f 168/168/168 173/173/173 162/162/162
f 169/169/169 174/174/174 168/168/168
f 169/169/169 175/175/175 174/174/174
f 165/165/165 176/176/176 170/170/170
f 165/165/165 171/171/171 176/176/176
f 166/166/166 177/177/177 171/171/171
f 166/166/166 172/172/172 177/177/177
f 167/167/167 178/178/178 172/172/172
f 167/167/167 173/173/173 178/178/178
f 179/179/179 173/173/173 168/168/168
f 174/174/174 179/179/179 168/168/168
f 175/175/175 180/180/180 174/174/174
f 175/175/175 181/181/181 180/180/180
f 171/171/171 182/182/182 176/176/176
f 171/171/171 177/177/177 182/182/182
f 172/172/172 183/183/183 177/177/177
f 172/172/172 178/178/178 183/183/183
f 173/173/173 184/184/184 178/178/178
f 173/173/173 179/179/179 184/184/184
f 185/185/185 179/179/179 174/174/174
f 180/180/180 185/185/185 174/174/174
f 181/181/181 186/186/186 180/180/180
f 181/181/181 187/187/187 186/186/186
f 187/187/187 188/188/188 186/186/186
f 188/188/188 189/189/189 186/186/186
f 186/186/186 190/190/190 180/180/180
f 189/189/189 190/190/190 186/186/186
f 190/190/190 185/185/185 180/180/180
f 179/179/179 185/185/185 191/191/191
f 179/179/179 191/191/191 184/184/184
f 178/178/178 184/184/184 192/192/192
f 178/178/178 192/192/192 183/183/183
f 190/190/190 189/189/189 193/193/193
f 189/189/189 194/194/194 193/193/193
f 185/185/185 190/190/190 195/195/195
f 185/185/185 195/195/195 191/191/191
f 190/190/190 193/193/193 195/195/195
f 184/184/184 191/191/191 196/196/196
f 184/184/184 196/196/196 192/192/192
f 193/193/193 194/194/194 197/197/197
f 194/194/194 198/198/198 197/197/197
f 191/191/191 195/195/195 199/199/199
f 191/191/191 199/199/199 196/196/196
f 195/195/195 193/193/193 200/200/200
f 193/193/193 197/197/197 200/200/200
f 195/195/195 200/200/200 199/199/199
f 197/197/197 198/198/198 201/201/201
f 198/198/198 202/202/202 201/201/201
f 200/200/200 197/197/197 203/203/203
f 197/197/197 201/201/201 203/203/203
f 199/199/199 200/200/200 204/204/204
f 200/200/200 203/203/203 204/204/204
f 196/196/196 199/199/199 205/205/205
f 199/199/199 204/204/204 205/205/205
f 192/192/192 196/196/196 206/206/206
f 196/196/196 205/205/205 206/206/206
f 201/201/201 202/202/202 207/207/207
f 202/202/202 208/208/208 207/207/207
f 203/203/203 201/201/201 209/209/209
f 201/201/201 207/207/207 209/209/209
f 204/204/204 203/203/203 210/210/210
f 203/203/203 209/209/209 210/210/210
f 205/205/205 204/204/204 211/211/211
f 204/204/204 210/210/210 211/211/211
f 207/207/207 208/208/208 212/212/212
f 208/208/208 213/213/213 212/212/212
f 209/209/209 207/207/207 214/214/214
f 207/207/207 212/212/212 214/214/214
f 210/210/210 209/209/209 215/215/215
f 209/209/209 214/214/214 215/215/215
f 212/212/212 213/213/213 216/216/216
f 213/213/213 217/217/217 216/216/216
f 216/216/216 217/217/217 218/218/218
f 212/212/212 216/216/216 219/219/219
f 214/214/214 212/212/212 219/219/219
f 219/219/219 216/216/216 220/220/220
f 214/214/214 219/219/219 221/221/221
f 215/215/215 214/214/214 221/221/221
f 221/221/221 219/219/219 222/222/222
f 210/210/210 215/215/215 223/223/223
f 211/211/211 210/210/210 223/223/223
f 215/215/215 221/221/221 224/224/224
f 223/223/223 215/215/215 224/224/224
f 224/224/224 221/221/221 225/225/225
f 223/223/223 224/224/224 226/226/226
f 226/226/226 224/224/224 227/227/227
f 211/211/211 223/223/223 228/228/228
f 228/228/228 223/223/223 226/226/226
f 229/229/229 211/211/211 228/228/228
f 205/205/205 211/211/211 229/229/229
f 206/206/206 205/205/205 229/229/229
f 228/228/228 226/226/226 230/230/230
f 230/230/230 226/226/226 231/231/231
f 229/229/229 228/228/228 232/232/232
f 232/232/232 228/228/228 230/230/230
f 206/206/206 229/229/229 233/233/233
f 233/233/233 229/229/229 232/232/232
f 232/232/232 230/230/230 234/234/234
f 234/234/234 230/230/230 235/235/235
f 236/236/236 232/232/232 234/234/234
f 233/233/233 232/232/232 236/236/236
f 237/237/237 206/206/206 233/233/233
f 192/192/192 206/206/206 237/237/237
f 183/183/183 192/192/192 237/237/237
f 237/237/237 233/233/233 238/238/238
f 238/238/238 233/233/233 236/236/236
f 183/183/183 237/237/237 239/239/239
f 239/239/239 237/237/237 238/238/238
f 177/177/177 183/183/183 239/239/239
f 177/177/177 239/239/239 182/182/182
f 236/236/236 234/234/234 240/240/240
f 240/240/240 234/234/234 241/241/241
f 238/238/238 236/236/236 242/242/242
f 242/242/242 236/236/236 240/240/240
f 239/239/239 238/238/238 243/243/243
f 182/182/182 239/239/239 243/243/243
f 243/243/243 238/238/238 242/242/242
f 242/242/242 240/240/240 244/244/244
f 244/244/244 240/240/240 245/245/245
f 182/182/182 243/243/243 246/246/246
f 176/176/176 182/182/182 246/246/246
f 243/243/243 242/242/242 247/247/247
f 247/247/247 242/242/242 244/244/244
f 246/246/246 243/243/243 247/247/247
f 176/176/176 246/246/246 248/248/248
f 170/170/170 176/176/176 248/248/248
f 247/247/247 244/244/244 249/249/249
f 249/249/249 244/244/244 250/250/250
f 246/246/246 247/247/247 251/251/251
f 251/251/251 247/247/247 249/249/249
f 248/248/248 246/246/246 251/251/251
f 170/170/170 248/248/248 252/252/252
f 164/164/164 170/170/170 252/252/252
f 251/251/251 249/249/249 253/253/253
f 253/253/253 249/249/249 254/254/254
f 248/248/248 251/251/251 255/255/255
f 255/255/255 251/251/251 253/253/253
f 252/252/252 248/248/248 255/255/255
f 164/164/164 252/252/252 256/256/256
f 158/158/158 164/164/164 256/256/256
f 255/255/255 253/253/253 257/257/257
f 257/257/257 253/253/253 258/258/258
f 252/252/252 255/255/255 259/259/259
f 259/259/259 255/255/255 257/257/257
f 256/256/256 252/252/252 259/259/259
f 158/158/158 256/256/256 260/260/260
f 152/152/152 158/158/158 260/260/260
f 259/259/259 257/257/257 261/261/261
f 261/261/261 257/257/257 262/262/262
f 256/256/256 259/259/259 263/263/263
f 263/263/263 259/259/259 261/261/261
f 260/260/260 256/256/256 263/263/263
f 152/152/152 260/260/260 264/264/264
f 146/146/146 152/152/152 264/264/264
f 263/263/263 261/261/261 265/265/265
f 265/265/265 261/261/261 266/266/266
f 260/260/260 263/263/263 267/267/267
f 267/267/267 263/263/263 265/265/265
f 264/264/264 260/260/260 267/267/267
f 146/146/146 264/264/264 268/268/268
f 140/140/140 146/146/146 268/268/268
f 267/267/267 265/265/265 269/269/269
f 269/269/269 265/265/265 270/270/270
f 264/264/264 267/267/267 271/271/271
f 271/271/271 267/267/267 269/269/269
f 268/268/268 264/264/264 271/271/271
f 140/140/140 268/268/268 272/272/272
f 134/134/134 140/140/140 272/272/272
f 271/271/271 269/269/269 273/273/273
f 273/273/273 269/269/269 274/274/274
f 268/268/268 271/271/271 275/275/275
f 275/275/275 271/271/271 273/273/273
f 272/272/272 268/268/268 275/275/275
f 134/134/134 272/272/272 276/276/276
f 128/128/128 134/134/134 276/276/276
f 275/275/275 273/273/273 277/277/277
f 277/277/277 273/273/273 278/278/278
f 272/272/272 275/275/275 279/279/279
f 279/279/279 275/275/275 277/277/277
f 276/276/276 272/272/272 279/279/279
f 128/128/128 276/276/276 280/280/280
f 122/122/122 128/128/128 280/280/280
f 279/279/279 277/277/277 281/281/281
f 281/281/281 277/277/277 282/282/282
f 276/276/276 279/279/279 283/283/283
f 283/283/283 279/279/279 281/281/281
f 280/280/280 276/276/276 283/283/283
f 122/122/122 280/280/280 284/284/284
f 116/116/116 122/122/122 284/284/284
f 283/283/283 281/281/281 285/285/285
f 285/285/285 281/281/281 286/286/286
f 280/280/280 283/283/283 287/287/287
f 287/287/287 283/283/283 285/285/285
f 284/284/284 280/280/280 287/287/287
f 116/116/116 284/284/284 288/288/288
f 110/110/110 116/116/116 288/288/288
f 287/287/287 285/285/285 289/289/289
f 289/289/289 285/285/285 290/290/290
f 284/284/284 287/287/287 291/291/291
f 291/291/291 287/287/287 289/289/289
f 288/288/288 284/284/284 291/291/291
f 110/110/110 288/288/288 292/292/292
f 104/104/104 110/110/110 292/292/292
f 291/291/291 289/289/289 293/293/293
f 293/293/293 289/289/289 294/294/294
f 288/288/288 291/291/291 295/295/295
f 295/295/295 291/291/291 293/293/293
f 292/292/292 288/288/288 295/295/295
f 104/104/104 292/292/292 296/296/296
f 98/98/98 104/104/104 296/296/296
f 295/295/295 293/293/293 297/297/297
f 297/297/297 293/293/293 298/298/298
f 292/292/292 295/295/295 299/299/299
f 299/299/299 295/295/295 297/297/297
f 296/296/296 292/292/292 299/299/299
f 98/98/98 296/296/296 300/300/300
f 92/92/92 98/98/98 300/300/300
f 299/299/299 297/297/297 301/301/301
f 301/301/301 297/297/297 302/302/302
f 296/296/296 299/299/299 303/303/303
f 303/303/303 299/299/299 301/301/301
f 300/300/300 296/296/296 303/303/303
f 92/92/92 300/300/300 304/304/304
f 86/86/86 92/92/92 304/304/304
f 303/303/303 301/301/301 305/305/305
f 305/305/305 301/301/301 306/306/306
f 300/300/300 303/303/303 307/307/307
f 307/307/307 303/303/303 305/305/305
f 304/304/304 300/300/300 307/307/307
f 86/86/86 304/304/304 308/308/308
f 80/80/80 86/86/86 308/308/308
f 307/307/307 305/305/305 309/309/309
f 309/309/309 305/305/305 310/310/310
f 304/304/304 307/307/307 311/311/311
f 311/311/311 307/307/307 309/309/309
f 308/308/308 304/304/304 311/311/311
f 80/80/80 308/308/308 312/312/312
f 74/74/74 80/80/80 312/312/312
f 311/311/311 309/309/309 313/313/313
f 313/313/313 309/309/309 314/314/314
f 308/308/308 311/311/311 315/315/315
f 315/315/315 311/311/311 313/313/313
f 312/312/312 308/308/308 315/315/315
f 74/74/74 312/312/312 316/316/316
f 59/59/59 74/74/74 316/316/316
f 315/315/315 313/313/313 317/317/317
f 317/317/317 313/313/313 318/318/318
f 312/312/312 315/315/315 319/319/319
f 319/319/319 315/315/315 317/317/317
f 316/316/316 312/312/312 319/319/319
f 59/59/59 316/316/316 320/320/320
f 48/48/48 59/59/59 320/320/320
f 48/48/48 320/320/320 47/47/47
f 319/319/319 317/317/317 321/321/321
f 321/321/321 317/317/317 322/322/322
f 316/316/316 319/319/319 323/323/323
f 320/320/320 316/316/316 323/323/323
f 323/323/323 319/319/319 321/321/321
f 47/47/47 320/320/320 324/324/324
f 320/320/320 323/323/323 324/324/324
f 47/47/47 324/324/324 17/17/17
f 323/323/323 321/321/321 325/325/325
f 324/324/324 323/323/323 325/325/325
f 325/325/325 321/321/321 326/326/326
f 17/17/17 324/324/324 327/327/327
f 324/324/324 325/325/325 327/327/327
f 327/327/327 325/325/325 328/328/328
f 17/17/17 327/327/327 2/2/2
f 2/2/2 327/327/327 329/329/329
f 332/332/332 331/331/331 330/330/330
f 331/331/331 332/332/332 333/333/333
f 332/332/332 334/334/334 333/333/333
f 333/333/333 334/334/334 335/335/335
f 332/332/332 336/336/336 334/334/334
f 336/336/336 332/332/332 337/337/337
f 334/334/334 338/338/338 335/335/335
f 335/335/335 338/338/338 339/339/339
f 336/336/336 340/340/340 334/334/334
f 334/334/334 340/340/340 338/338/338
f 338/338/338 341/341/341 339/339/339
f 339/339/339 341/341/341 342/342/342
f 336/336/336 343/343/343 340/340/340
f 343/343/343 336/336/336 344/344/344
f 340/340/340 345/345/345 338/338/338
f 338/338/338 345/345/345 341/341/341
f 341/341/341 346/346/346 342/342/342
f 342/342/342 346/346/346 347/347/347
f 346/346/346 348/348/348 347/347/347
f 343/343/343 349/349/349 340/340/340
f 340/340/340 349/349/349 345/345/345
f 341/341/341 350/350/350 346/346/346
f 345/345/345 350/350/350 341/341/341
f 346/346/346 351/351/351 348/348/348
f 350/350/350 351/351/351 346/346/346
f 351/351/351 352/352/352 348/348/348
f 345/345/345 353/353/353 350/350/350
f 349/349/349 353/353/353 345/345/345
f 343/343/343 354/354/354 349/349/349
f 354/354/354 343/343/343 355/355/355
f 351/351/351 356/356/356 352/352/352
f 356/356/356 357/357/357 352/352/352
f 350/350/350 358/358/358 351/351/351
f 353/353/353 358/358/358 350/350/350
f 358/358/358 356/356/356 351/351/351
f 349/349/349 359/359/359 353/353/353
f 354/354/354 359/359/359 349/349/349
f 356/356/356 360/360/360 357/357/357
f 360/360/360 361/361/361 357/357/357
f 358/358/358 362/362/362 356/356/356
f 362/362/362 360/360/360 356/356/356
f 353/353/353 363/363/363 358/358/358
f 359/359/359 363/363/363 353/353/353
f 363/363/363 362/362/362 358/358/358
f 354/354/354 364/364/364 359/359/359
f 364/364/364 354/354/354 365/365/365
f 360/360/360 366/366/366 361/361/361
f 366/366/366 367/367/367 361/361/361
f 362/362/362 368/368/368 360/360/360
f 368/368/368 366/366/366 360/360/360
f 363/363/363 369/369/369 362/362/362
f 369/369/369 368/368/368 362/362/362
f 359/359/359 370/370/370 363/363/363
f 364/364/364 370/370/370 359/359/359
f 370/370/370 369/369/369 363/363/363
f 366/366/366 371/371/371 367/367/367
f 371/371/371 372/372/372 367/367/367
f 368/368/368 373/373/373 366/366/366
f 373/373/373 371/371/371 366/366/366
f 364/364/364 374/374/374 370/370/370
f 374/374/374 364/364/364 375/375/375
f 369/369/369 376/376/376 368/368/368
f 376/376/376 373/373/373 368/368/368
f 370/370/370 377/377/377 369/369/369
f 374/374/374 377/377/377 370/370/370
f 377/377/377 376/376/376 369/369/369
f 371/371/371 378/378/378 372/372/372
f 378/378/378 379/379/379 372/372/372
f 373/373/373 380/380/380 371/371/371
f 380/380/380 378/378/378 371/371/371
f 374/374/374 381/381/381 377/377/377
f 381/381/381 374/374/374 382/382/382
f 376/376/376 383/383/383 373/373/373
f 383/383/383 380/380/380 373/373/373
f 377/377/377 384/384/384 376/376/376
f 381/381/381 384/384/384 377/377/377
f 384/384/384 383/383/383 376/376/376
f 378/378/378 385/385/385 379/379/379
f 385/385/385 386/386/386 379/379/379
f 380/380/380 387/387/387 378/378/378
f 387/387/387 385/385/385 378/378/378
f 381/381/381 388/388/388 384/384/384
f 388/388/388 381/381/381 389/389/389
f 383/383/383 390/390/390 380/380/380
f 390/390/390 387/387/387 380/380/380
f 384/384/384 391/391/391 383/383/383
f 388/388/388 391/391/391 384/384/384
f 391/391/391 390/390/390 383/383/383
f 385/385/385 392/392/392 386/386/386
f 392/392/392 393/393/393 386/386/386
f 387/387/387 394/394/394 385/385/385
f 394/394/394 392/392/392 385/385/385
f 388/388/388 395/395/395 391/391/391
f 395/395/395 388/388/388 396/396/396
f 390/390/390 397/397/397 387/387/387
f 397/397/397 394/394/394 387/387/387
f 391/391/391 398/398/398 390/390/390
f 395/395/395 398/398/398 391/391/391
f 398/398/398 397/397/397 390/390/390
f 392/392/392 399/399/399 393/393/393
f 399/399/399 400/400/400 393/393/393
f 394/394/394 401/401/401 392/392/392
f 401/401/401 399/399/399 392/392/392
f 395/395/395 402/402/402 398/398/398
f 402/402/402 395/395/395 403/403/403
f 397/397/397 404/404/404 394/394/394
f 404/404/404 401/401/401 394/394/394
f 398/398/398 405/405/405 397/397/397
f 402/402/402 405/405/405 398/398/398
f 405/405/405 404/404/404 397/397/397
f 399/399/399 406/406/406 400/400/400
f 406/406/406 407/407/407 400/400/400
f 401/401/401 408/408/408 399/399/399
f 408/408/408 406/406/406 399/399/399
f 402/402/402 409/409/409 405/405/405
f 409/409/409 402/402/402 410/410/410
f 404/404/404 411/411/411 401/401/401
f 411/411/411 408/408/408 401/401/401
f 405/405/405 412/412/412 404/404/404
f 409/409/409 412/412/412 405/405/405
f 412/412/412 411/411/411 404/404/404
f 406/406/406 413/413/413 407/407/407
f 413/413/413 414/414/414 407/407/407
f 408/408/408 415/415/415 406/406/406
f 415/415/415 413/413/413 406/406/406
f 409/409/409 416/416/416 412/412/412
f 416/416/416 409/409/409 417/417/417
f 411/411/411 418/418/418 408/408/408
f 418/418/418 415/415/415 408/408/408
f 412/412/412 419/419/419 411/411/411
f 416/416/416 419/419/419 412/412/412
f 419/419/419 418/418/418 411/411/411
f 413/413/413 420/420/420 414/414/414
f 420/420/420 421/421/421 414/414/414
f 415/415/415 422/422/422 413/413/413
f 422/422/422 420/420/420 413/413/413
f 416/416/416 423/423/423 419/419/419
f 423/423/423 416/416/416 424/424/424
f 418/418/418 425/425/425 415/415/415
f 425/425/425 422/422/422 415/415/415
f 419/419/419 426/426/426 418/418/418
f 423/423/423 426/426/426 419/419/419
f 426/426/426 425/425/425 418/418/418
f 420/420/420 427/427/427 421/421/421
f 427/427/427 428/428/428 421/421/421
f 422/422/422 429/429/429 420/420/420
f 429/429/429 427/427/427 420/420/420
f 423/423/423 430/430/430 426/426/426
f 430/430/430 423/423/423 431/431/431
f 425/425/425 432/432/432 422/422/422
f 432/432/432 429/429/429 422/422/422
f 426/426/426 433/433/433 425/425/425
f 430/430/430 433/433/433 426/426/426
f 433/433/433 432/432/432 425/425/425
f 427/427/427 434/434/434 428/428/428
f 434/434/434 435/435/435 428/428/428
f 429/429/429 436/436/436 427/427/427
f 436/436/436 434/434/434 427/427/427
f 430/430/430 437/437/437 433/433/433
f 437/437/437 430/430/430 438/438/438
f 432/432/432 439/439/439 429/429/429
f 439/439/439 436/436/436 429/429/429
f 433/433/433 440/440/440 432/432/432
f 437/437/437 440/440/440 433/433/433
f 440/440/440 439/439/439 432/432/432
f 434/434/434 441/441/441 435/435/435
f 441/441/441 442/442/442 435/435/435
f 436/436/436 443/443/443 434/434/434
f 443/443/443 441/441/441 434/434/434
f 437/437/437 444/444/444 440/440/440
f 444/444/444 437/437/437 445/445/445
f 439/439/439 446/446/446 436/436/436
f 446/446/446 443/443/443 436/436/436
f 440/440/440 447/447/447 439/439/439
f 444/444/444 447/447/447 440/440/440
f 447/447/447 446/446/446 439/439/439
f 441/441/441 448/448/448 442/442/442
f 448/448/448 449/449/449 442/442/442
f 443/443/443 450/450/450 441/441/441
f 450/450/450 448/448/448 441/441/441
f 444/444/444 451/451/451 447/447/447
f 451/451/451 444/444/444 452/452/452
f 446/446/446 453/453/453 443/443/443
f 453/453/453 450/450/450 443/443/443
f 447/447/447 454/454/454 446/446/446
f 451/451/451 454/454/454 447/447/447
f 454/454/454 453/453/453 446/446/446
f 448/448/448 455/455/455 449/449/449
f 455/455/455 456/456/456 449/449/449
f 450/450/450 457/457/457 448/448/448
f 457/457/457 455/455/455 448/448/448
f 451/451/451 458/458/458 454/454/454
f 458/458/458 451/451/451 459/459/459
f 453/453/453 460/460/460 450/450/450
f 460/460/460 457/457/457 450/450/450
f 454/454/454 461/461/461 453/453/453
f 458/458/458 461/461/461 454/454/454
f 461/461/461 460/460/460 453/453/453
f 455/455/455 462/462/462 456/456/456
f 462/462/462 463/463/463 456/456/456
f 457/457/457 464/464/464 455/455/455
f 464/464/464 462/462/462 455/455/455
f 458/458/458 465/465/465 461/461/461
f 465/465/465 458/458/458 466/466/466
f 460/460/460 467/467/467 457/457/457
f 467/467/467 464/464/464 457/457/457
f 461/461/461 468/468/468 460/460/460
f 465/465/465 468/468/468 461/461/461
f 468/468/468 467/467/467 460/460/460
f 462/462/462 469/469/469 463/463/463
f 469/469/469 470/470/470 463/463/463
f 464/464/464 471/471/471 462/462/462
f 471/471/471 469/469/469 462/462/462
f 465/465/465 472/472/472 468/468/468
f 472/472/472 465/465/465 473/473/473
f 467/467/467 474/474/474 464/464/464
f 474/474/474 471/471/471 464/464/464
f 468/468/468 475/475/475 467/467/467
f 472/472/472 475/475/475 468/468/468
f 475/475/475 474/474/474 467/467/467
f 469/469/469 476/476/476 470/470/470
f 476/476/476 477/477/477 470/470/470
f 471/471/471 478/478/478 469/469/469
f 478/478/478 476/476/476 469/469/469
f 472/472/472 479/479/479 475/475/475
f 479/479/479 472/472/472 480/480/480
f 474/474/474 481/481/481 471/471/471
f 481/481/481 478/478/478 471/471/471
f 475/475/475 482/482/482 474/474/474
f 479/479/479 482/482/482 475/475/475
f 482/482/482 481/481/481 474/474/474
f 476/476/476 483/483/483 477/477/477
f 483/483/483 484/484/484 477/477/477
f 478/478/478 485/485/485 476/476/476
f 485/485/485 483/483/483 476/476/476
f 479/479/479 486/486/486 482/482/482
f 486/486/486 479/479/479 487/487/487
f 481/481/481 488/488/488 478/478/478
f 488/488/488 485/485/485 478/478/478
f 482/482/482 489/489/489 481/481/481
f 486/486/486 489/489/489 482/482/482
f 489/489/489 488/488/488 481/481/481
f 483/483/483 490/490/490 484/484/484
f 490/490/490 491/491/491 484/484/484
f 485/485/485 492/492/492 483/483/483
f 492/492/492 490/490/490 483/483/483
f 486/486/486 493/493/493 489/489/489
f 493/493/493 486/486/486 494/494/494
f 488/488/488 495/495/495 485/485/485
f 495/495/495 492/492/492 485/485/485
f 489/489/489 496/496/496 488/488/488
f 493/493/493 496/496/496 489/489/489
f 496/496/496 495/495/495 488/488/488
f 490/490/490 497/497/497 491/491/491
f 497/497/497 498/498/498 491/491/491
f 492/492/492 499/499/499 490/490/490
f 499/499/499 497/497/497 490/490/490
f 493/493/493 500/500/500 496/496/496
f 500/500/500 493/493/493 501/501/501
f 495/495/495 502/502/502 492/492/492
f 502/502/502 499/499/499 492/492/492
f 496/496/496 503/503/503 495/495/495
f 500/500/500 503/503/503 496/496/496
f 503/503/503 502/502/502 495/495/495
f 497/497/497 504/504/504 498/498/498
f 504/504/504 505/505/505 498/498/498
f 499/499/499 506/506/506 497/497/497
f 506/506/506 504/504/504 497/497/497
f 500/500/500 507/507/507 503/503/503
f 507/507/507 500/500/500 508/508/508
f 502/502/502 509/509/509 499/499/499
f 509/509/509 506/506/506 499/499/499
f 503/503/503 510/510/510 502/502/502
f 507/507/507 510/510/510 503/503/503
f 510/510/510 509/509/509 502/502/502
f 504/504/504 511/511/511 505/505/505
f 511/511/511 512/512/512 505/505/505
f 506/506/506 513/513/513 504/504/504
f 513/513/513 511/511/511 504/504/504
f 507/507/507 514/514/514 510/510/510
f 514/514/514 507/507/507 515/515/515
f 509/509/509 516/516/516 506/506/506
f 516/516/516 513/513/513 506/506/506
f 510/510/510 517/517/517 509/509/509
f 514/514/514 517/517/517 510/510/510
f 517/517/517 516/516/516 509/509/509
f 511/511/511 518/518/518 512/512/512
f 518/518/518 519/519/519 512/512/512
f 513/513/513 520/520/520 511/511/511
f 520/520/520 518/518/518 511/511/511
f 514/514/514 521/521/521 517/517/517
f 521/521/521 514/514/514 522/522/522
f 516/516/516 523/523/523 513/513/513
f 523/523/523 520/520/520 513/513/513
f 517/517/517 524/524/524 516/516/516
f 521/521/521 524/524/524 517/517/517
f 524/524/524 523/523/523 516/516/516
f 518/518/518 525/525/525 519/519/519
f 525/525/525 526/526/526 519/519/519
f 520/520/520 527/527/527 518/518/518
f 527/527/527 525/525/525 518/518/518
f 521/521/521 528/528/528 524/524/524
f 528/528/528 521/521/521 529/529/529
f 523/523/523 530/530/530 520/520/520
f 530/530/530 527/527/527 520/520/520
f 524/524/524 531/531/531 523/523/523
f 528/528/528 531/531/531 524/524/524
f 531/531/531 530/530/530 523/523/523
f 525/525/525 532/532/532 526/526/526
f 532/532/532 533/533/533 526/526/526
f 527/527/527 534/534/534 525/525/525
f 534/534/534 532/532/532 525/525/525
f 528/528/528 535/535/535 531/531/531
f 535/535/535 528/528/528 536/536/536
f 530/530/530 537/537/537 527/527/527
f 537/537/537 534/534/534 527/527/527
f 531/531/531 538/538/538 530/530/530
f 535/535/535 538/538/538 531/531/531
f 538/538/538 537/537/537 530/530/530
f 532/532/532 539/539/539 533/533/533
f 539/539/539 540/540/540 533/533/533
f 534/534/534 541/541/541 532/532/532
f 541/541/541 539/539/539 532/532/532
f 535/535/535 542/542/542 538/538/538
f 542/542/542 535/535/535 543/543/543
f 537/537/537 544/544/544 534/534/534
f 544/544/544 541/541/541 534/534/534
f 538/538/538 545/545/545 537/537/537
f 542/542/542 545/545/545 538/538/538
f 545/545/545 544/544/544 537/537/537
f 539/539/539 546/546/546 540/540/540
f 546/546/546 547/547/547 540/540/540
f 541/541/541 548/548/548 539/539/539
f 548/548/548 546/546/546 539/539/539
f 546/546/546 549/549/549 547/547/547
f 549/549/549 550/550/550 547/547/547
f 551/551/551 549/549/549 546/546/546
f 548/548/548 551/551/551 546/546/546
f 552/552/552 551/551/551 548/548/548
f 553/553/553 548/548/548 541/541/541
f 553/553/553 552/552/552 548/548/548
f 544/544/544 553/553/553 541/541/541
f 554/554/554 552/552/552 553/553/553
f 555/555/555 553/553/553 544/544/544
f 555/555/555 554/554/554 553/553/553
f 545/545/545 555/555/555 544/544/544
f 556/556/556 554/554/554 555/555/555
f 557/557/557 555/555/555 545/545/545
f 557/557/557 556/556/556 555/555/555
f 556/556/556 557/557/557 558/558/558
f 542/542/542 557/557/557 545/545/545
f 557/557/557 542/542/542 559/559/559
f 562/562/562 561/561/561 560/560/560
f 563/563/563 562/562/562 560/560/560
f 562/562/562 563/563/563 564/564/564
f 565/565/565 562/562/562 564/564/564
f 563/563/563 566/566/566 564/564/564
f 566/566/566 567/567/567 564/564/564
f 567/567/567 568/568/568 564/564/564
f 568/568/568 569/569/569 564/564/564
f 568/568/568 567/567/567 570/570/570
f 571/571/571 568/568/568 570/570/570
f 569/569/569 568/568/568 572/572/572
f 568/568/568 573/573/573 572/572/572
f 576/576/576 575/575/575 574/574/574
f 575/575/575 577/577/577 574/574/574
f 577/577/577 578/578/578 574/574/574
f 578/578/578 579/579/579 574/574/574
f 582/582/582 581/581/581 580/580/580
f 583/583/583 582/582/582 580/580/580
f 584/584/584 583/583/583 580/580/580
f 585/585/585 584/584/584 580/580/580
f 588/588/588 587/587/587 586/586/586
f 587/587/587 589/589/589 586/586/586
f 589/589/589 587/587/587 590/590/590
f 587/587/587 591/591/591 590/590/590
f 592/592/592 589/589/589 590/590/590
f 593/593/593 592/592/592 590/590/590
f 592/592/592 593/593/593 594/594/594
f 595/595/595 592/592/592 594/594/594
f 593/593/593 596/596/596 594/594/594
f 596/596/596 597/597/597 594/594/594
f 597/597/597 596/596/596 598/598/598
f 596/596/596 599/599/599 598/598/598
f 599/599/599 600/600/600 598/598/598
f 600/600/600 601/601/601 598/598/598
f 600/600/600 599/599/599 602/602/602
f 603/603/603 600/600/600 602/602/602
f 606/606/606 605/605/605 604/604/604
f 605/605/605 607/607/607 604/604/604
f 607/607/607 605/605/605 608/608/608
f 605/605/605 609/609/609 608/608/608
f 610/610/610 607/607/607 608/608/608
f 611/611/611 610/610/610 608/608/608
f 614/614/614 613/613/613 612/612/612
f 615/615/615 614/614/614 612/612/612
f 616/616/616 615/615/615 612/612/612
f 617/617/617 616/616/616 612/612/612
f 620/620/620 619/619/619 618/618/618
f 621/621/621 620/620/620 618/618/618
f 624/624/624 623/623/623 622/622/622
f 625/625/625 624/624/624 622/622/622
f 626/626/626 625/625/625 622/622/622
f 627/627/627 626/626/626 622/622/622
f 627/627/627 629/629/629 628/628/628
f 629/629/629 630/630/630 628/628/628
f 630/630/630 629/629/629 631/631/631
f 629/629/629 632/632/632 631/631/631
f 635/635/635 634/634/634 633/633/633
f 634/634/634 636/636/636 633/633/633
f 636/636/636 637/637/637 633/633/633
f 637/637/637 638/638/638 633/633/633
f 641/641/641 640/640/640 639/639/639
f 642/642/642 641/641/641 639/639/639
f 641/641/641 642/642/642 643/643/643
f 644/644/644 642/642/642 639/639/639
f 642/642/642 644/644/644 643/643/643
f 645/645/645 641/641/641 643/643/643
f 646/646/646 645/645/645 643/643/643
f 645/645/645 646/646/646 647/647/647
f 648/648/648 644/644/644 639/639/639
f 649/649/649 648/648/648 639/639/639
f 644/644/644 648/648/648 650/650/650
f 648/648/648 649/649/649 650/650/650
f 651/651/651 649/649/649 639/639/639
f 649/649/649 651/651/651 652/652/652
f 646/646/646 653/653/653 647/647/647
f 653/653/653 654/654/654 647/647/647
f 654/654/654 655/655/655 647/647/647
f 655/655/655 654/654/654 656/656/656
f 653/653/653 646/646/646 657/657/657
f 654/654/654 653/653/653 657/657/657
f 658/658/658 649/649/649 652/652/652
f 659/659/659 658/658/658 652/652/652
f 649/649/649 658/658/658 660/660/660
f 658/658/658 659/659/659 660/660/660
f 661/661/661 659/659/659 652/652/652
f 662/662/662 649/649/649 660/660/660
f 663/663/663 662/662/662 660/660/660
f 649/649/649 662/662/662 650/650/650
f 662/662/662 663/663/663 650/650/650
f 659/659/659 661/661/661 664/664/664
f 661/661/661 665/665/665 664/664/664
f 665/665/665 666/666/666 664/664/664
f 667/667/667 659/659/659 664/664/664
f 668/668/668 667/667/667 664/664/664
f 659/659/659 667/667/667 669/669/669
f 667/667/667 668/668/668 669/669/669
f 670/670/670 668/668/668 664/664/664
f 668/668/668 670/670/670 671/671/671
f 659/659/659 672/672/672 660/660/660
f 672/672/672 659/659/659 669/669/669
f 672/672/672 673/673/673 660/660/660
f 673/673/673 672/672/672 669/669/669
f 674/674/674 663/663/663 660/660/660
f 673/673/673 674/674/674 660/660/660
f 663/663/663 674/674/674 675/675/675
f 674/674/674 673/673/673 675/675/675
f 676/676/676 668/668/668 671/671/671
f 668/668/668 676/676/676 677/677/677
f 678/678/678 676/676/676 671/671/671
f 676/676/676 678/678/678 677/677/677
f 668/668/668 679/679/679 669/669/669
f 679/679/679 668/668/668 677/677/677
f 679/679/679 680/680/680 669/669/669
f 680/680/680 679/679/679 677/677/677
f 681/681/681 673/673/673 669/669/669
f 680/680/680 681/681/681 669/669/669
f 673/673/673 681/681/681 682/682/682
f 681/681/681 680/680/680 682/682/682
f 673/673/673 683/683/683 675/675/675
f 683/683/683 673/673/673 682/682/682
f 683/683/683 684/684/684 675/675/675
f 684/684/684 683/683/683 682/682/682
f 685/685/685 678/678/678 671/671/671
f 686/686/686 685/685/685 671/671/671
f 678/678/678 685/685/685 687/687/687
f 685/685/685 686/686/686 687/687/687
f 688/688/688 686/686/686 671/671/671
f 686/686/686 688/688/688 689/689/689
f 690/690/690 686/686/686 689/689/689
f 686/686/686 690/690/690 691/691/691
f 692/692/692 686/686/686 691/691/691
f 686/686/686 692/692/692 687/687/687
f 692/692/692 693/693/693 687/687/687
f 693/693/693 694/694/694 687/687/687
f 694/694/694 693/693/693 695/695/695
f 694/694/694 696/696/696 687/687/687
f 696/696/696 694/694/694 695/695/695
f 693/693/693 697/697/697 695/695/695
f 697/697/697 698/698/698 695/695/695
f 698/698/698 697/697/697 699/699/699
f 700/700/700 698/698/698 699/699/699
f 698/698/698 700/700/700 701/701/701
f 696/696/696 702/702/702 687/687/687
f 702/702/702 696/696/696 703/703/703
f 702/702/702 678/678/678 687/687/687
f 678/678/678 702/702/702 703/703/703
f 704/704/704 678/678/678 703/703/703
f 705/705/705 704/704/704 703/703/703
f 678/678/678 704/704/704 677/677/677
f 704/704/704 705/705/705 677/677/677
f 705/705/705 706/706/706 677/677/677
f 706/706/706 705/705/705 707/707/707
f 706/706/706 680/680/680 677/677/677
f 680/680/680 706/706/706 707/707/707
f 708/708/708 680/680/680 707/707/707
f 709/709/709 708/708/708 707/707/707
f 680/680/680 708/708/708 682/682/682
f 708/708/708 709/709/709 682/682/682
f 709/709/709 710/710/710 682/682/682
f 710/710/710 709/709/709 711/711/711
f 710/710/710 684/684/684 682/682/682
f 684/684/684 710/710/710 711/711/711
f 712/712/712 705/705/705 703/703/703
f 713/713/713 712/712/712 703/703/703
f 705/705/705 712/712/712 714/714/714
f 712/712/712 713/713/713 714/714/714
f 705/705/705 715/715/715 707/707/707
f 715/715/715 705/705/705 714/714/714
f 715/715/715 716/716/716 707/707/707
f 716/716/716 715/715/715 714/714/714
f 717/717/717 709/709/709 707/707/707
f 716/716/716 717/717/717 707/707/707
f 709/709/709 717/717/717 718/718/718
f 717/717/717 716/716/716 718/718/718
f 709/709/709 719/719/719 711/711/711
f 719/719/719 709/709/709 718/718/718
f 719/719/719 720/720/720 711/711/711
f 720/720/720 719/719/719 718/718/718
f 721/721/721 713/713/713 703/703/703
f 713/713/713 721/721/721 722/722/722
f 696/696/696 721/721/721 703/703/703
f 721/721/721 696/696/696 722/722/722
f 696/696/696 723/723/723 722/722/722
f 723/723/723 724/724/724 722/722/722
f 723/723/723 696/696/696 695/695/695
f 724/724/724 723/723/723 695/695/695
f 725/725/725 724/724/724 695/695/695
f 724/724/724 725/725/725 726/726/726
f 698/698/698 725/725/725 695/695/695
f 725/725/725 698/698/698 726/726/726
f 698/698/698 727/727/727 726/726/726
f 727/727/727 728/728/728 726/726/726
f 727/727/727 698/698/698 701/701/701
f 728/728/728 727/727/727 701/701/701
f 729/729/729 728/728/728 701/701/701
f 728/728/728 729/729/729 730/730/730
f 731/731/731 728/728/728 730/730/730
f 732/732/732 731/731/731 730/730/730
f 728/728/728 731/731/731 733/733/733
f 731/731/731 732/732/732 733/733/733
f 734/734/734 732/732/732 730/730/730
f 732/732/732 734/734/734 735/735/735
f 736/736/736 732/732/732 735/735/735
f 732/732/732 736/736/736 737/737/737
f 738/738/738 732/732/732 737/737/737
f 732/732/732 738/738/738 733/733/733
f 739/739/739 738/738/738 737/737/737
f 738/738/738 739/739/739 733/733/733
f 740/740/740 739/739/739 737/737/737
f 739/739/739 740/740/740 741/741/741
f 742/742/742 728/728/728 733/733/733
f 743/743/743 742/742/742 733/733/733
f 728/728/728 742/742/742 726/726/726
f 742/742/742 743/743/743 726/726/726
f 739/739/739 744/744/744 733/733/733
f 744/744/744 743/743/743 733/733/733
f 744/744/744 739/739/739 745/745/745
f 743/743/743 744/744/744 745/745/745
f 746/746/746 739/739/739 741/741/741
f 739/739/739 746/746/746 745/745/745
f 747/747/747 746/746/746 741/741/741
f 746/746/746 747/747/747 745/745/745
f 748/748/748 747/747/747 741/741/741
f 747/747/747 748/748/748 749/749/749
f 743/743/743 750/750/750 726/726/726
f 750/750/750 743/743/743 751/751/751
f 750/750/750 724/724/724 726/726/726
f 724/724/724 750/750/750 751/751/751
f 752/752/752 743/743/743 745/745/745
f 743/743/743 752/752/752 751/751/751
f 753/753/753 752/752/752 745/745/745
f 752/752/752 753/753/753 751/751/751
f 747/747/747 754/754/754 745/745/745
f 754/754/754 753/753/753 745/745/745
f 754/754/754 747/747/747 755/755/755
f 753/753/753 754/754/754 755/755/755
f 756/756/756 747/747/747 749/749/749
f 747/747/747 756/756/756 755/755/755
f 757/757/757 756/756/756 749/749/749
f 756/756/756 757/757/757 755/755/755
f 758/758/758 757/757/757 749/749/749
f 757/757/757 758/758/758 759/759/759
f 760/760/760 724/724/724 751/751/751
f 761/761/761 760/760/760 751/751/751
f 724/724/724 760/760/760 722/722/722
f 760/760/760 761/761/761 722/722/722
f 753/753/753 762/762/762 751/751/751
f 762/762/762 761/761/761 751/751/751
f 762/762/762 753/753/753 763/763/763
f 761/761/761 762/762/762 763/763/763
f 764/764/764 753/753/753 755/755/755
f 753/753/753 764/764/764 763/763/763
f 765/765/765 764/764/764 755/755/755
f 764/764/764 765/765/765 763/763/763
f 757/757/757 766/766/766 755/755/755
f 766/766/766 765/765/765 755/755/755
f 766/766/766 757/757/757 767/767/767
f 765/765/765 766/766/766 767/767/767
f 768/768/768 757/757/757 759/759/759
f 757/757/757 768/768/768 767/767/767
f 769/769/769 768/768/768 759/759/759
f 768/768/768 769/769/769 767/767/767
f 770/770/770 769/769/769 759/759/759
f 769/769/769 770/770/770 771/771/771
f 772/772/772 769/769/769 771/771/771
f 773/773/773 772/772/772 771/771/771
f 769/769/769 772/772/772 774/774/774
f 772/772/772 773/773/773 774/774/774
f 775/775/775 773/773/773 771/771/771
f 773/773/773 775/775/775 776/776/776
f 769/769/769 777/777/777 767/767/767
f 777/777/777 769/769/769 774/774/774
f 777/777/777 778/778/778 767/767/767
f 778/778/778 777/777/777 774/774/774
f 779/779/779 765/765/765 767/767/767
f 778/778/778 779/779/779 767/767/767
f 765/765/765 779/779/779 780/780/780
f 779/779/779 778/778/778 780/780/780
f 781/781/781 765/765/765 780/780/780
f 782/782/782 781/781/781 780/780/780
f 765/765/765 781/781/781 763/763/763
f 781/781/781 782/782/782 763/763/763
f 782/782/782 783/783/783 763/763/763
f 783/783/783 782/782/782 784/784/784
f 783/783/783 761/761/761 763/763/763
f 761/761/761 783/783/783 784/784/784
f 785/785/785 761/761/761 784/784/784
f 761/761/761 785/785/785 722/722/722
f 785/785/785 713/713/713 722/722/722
f 713/713/713 785/785/785 784/784/784
f 786/786/786 713/713/713 784/784/784
f 787/787/787 786/786/786 784/784/784
f 713/713/713 786/786/786 714/714/714
f 786/786/786 787/787/787 714/714/714
f 782/782/782 788/788/788 784/784/784
f 788/788/788 787/787/787 784/784/784
f 788/788/788 782/782/782 789/789/789
f 787/787/787 788/788/788 789/789/789
f 790/790/790 782/782/782 780/780/780
f 782/782/782 790/790/790 789/789/789
f 791/791/791 790/790/790 780/780/780
f 790/790/790 791/791/791 789/789/789
f 787/787/787 792/792/792 714/714/714
f 792/792/792 787/787/787 793/793/793
f 792/792/792 716/716/716 714/714/714
f 716/716/716 792/792/792 793/793/793
f 794/794/794 791/791/791 780/780/780
f 791/791/791 794/794/794 795/795/795
f 778/778/778 794/794/794 780/780/780
f 794/794/794 778/778/778 795/795/795
f 796/796/796 787/787/787 789/789/789
f 787/787/787 796/796/796 793/793/793
f 797/797/797 796/796/796 789/789/789
f 796/796/796 797/797/797 793/793/793
f 798/798/798 716/716/716 793/793/793
f 799/799/799 798/798/798 793/793/793
f 716/716/716 798/798/798 718/718/718
f 798/798/798 799/799/799 718/718/718
f 791/791/791 800/800/800 789/789/789
f 800/800/800 797/797/797 789/789/789
f 800/800/800 791/791/791 801/801/801
f 797/797/797 800/800/800 801/801/801
f 802/802/802 791/791/791 795/795/795
f 791/791/791 802/802/802 801/801/801
f 803/803/803 802/802/802 795/795/795
f 802/802/802 803/803/803 801/801/801
f 804/804/804 799/799/799 793/793/793
f 797/797/797 804/804/804 793/793/793
f 804/804/804 797/797/797 805/805/805
f 799/799/799 804/804/804 805/805/805
f 799/799/799 806/806/806 718/718/718
f 806/806/806 799/799/799 807/807/807
f 806/806/806 720/720/720 718/718/718
f 720/720/720 806/806/806 807/807/807
f 808/808/808 797/797/797 801/801/801
f 797/797/797 808/808/808 805/805/805
f 809/809/809 808/808/808 801/801/801
f 808/808/808 809/809/809 805/805/805
f 810/810/810 809/809/809 801/801/801
f 803/803/803 810/810/810 801/801/801
f 809/809/809 811/811/811 805/805/805
f 811/811/811 812/812/812 805/805/805
f 810/810/810 803/803/803 813/813/813
f 812/812/812 811/811/811 814/814/814
f 815/815/815 799/799/799 805/805/805
f 799/799/799 815/815/815 807/807/807
f 812/812/812 815/815/815 805/805/805
f 815/815/815 812/812/812 807/807/807
f 803/803/803 816/816/816 813/813/813
f 816/816/816 817/817/817 813/813/813
f 817/817/817 818/818/818 813/813/813
f 818/818/818 817/817/817 819/819/819
f 816/816/816 803/803/803 820/820/820
f 817/817/817 816/816/816 820/820/820
f 803/803/803 821/821/821 820/820/820
f 821/821/821 822/822/822 820/820/820
f 821/821/821 803/803/803 795/795/795
f 822/822/822 821/821/821 795/795/795
f 823/823/823 817/817/817 820/820/820
f 822/822/822 823/823/823 820/820/820
f 817/817/817 823/823/823 824/824/824
f 823/823/823 822/822/822 824/824/824
f 817/817/817 825/825/825 819/819/819
f 825/825/825 817/817/817 824/824/824
f 825/825/825 826/826/826 819/819/819
f 826/826/826 825/825/825 824/824/824
f 826/826/826 827/827/827 819/819/819
f 828/828/828 822/822/822 795/795/795
f 778/778/778 828/828/828 795/795/795
f 828/828/828 778/778/778 774/774/774
f 822/822/822 828/828/828 774/774/774
f 829/829/829 822/822/822 774/774/774
f 822/822/822 829/829/829 824/824/824
f 773/773/773 829/829/829 774/774/774
f 829/829/829 773/773/773 824/824/824
f 773/773/773 830/830/830 824/824/824
f 830/830/830 826/826/826 824/824/824
f 830/830/830 773/773/773 776/776/776
f 826/826/826 830/830/830 776/776/776
f 831/831/831 826/826/826 776/776/776
f 826/826/826 831/831/831 832/832/832
f 827/827/827 826/826/826 832/832/832
f 833/833/833 827/827/827 832/832/832
f 834/834/834 833/833/833 832/832/832
f 837/837/837 836/836/836 835/835/835
f 838/838/838 837/837/837 835/835/835
f 839/839/839 838/838/838 835/835/835
f 840/840/840 839/839/839 835/835/835
f 839/839/839 840/840/840 841/841/841
f 837/837/837 838/838/838 842/842/842
f 838/838/838 839/839/839 842/842/842
f 843/843/843 837/837/837 842/842/842
f 844/844/844 843/843/843 842/842/842
f 843/843/843 844/844/844 845/845/845
f 844/844/844 846/846/846 845/845/845
f 846/846/846 844/844/844 847/847/847
f 839/839/839 848/848/848 842/842/842
f 848/848/848 844/844/844 842/842/842
f 848/848/848 839/839/839 849/849/849
f 844/844/844 848/848/848 849/849/849
f 844/844/844 850/850/850 847/847/847
f 850/850/850 844/844/844 849/849/849
f 850/850/850 851/851/851 847/847/847
f 851/851/851 850/850/850 849/849/849
f 851/851/851 852/852/852 847/847/847
f 853/853/853 839/839/839 841/841/841
f 839/839/839 853/853/853 849/849/849
f 853/853/853 854/854/854 849/849/849
f 854/854/854 853/853/853 841/841/841
f 855/855/855 851/851/851 849/849/849
f 854/854/854 855/855/855 849/849/849
f 851/851/851 855/855/855 856/856/856
f 855/855/855 854/854/854 856/856/856
f 857/857/857 851/851/851 856/856/856
f 858/858/858 857/857/857 856/856/856
f 857/857/857 858/858/858 859/859/859
f 858/858/858 860/860/860 859/859/859
f 860/860/860 858/858/858 861/861/861
f 858/858/858 862/862/862 861/861/861
f 862/862/862 858/858/858 863/863/863
f 864/864/864 858/858/858 856/856/856
f 854/854/854 864/864/864 856/856/856
f 858/858/858 864/864/864 863/863/863
f 864/864/864 854/854/854 863/863/863
f 854/854/854 865/865/865 863/863/863
f 865/865/865 854/854/854 841/841/841
f 865/865/865 866/866/866 863/863/863
f 866/866/866 865/865/865 841/841/841
f 866/866/866 867/867/867 863/863/863
f 867/867/867 866/866/866 868/868/868
f 869/869/869 866/866/866 841/841/841
f 870/870/870 869/869/869 841/841/841
f 871/871/871 870/870/870 841/841/841
f 866/866/866 869/869/869 872/872/872
f 869/869/869 870/870/870 872/872/872
f 866/866/866 873/873/873 868/868/868
f 873/873/873 866/866/866 872/872/872
f 873/873/873 874/874/874 868/868/868
f 874/874/874 873/873/873 872/872/872
f 874/874/874 875/875/875 868/868/868
f 876/876/876 874/874/874 872/872/872
f 870/870/870 877/877/877 872/872/872
f 877/877/877 870/870/870 878/878/878
f 870/870/870 879/879/879 878/878/878
f 882/882/882 881/881/881 880/880/880
f 883/883/883 882/882/882 880/880/880
f 884/884/884 883/883/883 880/880/880
f 882/882/882 883/883/883 885/885/885
f 883/883/883 884/884/884 885/885/885
f 886/886/886 884/884/884 880/880/880
f 884/884/884 886/886/886 887/887/887
f 886/886/886 888/888/888 887/887/887
f 889/889/889 882/882/882 885/885/885
f 890/890/890 889/889/889 885/885/885
f 882/882/882 889/889/889 891/891/891
f 889/889/889 890/890/890 891/891/891
f 892/892/892 882/882/882 891/891/891
f 888/888/888 893/893/893 887/887/887
f 893/893/893 888/888/888 894/894/894
f 893/893/893 895/895/895 887/887/887
f 895/895/895 893/893/893 894/894/894
f 888/888/888 896/896/896 894/894/894
f 896/896/896 897/897/897 894/894/894
f 897/897/897 896/896/896 898/898/898
f 899/899/899 897/897/897 898/898/898
f 897/897/897 899/899/899 900/900/900
f 890/890/890 901/901/901 891/891/891
f 901/901/901 902/902/902 891/891/891
f 901/901/901 890/890/890 903/903/903
f 902/902/902 901/901/901 903/903/903
f 902/902/902 904/904/904 891/891/891
f 904/904/904 905/905/905 891/891/891
f 904/904/904 902/902/902 906/906/906
f 907/907/907 897/897/897 900/900/900
f 908/908/908 907/907/907 900/900/900
f 897/897/897 907/907/907 909/909/909
f 907/907/907 908/908/908 909/909/909
f 910/910/910 908/908/908 900/900/900
f 908/908/908 910/910/910 911/911/911
f 912/912/912 897/897/897 909/909/909
f 913/913/913 912/912/912 909/909/909
f 897/897/897 912/912/912 894/894/894
f 912/912/912 913/913/913 894/894/894
f 913/913/913 914/914/914 894/894/894
f 914/914/914 913/913/913 915/915/915
f 914/914/914 895/895/895 894/894/894
f 895/895/895 914/914/914 915/915/915
f 902/902/902 916/916/916 906/906/906
f 916/916/916 917/917/917 906/906/906
f 917/917/917 918/918/918 906/906/906
f 918/918/918 917/917/917 919/919/919
f 920/920/920 918/918/918 919/919/919
f 916/916/916 902/902/902 921/921/921
f 917/917/917 916/916/916 921/921/921
f 902/902/902 922/922/922 921/921/921
f 922/922/922 923/923/923 921/921/921
f 922/922/922 902/902/902 903/903/903
f 923/923/923 922/922/922 903/903/903
f 924/924/924 917/917/917 921/921/921
f 923/923/923 924/924/924 921/921/921
f 917/917/917 924/924/924 925/925/925
f 924/924/924 923/923/923 925/925/925
f 917/917/917 926/926/926 919/919/919
f 926/926/926 917/917/917 925/925/925
f 926/926/926 927/927/927 919/919/919
f 927/927/927 926/926/926 925/925/925
f 928/928/928 920/920/920 919/919/919
f 929/929/929 928/928/928 919/919/919
f 920/920/920 928/928/928 930/930/930
f 928/928/928 929/929/929 930/930/930
f 927/927/927 931/931/931 919/919/919
f 931/931/931 929/929/929 919/919/919
f 931/931/931 927/927/927 932/932/932
f 929/929/929 931/931/931 932/932/932
f 933/933/933 920/920/920 930/930/930
f 934/934/934 933/933/933 930/930/930
f 920/920/920 933/933/933 935/935/935
f 933/933/933 934/934/934 935/935/935
f 936/936/936 920/920/920 935/935/935
f 905/905/905 936/936/936 935/935/935
f 934/934/934 937/937/937 935/935/935
f 937/937/937 905/905/905 935/935/935
f 905/905/905 937/937/937 938/938/938
f 937/937/937 934/934/934 938/938/938
f 939/939/939 905/905/905 938/938/938
f 940/940/940 939/939/939 938/938/938
f 905/905/905 939/939/939 891/891/891
f 939/939/939 940/940/940 891/891/891
f 927/927/927 941/941/941 932/932/932
f 941/941/941 927/927/927 942/942/942
f 941/941/941 943/943/943 932/932/932
f 943/943/943 941/941/941 942/942/942
f 927/927/927 944/944/944 942/942/942
f 944/944/944 945/945/945 942/942/942
f 944/944/944 927/927/927 925/925/925
f 945/945/945 944/944/944 925/925/925
f 946/946/946 945/945/945 925/925/925
f 945/945/945 946/946/946 947/947/947
f 923/923/923 946/946/946 925/925/925
f 946/946/946 923/923/923 947/947/947
f 923/923/923 948/948/948 947/947/947
f 948/948/948 949/949/949 947/947/947
f 948/948/948 923/923/923 903/903/903
f 949/949/949 948/948/948 903/903/903
f 950/950/950 949/949/949 903/903/903
f 890/890/890 950/950/950 903/903/903
f 950/950/950 890/890/890 951/951/951
f 949/949/949 950/950/950 951/951/951
f 890/890/890 952/952/952 951/951/951
f 952/952/952 953/953/953 951/951/951
f 952/952/952 890/890/890 885/885/885
f 953/953/953 952/952/952 885/885/885
f 954/954/954 949/949/949 951/951/951
f 953/953/953 954/954/954 951/951/951
f 949/949/949 954/954/954 955/955/955
f 954/954/954 953/953/953 955/955/955
f 949/949/949 956/956/956 947/947/947
f 956/956/956 949/949/949 955/955/955
f 956/956/956 957/957/957 947/947/947
f 957/957/957 956/956/956 955/955/955
f 958/958/958 953/953/953 885/885/885
f 953/953/953 958/958/958 959/959/959
f 884/884/884 958/958/958 885/885/885
f 958/958/958 884/884/884 959/959/959
f 957/957/957 960/960/960 947/947/947
f 960/960/960 957/957/957 961/961/961
f 960/960/960 945/945/945 947/947/947
f 945/945/945 960/960/960 961/961/961
f 953/953/953 962/962/962 955/955/955
f 962/962/962 953/953/953 959/959/959
f 962/962/962 963/963/963 955/955/955
f 963/963/963 962/962/962 959/959/959
f 884/884/884 964/964/964 959/959/959
f 964/964/964 965/965/965 959/959/959
f 964/964/964 884/884/884 887/887/887
f 965/965/965 964/964/964 887/887/887
f 966/966/966 957/957/957 955/955/955
f 963/963/963 966/966/966 955/955/955
f 957/957/957 966/966/966 967/967/967
f 966/966/966 963/963/963 967/967/967
f 957/957/957 968/968/968 961/961/961
f 968/968/968 957/957/957 967/967/967
f 968/968/968 969/969/969 961/961/961
f 969/969/969 968/968/968 967/967/967
f 970/970/970 945/945/945 961/961/961
f 971/971/971 970/970/970 961/961/961
f 945/945/945 970/970/970 942/942/942
f 970/970/970 971/971/971 942/942/942
f 972/972/972 965/965/965 887/887/887
f 965/965/965 972/972/972 973/973/973
f 895/895/895 972/972/972 887/887/887
f 972/972/972 895/895/895 973/973/973
f 969/969/969 974/974/974 961/961/961
f 974/974/974 971/971/971 961/961/961
f 974/974/974 969/969/969 975/975/975
f 971/971/971 974/974/974 975/975/975
f 971/971/971 976/976/976 942/942/942
f 976/976/976 971/971/971 977/977/977
f 976/976/976 943/943/943 942/942/942
f 943/943/943 976/976/976 977/977/977
f 895/895/895 978/978/978 973/973/973
f 978/978/978 979/979/979 973/973/973
f 978/978/978 895/895/895 915/915/915
f 979/979/979 978/978/978 915/915/915
f 980/980/980 971/971/971 975/975/975
f 971/971/971 980/980/980 977/977/977
f 981/981/981 980/980/980 975/975/975
f 980/980/980 981/981/981 977/977/977
f 969/969/969 982/982/982 975/975/975
f 982/982/982 983/983/983 975/975/975
f 982/982/982 969/969/969 984/984/984
f 983/983/983 982/982/982 984/984/984
f 985/985/985 981/981/981 975/975/975
f 983/983/983 985/985/985 975/975/975
f 981/981/981 985/985/985 986/986/986
f 985/985/985 983/983/983 986/986/986
f 969/969/969 987/987/987 984/984/984
f 987/987/987 988/988/988 984/984/984
f 987/987/987 969/969/969 967/967/967
f 988/988/988 987/987/987 967/967/967
f 989/989/989 988/988/988 967/967/967
f 988/988/988 989/989/989 990/990/990
f 963/963/963 989/989/989 967/967/967
f 989/989/989 963/963/963 990/990/990
f 963/963/963 991/991/991 990/990/990
f 991/991/991 963/963/963 959/959/959
f 965/965/965 991/991/991 959/959/959
f 991/991/991 965/965/965 990/990/990
f 965/965/965 992/992/992 990/990/990
f 992/992/992 993/993/993 990/990/990
f 992/992/992 965/965/965 973/973/973
f 993/993/993 992/992/992 973/973/973
f 994/994/994 988/988/988 990/990/990
f 993/993/993 994/994/994 990/990/990
f 988/988/988 994/994/994 995/995/995
f 994/994/994 993/993/993 995/995/995
f 988/988/988 996/996/996 984/984/984
f 996/996/996 988/988/988 995/995/995
f 996/996/996 997/997/997 984/984/984
f 997/997/997 996/996/996 995/995/995
f 998/998/998 993/993/993 973/973/973
f 993/993/993 998/998/998 999/999/999
f 979/979/979 998/998/998 973/973/973
f 998/998/998 979/979/979 999/999/999
f 997/997/997 1000/1000/1000 984/984/984
f 1000/1000/1000 997/997/997 1001/1001/1001
f 1000/1000/1000 983/983/983 984/984/984
f 983/983/983 1000/1000/1000 1001/1001/1001
f 993/993/993 1002/1002/1002 995/995/995
f 1002/1002/1002 993/993/993 999/999/999
f 1002/1002/1002 1003/1003/1003 995/995/995
f 1003/1003/1003 1002/1002/1002 999/999/999
f 1004/1004/1004 997/997/997 995/995/995
f 1003/1003/1003 1004/1004/1004 995/995/995
f 997/997/997 1004/1004/1004 1005/1005/1005
f 1004/1004/1004 1003/1003/1003 1005/1005/1005
f 997/997/997 1006/1006/1006 1001/1001/1001
f 1006/1006/1006 997/997/997 1005/1005/1005
f 1006/1006/1006 1007/1007/1007 1001/1001/1001
f 1007/1007/1007 1006/1006/1006 1005/1005/1005
f 1008/1008/1008 983/983/983 1001/1001/1001
f 1009/1009/1009 1008/1008/1008 1001/1001/1001
f 983/983/983 1008/1008/1008 986/986/986
f 1008/1008/1008 1009/1009/1009 986/986/986
f 1007/1007/1007 1010/1010/1010 1001/1001/1001
f 1010/1010/1010 1009/1009/1009 1001/1001/1001
f 1010/1010/1010 1007/1007/1007 1011/1011/1011
f 1009/1009/1009 1010/1010/1010 1011/1011/1011
f 1012/1012/1012 1003/1003/1003 999/999/999
f 1013/1013/1013 1012/1012/1012 999/999/999
f 1003/1003/1003 1012/1012/1012 1014/1014/1014
f 1012/1012/1012 1013/1013/1013 1014/1014/1014
f 1003/1003/1003 1015/1015/1015 1005/1005/1005
f 1015/1015/1015 1003/1003/1003 1014/1014/1014
f 1015/1015/1015 1016/1016/1016 1005/1005/1005
f 1016/1016/1016 1015/1015/1015 1014/1014/1014
f 1017/1017/1017 1007/1007/1007 1005/1005/1005
f 1016/1016/1016 1017/1017/1017 1005/1005/1005
f 1007/1007/1007 1017/1017/1017 1018/1018/1018
f 1017/1017/1017 1016/1016/1016 1018/1018/1018
f 1007/1007/1007 1019/1019/1019 1011/1011/1011
f 1019/1019/1019 1007/1007/1007 1018/1018/1018
f 1019/1019/1019 1020/1020/1020 1011/1011/1011
f 1020/1020/1020 1019/1019/1019 1018/1018/1018
f 1021/1021/1021 1013/1013/1013 999/999/999
f 1013/1013/1013 1021/1021/1021 1022/1022/1022
f 979/979/979 1021/1021/1021 999/999/999
f 1021/1021/1021 979/979/979 1022/1022/1022
f 979/979/979 1023/1023/1023 1022/1022/1022
f 1023/1023/1023 1024/1024/1024 1022/1022/1022
f 1023/1023/1023 979/979/979 915/915/915
f 1024/1024/1024 1023/1023/1023 915/915/915
f 1025/1025/1025 1024/1024/1024 915/915/915
f 1024/1024/1024 1025/1025/1025 1026/1026/1026
f 913/913/913 1025/1025/1025 915/915/915
f 1025/1025/1025 913/913/913 1026/1026/1026
f 913/913/913 1027/1027/1027 1026/1026/1026
f 1027/1027/1027 1028/1028/1028 1026/1026/1026
f 1027/1027/1027 913/913/913 909/909/909
f 1028/1028/1028 1027/1027/1027 909/909/909
f 1029/1029/1029 1028/1028/1028 909/909/909
f 1028/1028/1028 1029/1029/1029 1030/1030/1030
f 908/908/908 1029/1029/1029 909/909/909
f 1029/1029/1029 908/908/908 1030/1030/1030
f 908/908/908 1031/1031/1031 1030/1030/1030
f 1031/1031/1031 1032/1032/1032 1030/1030/1030
f 1031/1031/1031 908/908/908 911/911/911
f 1032/1032/1032 1031/1031/1031 911/911/911
f 1033/1033/1033 1032/1032/1032 911/911/911
f 1032/1032/1032 1033/1033/1033 1034/1034/1034
f 1035/1035/1035 1032/1032/1032 1034/1034/1034
f 1032/1032/1032 1035/1035/1035 1036/1036/1036
f 1037/1037/1037 1032/1032/1032 1036/1036/1036
f 1032/1032/1032 1037/1037/1037 1030/1030/1030
f 1038/1038/1038 1037/1037/1037 1036/1036/1036
f 1037/1037/1037 1038/1038/1038 1030/1030/1030
f 1039/1039/1039 1038/1038/1038 1036/1036/1036
f 1038/1038/1038 1039/1039/1039 1040/1040/1040
f 1041/1041/1041 1028/1028/1028 1030/1030/1030
f 1038/1038/1038 1041/1041/1041 1030/1030/1030
f 1028/1028/1028 1041/1041/1041 1042/1042/1042
f 1041/1041/1041 1038/1038/1038 1042/1042/1042
f 1043/1043/1043 1038/1038/1038 1040/1040/1040
f 1038/1038/1038 1043/1043/1043 1042/1042/1042
f 1044/1044/1044 1043/1043/1043 1040/1040/1040
f 1043/1043/1043 1044/1044/1044 1042/1042/1042
f 1045/1045/1045 1044/1044/1044 1040/1040/1040
f 1044/1044/1044 1045/1045/1045 1046/1046/1046
f 1047/1047/1047 1028/1028/1028 1042/1042/1042
f 1048/1048/1048 1047/1047/1047 1042/1042/1042
f 1028/1028/1028 1047/1047/1047 1026/1026/1026
f 1047/1047/1047 1048/1048/1048 1026/1026/1026
f 1044/1044/1044 1049/1049/1049 1042/1042/1042
f 1049/1049/1049 1048/1048/1048 1042/1042/1042
f 1049/1049/1049 1044/1044/1044 1050/1050/1050
f 1048/1048/1048 1049/1049/1049 1050/1050/1050
f 1051/1051/1051 1044/1044/1044 1046/1046/1046
f 1044/1044/1044 1051/1051/1051 1050/1050/1050
f 1052/1052/1052 1051/1051/1051 1046/1046/1046
f 1051/1051/1051 1052/1052/1052 1050/1050/1050
f 1053/1053/1053 1052/1052/1052 1046/1046/1046
f 1052/1052/1052 1053/1053/1053 1054/1054/1054
f 1048/1048/1048 1055/1055/1055 1026/1026/1026
f 1055/1055/1055 1048/1048/1048 1056/1056/1056
f 1055/1055/1055 1024/1024/1024 1026/1026/1026
f 1024/1024/1024 1055/1055/1055 1056/1056/1056
f 1057/1057/1057 1048/1048/1048 1050/1050/1050
f 1048/1048/1048 1057/1057/1057 1056/1056/1056
f 1058/1058/1058 1057/1057/1057 1050/1050/1050
f 1057/1057/1057 1058/1058/1058 1056/1056/1056
f 1052/1052/1052 1059/1059/1059 1050/1050/1050
f 1059/1059/1059 1058/1058/1058 1050/1050/1050
f 1059/1059/1059 1052/1052/1052 1060/1060/1060
f 1058/1058/1058 1059/1059/1059 1060/1060/1060
f 1061/1061/1061 1052/1052/1052 1054/1054/1054
f 1052/1052/1052 1061/1061/1061 1060/1060/1060
f 1062/1062/1062 1061/1061/1061 1054/1054/1054
f 1061/1061/1061 1062/1062/1062 1060/1060/1060
f 1063/1063/1063 1062/1062/1062 1054/1054/1054
f 1062/1062/1062 1063/1063/1063 1064/1064/1064
f 1065/1065/1065 1024/1024/1024 1056/1056/1056
f 1066/1066/1066 1065/1065/1065 1056/1056/1056
f 1024/1024/1024 1065/1065/1065 1022/1022/1022
f 1065/1065/1065 1066/1066/1066 1022/1022/1022
f 1058/1058/1058 1067/1067/1067 1056/1056/1056
f 1067/1067/1067 1066/1066/1066 1056/1056/1056
f 1067/1067/1067 1058/1058/1058 1068/1068/1068
f 1066/1066/1066 1067/1067/1067 1068/1068/1068
f 1069/1069/1069 1058/1058/1058 1060/1060/1060
f 1058/1058/1058 1069/1069/1069 1068/1068/1068
f 1070/1070/1070 1069/1069/1069 1060/1060/1060
f 1069/1069/1069 1070/1070/1070 1068/1068/1068
f 1062/1062/1062 1071/1071/1071 1060/1060/1060
f 1071/1071/1071 1070/1070/1070 1060/1060/1060
f 1071/1071/1071 1062/1062/1062 1072/1072/1072
f 1070/1070/1070 1071/1071/1071 1072/1072/1072
f 1073/1073/1073 1062/1062/1062 1064/1064/1064
f 1062/1062/1062 1073/1073/1073 1072/1072/1072
f 1074/1074/1074 1073/1073/1073 1064/1064/1064
f 1073/1073/1073 1074/1074/1074 1072/1072/1072
f 1075/1075/1075 1074/1074/1074 1064/1064/1064
f 1074/1074/1074 1075/1075/1075 1076/1076/1076
f 1077/1077/1077 1074/1074/1074 1076/1076/1076
f 1078/1078/1078 1077/1077/1077 1076/1076/1076
f 1074/1074/1074 1077/1077/1077 1079/1079/1079
f 1077/1077/1077 1078/1078/1078 1079/1079/1079
f 1080/1080/1080 1078/1078/1078 1076/1076/1076
f 1078/1078/1078 1080/1080/1080 1081/1081/1081
f 1074/1074/1074 1082/1082/1082 1072/1072/1072
f 1082/1082/1082 1074/1074/1074 1079/1079/1079
f 1082/1082/1082 1083/1083/1083 1072/1072/1072
f 1083/1083/1083 1082/1082/1082 1079/1079/1079
f 1084/1084/1084 1070/1070/1070 1072/1072/1072
f 1083/1083/1083 1084/1084/1084 1072/1072/1072
f 1070/1070/1070 1084/1084/1084 1085/1085/1085
f 1084/1084/1084 1083/1083/1083 1085/1085/1085
f 1086/1086/1086 1070/1070/1070 1085/1085/1085
f 1087/1087/1087 1086/1086/1086 1085/1085/1085
f 1070/1070/1070 1086/1086/1086 1068/1068/1068
f 1086/1086/1086 1087/1087/1087 1068/1068/1068
f 1087/1087/1087 1088/1088/1088 1068/1068/1068
f 1088/1088/1088 1087/1087/1087 1089/1089/1089
f 1088/1088/1088 1066/1066/1066 1068/1068/1068
f 1066/1066/1066 1088/1088/1088 1089/1089/1089
f 1090/1090/1090 1066/1066/1066 1089/1089/1089
f 1066/1066/1066 1090/1090/1090 1022/1022/1022
f 1090/1090/1090 1013/1013/1013 1022/1022/1022
f 1013/1013/1013 1090/1090/1090 1089/1089/1089
f 1091/1091/1091 1013/1013/1013 1089/1089/1089
f 1092/1092/1092 1091/1091/1091 1089/1089/1089
f 1013/1013/1013 1091/1091/1091 1014/1014/1014
f 1091/1091/1091 1092/1092/1092 1014/1014/1014
f 1087/1087/1087 1093/1093/1093 1089/1089/1089
f 1093/1093/1093 1092/1092/1092 1089/1089/1089
f 1093/1093/1093 1087/1087/1087 1094/1094/1094
f 1092/1092/1092 1093/1093/1093 1094/1094/1094
f 1095/1095/1095 1087/1087/1087 1085/1085/1085
f 1087/1087/1087 1095/1095/1095 1094/1094/1094
f 1096/1096/1096 1095/1095/1095 1085/1085/1085
f 1095/1095/1095 1096/1096/1096 1094/1094/1094
f 1092/1092/1092 1097/1097/1097 1014/1014/1014
f 1097/1097/1097 1092/1092/1092 1098/1098/1098
f 1097/1097/1097 1016/1016/1016 1014/1014/1014
f 1016/1016/1016 1097/1097/1097 1098/1098/1098
f 1099/1099/1099 1096/1096/1096 1085/1085/1085
f 1083/1083/1083 1099/1099/1099 1085/1085/1085
f 1099/1099/1099 1083/1083/1083 1100/1100/1100
f 1096/1096/1096 1099/1099/1099 1100/1100/1100
f 1101/1101/1101 1092/1092/1092 1094/1094/1094
f 1092/1092/1092 1101/1101/1101 1098/1098/1098
f 1102/1102/1102 1101/1101/1101 1094/1094/1094
f 1101/1101/1101 1102/1102/1102 1098/1098/1098
f 1103/1103/1103 1102/1102/1102 1094/1094/1094
f 1096/1096/1096 1103/1103/1103 1094/1094/1094
f 1102/1102/1102 1104/1104/1104 1098/1098/1098
f 1104/1104/1104 1105/1105/1105 1098/1098/1098
f 1103/1103/1103 1096/1096/1096 1106/1106/1106
f 1105/1105/1105 1104/1104/1104 1107/1107/1107
f 1108/1108/1108 1016/1016/1016 1098/1098/1098
f 1105/1105/1105 1108/1108/1108 1098/1098/1098
f 1016/1016/1016 1108/1108/1108 1018/1018/1018
f 1108/1108/1108 1105/1105/1105 1018/1018/1018
f 1096/1096/1096 1109/1109/1109 1106/1106/1106
f 1109/1109/1109 1110/1110/1110 1106/1106/1106
f 1109/1109/1109 1096/1096/1096 1100/1100/1100
f 1110/1110/1110 1109/1109/1109 1100/1100/1100
f 1110/1110/1110 1111/1111/1111 1106/1106/1106
f 1111/1111/1111 1110/1110/1110 1112/1112/1112
f 1113/1113/1113 1111/1111/1111 1112/1112/1112
f 1110/1110/1110 1114/1114/1114 1112/1112/1112
f 1115/1115/1115 1113/1113/1113 1107/1107/1107
f 1116/1116/1116 1110/1110/1110 1100/1100/1100
f 1083/1083/1083 1116/1116/1116 1100/1100/1100
f 1116/1116/1116 1083/1083/1083 1079/1079/1079
f 1110/1110/1110 1116/1116/1116 1079/1079/1079
f 1114/1114/1114 1110/1110/1110 1079/1079/1079
f 1078/1078/1078 1114/1114/1114 1079/1079/1079
f 1114/1114/1114 1078/1078/1078 1112/1112/1112
f 1078/1078/1078 1117/1117/1117 1112/1112/1112
f 1117/1117/1117 1078/1078/1078 1081/1081/1081
f 1118/1118/1118 1117/1117/1117 1081/1081/1081
f 1119/1119/1119 1118/1118/1118 1081/1081/1081
f 1113/1113/1113 1120/1120/1120 1107/1107/1107
f 1120/1120/1120 1113/1113/1113 1121/1121/1121
f 1120/1120/1120 1105/1105/1105 1107/1107/1107
f 1105/1105/1105 1120/1120/1120 1121/1121/1121
f 1122/1122/1122 1113/1113/1113 1112/1112/1112
f 1113/1113/1113 1122/1122/1122 1121/1121/1121
f 1123/1123/1123 1122/1122/1122 1112/1112/1112
f 1122/1122/1122 1123/1123/1123 1121/1121/1121
f 1124/1124/1124 1105/1105/1105 1121/1121/1121
f 1105/1105/1105 1124/1124/1124 1018/1018/1018
f 1124/1124/1124 1020/1020/1020 1018/1018/1018
f 1020/1020/1020 1124/1124/1124 1121/1121/1121
f 1123/1123/1123 1125/1125/1125 1121/1121/1121
f 1125/1125/1125 1020/1020/1020 1121/1121/1121
f 1020/1020/1020 1125/1125/1125 1126/1126/1126
f 1125/1125/1125 1123/1123/1123 1126/1126/1126
f 1127/1127/1127 1020/1020/1020 1126/1126/1126
f 1128/1128/1128 1127/1127/1127 1126/1126/1126
f 1020/1020/1020 1127/1127/1127 1011/1011/1011
f 1127/1127/1127 1128/1128/1128 1011/1011/1011
f 1123/1123/1123 1129/1129/1129 1126/1126/1126
f 1129/1129/1129 1128/1128/1128 1126/1126/1126
f 1129/1129/1129 1123/1123/1123 1130/1130/1130
f 1128/1128/1128 1129/1129/1129 1130/1130/1130
f 1131/1131/1131 1123/1123/1123 1112/1112/1112
f 1123/1123/1123 1131/1131/1131 1130/1130/1130
f 1132/1132/1132 1131/1131/1131 1112/1112/1112
f 1131/1131/1131 1132/1132/1132 1130/1130/1130
f 1133/1133/1133 1132/1132/1132 1112/1112/1112
f 1134/1134/1134 1133/1133/1133 1112/1112/1112
f 1132/1132/1132 1133/1133/1133 1135/1135/1135
f 1128/1128/1128 1136/1136/1136 1011/1011/1011
f 1136/1136/1136 1128/1128/1128 1137/1137/1137
f 1136/1136/1136 1009/1009/1009 1011/1011/1011
f 1009/1009/1009 1136/1136/1136 1137/1137/1137
f 1138/1138/1138 1128/1128/1128 1130/1130/1130
f 1128/1128/1128 1138/1138/1138 1137/1137/1137
f 1139/1139/1139 1138/1138/1138 1130/1130/1130
f 1138/1138/1138 1139/1139/1139 1137/1137/1137
f 1132/1132/1132 1140/1140/1140 1130/1130/1130
f 1140/1140/1140 1139/1139/1139 1130/1130/1130
f 1140/1140/1140 1132/1132/1132 1141/1141/1141
f 1139/1139/1139 1140/1140/1140 1141/1141/1141
f 1142/1142/1142 1132/1132/1132 1135/1135/1135
f 1132/1132/1132 1142/1142/1142 1141/1141/1141
f 1143/1143/1143 1142/1142/1142 1135/1135/1135
f 1142/1142/1142 1143/1143/1143 1141/1141/1141
f 1144/1144/1144 1143/1143/1143 1135/1135/1135
f 1143/1143/1143 1144/1144/1144 1145/1145/1145
f 1144/1144/1144 1146/1146/1146 1145/1145/1145
f 1147/1147/1147 1009/1009/1009 1137/1137/1137
f 1148/1148/1148 1147/1147/1147 1137/1137/1137
f 1009/1009/1009 1147/1147/1147 986/986/986
f 1147/1147/1147 1148/1148/1148 986/986/986
f 1149/1149/1149 1139/1139/1139 1141/1141/1141
f 1143/1143/1143 1149/1149/1149 1141/1141/1141
f 1139/1139/1139 1149/1149/1149 1150/1150/1150
f 1149/1149/1149 1143/1143/1143 1150/1150/1150
f 1139/1139/1139 1151/1151/1151 1137/1137/1137
f 1151/1151/1151 1148/1148/1148 1137/1137/1137
f 1151/1151/1151 1139/1139/1139 1150/1150/1150
f 1148/1148/1148 1151/1151/1151 1150/1150/1150
f 1152/1152/1152 1143/1143/1143 1145/1145/1145
f 1143/1143/1143 1152/1152/1152 1150/1150/1150
f 1152/1152/1152 1153/1153/1153 1150/1150/1150
f 1153/1153/1153 1152/1152/1152 1145/1145/1145
f 1148/1148/1148 1154/1154/1154 986/986/986
f 1154/1154/1154 1148/1148/1148 1155/1155/1155
f 1154/1154/1154 981/981/981 986/986/986
f 981/981/981 1154/1154/1154 1155/1155/1155
f 1156/1156/1156 1148/1148/1148 1150/1150/1150
f 1153/1153/1153 1156/1156/1156 1150/1150/1150
f 1148/1148/1148 1156/1156/1156 1155/1155/1155
f 1156/1156/1156 1153/1153/1153 1155/1155/1155
f 1157/1157/1157 981/981/981 1155/1155/1155
f 1158/1158/1158 1157/1157/1157 1155/1155/1155
f 981/981/981 1157/1157/1157 977/977/977
f 1157/1157/1157 1158/1158/1158 977/977/977
f 1153/1153/1153 1159/1159/1159 1155/1155/1155
f 1159/1159/1159 1158/1158/1158 1155/1155/1155
f 1159/1159/1159 1153/1153/1153 1160/1160/1160
f 1158/1158/1158 1159/1159/1159 1160/1160/1160
f 1161/1161/1161 1153/1153/1153 1145/1145/1145
f 1153/1153/1153 1161/1161/1161 1160/1160/1160
f 1162/1162/1162 1161/1161/1161 1145/1145/1145
f 1161/1161/1161 1162/1162/1162 1160/1160/1160
f 1158/1158/1158 1163/1163/1163 977/977/977
f 1163/1163/1163 1158/1158/1158 1164/1164/1164
f 1163/1163/1163 943/943/943 977/977/977
f 943/943/943 1163/1163/1163 1164/1164/1164
f 1165/1165/1165 1162/1162/1162 1145/1145/1145
f 1162/1162/1162 1165/1165/1165 1166/1166/1166
f 1146/1146/1146 1165/1165/1165 1145/1145/1145
f 1165/1165/1165 1146/1146/1146 1166/1166/1166
f 1167/1167/1167 1158/1158/1158 1160/1160/1160
f 1158/1158/1158 1167/1167/1167 1164/1164/1164
f 1168/1168/1168 1167/1167/1167 1160/1160/1160
f 1167/1167/1167 1168/1168/1168 1164/1164/1164
f 1169/1169/1169 943/943/943 1164/1164/1164
f 1170/1170/1170 1169/1169/1169 1164/1164/1164
f 943/943/943 1169/1169/1169 932/932/932
f 1169/1169/1169 1170/1170/1170 932/932/932
f 1162/1162/1162 1171/1171/1171 1160/1160/1160
f 1171/1171/1171 1168/1168/1168 1160/1160/1160
f 1171/1171/1171 1162/1162/1162 1172/1172/1172
f 1168/1168/1168 1171/1171/1171 1172/1172/1172
f 1173/1173/1173 1162/1162/1162 1166/1166/1166
f 1162/1162/1162 1173/1173/1173 1172/1172/1172
f 1174/1174/1174 1173/1173/1173 1166/1166/1166
f 1173/1173/1173 1174/1174/1174 1172/1172/1172
f 1168/1168/1168 1175/1175/1175 1164/1164/1164
f 1175/1175/1175 1170/1170/1170 1164/1164/1164
f 1175/1175/1175 1168/1168/1168 1176/1176/1176
f 1170/1170/1170 1175/1175/1175 1176/1176/1176
f 1170/1170/1170 1177/1177/1177 932/932/932
f 1177/1177/1177 1170/1170/1170 1178/1178/1178
f 1177/1177/1177 929/929/929 932/932/932
f 929/929/929 1177/1177/1177 1178/1178/1178
f 1179/1179/1179 1168/1168/1168 1172/1172/1172
f 1168/1168/1168 1179/1179/1179 1176/1176/1176
f 1180/1180/1180 1179/1179/1179 1172/1172/1172
f 1179/1179/1179 1180/1180/1180 1176/1176/1176
f 1174/1174/1174 1181/1181/1181 1172/1172/1172
f 1181/1181/1181 1180/1180/1180 1172/1172/1172
f 1181/1181/1181 1174/1174/1174 1182/1182/1182
f 1180/1180/1180 1181/1181/1181 1182/1182/1182
f 1170/1170/1170 1183/1183/1183 1178/1178/1178
f 1183/1183/1183 1170/1170/1170 1176/1176/1176
f 1184/1184/1184 1183/1183/1183 1176/1176/1176
f 1183/1183/1183 1184/1184/1184 1178/1178/1178
f 1185/1185/1185 929/929/929 1178/1178/1178
f 1186/1186/1186 1185/1185/1185 1178/1178/1178
f 929/929/929 1185/1185/1185 930/930/930
f 1185/1185/1185 1186/1186/1186 930/930/930
f 1180/1180/1180 1187/1187/1187 1176/1176/1176
f 1187/1187/1187 1184/1184/1184 1176/1176/1176
f 1187/1187/1187 1180/1180/1180 1188/1188/1188
f 1184/1184/1184 1187/1187/1187 1188/1188/1188
f 1189/1189/1189 1180/1180/1180 1182/1182/1182
f 1180/1180/1180 1189/1189/1189 1188/1188/1188
f 1190/1190/1190 1189/1189/1189 1182/1182/1182
f 1189/1189/1189 1190/1190/1190 1188/1188/1188
f 1191/1191/1191 1186/1186/1186 1178/1178/1178
f 1184/1184/1184 1191/1191/1191 1178/1178/1178
f 1191/1191/1191 1184/1184/1184 1192/1192/1192
f 1186/1186/1186 1191/1191/1191 1192/1192/1192
f 1186/1186/1186 1193/1193/1193 930/930/930
f 1193/1193/1193 1186/1186/1186 1194/1194/1194
f 1193/1193/1193 934/934/934 930/930/930
f 934/934/934 1193/1193/1193 1194/1194/1194
f 1195/1195/1195 1184/1184/1184 1188/1188/1188
f 1184/1184/1184 1195/1195/1195 1192/1192/1192
f 1196/1196/1196 1195/1195/1195 1188/1188/1188
f 1195/1195/1195 1196/1196/1196 1192/1192/1192
f 1190/1190/1190 1197/1197/1197 1188/1188/1188
f 1197/1197/1197 1196/1196/1196 1188/1188/1188
f 1197/1197/1197 1190/1190/1190 1198/1198/1198
f 1196/1196/1196 1197/1197/1197 1198/1198/1198
f 1199/1199/1199 1186/1186/1186 1192/1192/1192
f 1186/1186/1186 1199/1199/1199 1194/1194/1194
f 1200/1200/1200 1199/1199/1199 1192/1192/1192
f 1199/1199/1199 1200/1200/1200 1194/1194/1194
f 1201/1201/1201 934/934/934 1194/1194/1194
f 1202/1202/1202 1201/1201/1201 1194/1194/1194
f 934/934/934 1201/1201/1201 938/938/938
f 1201/1201/1201 1202/1202/1202 938/938/938
f 1196/1196/1196 1203/1203/1203 1192/1192/1192
f 1203/1203/1203 1200/1200/1200 1192/1192/1192
f 1203/1203/1203 1196/1196/1196 1204/1204/1204
f 1200/1200/1200 1203/1203/1203 1204/1204/1204
f 1205/1205/1205 1196/1196/1196 1198/1198/1198
f 1196/1196/1196 1205/1205/1205 1204/1204/1204
f 1206/1206/1206 1205/1205/1205 1198/1198/1198
f 1205/1205/1205 1206/1206/1206 1204/1204/1204
f 1200/1200/1200 1207/1207/1207 1194/1194/1194
f 1207/1207/1207 1202/1202/1202 1194/1194/1194
f 1207/1207/1207 1200/1200/1200 1208/1208/1208
f 1202/1202/1202 1207/1207/1207 1208/1208/1208
f 1202/1202/1202 1209/1209/1209 938/938/938
f 1209/1209/1209 940/940/940 938/938/938
f 1209/1209/1209 1202/1202/1202 1210/1210/1210
f 940/940/940 1209/1209/1209 1210/1210/1210
f 1211/1211/1211 1200/1200/1200 1204/1204/1204
f 1200/1200/1200 1211/1211/1211 1208/1208/1208
f 1212/1212/1212 1211/1211/1211 1204/1204/1204
f 1211/1211/1211 1212/1212/1212 1208/1208/1208
f 1206/1206/1206 1213/1213/1213 1204/1204/1204
f 1213/1213/1213 1212/1212/1212 1204/1204/1204
f 1213/1213/1213 1206/1206/1206 1214/1214/1214
f 1212/1212/1212 1213/1213/1213 1214/1214/1214
f 1202/1202/1202 1215/1215/1215 1210/1210/1210
f 1215/1215/1215 1202/1202/1202 1208/1208/1208
f 1215/1215/1215 1216/1216/1216 1210/1210/1210
f 1216/1216/1216 1215/1215/1215 1208/1208/1208
f 1217/1217/1217 940/940/940 1210/1210/1210
f 1216/1216/1216 1217/1217/1217 1210/1210/1210
f 940/940/940 1217/1217/1217 1218/1218/1218
f 1217/1217/1217 1216/1216/1216 1218/1218/1218
f 1212/1212/1212 1219/1219/1219 1208/1208/1208
f 1219/1219/1219 1216/1216/1216 1208/1208/1208
f 1219/1219/1219 1212/1212/1212 1220/1220/1220
f 1216/1216/1216 1219/1219/1219 1220/1220/1220
f 1221/1221/1221 1212/1212/1212 1214/1214/1214
f 1212/1212/1212 1221/1221/1221 1220/1220/1220
f 1222/1222/1222 1221/1221/1221 1214/1214/1214
f 1221/1221/1221 1222/1222/1222 1220/1220/1220
f 1223/1223/1223 940/940/940 1218/1218/1218
f 1224/1224/1224 1223/1223/1223 1218/1218/1218
f 940/940/940 1223/1223/1223 891/891/891
f 1223/1223/1223 1224/1224/1224 891/891/891
f 1225/1225/1225 1216/1216/1216 1220/1220/1220
f 1216/1216/1216 1225/1225/1225 1218/1218/1218
f 1226/1226/1226 1225/1225/1225 1220/1220/1220
f 1225/1225/1225 1226/1226/1226 1218/1218/1218
f 1222/1222/1222 1227/1227/1227 1220/1220/1220
f 1227/1227/1227 1226/1226/1226 1220/1220/1220
f 1227/1227/1227 1222/1222/1222 1228/1228/1228
f 1226/1226/1226 1227/1227/1227 1228/1228/1228
f 1229/1229/1229 1224/1224/1224 1218/1218/1218
f 1226/1226/1226 1229/1229/1229 1218/1218/1218
f 1229/1229/1229 1226/1226/1226 1230/1230/1230
f 1224/1224/1224 1229/1229/1229 1230/1230/1230
f 1231/1231/1231 1226/1226/1226 1228/1228/1228
f 1226/1226/1226 1231/1231/1231 1230/1230/1230
f 1231/1231/1231 1232/1232/1232 1230/1230/1230
f 1232/1232/1232 1231/1231/1231 1228/1228/1228
f 1233/1233/1233 1224/1224/1224 1230/1230/1230
f 1232/1232/1232 1233/1233/1233 1230/1230/1230
f 1224/1224/1224 1233/1233/1233 1234/1234/1234
f 1233/1233/1233 1232/1232/1232 1234/1234/1234
f 1235/1235/1235 1224/1224/1224 1234/1234/1234
f 1236/1236/1236 1235/1235/1235 1234/1234/1234
f 1224/1224/1224 1235/1235/1235 891/891/891
f 1235/1235/1235 1236/1236/1236 891/891/891
f 1236/1236/1236 1237/1237/1237 891/891/891
f 1237/1237/1237 1238/1238/1238 891/891/891
f 1237/1237/1237 1236/1236/1236 1239/1239/1239
f 1238/1238/1238 1237/1237/1237 1239/1239/1239
f 1240/1240/1240 1232/1232/1232 1228/1228/1228
f 1241/1241/1241 1240/1240/1240 1228/1228/1228
f 1232/1232/1232 1240/1240/1240 1242/1242/1242
f 1240/1240/1240 1241/1241/1241 1242/1242/1242
f 1232/1232/1232 1243/1243/1243 1234/1234/1234
f 1243/1243/1243 1232/1232/1232 1242/1242/1242
f 1243/1243/1243 1244/1244/1244 1234/1234/1234
f 1244/1244/1244 1243/1243/1243 1242/1242/1242
f 1245/1245/1245 1236/1236/1236 1234/1234/1234
f 1244/1244/1244 1245/1245/1245 1234/1234/1234
f 1236/1236/1236 1245/1245/1245 1246/1246/1246
f 1245/1245/1245 1244/1244/1244 1246/1246/1246
f 1236/1236/1236 1247/1247/1247 1239/1239/1239
f 1247/1247/1247 1236/1236/1236 1246/1246/1246
f 1248/1248/1248 1247/1247/1247 1246/1246/1246
f 1247/1247/1247 1248/1248/1248 1239/1239/1239
f 1249/1249/1249 1241/1241/1241 1228/1228/1228
f 1241/1241/1241 1249/1249/1249 1250/1250/1250
f 1222/1222/1222 1249/1249/1249 1228/1228/1228
f 1249/1249/1249 1222/1222/1222 1250/1250/1250
f 1244/1244/1244 1251/1251/1251 1246/1246/1246
f 1251/1251/1251 1248/1248/1248 1246/1246/1246
f 1251/1251/1251 1244/1244/1244 1252/1252/1252
f 1248/1248/1248 1251/1251/1251 1252/1252/1252
f 1222/1222/1222 1253/1253/1253 1250/1250/1250
f 1253/1253/1253 1254/1254/1254 1250/1250/1250
f 1253/1253/1253 1222/1222/1222 1214/1214/1214
f 1254/1254/1254 1253/1253/1253 1214/1214/1214
f 1244/1244/1244 1255/1255/1255 1252/1252/1252
f 1255/1255/1255 1256/1256/1256 1252/1252/1252
f 1255/1255/1255 1244/1244/1244 1242/1242/1242
f 1256/1256/1256 1255/1255/1255 1242/1242/1242
f 1241/1241/1241 1257/1257/1257 1242/1242/1242
f 1257/1257/1257 1256/1256/1256 1242/1242/1242
f 1257/1257/1257 1241/1241/1241 1258/1258/1258
f 1256/1256/1256 1257/1257/1257 1258/1258/1258
f 1259/1259/1259 1241/1241/1241 1250/1250/1250
f 1241/1241/1241 1259/1259/1259 1258/1258/1258
f 1260/1260/1260 1259/1259/1259 1250/1250/1250
f 1259/1259/1259 1260/1260/1260 1258/1258/1258
f 1261/1261/1261 1254/1254/1254 1214/1214/1214
f 1254/1254/1254 1261/1261/1261 1262/1262/1262
f 1206/1206/1206 1261/1261/1261 1214/1214/1214
f 1261/1261/1261 1206/1206/1206 1262/1262/1262
f 1254/1254/1254 1263/1263/1263 1250/1250/1250
f 1263/1263/1263 1260/1260/1260 1250/1250/1250
f 1263/1263/1263 1254/1254/1254 1264/1264/1264
f 1260/1260/1260 1263/1263/1263 1264/1264/1264
f 1206/1206/1206 1265/1265/1265 1262/1262/1262
f 1265/1265/1265 1266/1266/1266 1262/1262/1262
f 1265/1265/1265 1206/1206/1206 1198/1198/1198
f 1266/1266/1266 1265/1265/1265 1198/1198/1198
f 1267/1267/1267 1254/1254/1254 1262/1262/1262
f 1254/1254/1254 1267/1267/1267 1264/1264/1264
f 1268/1268/1268 1267/1267/1267 1262/1262/1262
f 1267/1267/1267 1268/1268/1268 1264/1264/1264
f 1269/1269/1269 1266/1266/1266 1198/1198/1198
f 1266/1266/1266 1269/1269/1269 1270/1270/1270
f 1190/1190/1190 1269/1269/1269 1198/1198/1198
f 1269/1269/1269 1190/1190/1190 1270/1270/1270
f 1266/1266/1266 1271/1271/1271 1262/1262/1262
f 1271/1271/1271 1268/1268/1268 1262/1262/1262
f 1271/1271/1271 1266/1266/1266 1272/1272/1272
f 1268/1268/1268 1271/1271/1271 1272/1272/1272
f 1190/1190/1190 1273/1273/1273 1270/1270/1270
f 1273/1273/1273 1274/1274/1274 1270/1270/1270
f 1273/1273/1273 1190/1190/1190 1182/1182/1182
f 1274/1274/1274 1273/1273/1273 1182/1182/1182
f 1275/1275/1275 1266/1266/1266 1270/1270/1270
f 1266/1266/1266 1275/1275/1275 1272/1272/1272
f 1276/1276/1276 1275/1275/1275 1270/1270/1270
f 1275/1275/1275 1276/1276/1276 1272/1272/1272
f 1277/1277/1277 1274/1274/1274 1182/1182/1182
f 1274/1274/1274 1277/1277/1277 1278/1278/1278
f 1174/1174/1174 1277/1277/1277 1182/1182/1182
f 1277/1277/1277 1174/1174/1174 1278/1278/1278
f 1274/1274/1274 1279/1279/1279 1270/1270/1270
f 1279/1279/1279 1276/1276/1276 1270/1270/1270
f 1279/1279/1279 1274/1274/1274 1280/1280/1280
f 1276/1276/1276 1279/1279/1279 1280/1280/1280
f 1174/1174/1174 1281/1281/1281 1278/1278/1278
f 1281/1281/1281 1282/1282/1282 1278/1278/1278
f 1281/1281/1281 1174/1174/1174 1166/1166/1166
f 1282/1282/1282 1281/1281/1281 1166/1166/1166
f 1283/1283/1283 1274/1274/1274 1278/1278/1278
f 1274/1274/1274 1283/1283/1283 1280/1280/1280
f 1284/1284/1284 1283/1283/1283 1278/1278/1278
f 1283/1283/1283 1284/1284/1284 1280/1280/1280
f 1285/1285/1285 1282/1282/1282 1166/1166/1166
f 1146/1146/1146 1285/1285/1285 1166/1166/1166
f 1285/1285/1285 1146/1146/1146 1286/1286/1286
f 1282/1282/1282 1285/1285/1285 1286/1286/1286
f 1146/1146/1146 1287/1287/1287 1286/1286/1286
f 1287/1287/1287 1134/1134/1134 1286/1286/1286
f 1282/1282/1282 1288/1288/1288 1278/1278/1278
f 1288/1288/1288 1284/1284/1284 1278/1278/1278
f 1288/1288/1288 1282/1282/1282 1289/1289/1289
f 1284/1284/1284 1288/1288/1288 1289/1289/1289
f 1290/1290/1290 1282/1282/1282 1286/1286/1286
f 1134/1134/1134 1290/1290/1290 1286/1286/1286
f 1282/1282/1282 1290/1290/1290 1289/1289/1289
f 1290/1290/1290 1134/1134/1134 1289/1289/1289
f 1134/1134/1134 1291/1291/1291 1289/1289/1289
f 1291/1291/1291 1292/1292/1292 1289/1289/1289
f 1291/1291/1291 1134/1134/1134 1112/1112/1112
f 1292/1292/1292 1291/1291/1291 1112/1112/1112
f 1293/1293/1293 1284/1284/1284 1289/1289/1289
f 1292/1292/1292 1293/1293/1293 1289/1289/1289
f 1284/1284/1284 1293/1293/1293 1294/1294/1294
f 1293/1293/1293 1292/1292/1292 1294/1294/1294
f 1295/1295/1295 1284/1284/1284 1294/1294/1294
f 1296/1296/1296 1295/1295/1295 1294/1294/1294
f 1284/1284/1284 1295/1295/1295 1280/1280/1280
f 1295/1295/1295 1296/1296/1296 1280/1280/1280
f 1292/1292/1292 1297/1297/1297 1294/1294/1294
f 1297/1297/1297 1296/1296/1296 1294/1294/1294
f 1297/1297/1297 1292/1292/1292 1298/1298/1298
f 1296/1296/1296 1297/1297/1297 1298/1298/1298
f 1299/1299/1299 1292/1292/1292 1112/1112/1112
f 1292/1292/1292 1299/1299/1299 1298/1298/1298
f 1299/1299/1299 1300/1300/1300 1298/1298/1298
f 1300/1300/1300 1299/1299/1299 1112/1112/1112
f 1301/1301/1301 1296/1296/1296 1298/1298/1298
f 1296/1296/1296 1301/1301/1301 1302/1302/1302
f 1300/1300/1300 1303/1303/1303 1298/1298/1298
f 1301/1301/1301 1304/1304/1304 1302/1302/1302
f 1296/1296/1296 1305/1305/1305 1280/1280/1280
f 1305/1305/1305 1296/1296/1296 1302/1302/1302
f 1305/1305/1305 1276/1276/1276 1280/1280/1280
f 1276/1276/1276 1305/1305/1305 1302/1302/1302
f 1304/1304/1304 1303/1303/1303 1306/1306/1306
f 1303/1303/1303 1300/1300/1300 1306/1306/1306
f 1307/1307/1307 1276/1276/1276 1302/1302/1302
f 1308/1308/1308 1307/1307/1307 1302/1302/1302
f 1276/1276/1276 1307/1307/1307 1272/1272/1272
f 1307/1307/1307 1308/1308/1308 1272/1272/1272
f 1304/1304/1304 1309/1309/1309 1302/1302/1302
f 1309/1309/1309 1308/1308/1308 1302/1302/1302
f 1309/1309/1309 1304/1304/1304 1310/1310/1310
f 1308/1308/1308 1309/1309/1309 1310/1310/1310
f 1311/1311/1311 1304/1304/1304 1306/1306/1306
f 1304/1304/1304 1311/1311/1311 1310/1310/1310
f 1312/1312/1312 1311/1311/1311 1306/1306/1306
f 1311/1311/1311 1312/1312/1312 1310/1310/1310
f 1300/1300/1300 1313/1313/1313 1306/1306/1306
f 1313/1313/1313 1312/1312/1312 1306/1306/1306
f 1313/1313/1313 1300/1300/1300 1314/1314/1314
f 1312/1312/1312 1313/1313/1313 1314/1314/1314
f 1308/1308/1308 1315/1315/1315 1272/1272/1272
f 1315/1315/1315 1308/1308/1308 1316/1316/1316
f 1315/1315/1315 1268/1268/1268 1272/1272/1272
f 1268/1268/1268 1315/1315/1315 1316/1316/1316
f 1317/1317/1317 1308/1308/1308 1310/1310/1310
f 1308/1308/1308 1317/1317/1317 1316/1316/1316
f 1318/1318/1318 1317/1317/1317 1310/1310/1310
f 1317/1317/1317 1318/1318/1318 1316/1316/1316
f 1300/1300/1300 1319/1319/1319 1314/1314/1314
f 1319/1319/1319 1320/1320/1320 1314/1314/1314
f 1319/1319/1319 1300/1300/1300 1112/1112/1112
f 1320/1320/1320 1319/1319/1319 1112/1112/1112
f 1321/1321/1321 1320/1320/1320 1112/1112/1112
f 1320/1320/1320 1321/1321/1321 1322/1322/1322
f 1312/1312/1312 1323/1323/1323 1310/1310/1310
f 1323/1323/1323 1318/1318/1318 1310/1310/1310
f 1323/1323/1323 1312/1312/1312 1324/1324/1324
f 1318/1318/1318 1323/1323/1323 1324/1324/1324
f 1325/1325/1325 1268/1268/1268 1316/1316/1316
f 1326/1326/1326 1325/1325/1325 1316/1316/1316
f 1268/1268/1268 1325/1325/1325 1264/1264/1264
f 1325/1325/1325 1326/1326/1326 1264/1264/1264
f 1312/1312/1312 1327/1327/1327 1324/1324/1324
f 1327/1327/1327 1328/1328/1328 1324/1324/1324
f 1327/1327/1327 1312/1312/1312 1314/1314/1314
f 1328/1328/1328 1327/1327/1327 1314/1314/1314
f 1320/1320/1320 1329/1329/1329 1314/1314/1314
f 1329/1329/1329 1328/1328/1328 1314/1314/1314
f 1329/1329/1329 1320/1320/1320 1330/1330/1330
f 1328/1328/1328 1329/1329/1329 1330/1330/1330
f 1318/1318/1318 1331/1331/1331 1316/1316/1316
f 1331/1331/1331 1326/1326/1326 1316/1316/1316
f 1331/1331/1331 1318/1318/1318 1332/1332/1332
f 1326/1326/1326 1331/1331/1331 1332/1332/1332
f 1326/1326/1326 1333/1333/1333 1264/1264/1264
f 1333/1333/1333 1326/1326/1326 1334/1334/1334
f 1333/1333/1333 1260/1260/1260 1264/1264/1264
f 1260/1260/1260 1333/1333/1333 1334/1334/1334
f 1320/1320/1320 1335/1335/1335 1330/1330/1330
f 1335/1335/1335 1336/1336/1336 1330/1330/1330
f 1335/1335/1335 1320/1320/1320 1322/1322/1322
f 1336/1336/1336 1335/1335/1335 1322/1322/1322
f 1337/1337/1337 1328/1328/1328 1330/1330/1330
f 1336/1336/1336 1337/1337/1337 1330/1330/1330
f 1328/1328/1328 1337/1337/1337 1338/1338/1338
f 1337/1337/1337 1336/1336/1336 1338/1338/1338
f 1318/1318/1318 1339/1339/1339 1332/1332/1332
f 1339/1339/1339 1340/1340/1340 1332/1332/1332
f 1339/1339/1339 1318/1318/1318 1324/1324/1324
f 1340/1340/1340 1339/1339/1339 1324/1324/1324
f 1328/1328/1328 1341/1341/1341 1324/1324/1324
f 1341/1341/1341 1328/1328/1328 1338/1338/1338
f 1341/1341/1341 1340/1340/1340 1324/1324/1324
f 1340/1340/1340 1341/1341/1341 1338/1338/1338
f 1342/1342/1342 1336/1336/1336 1322/1322/1322
f 1343/1343/1343 1342/1342/1342 1322/1322/1322
f 1336/1336/1336 1342/1342/1342 1344/1344/1344
f 1342/1342/1342 1343/1343/1343 1344/1344/1344
f 1345/1345/1345 1343/1343/1343 1322/1322/1322
f 1336/1336/1336 1346/1346/1346 1338/1338/1338
f 1346/1346/1346 1336/1336/1336 1344/1344/1344
f 1346/1346/1346 1347/1347/1347 1338/1338/1338
f 1347/1347/1347 1346/1346/1346 1344/1344/1344
f 1348/1348/1348 1340/1340/1340 1338/1338/1338
f 1347/1347/1347 1348/1348/1348 1338/1338/1338
f 1340/1340/1340 1348/1348/1348 1349/1349/1349
f 1348/1348/1348 1347/1347/1347 1349/1349/1349
f 1343/1343/1343 1345/1345/1345 1350/1350/1350
f 1345/1345/1345 1351/1351/1351 1350/1350/1350
f 1352/1352/1352 1340/1340/1340 1349/1349/1349
f 1353/1353/1353 1352/1352/1352 1349/1349/1349
f 1340/1340/1340 1352/1352/1352 1332/1332/1332
f 1352/1352/1352 1353/1353/1353 1332/1332/1332
f 1353/1353/1353 1354/1354/1354 1332/1332/1332
f 1354/1354/1354 1326/1326/1326 1332/1332/1332
f 1326/1326/1326 1354/1354/1354 1334/1334/1334
f 1354/1354/1354 1353/1353/1353 1334/1334/1334
f 1351/1351/1351 1355/1355/1355 1350/1350/1350
f 1355/1355/1355 1356/1356/1356 1350/1350/1350
f 1355/1355/1355 1351/1351/1351 1357/1357/1357
f 1356/1356/1356 1355/1355/1355 1357/1357/1357
f 1351/1351/1351 1358/1358/1358 1357/1357/1357
f 1359/1359/1359 1356/1356/1356 1357/1357/1357
f 1356/1356/1356 1359/1359/1359 1360/1360/1360
f 1359/1359/1359 1361/1361/1361 1360/1360/1360
f 1356/1356/1356 1362/1362/1362 1350/1350/1350
f 1362/1362/1362 1356/1356/1356 1363/1363/1363
f 1362/1362/1362 1343/1343/1343 1350/1350/1350
f 1343/1343/1343 1362/1362/1362 1363/1363/1363
f 1364/1364/1364 1356/1356/1356 1360/1360/1360
f 1356/1356/1356 1364/1364/1364 1363/1363/1363
f 1365/1365/1365 1364/1364/1364 1360/1360/1360
f 1364/1364/1364 1365/1365/1365 1363/1363/1363
f 1366/1366/1366 1343/1343/1343 1363/1363/1363
f 1367/1367/1367 1366/1366/1366 1363/1363/1363
f 1343/1343/1343 1366/1366/1366 1344/1344/1344
f 1366/1366/1366 1367/1367/1367 1344/1344/1344
f 1365/1365/1365 1368/1368/1368 1363/1363/1363
f 1368/1368/1368 1367/1367/1367 1363/1363/1363
f 1368/1368/1368 1365/1365/1365 1369/1369/1369
f 1367/1367/1367 1368/1368/1368 1369/1369/1369
f 1367/1367/1367 1370/1370/1370 1344/1344/1344
f 1370/1370/1370 1367/1367/1367 1371/1371/1371
f 1370/1370/1370 1347/1347/1347 1344/1344/1344
f 1347/1347/1347 1370/1370/1370 1371/1371/1371
f 1372/1372/1372 1367/1367/1367 1369/1369/1369
f 1367/1367/1367 1372/1372/1372 1371/1371/1371
f 1373/1373/1373 1372/1372/1372 1369/1369/1369
f 1372/1372/1372 1373/1373/1373 1371/1371/1371
f 1374/1374/1374 1347/1347/1347 1371/1371/1371
f 1375/1375/1375 1374/1374/1374 1371/1371/1371
f 1347/1347/1347 1374/1374/1374 1349/1349/1349
f 1374/1374/1374 1375/1375/1375 1349/1349/1349
f 1373/1373/1373 1376/1376/1376 1371/1371/1371
f 1376/1376/1376 1375/1375/1375 1371/1371/1371
f 1376/1376/1376 1373/1373/1373 1377/1377/1377
f 1375/1375/1375 1376/1376/1376 1377/1377/1377
f 1375/1375/1375 1378/1378/1378 1349/1349/1349
f 1378/1378/1378 1375/1375/1375 1379/1379/1379
f 1378/1378/1378 1353/1353/1353 1349/1349/1349
f 1353/1353/1353 1378/1378/1378 1379/1379/1379
f 1380/1380/1380 1375/1375/1375 1377/1377/1377
f 1375/1375/1375 1380/1380/1380 1379/1379/1379
f 1381/1381/1381 1380/1380/1380 1377/1377/1377
f 1380/1380/1380 1381/1381/1381 1379/1379/1379
f 1382/1382/1382 1353/1353/1353 1379/1379/1379
f 1383/1383/1383 1382/1382/1382 1379/1379/1379
f 1353/1353/1353 1382/1382/1382 1334/1334/1334
f 1382/1382/1382 1383/1383/1383 1334/1334/1334
f 1381/1381/1381 1384/1384/1384 1379/1379/1379
f 1384/1384/1384 1383/1383/1383 1379/1379/1379
f 1384/1384/1384 1381/1381/1381 1385/1385/1385
f 1383/1383/1383 1384/1384/1384 1385/1385/1385
f 1383/1383/1383 1386/1386/1386 1334/1334/1334
f 1386/1386/1386 1260/1260/1260 1334/1334/1334
f 1260/1260/1260 1386/1386/1386 1258/1258/1258
f 1386/1386/1386 1383/1383/1383 1258/1258/1258
f 1383/1383/1383 1387/1387/1387 1258/1258/1258
f 1387/1387/1387 1383/1383/1383 1385/1385/1385
f 1387/1387/1387 1256/1256/1256 1258/1258/1258
f 1256/1256/1256 1387/1387/1387 1385/1385/1385
f 1388/1388/1388 1256/1256/1256 1385/1385/1385
f 1389/1389/1389 1388/1388/1388 1385/1385/1385
f 1256/1256/1256 1388/1388/1388 1252/1252/1252
f 1388/1388/1388 1389/1389/1389 1252/1252/1252
f 1381/1381/1381 1390/1390/1390 1385/1385/1385
f 1390/1390/1390 1389/1389/1389 1385/1385/1385
f 1390/1390/1390 1381/1381/1381 1391/1391/1391
f 1389/1389/1389 1390/1390/1390 1391/1391/1391
f 1389/1389/1389 1392/1392/1392 1252/1252/1252
f 1392/1392/1392 1389/1389/1389 1393/1393/1393
f 1392/1392/1392 1248/1248/1248 1252/1252/1252
f 1248/1248/1248 1392/1392/1392 1393/1393/1393
f 1381/1381/1381 1394/1394/1394 1391/1391/1391
f 1394/1394/1394 1395/1395/1395 1391/1391/1391
f 1394/1394/1394 1381/1381/1381 1377/1377/1377
f 1395/1395/1395 1394/1394/1394 1377/1377/1377
f 1396/1396/1396 1389/1389/1389 1391/1391/1391
f 1389/1389/1389 1396/1396/1396 1393/1393/1393
f 1397/1397/1397 1396/1396/1396 1391/1391/1391
f 1396/1396/1396 1397/1397/1397 1393/1393/1393
f 1398/1398/1398 1248/1248/1248 1393/1393/1393
f 1399/1399/1399 1398/1398/1398 1393/1393/1393
f 1248/1248/1248 1398/1398/1398 1239/1239/1239
f 1398/1398/1398 1399/1399/1399 1239/1239/1239
f 1400/1400/1400 1395/1395/1395 1377/1377/1377
f 1395/1395/1395 1400/1400/1400 1401/1401/1401
f 1373/1373/1373 1400/1400/1400 1377/1377/1377
f 1400/1400/1400 1373/1373/1373 1401/1401/1401
f 1402/1402/1402 1397/1397/1397 1391/1391/1391
f 1395/1395/1395 1402/1402/1402 1391/1391/1391
f 1402/1402/1402 1395/1395/1395 1403/1403/1403
f 1397/1397/1397 1402/1402/1402 1403/1403/1403
f 1397/1397/1397 1404/1404/1404 1393/1393/1393
f 1404/1404/1404 1399/1399/1399 1393/1393/1393
f 1404/1404/1404 1397/1397/1397 1405/1405/1405
f 1399/1399/1399 1404/1404/1404 1405/1405/1405
f 1399/1399/1399 1406/1406/1406 1239/1239/1239
f 1406/1406/1406 1238/1238/1238 1239/1239/1239
f 1406/1406/1406 1399/1399/1399 1407/1407/1407
f 1238/1238/1238 1406/1406/1406 1407/1407/1407
f 1373/1373/1373 1408/1408/1408 1401/1401/1401
f 1408/1408/1408 1409/1409/1409 1401/1401/1401
f 1408/1408/1408 1373/1373/1373 1369/1369/1369
f 1409/1409/1409 1408/1408/1408 1369/1369/1369
f 1410/1410/1410 1397/1397/1397 1403/1403/1403
f 1397/1397/1397 1410/1410/1410 1405/1405/1405
f 1411/1411/1411 1410/1410/1410 1403/1403/1403
f 1410/1410/1410 1411/1411/1411 1405/1405/1405
f 1399/1399/1399 1412/1412/1412 1407/1407/1407
f 1412/1412/1412 1399/1399/1399 1405/1405/1405
f 1412/1412/1412 1413/1413/1413 1407/1407/1407
f 1413/1413/1413 1412/1412/1412 1405/1405/1405
f 1414/1414/1414 1238/1238/1238 1407/1407/1407
f 1413/1413/1413 1414/1414/1414 1407/1407/1407
f 1238/1238/1238 1414/1414/1414 1415/1415/1415
f 1414/1414/1414 1413/1413/1413 1415/1415/1415
f 1416/1416/1416 1409/1409/1409 1369/1369/1369
f 1409/1409/1409 1416/1416/1416 1417/1417/1417
f 1365/1365/1365 1416/1416/1416 1369/1369/1369
f 1416/1416/1416 1365/1365/1365 1417/1417/1417
f 1411/1411/1411 1418/1418/1418 1405/1405/1405
f 1418/1418/1418 1413/1413/1413 1405/1405/1405
f 1413/1413/1413 1418/1418/1418 1419/1419/1419
f 1418/1418/1418 1411/1411/1411 1419/1419/1419
f 1420/1420/1420 1238/1238/1238 1415/1415/1415
f 1421/1421/1421 1420/1420/1420 1415/1415/1415
f 1238/1238/1238 1420/1420/1420 891/891/891
f 1420/1420/1420 1421/1421/1421 891/891/891
f 1365/1365/1365 1422/1422/1422 1417/1417/1417
f 1422/1422/1422 1423/1423/1423 1417/1417/1417
f 1422/1422/1422 1365/1365/1365 1360/1360/1360
f 1423/1423/1423 1422/1422/1422 1360/1360/1360
f 1424/1424/1424 1413/1413/1413 1419/1419/1419
f 1413/1413/1413 1424/1424/1424 1415/1415/1415
f 1424/1424/1424 1425/1425/1425 1415/1415/1415
f 1425/1425/1425 1424/1424/1424 1419/1419/1419
f 1426/1426/1426 1421/1421/1421 1415/1415/1415
f 1425/1425/1425 1426/1426/1426 1415/1415/1415
f 1427/1427/1427 1423/1423/1423 1360/1360/1360
f 1423/1423/1423 1427/1427/1427 1428/1428/1428
f 1361/1361/1361 1427/1427/1427 1360/1360/1360
f 1427/1427/1427 1361/1361/1361 1428/1428/1428
f 1421/1421/1421 1426/1426/1426 1429/1429/1429
f 1426/1426/1426 1425/1425/1425 1429/1429/1429
f 1361/1361/1361 1430/1430/1430 1428/1428/1428
f 1430/1430/1430 1431/1431/1431 1428/1428/1428
f 1430/1430/1430 1361/1361/1361 1432/1432/1432
f 1431/1431/1431 1430/1430/1430 1432/1432/1432
f 1361/1361/1361 1433/1433/1433 1432/1432/1432
f 1433/1433/1433 1434/1434/1434 1432/1432/1432
f 1435/1435/1435 1431/1431/1431 1432/1432/1432
f 1434/1434/1434 1435/1435/1435 1432/1432/1432
f 1431/1431/1431 1435/1435/1435 1436/1436/1436
f 1435/1435/1435 1434/1434/1434 1436/1436/1436
f 1434/1434/1434 1437/1437/1437 1436/1436/1436
f 1437/1437/1437 1438/1438/1438 1436/1436/1436
f 1437/1437/1437 1434/1434/1434 656/656/656
f 1438/1438/1438 1437/1437/1437 656/656/656
f 1434/1434/1434 1439/1439/1439 656/656/656
f 1440/1440/1440 1438/1438/1438 656/656/656
f 1441/1441/1441 1440/1440/1440 656/656/656
f 1438/1438/1438 1440/1440/1440 1442/1442/1442
f 1440/1440/1440 1441/1441/1441 1442/1442/1442
f 1431/1431/1431 1443/1443/1443 1428/1428/1428
f 1443/1443/1443 1444/1444/1444 1428/1428/1428
f 1443/1443/1443 1431/1431/1431 1445/1445/1445
f 1444/1444/1444 1443/1443/1443 1445/1445/1445
f 1446/1446/1446 1431/1431/1431 1436/1436/1436
f 1431/1431/1431 1446/1446/1446 1445/1445/1445
f 1447/1447/1447 1446/1446/1446 1436/1436/1436
f 1446/1446/1446 1447/1447/1447 1445/1445/1445
f 1438/1438/1438 1448/1448/1448 1436/1436/1436
f 1448/1448/1448 1447/1447/1447 1436/1436/1436
f 1448/1448/1448 1438/1438/1438 1449/1449/1449
f 1447/1447/1447 1448/1448/1448 1449/1449/1449
f 1450/1450/1450 1438/1438/1438 1442/1442/1442
f 1438/1438/1438 1450/1450/1450 1449/1449/1449
f 1450/1450/1450 1451/1451/1451 1449/1449/1449
f 1451/1451/1451 1450/1450/1450 1442/1442/1442
f 1444/1444/1444 1452/1452/1452 1428/1428/1428
f 1452/1452/1452 1444/1444/1444 1453/1453/1453
f 1452/1452/1452 1423/1423/1423 1428/1428/1428
f 1423/1423/1423 1452/1452/1452 1453/1453/1453
f 1454/1454/1454 1447/1447/1447 1449/1449/1449
f 1451/1451/1451 1454/1454/1454 1449/1449/1449
f 1447/1447/1447 1454/1454/1454 1455/1455/1455
f 1454/1454/1454 1451/1451/1451 1455/1455/1455
f 1456/1456/1456 1423/1423/1423 1453/1453/1453
f 1457/1457/1457 1456/1456/1456 1453/1453/1453
f 1423/1423/1423 1456/1456/1456 1417/1417/1417
f 1456/1456/1456 1457/1457/1457 1417/1417/1417
f 1458/1458/1458 1447/1447/1447 1455/1455/1455
f 1459/1459/1459 1458/1458/1458 1455/1455/1455
f 1447/1447/1447 1458/1458/1458 1445/1445/1445
f 1458/1458/1458 1459/1459/1459 1445/1445/1445
f 1460/1460/1460 1444/1444/1444 1445/1445/1445
f 1459/1459/1459 1460/1460/1460 1445/1445/1445
f 1444/1444/1444 1460/1460/1460 1461/1461/1461
f 1460/1460/1460 1459/1459/1459 1461/1461/1461
f 1444/1444/1444 1462/1462/1462 1453/1453/1453
f 1462/1462/1462 1444/1444/1444 1461/1461/1461
f 1462/1462/1462 1463/1463/1463 1453/1453/1453
f 1463/1463/1463 1462/1462/1462 1461/1461/1461
f 1457/1457/1457 1464/1464/1464 1417/1417/1417
f 1464/1464/1464 1457/1457/1457 1465/1465/1465
f 1464/1464/1464 1409/1409/1409 1417/1417/1417
f 1409/1409/1409 1464/1464/1464 1465/1465/1465
f 1466/1466/1466 1457/1457/1457 1453/1453/1453
f 1463/1463/1463 1466/1466/1466 1453/1453/1453
f 1457/1457/1457 1466/1466/1466 1467/1467/1467
f 1466/1466/1466 1463/1463/1463 1467/1467/1467
f 1468/1468/1468 1409/1409/1409 1465/1465/1465
f 1469/1469/1469 1468/1468/1468 1465/1465/1465
f 1409/1409/1409 1468/1468/1468 1401/1401/1401
f 1468/1468/1468 1469/1469/1469 1401/1401/1401
f 1470/1470/1470 1457/1457/1457 1467/1467/1467
f 1457/1457/1457 1470/1470/1470 1465/1465/1465
f 1470/1470/1470 1471/1471/1471 1465/1465/1465
f 1471/1471/1471 1470/1470/1470 1467/1467/1467
f 1469/1469/1469 1472/1472/1472 1401/1401/1401
f 1472/1472/1472 1395/1395/1395 1401/1401/1401
f 1395/1395/1395 1472/1472/1472 1403/1403/1403
f 1472/1472/1472 1469/1469/1469 1403/1403/1403
f 1473/1473/1473 1469/1469/1469 1465/1465/1465
f 1471/1471/1471 1473/1473/1473 1465/1465/1465
f 1469/1469/1469 1473/1473/1473 1474/1474/1474
f 1473/1473/1473 1471/1471/1471 1474/1474/1474
f 1469/1469/1469 1475/1475/1475 1403/1403/1403
f 1475/1475/1475 1469/1469/1469 1474/1474/1474
f 1475/1475/1475 1411/1411/1411 1403/1403/1403
f 1411/1411/1411 1475/1475/1475 1474/1474/1474
f 1476/1476/1476 1411/1411/1411 1474/1474/1474
f 1477/1477/1477 1476/1476/1476 1474/1474/1474
f 1411/1411/1411 1476/1476/1476 1419/1419/1419
f 1476/1476/1476 1477/1477/1477 1419/1419/1419
f 1471/1471/1471 1478/1478/1478 1474/1474/1474
f 1478/1478/1478 1477/1477/1477 1474/1474/1474
f 1478/1478/1478 1471/1471/1471 1479/1479/1479
f 1477/1477/1477 1478/1478/1478 1479/1479/1479
f 1477/1477/1477 1480/1480/1480 1419/1419/1419
f 1480/1480/1480 1477/1477/1477 1481/1481/1481
f 1480/1480/1480 1425/1425/1425 1419/1419/1419
f 1425/1425/1425 1480/1480/1480 1481/1481/1481
f 1471/1471/1471 1482/1482/1482 1479/1479/1479
f 1482/1482/1482 1483/1483/1483 1479/1479/1479
f 1482/1482/1482 1471/1471/1471 1467/1467/1467
f 1483/1483/1483 1482/1482/1482 1467/1467/1467
f 1484/1484/1484 1477/1477/1477 1479/1479/1479
f 1477/1477/1477 1484/1484/1484 1481/1481/1481
f 1485/1485/1485 1484/1484/1484 1479/1479/1479
f 1484/1484/1484 1485/1485/1485 1481/1481/1481
f 1486/1486/1486 1425/1425/1425 1481/1481/1481
f 1487/1487/1487 1486/1486/1486 1481/1481/1481
f 1425/1425/1425 1486/1486/1486 1429/1429/1429
f 1486/1486/1486 1487/1487/1487 1429/1429/1429
f 1488/1488/1488 1483/1483/1483 1467/1467/1467
f 1483/1483/1483 1488/1488/1488 1489/1489/1489
f 1463/1463/1463 1488/1488/1488 1467/1467/1467
f 1488/1488/1488 1463/1463/1463 1489/1489/1489
f 1490/1490/1490 1485/1485/1485 1479/1479/1479
f 1483/1483/1483 1490/1490/1490 1479/1479/1479
f 1490/1490/1490 1483/1483/1483 1491/1491/1491
f 1485/1485/1485 1490/1490/1490 1491/1491/1491
f 1492/1492/1492 1487/1487/1487 1481/1481/1481
f 1485/1485/1485 1492/1492/1492 1481/1481/1481
f 1492/1492/1492 1485/1485/1485 1493/1493/1493
f 1487/1487/1487 1492/1492/1492 1493/1493/1493
f 1487/1487/1487 1494/1494/1494 1429/1429/1429
f 1494/1494/1494 1487/1487/1487 1495/1495/1495
f 1494/1494/1494 1421/1421/1421 1429/1429/1429
f 1421/1421/1421 1494/1494/1494 1495/1495/1495
f 1496/1496/1496 1483/1483/1483 1489/1489/1489
f 1483/1483/1483 1496/1496/1496 1491/1491/1491
f 1497/1497/1497 1496/1496/1496 1489/1489/1489
f 1496/1496/1496 1497/1497/1497 1491/1491/1491
f 1498/1498/1498 1485/1485/1485 1491/1491/1491
f 1485/1485/1485 1498/1498/1498 1493/1493/1493
f 1499/1499/1499 1498/1498/1498 1491/1491/1491
f 1498/1498/1498 1499/1499/1499 1493/1493/1493
f 1500/1500/1500 1487/1487/1487 1493/1493/1493
f 1487/1487/1487 1500/1500/1500 1495/1495/1495
f 1501/1501/1501 1500/1500/1500 1493/1493/1493
f 1500/1500/1500 1501/1501/1501 1495/1495/1495
f 1502/1502/1502 1421/1421/1421 1495/1495/1495
f 1503/1503/1503 1502/1502/1502 1495/1495/1495
f 1421/1421/1421 1502/1502/1502 891/891/891
f 1502/1502/1502 1503/1503/1503 891/891/891
f 1497/1497/1497 1504/1504/1504 1491/1491/1491
f 1504/1504/1504 1499/1499/1499 1491/1491/1491
f 1504/1504/1504 1497/1497/1497 1505/1505/1505
f 1499/1499/1499 1504/1504/1504 1505/1505/1505
f 1499/1499/1499 1506/1506/1506 1493/1493/1493
f 1506/1506/1506 1501/1501/1501 1493/1493/1493
f 1506/1506/1506 1499/1499/1499 1507/1507/1507
f 1501/1501/1501 1506/1506/1506 1507/1507/1507
f 1501/1501/1501 1508/1508/1508 1495/1495/1495
f 1508/1508/1508 1503/1503/1503 1495/1495/1495
f 1508/1508/1508 1501/1501/1501 1509/1509/1509
f 1503/1503/1503 1508/1508/1508 1509/1509/1509
f 1510/1510/1510 1499/1499/1499 1505/1505/1505
f 1499/1499/1499 1510/1510/1510 1507/1507/1507
f 1511/1511/1511 1510/1510/1510 1505/1505/1505
f 1510/1510/1510 1511/1511/1511 1507/1507/1507
f 1501/1501/1501 1512/1512/1512 1509/1509/1509
f 1512/1512/1512 1501/1501/1501 1507/1507/1507
f 1512/1512/1512 1513/1513/1513 1509/1509/1509
f 1513/1513/1513 1512/1512/1512 1507/1507/1507
f 1514/1514/1514 1503/1503/1503 1509/1509/1509
f 1513/1513/1513 1514/1514/1514 1509/1509/1509
f 1503/1503/1503 1514/1514/1514 1515/1515/1515
f 1514/1514/1514 1513/1513/1513 1515/1515/1515
f 1511/1511/1511 1516/1516/1516 1507/1507/1507
f 1516/1516/1516 1513/1513/1513 1507/1507/1507
f 1513/1513/1513 1516/1516/1516 1517/1517/1517
f 1516/1516/1516 1511/1511/1511 1517/1517/1517
f 1518/1518/1518 1503/1503/1503 1515/1515/1515
f 1519/1519/1519 1518/1518/1518 1515/1515/1515
f 1503/1503/1503 1518/1518/1518 891/891/891
f 1518/1518/1518 1519/1519/1519 891/891/891
f 1519/1519/1519 1520/1520/1520 891/891/891
f 1520/1520/1520 1521/1521/1521 891/891/891
f 1520/1520/1520 1519/1519/1519 1522/1522/1522
f 1521/1521/1521 1520/1520/1520 1522/1522/1522
f 1523/1523/1523 1513/1513/1513 1517/1517/1517
f 1513/1513/1513 1523/1523/1523 1515/1515/1515
f 1523/1523/1523 1524/1524/1524 1515/1515/1515
f 1524/1524/1524 1523/1523/1523 1517/1517/1517
f 1525/1525/1525 1519/1519/1519 1515/1515/1515
f 1524/1524/1524 1525/1525/1525 1515/1515/1515
f 1519/1519/1519 1525/1525/1525 1526/1526/1526
f 1525/1525/1525 1524/1524/1524 1526/1526/1526
f 1519/1519/1519 1527/1527/1527 1522/1522/1522
f 1527/1527/1527 1519/1519/1519 1526/1526/1526
f 1528/1528/1528 1527/1527/1527 1526/1526/1526
f 1527/1527/1527 1528/1528/1528 1522/1522/1522
f 1524/1524/1524 1529/1529/1529 1526/1526/1526
f 1529/1529/1529 1528/1528/1528 1526/1526/1526
f 1529/1529/1529 1524/1524/1524 1530/1530/1530
f 1528/1528/1528 1529/1529/1529 1530/1530/1530
f 1531/1531/1531 1524/1524/1524 1517/1517/1517
f 1524/1524/1524 1531/1531/1531 1530/1530/1530
f 1532/1532/1532 1531/1531/1531 1517/1517/1517
f 1531/1531/1531 1532/1532/1532 1530/1530/1530
f 1533/1533/1533 1532/1532/1532 1517/1517/1517
f 1532/1532/1532 1533/1533/1533 1534/1534/1534
f 1511/1511/1511 1533/1533/1533 1517/1517/1517
f 1533/1533/1533 1511/1511/1511 1534/1534/1534
f 1511/1511/1511 1535/1535/1535 1534/1534/1534
f 1535/1535/1535 1536/1536/1536 1534/1534/1534
f 1535/1535/1535 1511/1511/1511 1505/1505/1505
f 1536/1536/1536 1535/1535/1535 1505/1505/1505
f 1537/1537/1537 1536/1536/1536 1505/1505/1505
f 1536/1536/1536 1537/1537/1537 1538/1538/1538
f 1497/1497/1497 1537/1537/1537 1505/1505/1505
f 1537/1537/1537 1497/1497/1497 1538/1538/1538
f 1497/1497/1497 1539/1539/1539 1538/1538/1538
f 1539/1539/1539 1540/1540/1540 1538/1538/1538
f 1539/1539/1539 1497/1497/1497 1489/1489/1489
f 1540/1540/1540 1539/1539/1539 1489/1489/1489
f 1541/1541/1541 1540/1540/1540 1489/1489/1489
f 1463/1463/1463 1541/1541/1541 1489/1489/1489
f 1541/1541/1541 1463/1463/1463 1461/1461/1461
f 1540/1540/1540 1541/1541/1541 1461/1461/1461
f 1542/1542/1542 1540/1540/1540 1461/1461/1461
f 1540/1540/1540 1542/1542/1542 1543/1543/1543
f 1459/1459/1459 1542/1542/1542 1461/1461/1461
f 1542/1542/1542 1459/1459/1459 1543/1543/1543
f 1540/1540/1540 1544/1544/1544 1538/1538/1538
f 1544/1544/1544 1540/1540/1540 1543/1543/1543
f 1544/1544/1544 1545/1545/1545 1538/1538/1538
f 1545/1545/1545 1544/1544/1544 1543/1543/1543
f 1546/1546/1546 1536/1536/1536 1538/1538/1538
f 1545/1545/1545 1546/1546/1546 1538/1538/1538
f 1536/1536/1536 1546/1546/1546 1547/1547/1547
f 1546/1546/1546 1545/1545/1545 1547/1547/1547
f 1459/1459/1459 1548/1548/1548 1543/1543/1543
f 1548/1548/1548 1549/1549/1549 1543/1543/1543
f 1548/1548/1548 1459/1459/1459 1455/1455/1455
f 1549/1549/1549 1548/1548/1548 1455/1455/1455
f 1550/1550/1550 1536/1536/1536 1547/1547/1547
f 1551/1551/1551 1550/1550/1550 1547/1547/1547
f 1536/1536/1536 1550/1550/1550 1534/1534/1534
f 1550/1550/1550 1551/1551/1551 1534/1534/1534
f 1552/1552/1552 1545/1545/1545 1543/1543/1543
f 1549/1549/1549 1552/1552/1552 1543/1543/1543
f 1545/1545/1545 1552/1552/1552 1553/1553/1553
f 1552/1552/1552 1549/1549/1549 1553/1553/1553
f 1554/1554/1554 1549/1549/1549 1455/1455/1455
f 1549/1549/1549 1554/1554/1554 1555/1555/1555
f 1451/1451/1451 1554/1554/1554 1455/1455/1455
f 1554/1554/1554 1451/1451/1451 1555/1555/1555
f 1545/1545/1545 1556/1556/1556 1547/1547/1547
f 1556/1556/1556 1545/1545/1545 1553/1553/1553
f 1556/1556/1556 1557/1557/1557 1547/1547/1547
f 1557/1557/1557 1556/1556/1556 1553/1553/1553
f 1551/1551/1551 1558/1558/1558 1534/1534/1534
f 1558/1558/1558 1551/1551/1551 1559/1559/1559
f 1558/1558/1558 1532/1532/1532 1534/1534/1534
f 1532/1532/1532 1558/1558/1558 1559/1559/1559
f 1560/1560/1560 1549/1549/1549 1555/1555/1555
f 1549/1549/1549 1560/1560/1560 1553/1553/1553
f 1560/1560/1560 1561/1561/1561 1553/1553/1553
f 1561/1561/1561 1560/1560/1560 1555/1555/1555
f 1451/1451/1451 1562/1562/1562 1555/1555/1555
f 1562/1562/1562 1563/1563/1563 1555/1555/1555
f 1562/1562/1562 1451/1451/1451 1442/1442/1442
f 1563/1563/1563 1562/1562/1562 1442/1442/1442
f 1564/1564/1564 1557/1557/1557 1553/1553/1553
f 1561/1561/1561 1564/1564/1564 1553/1553/1553
f 1557/1557/1557 1564/1564/1564 1565/1565/1565
f 1564/1564/1564 1561/1561/1561 1565/1565/1565
f 1566/1566/1566 1532/1532/1532 1559/1559/1559
f 1567/1567/1567 1566/1566/1566 1559/1559/1559
f 1532/1532/1532 1566/1566/1566 1530/1530/1530
f 1566/1566/1566 1567/1567/1567 1530/1530/1530
f 1563/1563/1563 1568/1568/1568 1555/1555/1555
f 1568/1568/1568 1561/1561/1561 1555/1555/1555
f 1561/1561/1561 1568/1568/1568 1569/1569/1569
f 1568/1568/1568 1563/1563/1563 1569/1569/1569
f 1570/1570/1570 1563/1563/1563 1442/1442/1442
f 1441/1441/1441 1570/1570/1570 1442/1442/1442
f 1563/1563/1563 1570/1570/1570 1571/1571/1571
f 1570/1570/1570 1441/1441/1441 1571/1571/1571
f 1561/1561/1561 1572/1572/1572 1565/1565/1565
f 1572/1572/1572 1561/1561/1561 1569/1569/1569
f 1572/1572/1572 1573/1573/1573 1565/1565/1565
f 1573/1573/1573 1572/1572/1572 1569/1569/1569
f 1567/1567/1567 1574/1574/1574 1530/1530/1530
f 1574/1574/1574 1567/1567/1567 1575/1575/1575
f 1574/1574/1574 1528/1528/1528 1530/1530/1530
f 1528/1528/1528 1574/1574/1574 1575/1575/1575
f 1576/1576/1576 1563/1563/1563 1571/1571/1571
f 1563/1563/1563 1576/1576/1576 1569/1569/1569
f 1577/1577/1577 1576/1576/1576 1571/1571/1571
f 1576/1576/1576 1577/1577/1577 1569/1569/1569
f 1441/1441/1441 1578/1578/1578 1571/1571/1571
f 1578/1578/1578 1577/1577/1577 1571/1571/1571
f 1578/1578/1578 1441/1441/1441 1579/1579/1579
f 1577/1577/1577 1578/1578/1578 1579/1579/1579
f 1580/1580/1580 1573/1573/1573 1569/1569/1569
f 1577/1577/1577 1580/1580/1580 1569/1569/1569
f 1580/1580/1580 1577/1577/1577 1581/1581/1581
f 1573/1573/1573 1580/1580/1580 1581/1581/1581
f 1582/1582/1582 1528/1528/1528 1575/1575/1575
f 1583/1583/1583 1582/1582/1582 1575/1575/1575
f 1528/1528/1528 1582/1582/1582 1522/1522/1522
f 1582/1582/1582 1583/1583/1583 1522/1522/1522
f 1441/1441/1441 1584/1584/1584 1579/1579/1579
f 1584/1584/1584 1585/1585/1585 1579/1579/1579
f 1584/1584/1584 1441/1441/1441 656/656/656
f 1585/1585/1585 1584/1584/1584 656/656/656
f 1586/1586/1586 1577/1577/1577 1579/1579/1579
f 1577/1577/1577 1586/1586/1586 1581/1581/1581
f 1587/1587/1587 1586/1586/1586 1579/1579/1579
f 1586/1586/1586 1587/1587/1587 1581/1581/1581
f 1583/1583/1583 1588/1588/1588 1522/1522/1522
f 1588/1588/1588 1521/1521/1521 1522/1522/1522
f 1585/1585/1585 1589/1589/1589 1579/1579/1579
f 1589/1589/1589 1587/1587/1587 1579/1579/1579
f 1588/1588/1588 1583/1583/1583 1590/1590/1590
f 1521/1521/1521 1588/1588/1588 1590/1590/1590
f 1589/1589/1589 1585/1585/1585 1591/1591/1591
f 1587/1587/1587 1589/1589/1589 1591/1591/1591
f 1592/1592/1592 1585/1585/1585 656/656/656
f 1593/1593/1593 1592/1592/1592 656/656/656
f 1585/1585/1585 1592/1592/1592 1594/1594/1594
f 1592/1592/1592 1593/1593/1593 1594/1594/1594
f 1585/1585/1585 1595/1595/1595 1591/1591/1591
f 1595/1595/1595 1585/1585/1585 1594/1594/1594
f 1595/1595/1595 1596/1596/1596 1591/1591/1591
f 1596/1596/1596 1595/1595/1595 1594/1594/1594
f 1597/1597/1597 1587/1587/1587 1591/1591/1591
f 1596/1596/1596 1597/1597/1597 1591/1591/1591
f 1587/1587/1587 1597/1597/1597 1598/1598/1598
f 1597/1597/1597 1596/1596/1596 1598/1598/1598
f 1599/1599/1599 1593/1593/1593 656/656/656
f 1600/1600/1600 1599/1599/1599 656/656/656
f 1593/1593/1593 1599/1599/1599 1601/1601/1601
f 1599/1599/1599 1600/1600/1600 1601/1601/1601
f 1602/1602/1602 1600/1600/1600 656/656/656
f 1603/1603/1603 1602/1602/1602 656/656/656
f 1600/1600/1600 1602/1602/1602 1604/1604/1604
f 1602/1602/1602 1603/1603/1603 1604/1604/1604
f 1605/1605/1605 1587/1587/1587 1598/1598/1598
f 1606/1606/1606 1605/1605/1605 1598/1598/1598
f 1587/1587/1587 1605/1605/1605 1581/1581/1581
f 1605/1605/1605 1606/1606/1606 1581/1581/1581
f 1606/1606/1606 1607/1607/1607 1581/1581/1581
f 1607/1607/1607 1606/1606/1606 1608/1608/1608
f 1607/1607/1607 1573/1573/1573 1581/1581/1581
f 1573/1573/1573 1607/1607/1607 1608/1608/1608
f 1609/1609/1609 1573/1573/1573 1608/1608/1608
f 1610/1610/1610 1609/1609/1609 1608/1608/1608
f 1573/1573/1573 1609/1609/1609 1565/1565/1565
f 1609/1609/1609 1610/1610/1610 1565/1565/1565
f 1610/1610/1610 1611/1611/1611 1565/1565/1565
f 1611/1611/1611 1610/1610/1610 1612/1612/1612
f 1611/1611/1611 1557/1557/1557 1565/1565/1565
f 1557/1557/1557 1611/1611/1611 1612/1612/1612
f 1613/1613/1613 1557/1557/1557 1612/1612/1612
f 1557/1557/1557 1613/1613/1613 1547/1547/1547
f 1613/1613/1613 1551/1551/1551 1547/1547/1547
f 1551/1551/1551 1613/1613/1613 1612/1612/1612
f 1614/1614/1614 1551/1551/1551 1612/1612/1612
f 1615/1615/1615 1614/1614/1614 1612/1612/1612
f 1551/1551/1551 1614/1614/1614 1559/1559/1559
f 1614/1614/1614 1615/1615/1615 1559/1559/1559
f 1610/1610/1610 1616/1616/1616 1612/1612/1612
f 1616/1616/1616 1615/1615/1615 1612/1612/1612
f 1616/1616/1616 1610/1610/1610 1617/1617/1617
f 1615/1615/1615 1616/1616/1616 1617/1617/1617
f 1618/1618/1618 1610/1610/1610 1608/1608/1608
f 1610/1610/1610 1618/1618/1618 1617/1617/1617
f 1619/1619/1619 1618/1618/1618 1608/1608/1608
f 1618/1618/1618 1619/1619/1619 1617/1617/1617
f 1615/1615/1615 1620/1620/1620 1559/1559/1559
f 1620/1620/1620 1615/1615/1615 1621/1621/1621
f 1620/1620/1620 1567/1567/1567 1559/1559/1559
f 1567/1567/1567 1620/1620/1620 1621/1621/1621
f 1622/1622/1622 1619/1619/1619 1608/1608/1608
f 1619/1619/1619 1622/1622/1622 1623/1623/1623
f 1606/1606/1606 1622/1622/1622 1608/1608/1608
f 1622/1622/1622 1606/1606/1606 1623/1623/1623
f 1624/1624/1624 1615/1615/1615 1617/1617/1617
f 1615/1615/1615 1624/1624/1624 1621/1621/1621
f 1625/1625/1625 1624/1624/1624 1617/1617/1617
f 1624/1624/1624 1625/1625/1625 1621/1621/1621
f 1626/1626/1626 1567/1567/1567 1621/1621/1621
f 1627/1627/1627 1626/1626/1626 1621/1621/1621
f 1567/1567/1567 1626/1626/1626 1575/1575/1575
f 1626/1626/1626 1627/1627/1627 1575/1575/1575
f 1619/1619/1619 1628/1628/1628 1617/1617/1617
f 1628/1628/1628 1625/1625/1625 1617/1617/1617
f 1628/1628/1628 1619/1619/1619 1629/1629/1629
f 1625/1625/1625 1628/1628/1628 1629/1629/1629
f 1606/1606/1606 1630/1630/1630 1623/1623/1623
f 1630/1630/1630 1631/1631/1631 1623/1623/1623
f 1630/1630/1630 1606/1606/1606 1598/1598/1598
f 1631/1631/1631 1630/1630/1630 1598/1598/1598
f 1632/1632/1632 1627/1627/1627 1621/1621/1621
f 1625/1625/1625 1632/1632/1632 1621/1621/1621
f 1632/1632/1632 1625/1625/1625 1633/1633/1633
f 1627/1627/1627 1632/1632/1632 1633/1633/1633
f 1627/1627/1627 1634/1634/1634 1575/1575/1575
f 1634/1634/1634 1627/1627/1627 1635/1635/1635
f 1634/1634/1634 1583/1583/1583 1575/1575/1575
f 1583/1583/1583 1634/1634/1634 1635/1635/1635
f 1636/1636/1636 1625/1625/1625 1629/1629/1629
f 1625/1625/1625 1636/1636/1636 1633/1633/1633
f 1637/1637/1637 1636/1636/1636 1629/1629/1629
f 1636/1636/1636 1637/1637/1637 1633/1633/1633
f 1638/1638/1638 1631/1631/1631 1598/1598/1598
f 1631/1631/1631 1638/1638/1638 1639/1639/1639
f 1596/1596/1596 1638/1638/1638 1598/1598/1598
f 1638/1638/1638 1596/1596/1596 1639/1639/1639
f 1640/1640/1640 1627/1627/1627 1633/1633/1633
f 1627/1627/1627 1640/1640/1640 1635/1635/1635
f 1641/1641/1641 1640/1640/1640 1633/1633/1633
f 1640/1640/1640 1641/1641/1641 1635/1635/1635
f 1642/1642/1642 1583/1583/1583 1635/1635/1635
f 1643/1643/1643 1642/1642/1642 1635/1635/1635
f 1583/1583/1583 1642/1642/1642 1590/1590/1590
f 1642/1642/1642 1643/1643/1643 1590/1590/1590
f 1637/1637/1637 1644/1644/1644 1633/1633/1633
f 1644/1644/1644 1641/1641/1641 1633/1633/1633
f 1644/1644/1644 1637/1637/1637 1645/1645/1645
f 1641/1641/1641 1644/1644/1644 1645/1645/1645
f 1596/1596/1596 1646/1646/1646 1639/1639/1639
f 1646/1646/1646 1647/1647/1647 1639/1639/1639
f 1646/1646/1646 1596/1596/1596 1594/1594/1594
f 1647/1647/1647 1646/1646/1646 1594/1594/1594
f 1648/1648/1648 1643/1643/1643 1635/1635/1635
f 1641/1641/1641 1648/1648/1648 1635/1635/1635
f 1648/1648/1648 1641/1641/1641 1649/1649/1649
f 1643/1643/1643 1648/1648/1648 1649/1649/1649
f 1643/1643/1643 1650/1650/1650 1590/1590/1590
f 1650/1650/1650 1643/1643/1643 1651/1651/1651
f 1650/1650/1650 1521/1521/1521 1590/1590/1590
f 1521/1521/1521 1650/1650/1650 1651/1651/1651
f 1652/1652/1652 1641/1641/1641 1645/1645/1645
f 1641/1641/1641 1652/1652/1652 1649/1649/1649
f 1653/1653/1653 1652/1652/1652 1645/1645/1645
f 1652/1652/1652 1653/1653/1653 1649/1649/1649
f 1654/1654/1654 1647/1647/1647 1594/1594/1594
f 1593/1593/1593 1654/1654/1654 1594/1594/1594
f 1654/1654/1654 1593/1593/1593 1655/1655/1655
f 1647/1647/1647 1654/1654/1654 1655/1655/1655
f 1656/1656/1656 1643/1643/1643 1649/1649/1649
f 1643/1643/1643 1656/1656/1656 1651/1651/1651
f 1657/1657/1657 1656/1656/1656 1649/1649/1649
f 1656/1656/1656 1657/1657/1657 1651/1651/1651
f 1658/1658/1658 1521/1521/1521 1651/1651/1651
f 1659/1659/1659 1658/1658/1658 1651/1651/1651
f 1521/1521/1521 1658/1658/1658 891/891/891
f 1658/1658/1658 1659/1659/1659 891/891/891
f 1653/1653/1653 1660/1660/1660 1649/1649/1649
f 1660/1660/1660 1657/1657/1657 1649/1649/1649
f 1660/1660/1660 1653/1653/1653 1661/1661/1661
f 1657/1657/1657 1660/1660/1660 1661/1661/1661
f 1593/1593/1593 1662/1662/1662 1655/1655/1655
f 1662/1662/1662 1663/1663/1663 1655/1655/1655
f 1662/1662/1662 1593/1593/1593 1601/1601/1601
f 1663/1663/1663 1662/1662/1662 1601/1601/1601
f 1657/1657/1657 1664/1664/1664 1651/1651/1651
f 1664/1664/1664 1659/1659/1659 1651/1651/1651
f 1664/1664/1664 1657/1657/1657 1665/1665/1665
f 1659/1659/1659 1664/1664/1664 1665/1665/1665
f 1666/1666/1666 1657/1657/1657 1661/1661/1661
f 1657/1657/1657 1666/1666/1666 1665/1665/1665
f 1666/1666/1666 1667/1667/1667 1665/1665/1665
f 1667/1667/1667 1666/1666/1666 1661/1661/1661
f 1663/1663/1663 1668/1668/1668 1655/1655/1655
f 1668/1668/1668 1663/1663/1663 1669/1669/1669
f 1668/1668/1668 1647/1647/1647 1655/1655/1655
f 1647/1647/1647 1668/1668/1668 1669/1669/1669
f 1670/1670/1670 1659/1659/1659 1665/1665/1665
f 1667/1667/1667 1670/1670/1670 1665/1665/1665
f 1659/1659/1659 1670/1670/1670 1671/1671/1671
f 1670/1670/1670 1667/1667/1667 1671/1671/1671
f 1672/1672/1672 1647/1647/1647 1669/1669/1669
f 1673/1673/1673 1672/1672/1672 1669/1669/1669
f 1647/1647/1647 1672/1672/1672 1639/1639/1639
f 1672/1672/1672 1673/1673/1673 1639/1639/1639
f 1674/1674/1674 1659/1659/1659 1671/1671/1671
f 1675/1675/1675 1674/1674/1674 1671/1671/1671
f 1659/1659/1659 1674/1674/1674 891/891/891
f 1674/1674/1674 1675/1675/1675 891/891/891
f 1673/1673/1673 1676/1676/1676 1639/1639/1639
f 1676/1676/1676 1673/1673/1673 1677/1677/1677
f 1676/1676/1676 1631/1631/1631 1639/1639/1639
f 1631/1631/1631 1676/1676/1676 1677/1677/1677
f 1678/1678/1678 1631/1631/1631 1677/1677/1677
f 1679/1679/1679 1678/1678/1678 1677/1677/1677
f 1631/1631/1631 1678/1678/1678 1623/1623/1623
f 1678/1678/1678 1679/1679/1679 1623/1623/1623
f 1679/1679/1679 1680/1680/1680 1623/1623/1623
f 1680/1680/1680 1619/1619/1619 1623/1623/1623
f 1619/1619/1619 1680/1680/1680 1629/1629/1629
f 1680/1680/1680 1679/1679/1679 1629/1629/1629
f 1679/1679/1679 1681/1681/1681 1629/1629/1629
f 1681/1681/1681 1679/1679/1679 1682/1682/1682
f 1681/1681/1681 1637/1637/1637 1629/1629/1629
f 1637/1637/1637 1681/1681/1681 1682/1682/1682
f 1683/1683/1683 1679/1679/1679 1677/1677/1677
f 1679/1679/1679 1683/1683/1683 1682/1682/1682
f 1684/1684/1684 1683/1683/1683 1677/1677/1677
f 1683/1683/1683 1684/1684/1684 1682/1682/1682
f 1673/1673/1673 1685/1685/1685 1677/1677/1677
f 1685/1685/1685 1684/1684/1684 1677/1677/1677
f 1685/1685/1685 1673/1673/1673 1686/1686/1686
f 1684/1684/1684 1685/1685/1685 1686/1686/1686
f 1687/1687/1687 1637/1637/1637 1682/1682/1682
f 1688/1688/1688 1687/1687/1687 1682/1682/1682
f 1637/1637/1637 1687/1687/1687 1645/1645/1645
f 1687/1687/1687 1688/1688/1688 1645/1645/1645
f 1673/1673/1673 1689/1689/1689 1686/1686/1686
f 1689/1689/1689 1690/1690/1690 1686/1686/1686
f 1689/1689/1689 1673/1673/1673 1669/1669/1669
f 1690/1690/1690 1689/1689/1689 1669/1669/1669
f 1684/1684/1684 1691/1691/1691 1682/1682/1682
f 1691/1691/1691 1688/1688/1688 1682/1682/1682
f 1691/1691/1691 1684/1684/1684 1692/1692/1692
f 1688/1688/1688 1691/1691/1691 1692/1692/1692
f 1688/1688/1688 1693/1693/1693 1645/1645/1645
f 1693/1693/1693 1688/1688/1688 1694/1694/1694
f 1693/1693/1693 1653/1653/1653 1645/1645/1645
f 1653/1653/1653 1693/1693/1693 1694/1694/1694
f 1695/1695/1695 1684/1684/1684 1686/1686/1686
f 1684/1684/1684 1695/1695/1695 1692/1692/1692
f 1696/1696/1696 1695/1695/1695 1686/1686/1686
f 1695/1695/1695 1696/1696/1696 1692/1692/1692
f 1697/1697/1697 1690/1690/1690 1669/1669/1669
f 1690/1690/1690 1697/1697/1697 1698/1698/1698
f 1663/1663/1663 1697/1697/1697 1669/1669/1669
f 1697/1697/1697 1663/1663/1663 1698/1698/1698
f 1688/1688/1688 1699/1699/1699 1694/1694/1694
f 1699/1699/1699 1688/1688/1688 1692/1692/1692
f 1700/1700/1700 1699/1699/1699 1692/1692/1692
f 1699/1699/1699 1700/1700/1700 1694/1694/1694
f 1701/1701/1701 1653/1653/1653 1694/1694/1694
f 1702/1702/1702 1701/1701/1701 1694/1694/1694
f 1653/1653/1653 1701/1701/1701 1661/1661/1661
f 1701/1701/1701 1702/1702/1702 1661/1661/1661
f 1696/1696/1696 1703/1703/1703 1692/1692/1692
f 1703/1703/1703 1700/1700/1700 1692/1692/1692
f 1703/1703/1703 1696/1696/1696 1704/1704/1704
f 1700/1700/1700 1703/1703/1703 1704/1704/1704
f 1663/1663/1663 1705/1705/1705 1698/1698/1698
f 1705/1705/1705 1706/1706/1706 1698/1698/1698
f 1705/1705/1705 1663/1663/1663 1601/1601/1601
f 1706/1706/1706 1705/1705/1705 1601/1601/1601
f 1707/1707/1707 1702/1702/1702 1694/1694/1694
f 1700/1700/1700 1707/1707/1707 1694/1694/1694
f 1707/1707/1707 1700/1700/1700 1708/1708/1708
f 1702/1702/1702 1707/1707/1707 1708/1708/1708
f 1702/1702/1702 1709/1709/1709 1661/1661/1661
f 1709/1709/1709 1702/1702/1702 1710/1710/1710
f 1709/1709/1709 1667/1667/1667 1661/1661/1661
f 1667/1667/1667 1709/1709/1709 1710/1710/1710
f 1711/1711/1711 1700/1700/1700 1704/1704/1704
f 1700/1700/1700 1711/1711/1711 1708/1708/1708
f 1712/1712/1712 1711/1711/1711 1704/1704/1704
f 1711/1711/1711 1712/1712/1712 1708/1708/1708
f 1713/1713/1713 1706/1706/1706 1601/1601/1601
f 1600/1600/1600 1713/1713/1713 1601/1601/1601
f 1713/1713/1713 1600/1600/1600 1714/1714/1714
f 1706/1706/1706 1713/1713/1713 1714/1714/1714
f 1715/1715/1715 1702/1702/1702 1708/1708/1708
f 1702/1702/1702 1715/1715/1715 1710/1710/1710
f 1716/1716/1716 1715/1715/1715 1708/1708/1708
f 1715/1715/1715 1716/1716/1716 1710/1710/1710
f 1717/1717/1717 1667/1667/1667 1710/1710/1710
f 1718/1718/1718 1717/1717/1717 1710/1710/1710
f 1667/1667/1667 1717/1717/1717 1671/1671/1671
f 1717/1717/1717 1718/1718/1718 1671/1671/1671
f 1712/1712/1712 1719/1719/1719 1708/1708/1708
f 1719/1719/1719 1716/1716/1716 1708/1708/1708
f 1719/1719/1719 1712/1712/1712 1720/1720/1720
f 1716/1716/1716 1719/1719/1719 1720/1720/1720
f 1600/1600/1600 1721/1721/1721 1714/1714/1714
f 1721/1721/1721 1722/1722/1722 1714/1714/1714
f 1721/1721/1721 1600/1600/1600 1604/1604/1604
f 1722/1722/1722 1721/1721/1721 1604/1604/1604
f 1716/1716/1716 1723/1723/1723 1710/1710/1710
f 1723/1723/1723 1718/1718/1718 1710/1710/1710
f 1723/1723/1723 1716/1716/1716 1724/1724/1724
f 1718/1718/1718 1723/1723/1723 1724/1724/1724
f 1718/1718/1718 1725/1725/1725 1671/1671/1671
f 1725/1725/1725 1675/1675/1675 1671/1671/1671
f 1725/1725/1725 1718/1718/1718 1726/1726/1726
f 1675/1675/1675 1725/1725/1725 1726/1726/1726
f 1727/1727/1727 1716/1716/1716 1720/1720/1720
f 1716/1716/1716 1727/1727/1727 1724/1724/1724
f 1728/1728/1728 1727/1727/1727 1720/1720/1720
f 1727/1727/1727 1728/1728/1728 1724/1724/1724
f 1718/1718/1718 1729/1729/1729 1726/1726/1726
f 1729/1729/1729 1718/1718/1718 1724/1724/1724
f 1729/1729/1729 1730/1730/1730 1726/1726/1726
f 1730/1730/1730 1729/1729/1729 1724/1724/1724
f 1731/1731/1731 1675/1675/1675 1726/1726/1726
f 1730/1730/1730 1731/1731/1731 1726/1726/1726
f 1675/1675/1675 1731/1731/1731 1732/1732/1732
f 1731/1731/1731 1730/1730/1730 1732/1732/1732
f 1728/1728/1728 1733/1733/1733 1724/1724/1724
f 1733/1733/1733 1730/1730/1730 1724/1724/1724
f 1730/1730/1730 1733/1733/1733 1734/1734/1734
f 1733/1733/1733 1728/1728/1728 1734/1734/1734
f 1735/1735/1735 1675/1675/1675 1732/1732/1732
f 1736/1736/1736 1735/1735/1735 1732/1732/1732
f 1675/1675/1675 1735/1735/1735 891/891/891
f 1735/1735/1735 1736/1736/1736 891/891/891
f 1736/1736/1736 1737/1737/1737 891/891/891
f 1737/1737/1737 1738/1738/1738 891/891/891
f 1737/1737/1737 1736/1736/1736 1739/1739/1739
f 1738/1738/1738 1737/1737/1737 1739/1739/1739
f 1740/1740/1740 1730/1730/1730 1734/1734/1734
f 1730/1730/1730 1740/1740/1740 1732/1732/1732
f 1740/1740/1740 1741/1741/1741 1732/1732/1732
f 1741/1741/1741 1740/1740/1740 1734/1734/1734
f 1742/1742/1742 1736/1736/1736 1732/1732/1732
f 1741/1741/1741 1742/1742/1742 1732/1732/1732
f 1736/1736/1736 1742/1742/1742 1743/1743/1743
f 1742/1742/1742 1741/1741/1741 1743/1743/1743
f 1736/1736/1736 1744/1744/1744 1739/1739/1739
f 1744/1744/1744 1736/1736/1736 1743/1743/1743
f 1745/1745/1745 1744/1744/1744 1743/1743/1743
f 1744/1744/1744 1745/1745/1745 1739/1739/1739
f 1741/1741/1741 1746/1746/1746 1743/1743/1743
f 1746/1746/1746 1745/1745/1745 1743/1743/1743
f 1746/1746/1746 1741/1741/1741 1747/1747/1747
f 1745/1745/1745 1746/1746/1746 1747/1747/1747
f 1748/1748/1748 1741/1741/1741 1734/1734/1734
f 1741/1741/1741 1748/1748/1748 1747/1747/1747
f 1749/1749/1749 1748/1748/1748 1734/1734/1734
f 1748/1748/1748 1749/1749/1749 1747/1747/1747
f 1750/1750/1750 1749/1749/1749 1734/1734/1734
f 1749/1749/1749 1750/1750/1750 1751/1751/1751
f 1728/1728/1728 1750/1750/1750 1734/1734/1734
f 1750/1750/1750 1728/1728/1728 1751/1751/1751
f 1728/1728/1728 1752/1752/1752 1751/1751/1751
f 1752/1752/1752 1753/1753/1753 1751/1751/1751
f 1752/1752/1752 1728/1728/1728 1720/1720/1720
f 1753/1753/1753 1752/1752/1752 1720/1720/1720
f 1754/1754/1754 1753/1753/1753 1720/1720/1720
f 1753/1753/1753 1754/1754/1754 1755/1755/1755
f 1712/1712/1712 1754/1754/1754 1720/1720/1720
f 1754/1754/1754 1712/1712/1712 1755/1755/1755
f 1712/1712/1712 1756/1756/1756 1755/1755/1755
f 1756/1756/1756 1757/1757/1757 1755/1755/1755
f 1756/1756/1756 1712/1712/1712 1704/1704/1704
f 1757/1757/1757 1756/1756/1756 1704/1704/1704
f 1758/1758/1758 1757/1757/1757 1704/1704/1704
f 1757/1757/1757 1758/1758/1758 1759/1759/1759
f 1696/1696/1696 1758/1758/1758 1704/1704/1704
f 1758/1758/1758 1696/1696/1696 1759/1759/1759
f 1696/1696/1696 1760/1760/1760 1759/1759/1759
f 1760/1760/1760 1696/1696/1696 1686/1686/1686
f 1690/1690/1690 1760/1760/1760 1686/1686/1686
f 1760/1760/1760 1690/1690/1690 1759/1759/1759
f 1690/1690/1690 1761/1761/1761 1759/1759/1759
f 1761/1761/1761 1762/1762/1762 1759/1759/1759
f 1761/1761/1761 1690/1690/1690 1698/1698/1698
f 1762/1762/1762 1761/1761/1761 1698/1698/1698
f 1763/1763/1763 1757/1757/1757 1759/1759/1759
f 1762/1762/1762 1763/1763/1763 1759/1759/1759
f 1757/1757/1757 1763/1763/1763 1764/1764/1764
f 1763/1763/1763 1762/1762/1762 1764/1764/1764
f 1757/1757/1757 1765/1765/1765 1755/1755/1755
f 1765/1765/1765 1757/1757/1757 1764/1764/1764
f 1765/1765/1765 1766/1766/1766 1755/1755/1755
f 1766/1766/1766 1765/1765/1765 1764/1764/1764
f 1767/1767/1767 1762/1762/1762 1698/1698/1698
f 1762/1762/1762 1767/1767/1767 1768/1768/1768
f 1706/1706/1706 1767/1767/1767 1698/1698/1698
f 1767/1767/1767 1706/1706/1706 1768/1768/1768
f 1766/1766/1766 1769/1769/1769 1755/1755/1755
f 1769/1769/1769 1766/1766/1766 1770/1770/1770
f 1769/1769/1769 1753/1753/1753 1755/1755/1755
f 1753/1753/1753 1769/1769/1769 1770/1770/1770
f 1762/1762/1762 1771/1771/1771 1764/1764/1764
f 1771/1771/1771 1762/1762/1762 1768/1768/1768
f 1771/1771/1771 1772/1772/1772 1764/1764/1764
f 1772/1772/1772 1771/1771/1771 1768/1768/1768
f 1706/1706/1706 1773/1773/1773 1768/1768/1768
f 1773/1773/1773 1706/1706/1706 1714/1714/1714
f 1722/1722/1722 1773/1773/1773 1714/1714/1714
f 1773/1773/1773 1722/1722/1722 1768/1768/1768
f 1774/1774/1774 1766/1766/1766 1764/1764/1764
f 1772/1772/1772 1774/1774/1774 1764/1764/1764
f 1766/1766/1766 1774/1774/1774 1775/1775/1775
f 1774/1774/1774 1772/1772/1772 1775/1775/1775
f 1776/1776/1776 1753/1753/1753 1770/1770/1770
f 1777/1777/1777 1776/1776/1776 1770/1770/1770
f 1753/1753/1753 1776/1776/1776 1751/1751/1751
f 1776/1776/1776 1777/1777/1777 1751/1751/1751
f 1778/1778/1778 1772/1772/1772 1768/1768/1768
f 1722/1722/1722 1778/1778/1778 1768/1768/1768
f 1772/1772/1772 1778/1778/1778 1779/1779/1779
f 1778/1778/1778 1722/1722/1722 1779/1779/1779
f 1780/1780/1780 1766/1766/1766 1775/1775/1775
f 1766/1766/1766 1780/1780/1780 1770/1770/1770
f 1780/1780/1780 1781/1781/1781 1770/1770/1770
f 1781/1781/1781 1780/1780/1780 1775/1775/1775
f 1777/1777/1777 1782/1782/1782 1751/1751/1751
f 1782/1782/1782 1777/1777/1777 1783/1783/1783
f 1782/1782/1782 1749/1749/1749 1751/1751/1751
f 1749/1749/1749 1782/1782/1782 1783/1783/1783
f 1784/1784/1784 1772/1772/1772 1779/1779/1779
f 1772/1772/1772 1784/1784/1784 1775/1775/1775
f 1784/1784/1784 1785/1785/1785 1775/1775/1775
f 1785/1785/1785 1784/1784/1784 1779/1779/1779
f 1722/1722/1722 1786/1786/1786 1779/1779/1779
f 1786/1786/1786 1787/1787/1787 1779/1779/1779
f 1786/1786/1786 1722/1722/1722 1604/1604/1604
f 1787/1787/1787 1786/1786/1786 1604/1604/1604
f 1788/1788/1788 1781/1781/1781 1775/1775/1775
f 1785/1785/1785 1788/1788/1788 1775/1775/1775
f 1781/1781/1781 1788/1788/1788 1789/1789/1789
f 1788/1788/1788 1785/1785/1785 1789/1789/1789
f 1790/1790/1790 1749/1749/1749 1783/1783/1783
f 1791/1791/1791 1790/1790/1790 1783/1783/1783
f 1749/1749/1749 1790/1790/1790 1747/1747/1747
f 1790/1790/1790 1791/1791/1791 1747/1747/1747
f 1787/1787/1787 1792/1792/1792 1779/1779/1779
f 1792/1792/1792 1785/1785/1785 1779/1779/1779
f 1785/1785/1785 1792/1792/1792 1793/1793/1793
f 1792/1792/1792 1787/1787/1787 1793/1793/1793
f 1794/1794/1794 1787/1787/1787 1604/1604/1604
f 1603/1603/1603 1794/1794/1794 1604/1604/1604
f 1787/1787/1787 1794/1794/1794 1795/1795/1795
f 1794/1794/1794 1603/1603/1603 1795/1795/1795
f 1785/1785/1785 1796/1796/1796 1789/1789/1789
f 1796/1796/1796 1785/1785/1785 1793/1793/1793
f 1796/1796/1796 1797/1797/1797 1789/1789/1789
f 1797/1797/1797 1796/1796/1796 1793/1793/1793
f 1791/1791/1791 1798/1798/1798 1747/1747/1747
f 1798/1798/1798 1791/1791/1791 1799/1799/1799
f 1798/1798/1798 1745/1745/1745 1747/1747/1747
f 1745/1745/1745 1798/1798/1798 1799/1799/1799
f 1800/1800/1800 1787/1787/1787 1795/1795/1795
f 1787/1787/1787 1800/1800/1800 1793/1793/1793
f 1801/1801/1801 1800/1800/1800 1795/1795/1795
f 1800/1800/1800 1801/1801/1801 1793/1793/1793
f 1603/1603/1603 1802/1802/1802 1795/1795/1795
f 1802/1802/1802 1801/1801/1801 1795/1795/1795
f 1802/1802/1802 1603/1603/1603 1803/1803/1803
f 1801/1801/1801 1802/1802/1802 1803/1803/1803
f 1804/1804/1804 1797/1797/1797 1793/1793/1793
f 1801/1801/1801 1804/1804/1804 1793/1793/1793
f 1804/1804/1804 1801/1801/1801 1805/1805/1805
f 1797/1797/1797 1804/1804/1804 1805/1805/1805
f 1806/1806/1806 1745/1745/1745 1799/1799/1799
f 1807/1807/1807 1806/1806/1806 1799/1799/1799
f 1745/1745/1745 1806/1806/1806 1739/1739/1739
f 1806/1806/1806 1807/1807/1807 1739/1739/1739
f 1603/1603/1603 1808/1808/1808 1803/1803/1803
f 1808/1808/1808 1809/1809/1809 1803/1803/1803
f 1808/1808/1808 1603/1603/1603 656/656/656
f 1809/1809/1809 1808/1808/1808 656/656/656
f 1810/1810/1810 1801/1801/1801 1803/1803/1803
f 1801/1801/1801 1810/1810/1810 1805/1805/1805
f 1811/1811/1811 1810/1810/1810 1803/1803/1803
f 1810/1810/1810 1811/1811/1811 1805/1805/1805
f 1807/1807/1807 1812/1812/1812 1739/1739/1739
f 1812/1812/1812 1738/1738/1738 1739/1739/1739
f 1809/1809/1809 1813/1813/1813 1803/1803/1803
f 1813/1813/1813 1811/1811/1811 1803/1803/1803
f 1812/1812/1812 1807/1807/1807 1814/1814/1814
f 1738/1738/1738 1812/1812/1812 1814/1814/1814
f 1813/1813/1813 1809/1809/1809 1815/1815/1815
f 1811/1811/1811 1813/1813/1813 1815/1815/1815
f 1816/1816/1816 1809/1809/1809 656/656/656
f 1817/1817/1817 1816/1816/1816 656/656/656
f 1809/1809/1809 1816/1816/1816 1818/1818/1818
f 1816/1816/1816 1817/1817/1817 1818/1818/1818
f 1809/1809/1809 1819/1819/1819 1815/1815/1815
f 1819/1819/1819 1809/1809/1809 1818/1818/1818
f 1819/1819/1819 1820/1820/1820 1815/1815/1815
f 1820/1820/1820 1819/1819/1819 1818/1818/1818
f 1821/1821/1821 1811/1811/1811 1815/1815/1815
f 1820/1820/1820 1821/1821/1821 1815/1815/1815
f 1811/1811/1811 1821/1821/1821 1822/1822/1822
f 1821/1821/1821 1820/1820/1820 1822/1822/1822
f 1823/1823/1823 1817/1817/1817 656/656/656
f 1824/1824/1824 1823/1823/1823 656/656/656
f 1817/1817/1817 1823/1823/1823 1825/1825/1825
f 1823/1823/1823 1824/1824/1824 1825/1825/1825
f 1826/1826/1826 1824/1824/1824 656/656/656
f 1827/1827/1827 1826/1826/1826 656/656/656
f 1824/1824/1824 1826/1826/1826 1828/1828/1828
f 1826/1826/1826 1827/1827/1827 1828/1828/1828
f 1829/1829/1829 1811/1811/1811 1822/1822/1822
f 1830/1830/1830 1829/1829/1829 1822/1822/1822
f 1811/1811/1811 1829/1829/1829 1805/1805/1805
f 1829/1829/1829 1830/1830/1830 1805/1805/1805
f 1830/1830/1830 1831/1831/1831 1805/1805/1805
f 1831/1831/1831 1830/1830/1830 1832/1832/1832
f 1831/1831/1831 1797/1797/1797 1805/1805/1805
f 1797/1797/1797 1831/1831/1831 1832/1832/1832
f 1833/1833/1833 1797/1797/1797 1832/1832/1832
f 1834/1834/1834 1833/1833/1833 1832/1832/1832
f 1797/1797/1797 1833/1833/1833 1789/1789/1789
f 1833/1833/1833 1834/1834/1834 1789/1789/1789
f 1834/1834/1834 1835/1835/1835 1789/1789/1789
f 1835/1835/1835 1834/1834/1834 1836/1836/1836
f 1835/1835/1835 1781/1781/1781 1789/1789/1789
f 1781/1781/1781 1835/1835/1835 1836/1836/1836
f 1837/1837/1837 1781/1781/1781 1836/1836/1836
f 1781/1781/1781 1837/1837/1837 1770/1770/1770
f 1837/1837/1837 1777/1777/1777 1770/1770/1770
f 1777/1777/1777 1837/1837/1837 1836/1836/1836
f 1838/1838/1838 1777/1777/1777 1836/1836/1836
f 1839/1839/1839 1838/1838/1838 1836/1836/1836
f 1777/1777/1777 1838/1838/1838 1783/1783/1783
f 1838/1838/1838 1839/1839/1839 1783/1783/1783
f 1834/1834/1834 1840/1840/1840 1836/1836/1836
f 1840/1840/1840 1839/1839/1839 1836/1836/1836
f 1840/1840/1840 1834/1834/1834 1841/1841/1841
f 1839/1839/1839 1840/1840/1840 1841/1841/1841
f 1842/1842/1842 1834/1834/1834 1832/1832/1832
f 1834/1834/1834 1842/1842/1842 1841/1841/1841
f 1843/1843/1843 1842/1842/1842 1832/1832/1832
f 1842/1842/1842 1843/1843/1843 1841/1841/1841
f 1839/1839/1839 1844/1844/1844 1783/1783/1783
f 1844/1844/1844 1839/1839/1839 1845/1845/1845
f 1844/1844/1844 1791/1791/1791 1783/1783/1783
f 1791/1791/1791 1844/1844/1844 1845/1845/1845
f 1846/1846/1846 1843/1843/1843 1832/1832/1832
f 1843/1843/1843 1846/1846/1846 1847/1847/1847
f 1830/1830/1830 1846/1846/1846 1832/1832/1832
f 1846/1846/1846 1830/1830/1830 1847/1847/1847
f 1848/1848/1848 1839/1839/1839 1841/1841/1841
f 1839/1839/1839 1848/1848/1848 1845/1845/1845
f 1849/1849/1849 1848/1848/1848 1841/1841/1841
f 1848/1848/1848 1849/1849/1849 1845/1845/1845
f 1850/1850/1850 1791/1791/1791 1845/1845/1845
f 1851/1851/1851 1850/1850/1850 1845/1845/1845
f 1791/1791/1791 1850/1850/1850 1799/1799/1799
f 1850/1850/1850 1851/1851/1851 1799/1799/1799
f 1843/1843/1843 1852/1852/1852 1841/1841/1841
f 1852/1852/1852 1849/1849/1849 1841/1841/1841
f 1852/1852/1852 1843/1843/1843 1853/1853/1853
f 1849/1849/1849 1852/1852/1852 1853/1853/1853
f 1830/1830/1830 1854/1854/1854 1847/1847/1847
f 1854/1854/1854 1855/1855/1855 1847/1847/1847
f 1854/1854/1854 1830/1830/1830 1822/1822/1822
f 1855/1855/1855 1854/1854/1854 1822/1822/1822
f 1856/1856/1856 1851/1851/1851 1845/1845/1845
f 1849/1849/1849 1856/1856/1856 1845/1845/1845
f 1856/1856/1856 1849/1849/1849 1857/1857/1857
f 1851/1851/1851 1856/1856/1856 1857/1857/1857
f 1851/1851/1851 1858/1858/1858 1799/1799/1799
f 1858/1858/1858 1851/1851/1851 1859/1859/1859
f 1858/1858/1858 1807/1807/1807 1799/1799/1799
f 1807/1807/1807 1858/1858/1858 1859/1859/1859
f 1860/1860/1860 1849/1849/1849 1853/1853/1853
f 1849/1849/1849 1860/1860/1860 1857/1857/1857
f 1861/1861/1861 1860/1860/1860 1853/1853/1853
f 1860/1860/1860 1861/1861/1861 1857/1857/1857
f 1862/1862/1862 1855/1855/1855 1822/1822/1822
f 1855/1855/1855 1862/1862/1862 1863/1863/1863
f 1820/1820/1820 1862/1862/1862 1822/1822/1822
f 1862/1862/1862 1820/1820/1820 1863/1863/1863
f 1864/1864/1864 1851/1851/1851 1857/1857/1857
f 1851/1851/1851 1864/1864/1864 1859/1859/1859
f 1865/1865/1865 1864/1864/1864 1857/1857/1857
f 1864/1864/1864 1865/1865/1865 1859/1859/1859
f 1866/1866/1866 1807/1807/1807 1859/1859/1859
f 1867/1867/1867 1866/1866/1866 1859/1859/1859
f 1807/1807/1807 1866/1866/1866 1814/1814/1814
f 1866/1866/1866 1867/1867/1867 1814/1814/1814
f 1861/1861/1861 1868/1868/1868 1857/1857/1857
f 1868/1868/1868 1865/1865/1865 1857/1857/1857
f 1868/1868/1868 1861/1861/1861 1869/1869/1869
f 1865/1865/1865 1868/1868/1868 1869/1869/1869
f 1820/1820/1820 1870/1870/1870 1863/1863/1863
f 1870/1870/1870 1871/1871/1871 1863/1863/1863
f 1870/1870/1870 1820/1820/1820 1818/1818/1818
f 1871/1871/1871 1870/1870/1870 1818/1818/1818
f 1872/1872/1872 1867/1867/1867 1859/1859/1859
f 1865/1865/1865 1872/1872/1872 1859/1859/1859
f 1872/1872/1872 1865/1865/1865 1873/1873/1873
f 1867/1867/1867 1872/1872/1872 1873/1873/1873
f 1867/1867/1867 1874/1874/1874 1814/1814/1814
f 1874/1874/1874 1867/1867/1867 1875/1875/1875
f 1874/1874/1874 1738/1738/1738 1814/1814/1814
f 1738/1738/1738 1874/1874/1874 1875/1875/1875
f 1876/1876/1876 1865/1865/1865 1869/1869/1869
f 1865/1865/1865 1876/1876/1876 1873/1873/1873
f 1877/1877/1877 1876/1876/1876 1869/1869/1869
f 1876/1876/1876 1877/1877/1877 1873/1873/1873
f 1878/1878/1878 1871/1871/1871 1818/1818/1818
f 1817/1817/1817 1878/1878/1878 1818/1818/1818
f 1878/1878/1878 1817/1817/1817 1879/1879/1879
f 1871/1871/1871 1878/1878/1878 1879/1879/1879
f 1880/1880/1880 1867/1867/1867 1873/1873/1873
f 1867/1867/1867 1880/1880/1880 1875/1875/1875
f 1881/1881/1881 1880/1880/1880 1873/1873/1873
f 1880/1880/1880 1881/1881/1881 1875/1875/1875
f 1882/1882/1882 1738/1738/1738 1875/1875/1875
f 1883/1883/1883 1882/1882/1882 1875/1875/1875
f 1738/1738/1738 1882/1882/1882 891/891/891
f 1882/1882/1882 1883/1883/1883 891/891/891
f 1877/1877/1877 1884/1884/1884 1873/1873/1873
f 1884/1884/1884 1881/1881/1881 1873/1873/1873
f 1884/1884/1884 1877/1877/1877 1885/1885/1885
f 1881/1881/1881 1884/1884/1884 1885/1885/1885
f 1817/1817/1817 1886/1886/1886 1879/1879/1879
f 1886/1886/1886 1887/1887/1887 1879/1879/1879
f 1886/1886/1886 1817/1817/1817 1825/1825/1825
f 1887/1887/1887 1886/1886/1886 1825/1825/1825
f 1881/1881/1881 1888/1888/1888 1875/1875/1875
f 1888/1888/1888 1883/1883/1883 1875/1875/1875
f 1888/1888/1888 1881/1881/1881 1889/1889/1889
f 1883/1883/1883 1888/1888/1888 1889/1889/1889
f 1890/1890/1890 1881/1881/1881 1885/1885/1885
f 1881/1881/1881 1890/1890/1890 1889/1889/1889
f 1890/1890/1890 1891/1891/1891 1889/1889/1889
f 1891/1891/1891 1890/1890/1890 1885/1885/1885
f 1887/1887/1887 1892/1892/1892 1879/1879/1879
f 1892/1892/1892 1887/1887/1887 1893/1893/1893
f 1892/1892/1892 1871/1871/1871 1879/1879/1879
f 1871/1871/1871 1892/1892/1892 1893/1893/1893
f 1894/1894/1894 1883/1883/1883 1889/1889/1889
f 1891/1891/1891 1894/1894/1894 1889/1889/1889
f 1883/1883/1883 1894/1894/1894 1895/1895/1895
f 1894/1894/1894 1891/1891/1891 1895/1895/1895
f 1896/1896/1896 1871/1871/1871 1893/1893/1893
f 1897/1897/1897 1896/1896/1896 1893/1893/1893
f 1871/1871/1871 1896/1896/1896 1863/1863/1863
f 1896/1896/1896 1897/1897/1897 1863/1863/1863
f 1898/1898/1898 1883/1883/1883 1895/1895/1895
f 1899/1899/1899 1898/1898/1898 1895/1895/1895
f 1883/1883/1883 1898/1898/1898 891/891/891
f 1898/1898/1898 1899/1899/1899 891/891/891
f 1897/1897/1897 1900/1900/1900 1863/1863/1863
f 1900/1900/1900 1897/1897/1897 1901/1901/1901
f 1900/1900/1900 1855/1855/1855 1863/1863/1863
f 1855/1855/1855 1900/1900/1900 1901/1901/1901
f 1902/1902/1902 1855/1855/1855 1901/1901/1901
f 1903/1903/1903 1902/1902/1902 1901/1901/1901
f 1855/1855/1855 1902/1902/1902 1847/1847/1847
f 1902/1902/1902 1903/1903/1903 1847/1847/1847
f 1903/1903/1903 1904/1904/1904 1847/1847/1847
f 1904/1904/1904 1843/1843/1843 1847/1847/1847
f 1843/1843/1843 1904/1904/1904 1853/1853/1853
f 1904/1904/1904 1903/1903/1903 1853/1853/1853
f 1903/1903/1903 1905/1905/1905 1853/1853/1853
f 1905/1905/1905 1903/1903/1903 1906/1906/1906
f 1905/1905/1905 1861/1861/1861 1853/1853/1853
f 1861/1861/1861 1905/1905/1905 1906/1906/1906
f 1907/1907/1907 1903/1903/1903 1901/1901/1901
f 1903/1903/1903 1907/1907/1907 1906/1906/1906
f 1908/1908/1908 1907/1907/1907 1901/1901/1901
f 1907/1907/1907 1908/1908/1908 1906/1906/1906
f 1897/1897/1897 1909/1909/1909 1901/1901/1901
f 1909/1909/1909 1908/1908/1908 1901/1901/1901
f 1909/1909/1909 1897/1897/1897 1910/1910/1910
f 1908/1908/1908 1909/1909/1909 1910/1910/1910
f 1911/1911/1911 1861/1861/1861 1906/1906/1906
f 1912/1912/1912 1911/1911/1911 1906/1906/1906
f 1861/1861/1861 1911/1911/1911 1869/1869/1869
f 1911/1911/1911 1912/1912/1912 1869/1869/1869
f 1897/1897/1897 1913/1913/1913 1910/1910/1910
f 1913/1913/1913 1914/1914/1914 1910/1910/1910
f 1913/1913/1913 1897/1897/1897 1893/1893/1893
f 1914/1914/1914 1913/1913/1913 1893/1893/1893
f 1908/1908/1908 1915/1915/1915 1906/1906/1906
f 1915/1915/1915 1912/1912/1912 1906/1906/1906
f 1915/1915/1915 1908/1908/1908 1916/1916/1916
f 1912/1912/1912 1915/1915/1915 1916/1916/1916
f 1912/1912/1912 1917/1917/1917 1869/1869/1869
f 1917/1917/1917 1912/1912/1912 1918/1918/1918
f 1917/1917/1917 1877/1877/1877 1869/1869/1869
f 1877/1877/1877 1917/1917/1917 1918/1918/1918
f 1919/1919/1919 1908/1908/1908 1910/1910/1910
f 1908/1908/1908 1919/1919/1919 1916/1916/1916
f 1920/1920/1920 1919/1919/1919 1910/1910/1910
f 1919/1919/1919 1920/1920/1920 1916/1916/1916
f 1921/1921/1921 1914/1914/1914 1893/1893/1893
f 1914/1914/1914 1921/1921/1921 1922/1922/1922
f 1887/1887/1887 1921/1921/1921 1893/1893/1893
f 1921/1921/1921 1887/1887/1887 1922/1922/1922
f 1912/1912/1912 1923/1923/1923 1918/1918/1918
f 1923/1923/1923 1912/1912/1912 1916/1916/1916
f 1924/1924/1924 1923/1923/1923 1916/1916/1916
f 1923/1923/1923 1924/1924/1924 1918/1918/1918
f 1925/1925/1925 1877/1877/1877 1918/1918/1918
f 1926/1926/1926 1925/1925/1925 1918/1918/1918
f 1877/1877/1877 1925/1925/1925 1885/1885/1885
f 1925/1925/1925 1926/1926/1926 1885/1885/1885
f 1920/1920/1920 1927/1927/1927 1916/1916/1916
f 1927/1927/1927 1924/1924/1924 1916/1916/1916
f 1927/1927/1927 1920/1920/1920 1928/1928/1928
f 1924/1924/1924 1927/1927/1927 1928/1928/1928
f 1887/1887/1887 1929/1929/1929 1922/1922/1922
f 1929/1929/1929 1930/1930/1930 1922/1922/1922
f 1929/1929/1929 1887/1887/1887 1825/1825/1825
f 1930/1930/1930 1929/1929/1929 1825/1825/1825
f 1931/1931/1931 1926/1926/1926 1918/1918/1918
f 1924/1924/1924 1931/1931/1931 1918/1918/1918
f 1931/1931/1931 1924/1924/1924 1932/1932/1932
f 1926/1926/1926 1931/1931/1931 1932/1932/1932
f 1926/1926/1926 1933/1933/1933 1885/1885/1885
f 1933/1933/1933 1926/1926/1926 1934/1934/1934
f 1933/1933/1933 1891/1891/1891 1885/1885/1885
f 1891/1891/1891 1933/1933/1933 1934/1934/1934
f 1935/1935/1935 1924/1924/1924 1928/1928/1928
f 1924/1924/1924 1935/1935/1935 1932/1932/1932
f 1936/1936/1936 1935/1935/1935 1928/1928/1928
f 1935/1935/1935 1936/1936/1936 1932/1932/1932
f 1937/1937/1937 1930/1930/1930 1825/1825/1825
f 1824/1824/1824 1937/1937/1937 1825/1825/1825
f 1937/1937/1937 1824/1824/1824 1938/1938/1938
f 1930/1930/1930 1937/1937/1937 1938/1938/1938
f 1939/1939/1939 1926/1926/1926 1932/1932/1932
f 1926/1926/1926 1939/1939/1939 1934/1934/1934
f 1940/1940/1940 1939/1939/1939 1932/1932/1932
f 1939/1939/1939 1940/1940/1940 1934/1934/1934
f 1941/1941/1941 1891/1891/1891 1934/1934/1934
f 1942/1942/1942 1941/1941/1941 1934/1934/1934
f 1891/1891/1891 1941/1941/1941 1895/1895/1895
f 1941/1941/1941 1942/1942/1942 1895/1895/1895
f 1936/1936/1936 1943/1943/1943 1932/1932/1932
f 1943/1943/1943 1940/1940/1940 1932/1932/1932
f 1943/1943/1943 1936/1936/1936 1944/1944/1944
f 1940/1940/1940 1943/1943/1943 1944/1944/1944
f 1824/1824/1824 1945/1945/1945 1938/1938/1938
f 1945/1945/1945 1946/1946/1946 1938/1938/1938
f 1945/1945/1945 1824/1824/1824 1828/1828/1828
f 1946/1946/1946 1945/1945/1945 1828/1828/1828
f 1940/1940/1940 1947/1947/1947 1934/1934/1934
f 1947/1947/1947 1942/1942/1942 1934/1934/1934
f 1947/1947/1947 1940/1940/1940 1948/1948/1948
f 1942/1942/1942 1947/1947/1947 1948/1948/1948
f 1942/1942/1942 1949/1949/1949 1895/1895/1895
f 1949/1949/1949 1899/1899/1899 1895/1895/1895
f 1949/1949/1949 1942/1942/1942 1950/1950/1950
f 1899/1899/1899 1949/1949/1949 1950/1950/1950
f 1951/1951/1951 1940/1940/1940 1944/1944/1944
f 1940/1940/1940 1951/1951/1951 1948/1948/1948
f 1952/1952/1952 1951/1951/1951 1944/1944/1944
f 1951/1951/1951 1952/1952/1952 1948/1948/1948
f 1942/1942/1942 1953/1953/1953 1950/1950/1950
f 1953/1953/1953 1942/1942/1942 1948/1948/1948
f 1953/1953/1953 1954/1954/1954 1950/1950/1950
f 1954/1954/1954 1953/1953/1953 1948/1948/1948
f 1955/1955/1955 1899/1899/1899 1950/1950/1950
f 1954/1954/1954 1955/1955/1955 1950/1950/1950
f 1899/1899/1899 1955/1955/1955 1956/1956/1956
f 1955/1955/1955 1954/1954/1954 1956/1956/1956
f 1952/1952/1952 1957/1957/1957 1948/1948/1948
f 1957/1957/1957 1954/1954/1954 1948/1948/1948
f 1954/1954/1954 1957/1957/1957 1958/1958/1958
f 1957/1957/1957 1952/1952/1952 1958/1958/1958
f 1959/1959/1959 1899/1899/1899 1956/1956/1956
f 1960/1960/1960 1959/1959/1959 1956/1956/1956
f 1899/1899/1899 1959/1959/1959 891/891/891
f 1959/1959/1959 1960/1960/1960 891/891/891
f 1960/1960/1960 1961/1961/1961 891/891/891
f 1961/1961/1961 1962/1962/1962 891/891/891
f 1961/1961/1961 1960/1960/1960 1963/1963/1963
f 1962/1962/1962 1961/1961/1961 1963/1963/1963
f 1964/1964/1964 1954/1954/1954 1958/1958/1958
f 1954/1954/1954 1964/1964/1964 1956/1956/1956
f 1964/1964/1964 1965/1965/1965 1956/1956/1956
f 1965/1965/1965 1964/1964/1964 1958/1958/1958
f 1966/1966/1966 1960/1960/1960 1956/1956/1956
f 1965/1965/1965 1966/1966/1966 1956/1956/1956
f 1960/1960/1960 1966/1966/1966 1967/1967/1967
f 1966/1966/1966 1965/1965/1965 1967/1967/1967
f 1960/1960/1960 1968/1968/1968 1963/1963/1963
f 1968/1968/1968 1960/1960/1960 1967/1967/1967
f 1969/1969/1969 1968/1968/1968 1967/1967/1967
f 1968/1968/1968 1969/1969/1969 1963/1963/1963
f 1965/1965/1965 1970/1970/1970 1967/1967/1967
f 1970/1970/1970 1969/1969/1969 1967/1967/1967
f 1970/1970/1970 1965/1965/1965 1971/1971/1971
f 1969/1969/1969 1970/1970/1970 1971/1971/1971
f 1972/1972/1972 1965/1965/1965 1958/1958/1958
f 1965/1965/1965 1972/1972/1972 1971/1971/1971
f 1973/1973/1973 1972/1972/1972 1958/1958/1958
f 1972/1972/1972 1973/1973/1973 1971/1971/1971
f 1974/1974/1974 1973/1973/1973 1958/1958/1958
f 1973/1973/1973 1974/1974/1974 1975/1975/1975
f 1952/1952/1952 1974/1974/1974 1958/1958/1958
f 1974/1974/1974 1952/1952/1952 1975/1975/1975
f 1952/1952/1952 1976/1976/1976 1975/1975/1975
f 1976/1976/1976 1977/1977/1977 1975/1975/1975
f 1976/1976/1976 1952/1952/1952 1944/1944/1944
f 1977/1977/1977 1976/1976/1976 1944/1944/1944
f 1978/1978/1978 1977/1977/1977 1944/1944/1944
f 1977/1977/1977 1978/1978/1978 1979/1979/1979
f 1936/1936/1936 1978/1978/1978 1944/1944/1944
f 1978/1978/1978 1936/1936/1936 1979/1979/1979
f 1936/1936/1936 1980/1980/1980 1979/1979/1979
f 1980/1980/1980 1981/1981/1981 1979/1979/1979
f 1980/1980/1980 1936/1936/1936 1928/1928/1928
f 1981/1981/1981 1980/1980/1980 1928/1928/1928
f 1982/1982/1982 1981/1981/1981 1928/1928/1928
f 1981/1981/1981 1982/1982/1982 1983/1983/1983
f 1920/1920/1920 1982/1982/1982 1928/1928/1928
f 1982/1982/1982 1920/1920/1920 1983/1983/1983
f 1920/1920/1920 1984/1984/1984 1983/1983/1983
f 1984/1984/1984 1920/1920/1920 1910/1910/1910
f 1914/1914/1914 1984/1984/1984 1910/1910/1910
f 1984/1984/1984 1914/1914/1914 1983/1983/1983
f 1914/1914/1914 1985/1985/1985 1983/1983/1983
f 1985/1985/1985 1986/1986/1986 1983/1983/1983
f 1985/1985/1985 1914/1914/1914 1922/1922/1922
f 1986/1986/1986 1985/1985/1985 1922/1922/1922
f 1987/1987/1987 1981/1981/1981 1983/1983/1983
f 1986/1986/1986 1987/1987/1987 1983/1983/1983
f 1981/1981/1981 1987/1987/1987 1988/1988/1988
f 1987/1987/1987 1986/1986/1986 1988/1988/1988
f 1981/1981/1981 1989/1989/1989 1979/1979/1979
f 1989/1989/1989 1981/1981/1981 1988/1988/1988
f 1989/1989/1989 1990/1990/1990 1979/1979/1979
f 1990/1990/1990 1989/1989/1989 1988/1988/1988
f 1991/1991/1991 1986/1986/1986 1922/1922/1922
f 1986/1986/1986 1991/1991/1991 1992/1992/1992
f 1930/1930/1930 1991/1991/1991 1922/1922/1922
f 1991/1991/1991 1930/1930/1930 1992/1992/1992
f 1990/1990/1990 1993/1993/1993 1979/1979/1979
f 1993/1993/1993 1990/1990/1990 1994/1994/1994
f 1993/1993/1993 1977/1977/1977 1979/1979/1979
f 1977/1977/1977 1993/1993/1993 1994/1994/1994
f 1986/1986/1986 1995/1995/1995 1988/1988/1988
f 1995/1995/1995 1986/1986/1986 1992/1992/1992
f 1995/1995/1995 1996/1996/1996 1988/1988/1988
f 1996/1996/1996 1995/1995/1995 1992/1992/1992
f 1930/1930/1930 1997/1997/1997 1992/1992/1992
f 1997/1997/1997 1930/1930/1930 1938/1938/1938
f 1946/1946/1946 1997/1997/1997 1938/1938/1938
f 1997/1997/1997 1946/1946/1946 1992/1992/1992
f 1998/1998/1998 1990/1990/1990 1988/1988/1988
f 1996/1996/1996 1998/1998/1998 1988/1988/1988
f 1990/1990/1990 1998/1998/1998 1999/1999/1999
f 1998/1998/1998 1996/1996/1996 1999/1999/1999
f 2000/2000/2000 1977/1977/1977 1994/1994/1994
f 2001/2001/2001 2000/2000/2000 1994/1994/1994
f 1977/1977/1977 2000/2000/2000 1975/1975/1975
f 2000/2000/2000 2001/2001/2001 1975/1975/1975
f 2002/2002/2002 1996/1996/1996 1992/1992/1992
f 1946/1946/1946 2002/2002/2002 1992/1992/1992
f 1996/1996/1996 2002/2002/2002 2003/2003/2003
f 2002/2002/2002 1946/1946/1946 2003/2003/2003
f 2004/2004/2004 1990/1990/1990 1999/1999/1999
f 1990/1990/1990 2004/2004/2004 1994/1994/1994
f 2004/2004/2004 2005/2005/2005 1994/1994/1994
f 2005/2005/2005 2004/2004/2004 1999/1999/1999
f 2001/2001/2001 2006/2006/2006 1975/1975/1975
f 2006/2006/2006 2001/2001/2001 2007/2007/2007
f 2006/2006/2006 1973/1973/1973 1975/1975/1975
f 1973/1973/1973 2006/2006/2006 2007/2007/2007
f 2008/2008/2008 1996/1996/1996 2003/2003/2003
f 1996/1996/1996 2008/2008/2008 1999/1999/1999
f 2008/2008/2008 2009/2009/2009 1999/1999/1999
f 2009/2009/2009 2008/2008/2008 2003/2003/2003
f 1946/1946/1946 2010/2010/2010 2003/2003/2003
f 2010/2010/2010 2011/2011/2011 2003/2003/2003
f 2010/2010/2010 1946/1946/1946 1828/1828/1828
f 2011/2011/2011 2010/2010/2010 1828/1828/1828
f 2012/2012/2012 2005/2005/2005 1999/1999/1999
f 2009/2009/2009 2012/2012/2012 1999/1999/1999
f 2005/2005/2005 2012/2012/2012 2013/2013/2013
f 2012/2012/2012 2009/2009/2009 2013/2013/2013
f 2014/2014/2014 1973/1973/1973 2007/2007/2007
f 2015/2015/2015 2014/2014/2014 2007/2007/2007
f 1973/1973/1973 2014/2014/2014 1971/1971/1971
f 2014/2014/2014 2015/2015/2015 1971/1971/1971
f 2011/2011/2011 2016/2016/2016 2003/2003/2003
f 2016/2016/2016 2009/2009/2009 2003/2003/2003
f 2009/2009/2009 2016/2016/2016 2017/2017/2017
f 2016/2016/2016 2011/2011/2011 2017/2017/2017
f 2018/2018/2018 2011/2011/2011 1828/1828/1828
f 1827/1827/1827 2018/2018/2018 1828/1828/1828
f 2011/2011/2011 2018/2018/2018 2019/2019/2019
f 2018/2018/2018 1827/1827/1827 2019/2019/2019
f 2009/2009/2009 2020/2020/2020 2013/2013/2013
f 2020/2020/2020 2009/2009/2009 2017/2017/2017
f 2020/2020/2020 2021/2021/2021 2013/2013/2013
f 2021/2021/2021 2020/2020/2020 2017/2017/2017
f 2015/2015/2015 2022/2022/2022 1971/1971/1971
f 2022/2022/2022 2015/2015/2015 2023/2023/2023
f 2022/2022/2022 1969/1969/1969 1971/1971/1971
f 1969/1969/1969 2022/2022/2022 2023/2023/2023
f 2024/2024/2024 2011/2011/2011 2019/2019/2019
f 2011/2011/2011 2024/2024/2024 2017/2017/2017
f 2025/2025/2025 2024/2024/2024 2019/2019/2019
f 2024/2024/2024 2025/2025/2025 2017/2017/2017
f 1827/1827/1827 2026/2026/2026 2019/2019/2019
f 2026/2026/2026 2025/2025/2025 2019/2019/2019
f 2026/2026/2026 1827/1827/1827 2027/2027/2027
f 2025/2025/2025 2026/2026/2026 2027/2027/2027
f 2028/2028/2028 2021/2021/2021 2017/2017/2017
f 2025/2025/2025 2028/2028/2028 2017/2017/2017
f 2028/2028/2028 2025/2025/2025 2029/2029/2029
f 2021/2021/2021 2028/2028/2028 2029/2029/2029
f 2030/2030/2030 1969/1969/1969 2023/2023/2023
f 2031/2031/2031 2030/2030/2030 2023/2023/2023
f 1969/1969/1969 2030/2030/2030 1963/1963/1963
f 2030/2030/2030 2031/2031/2031 1963/1963/1963
f 1827/1827/1827 2032/2032/2032 2027/2027/2027
f 2032/2032/2032 2033/2033/2033 2027/2027/2027
f 2032/2032/2032 1827/1827/1827 656/656/656
f 2033/2033/2033 2032/2032/2032 656/656/656
f 2034/2034/2034 2025/2025/2025 2027/2027/2027
f 2025/2025/2025 2034/2034/2034 2029/2029/2029
f 2035/2035/2035 2034/2034/2034 2027/2027/2027
f 2034/2034/2034 2035/2035/2035 2029/2029/2029
f 2031/2031/2031 2036/2036/2036 1963/1963/1963
f 2036/2036/2036 1962/1962/1962 1963/1963/1963
f 2033/2033/2033 2037/2037/2037 2027/2027/2027
f 2037/2037/2037 2035/2035/2035 2027/2027/2027
f 2036/2036/2036 2031/2031/2031 2038/2038/2038
f 1962/1962/1962 2036/2036/2036 2038/2038/2038
f 2037/2037/2037 2033/2033/2033 2039/2039/2039
f 2035/2035/2035 2037/2037/2037 2039/2039/2039
f 2040/2040/2040 2033/2033/2033 656/656/656
f 2041/2041/2041 2040/2040/2040 656/656/656
f 2033/2033/2033 2040/2040/2040 2042/2042/2042
f 2040/2040/2040 2041/2041/2041 2042/2042/2042
f 2033/2033/2033 2043/2043/2043 2039/2039/2039
f 2043/2043/2043 2033/2033/2033 2042/2042/2042
f 2043/2043/2043 2044/2044/2044 2039/2039/2039
f 2044/2044/2044 2043/2043/2043 2042/2042/2042
f 2045/2045/2045 2035/2035/2035 2039/2039/2039
f 2044/2044/2044 2045/2045/2045 2039/2039/2039
f 2035/2035/2035 2045/2045/2045 2046/2046/2046
f 2045/2045/2045 2044/2044/2044 2046/2046/2046
f 2047/2047/2047 2041/2041/2041 656/656/656
f 2048/2048/2048 2047/2047/2047 656/656/656
f 2041/2041/2041 2047/2047/2047 2049/2049/2049
f 2047/2047/2047 2048/2048/2048 2049/2049/2049
f 2050/2050/2050 2048/2048/2048 656/656/656
f 2051/2051/2051 2050/2050/2050 656/656/656
f 2048/2048/2048 2050/2050/2050 2052/2052/2052
f 2050/2050/2050 2051/2051/2051 2052/2052/2052
f 2053/2053/2053 2035/2035/2035 2046/2046/2046
f 2054/2054/2054 2053/2053/2053 2046/2046/2046
f 2035/2035/2035 2053/2053/2053 2029/2029/2029
f 2053/2053/2053 2054/2054/2054 2029/2029/2029
f 2054/2054/2054 2055/2055/2055 2029/2029/2029
f 2055/2055/2055 2054/2054/2054 2056/2056/2056
f 2055/2055/2055 2021/2021/2021 2029/2029/2029
f 2021/2021/2021 2055/2055/2055 2056/2056/2056
f 2057/2057/2057 2021/2021/2021 2056/2056/2056
f 2058/2058/2058 2057/2057/2057 2056/2056/2056
f 2021/2021/2021 2057/2057/2057 2013/2013/2013
f 2057/2057/2057 2058/2058/2058 2013/2013/2013
f 2058/2058/2058 2059/2059/2059 2013/2013/2013
f 2059/2059/2059 2058/2058/2058 2060/2060/2060
f 2059/2059/2059 2005/2005/2005 2013/2013/2013
f 2005/2005/2005 2059/2059/2059 2060/2060/2060
f 2061/2061/2061 2005/2005/2005 2060/2060/2060
f 2005/2005/2005 2061/2061/2061 1994/1994/1994
f 2061/2061/2061 2001/2001/2001 1994/1994/1994
f 2001/2001/2001 2061/2061/2061 2060/2060/2060
f 2062/2062/2062 2001/2001/2001 2060/2060/2060
f 2063/2063/2063 2062/2062/2062 2060/2060/2060
f 2001/2001/2001 2062/2062/2062 2007/2007/2007
f 2062/2062/2062 2063/2063/2063 2007/2007/2007
f 2058/2058/2058 2064/2064/2064 2060/2060/2060
f 2064/2064/2064 2063/2063/2063 2060/2060/2060
f 2064/2064/2064 2058/2058/2058 2065/2065/2065
f 2063/2063/2063 2064/2064/2064 2065/2065/2065
f 2066/2066/2066 2058/2058/2058 2056/2056/2056
f 2058/2058/2058 2066/2066/2066 2065/2065/2065
f 2067/2067/2067 2066/2066/2066 2056/2056/2056
f 2066/2066/2066 2067/2067/2067 2065/2065/2065
f 2063/2063/2063 2068/2068/2068 2007/2007/2007
f 2068/2068/2068 2063/2063/2063 2069/2069/2069
f 2068/2068/2068 2015/2015/2015 2007/2007/2007
f 2015/2015/2015 2068/2068/2068 2069/2069/2069
f 2070/2070/2070 2067/2067/2067 2056/2056/2056
f 2067/2067/2067 2070/2070/2070 2071/2071/2071
f 2054/2054/2054 2070/2070/2070 2056/2056/2056
f 2070/2070/2070 2054/2054/2054 2071/2071/2071
f 2072/2072/2072 2063/2063/2063 2065/2065/2065
f 2063/2063/2063 2072/2072/2072 2069/2069/2069
f 2073/2073/2073 2072/2072/2072 2065/2065/2065
f 2072/2072/2072 2073/2073/2073 2069/2069/2069
f 2074/2074/2074 2015/2015/2015 2069/2069/2069
f 2075/2075/2075 2074/2074/2074 2069/2069/2069
f 2015/2015/2015 2074/2074/2074 2023/2023/2023
f 2074/2074/2074 2075/2075/2075 2023/2023/2023
f 2067/2067/2067 2076/2076/2076 2065/2065/2065
f 2076/2076/2076 2073/2073/2073 2065/2065/2065
f 2076/2076/2076 2067/2067/2067 2077/2077/2077
f 2073/2073/2073 2076/2076/2076 2077/2077/2077
f 2054/2054/2054 2078/2078/2078 2071/2071/2071
f 2078/2078/2078 2079/2079/2079 2071/2071/2071
f 2078/2078/2078 2054/2054/2054 2046/2046/2046
f 2079/2079/2079 2078/2078/2078 2046/2046/2046
f 2080/2080/2080 2075/2075/2075 2069/2069/2069
f 2073/2073/2073 2080/2080/2080 2069/2069/2069
f 2080/2080/2080 2073/2073/2073 2081/2081/2081
f 2075/2075/2075 2080/2080/2080 2081/2081/2081
f 2075/2075/2075 2082/2082/2082 2023/2023/2023
f 2082/2082/2082 2075/2075/2075 2083/2083/2083
f 2082/2082/2082 2031/2031/2031 2023/2023/2023
f 2031/2031/2031 2082/2082/2082 2083/2083/2083
f 2084/2084/2084 2073/2073/2073 2077/2077/2077
f 2073/2073/2073 2084/2084/2084 2081/2081/2081
f 2085/2085/2085 2084/2084/2084 2077/2077/2077
f 2084/2084/2084 2085/2085/2085 2081/2081/2081
f 2086/2086/2086 2079/2079/2079 2046/2046/2046
f 2079/2079/2079 2086/2086/2086 2087/2087/2087
f 2044/2044/2044 2086/2086/2086 2046/2046/2046
f 2086/2086/2086 2044/2044/2044 2087/2087/2087
f 2088/2088/2088 2075/2075/2075 2081/2081/2081
f 2075/2075/2075 2088/2088/2088 2083/2083/2083
f 2089/2089/2089 2088/2088/2088 2081/2081/2081
f 2088/2088/2088 2089/2089/2089 2083/2083/2083
f 2090/2090/2090 2031/2031/2031 2083/2083/2083
f 2091/2091/2091 2090/2090/2090 2083/2083/2083
f 2031/2031/2031 2090/2090/2090 2038/2038/2038
f 2090/2090/2090 2091/2091/2091 2038/2038/2038
f 2085/2085/2085 2092/2092/2092 2081/2081/2081
f 2092/2092/2092 2089/2089/2089 2081/2081/2081
f 2092/2092/2092 2085/2085/2085 2093/2093/2093
f 2089/2089/2089 2092/2092/2092 2093/2093/2093
f 2044/2044/2044 2094/2094/2094 2087/2087/2087
f 2094/2094/2094 2095/2095/2095 2087/2087/2087
f 2094/2094/2094 2044/2044/2044 2042/2042/2042
f 2095/2095/2095 2094/2094/2094 2042/2042/2042
f 2096/2096/2096 2091/2091/2091 2083/2083/2083
f 2089/2089/2089 2096/2096/2096 2083/2083/2083
f 2096/2096/2096 2089/2089/2089 2097/2097/2097
f 2091/2091/2091 2096/2096/2096 2097/2097/2097
f 2091/2091/2091 2098/2098/2098 2038/2038/2038
f 2098/2098/2098 2091/2091/2091 2099/2099/2099
f 2098/2098/2098 1962/1962/1962 2038/2038/2038
f 1962/1962/1962 2098/2098/2098 2099/2099/2099
f 2100/2100/2100 2089/2089/2089 2093/2093/2093
f 2089/2089/2089 2100/2100/2100 2097/2097/2097
f 2101/2101/2101 2100/2100/2100 2093/2093/2093
f 2100/2100/2100 2101/2101/2101 2097/2097/2097
f 2102/2102/2102 2095/2095/2095 2042/2042/2042
f 2041/2041/2041 2102/2102/2102 2042/2042/2042
f 2102/2102/2102 2041/2041/2041 2103/2103/2103
f 2095/2095/2095 2102/2102/2102 2103/2103/2103
f 2104/2104/2104 2091/2091/2091 2097/2097/2097
f 2091/2091/2091 2104/2104/2104 2099/2099/2099
f 2105/2105/2105 2104/2104/2104 2097/2097/2097
f 2104/2104/2104 2105/2105/2105 2099/2099/2099
f 2106/2106/2106 1962/1962/1962 2099/2099/2099
f 2107/2107/2107 2106/2106/2106 2099/2099/2099
f 1962/1962/1962 2106/2106/2106 891/891/891
f 2106/2106/2106 2107/2107/2107 891/891/891
f 2101/2101/2101 2108/2108/2108 2097/2097/2097
f 2108/2108/2108 2105/2105/2105 2097/2097/2097
f 2108/2108/2108 2101/2101/2101 2109/2109/2109
f 2105/2105/2105 2108/2108/2108 2109/2109/2109
f 2041/2041/2041 2110/2110/2110 2103/2103/2103
f 2110/2110/2110 2111/2111/2111 2103/2103/2103
f 2110/2110/2110 2041/2041/2041 2049/2049/2049
f 2111/2111/2111 2110/2110/2110 2049/2049/2049
f 2105/2105/2105 2112/2112/2112 2099/2099/2099
f 2112/2112/2112 2107/2107/2107 2099/2099/2099
f 2112/2112/2112 2105/2105/2105 2113/2113/2113
f 2107/2107/2107 2112/2112/2112 2113/2113/2113
f 2114/2114/2114 2105/2105/2105 2109/2109/2109
f 2105/2105/2105 2114/2114/2114 2113/2113/2113
f 2114/2114/2114 2115/2115/2115 2113/2113/2113
f 2115/2115/2115 2114/2114/2114 2109/2109/2109
f 2111/2111/2111 2116/2116/2116 2103/2103/2103
f 2116/2116/2116 2111/2111/2111 2117/2117/2117
f 2116/2116/2116 2095/2095/2095 2103/2103/2103
f 2095/2095/2095 2116/2116/2116 2117/2117/2117
f 2118/2118/2118 2107/2107/2107 2113/2113/2113
f 2115/2115/2115 2118/2118/2118 2113/2113/2113
f 2107/2107/2107 2118/2118/2118 2119/2119/2119
f 2118/2118/2118 2115/2115/2115 2119/2119/2119
f 2120/2120/2120 2095/2095/2095 2117/2117/2117
f 2121/2121/2121 2120/2120/2120 2117/2117/2117
f 2095/2095/2095 2120/2120/2120 2087/2087/2087
f 2120/2120/2120 2121/2121/2121 2087/2087/2087
f 2122/2122/2122 2107/2107/2107 2119/2119/2119
f 2123/2123/2123 2122/2122/2122 2119/2119/2119
f 2107/2107/2107 2122/2122/2122 891/891/891
f 2122/2122/2122 2123/2123/2123 891/891/891
f 2121/2121/2121 2124/2124/2124 2087/2087/2087
f 2124/2124/2124 2121/2121/2121 2125/2125/2125
f 2124/2124/2124 2079/2079/2079 2087/2087/2087
f 2079/2079/2079 2124/2124/2124 2125/2125/2125
f 2126/2126/2126 2079/2079/2079 2125/2125/2125
f 2127/2127/2127 2126/2126/2126 2125/2125/2125
f 2079/2079/2079 2126/2126/2126 2071/2071/2071
f 2126/2126/2126 2127/2127/2127 2071/2071/2071
f 2127/2127/2127 2128/2128/2128 2071/2071/2071
f 2128/2128/2128 2067/2067/2067 2071/2071/2071
f 2067/2067/2067 2128/2128/2128 2077/2077/2077
f 2128/2128/2128 2127/2127/2127 2077/2077/2077
f 2127/2127/2127 2129/2129/2129 2077/2077/2077
f 2129/2129/2129 2127/2127/2127 2130/2130/2130
f 2129/2129/2129 2085/2085/2085 2077/2077/2077
f 2085/2085/2085 2129/2129/2129 2130/2130/2130
f 2131/2131/2131 2127/2127/2127 2125/2125/2125
f 2127/2127/2127 2131/2131/2131 2130/2130/2130
f 2132/2132/2132 2131/2131/2131 2125/2125/2125
f 2131/2131/2131 2132/2132/2132 2130/2130/2130
f 2121/2121/2121 2133/2133/2133 2125/2125/2125
f 2133/2133/2133 2132/2132/2132 2125/2125/2125
f 2133/2133/2133 2121/2121/2121 2134/2134/2134
f 2132/2132/2132 2133/2133/2133 2134/2134/2134
f 2135/2135/2135 2085/2085/2085 2130/2130/2130
f 2136/2136/2136 2135/2135/2135 2130/2130/2130
f 2085/2085/2085 2135/2135/2135 2093/2093/2093
f 2135/2135/2135 2136/2136/2136 2093/2093/2093
f 2121/2121/2121 2137/2137/2137 2134/2134/2134
f 2137/2137/2137 2138/2138/2138 2134/2134/2134
f 2137/2137/2137 2121/2121/2121 2117/2117/2117
f 2138/2138/2138 2137/2137/2137 2117/2117/2117
f 2132/2132/2132 2139/2139/2139 2130/2130/2130
f 2139/2139/2139 2136/2136/2136 2130/2130/2130
f 2139/2139/2139 2132/2132/2132 2140/2140/2140
f 2136/2136/2136 2139/2139/2139 2140/2140/2140
f 2136/2136/2136 2141/2141/2141 2093/2093/2093
f 2141/2141/2141 2136/2136/2136 2142/2142/2142
f 2141/2141/2141 2101/2101/2101 2093/2093/2093
f 2101/2101/2101 2141/2141/2141 2142/2142/2142
f 2143/2143/2143 2132/2132/2132 2134/2134/2134
f 2132/2132/2132 2143/2143/2143 2140/2140/2140
f 2144/2144/2144 2143/2143/2143 2134/2134/2134
f 2143/2143/2143 2144/2144/2144 2140/2140/2140
f 2145/2145/2145 2138/2138/2138 2117/2117/2117
f 2138/2138/2138 2145/2145/2145 2146/2146/2146
f 2111/2111/2111 2145/2145/2145 2117/2117/2117
f 2145/2145/2145 2111/2111/2111 2146/2146/2146
f 2136/2136/2136 2147/2147/2147 2142/2142/2142
f 2147/2147/2147 2136/2136/2136 2140/2140/2140
f 2148/2148/2148 2147/2147/2147 2140/2140/2140
f 2147/2147/2147 2148/2148/2148 2142/2142/2142
f 2149/2149/2149 2101/2101/2101 2142/2142/2142
f 2150/2150/2150 2149/2149/2149 2142/2142/2142
f 2101/2101/2101 2149/2149/2149 2109/2109/2109
f 2149/2149/2149 2150/2150/2150 2109/2109/2109
f 2144/2144/2144 2151/2151/2151 2140/2140/2140
f 2151/2151/2151 2148/2148/2148 2140/2140/2140
f 2151/2151/2151 2144/2144/2144 2152/2152/2152
f 2148/2148/2148 2151/2151/2151 2152/2152/2152
f 2111/2111/2111 2153/2153/2153 2146/2146/2146
f 2153/2153/2153 2154/2154/2154 2146/2146/2146
f 2153/2153/2153 2111/2111/2111 2049/2049/2049
f 2154/2154/2154 2153/2153/2153 2049/2049/2049
f 2155/2155/2155 2150/2150/2150 2142/2142/2142
f 2148/2148/2148 2155/2155/2155 2142/2142/2142
f 2155/2155/2155 2148/2148/2148 2156/2156/2156
f 2150/2150/2150 2155/2155/2155 2156/2156/2156
f 2150/2150/2150 2157/2157/2157 2109/2109/2109
f 2157/2157/2157 2150/2150/2150 2158/2158/2158
f 2157/2157/2157 2115/2115/2115 2109/2109/2109
f 2115/2115/2115 2157/2157/2157 2158/2158/2158
f 2159/2159/2159 2148/2148/2148 2152/2152/2152
f 2148/2148/2148 2159/2159/2159 2156/2156/2156
f 2160/2160/2160 2159/2159/2159 2152/2152/2152
f 2159/2159/2159 2160/2160/2160 2156/2156/2156
f 2161/2161/2161 2154/2154/2154 2049/2049/2049
f 2048/2048/2048 2161/2161/2161 2049/2049/2049
f 2161/2161/2161 2048/2048/2048 2162/2162/2162
f 2154/2154/2154 2161/2161/2161 2162/2162/2162
f 2163/2163/2163 2150/2150/2150 2156/2156/2156
f 2150/2150/2150 2163/2163/2163 2158/2158/2158
f 2164/2164/2164 2163/2163/2163 2156/2156/2156
f 2163/2163/2163 2164/2164/2164 2158/2158/2158
f 2165/2165/2165 2115/2115/2115 2158/2158/2158
f 2166/2166/2166 2165/2165/2165 2158/2158/2158
f 2115/2115/2115 2165/2165/2165 2119/2119/2119
f 2165/2165/2165 2166/2166/2166 2119/2119/2119
f 2160/2160/2160 2167/2167/2167 2156/2156/2156
f 2167/2167/2167 2164/2164/2164 2156/2156/2156
f 2167/2167/2167 2160/2160/2160 2168/2168/2168
f 2164/2164/2164 2167/2167/2167 2168/2168/2168
f 2048/2048/2048 2169/2169/2169 2162/2162/2162
f 2169/2169/2169 2170/2170/2170 2162/2162/2162
f 2169/2169/2169 2048/2048/2048 2052/2052/2052
f 2170/2170/2170 2169/2169/2169 2052/2052/2052
f 2164/2164/2164 2171/2171/2171 2158/2158/2158
f 2171/2171/2171 2166/2166/2166 2158/2158/2158
f 2171/2171/2171 2164/2164/2164 2172/2172/2172
f 2166/2166/2166 2171/2171/2171 2172/2172/2172
f 2166/2166/2166 2173/2173/2173 2119/2119/2119
f 2173/2173/2173 2123/2123/2123 2119/2119/2119
f 2173/2173/2173 2166/2166/2166 2174/2174/2174
f 2123/2123/2123 2173/2173/2173 2174/2174/2174
f 2175/2175/2175 2164/2164/2164 2168/2168/2168
f 2164/2164/2164 2175/2175/2175 2172/2172/2172
f 2176/2176/2176 2175/2175/2175 2168/2168/2168
f 2175/2175/2175 2176/2176/2176 2172/2172/2172
f 2166/2166/2166 2177/2177/2177 2174/2174/2174
f 2177/2177/2177 2166/2166/2166 2172/2172/2172
f 2177/2177/2177 2178/2178/2178 2174/2174/2174
f 2178/2178/2178 2177/2177/2177 2172/2172/2172
f 2179/2179/2179 2123/2123/2123 2174/2174/2174
f 2178/2178/2178 2179/2179/2179 2174/2174/2174
f 2123/2123/2123 2179/2179/2179 2180/2180/2180
f 2179/2179/2179 2178/2178/2178 2180/2180/2180
f 2176/2176/2176 2181/2181/2181 2172/2172/2172
f 2181/2181/2181 2178/2178/2178 2172/2172/2172
f 2178/2178/2178 2181/2181/2181 2182/2182/2182
f 2181/2181/2181 2176/2176/2176 2182/2182/2182
f 2183/2183/2183 2123/2123/2123 2180/2180/2180
f 2184/2184/2184 2183/2183/2183 2180/2180/2180
f 2123/2123/2123 2183/2183/2183 891/891/891
f 2183/2183/2183 2184/2184/2184 891/891/891
f 2184/2184/2184 2185/2185/2185 891/891/891
f 2185/2185/2185 2186/2186/2186 891/891/891
f 2185/2185/2185 2184/2184/2184 2187/2187/2187
f 2186/2186/2186 2185/2185/2185 2187/2187/2187
f 2188/2188/2188 2178/2178/2178 2182/2182/2182
f 2178/2178/2178 2188/2188/2188 2180/2180/2180
f 2188/2188/2188 2189/2189/2189 2180/2180/2180
f 2189/2189/2189 2188/2188/2188 2182/2182/2182
f 2190/2190/2190 2184/2184/2184 2180/2180/2180
f 2189/2189/2189 2190/2190/2190 2180/2180/2180
f 2184/2184/2184 2190/2190/2190 2191/2191/2191
f 2190/2190/2190 2189/2189/2189 2191/2191/2191
f 2184/2184/2184 2192/2192/2192 2187/2187/2187
f 2192/2192/2192 2184/2184/2184 2191/2191/2191
f 2193/2193/2193 2192/2192/2192 2191/2191/2191
f 2192/2192/2192 2193/2193/2193 2187/2187/2187
f 2189/2189/2189 2194/2194/2194 2191/2191/2191
f 2194/2194/2194 2193/2193/2193 2191/2191/2191
f 2194/2194/2194 2189/2189/2189 2195/2195/2195
f 2193/2193/2193 2194/2194/2194 2195/2195/2195
f 2196/2196/2196 2189/2189/2189 2182/2182/2182
f 2189/2189/2189 2196/2196/2196 2195/2195/2195
f 2197/2197/2197 2196/2196/2196 2182/2182/2182
f 2196/2196/2196 2197/2197/2197 2195/2195/2195
f 2198/2198/2198 2197/2197/2197 2182/2182/2182
f 2197/2197/2197 2198/2198/2198 2199/2199/2199
f 2176/2176/2176 2198/2198/2198 2182/2182/2182
f 2198/2198/2198 2176/2176/2176 2199/2199/2199
f 2176/2176/2176 2200/2200/2200 2199/2199/2199
f 2200/2200/2200 2201/2201/2201 2199/2199/2199
f 2200/2200/2200 2176/2176/2176 2168/2168/2168
f 2201/2201/2201 2200/2200/2200 2168/2168/2168
f 2202/2202/2202 2201/2201/2201 2168/2168/2168
f 2201/2201/2201 2202/2202/2202 2203/2203/2203
f 2160/2160/2160 2202/2202/2202 2168/2168/2168
f 2202/2202/2202 2160/2160/2160 2203/2203/2203
f 2160/2160/2160 2204/2204/2204 2203/2203/2203
f 2204/2204/2204 2205/2205/2205 2203/2203/2203
f 2204/2204/2204 2160/2160/2160 2152/2152/2152
f 2205/2205/2205 2204/2204/2204 2152/2152/2152
f 2206/2206/2206 2205/2205/2205 2152/2152/2152
f 2205/2205/2205 2206/2206/2206 2207/2207/2207
f 2144/2144/2144 2206/2206/2206 2152/2152/2152
f 2206/2206/2206 2144/2144/2144 2207/2207/2207
f 2144/2144/2144 2208/2208/2208 2207/2207/2207
f 2208/2208/2208 2144/2144/2144 2134/2134/2134
f 2138/2138/2138 2208/2208/2208 2134/2134/2134
f 2208/2208/2208 2138/2138/2138 2207/2207/2207
f 2138/2138/2138 2209/2209/2209 2207/2207/2207
f 2209/2209/2209 2210/2210/2210 2207/2207/2207
f 2209/2209/2209 2138/2138/2138 2146/2146/2146
f 2210/2210/2210 2209/2209/2209 2146/2146/2146
f 2211/2211/2211 2205/2205/2205 2207/2207/2207
f 2210/2210/2210 2211/2211/2211 2207/2207/2207
f 2205/2205/2205 2211/2211/2211 2212/2212/2212
f 2211/2211/2211 2210/2210/2210 2212/2212/2212
f 2205/2205/2205 2213/2213/2213 2203/2203/2203
f 2213/2213/2213 2205/2205/2205 2212/2212/2212
f 2213/2213/2213 2214/2214/2214 2203/2203/2203
f 2214/2214/2214 2213/2213/2213 2212/2212/2212
f 2215/2215/2215 2210/2210/2210 2146/2146/2146
f 2210/2210/2210 2215/2215/2215 2216/2216/2216
f 2154/2154/2154 2215/2215/2215 2146/2146/2146
f 2215/2215/2215 2154/2154/2154 2216/2216/2216
f 2214/2214/2214 2217/2217/2217 2203/2203/2203
f 2217/2217/2217 2214/2214/2214 2218/2218/2218
f 2217/2217/2217 2201/2201/2201 2203/2203/2203
f 2201/2201/2201 2217/2217/2217 2218/2218/2218
f 2210/2210/2210 2219/2219/2219 2212/2212/2212
f 2219/2219/2219 2210/2210/2210 2216/2216/2216
f 2219/2219/2219 2220/2220/2220 2212/2212/2212
f 2220/2220/2220 2219/2219/2219 2216/2216/2216
f 2154/2154/2154 2221/2221/2221 2216/2216/2216
f 2221/2221/2221 2154/2154/2154 2162/2162/2162
f 2170/2170/2170 2221/2221/2221 2162/2162/2162
f 2221/2221/2221 2170/2170/2170 2216/2216/2216
f 2222/2222/2222 2214/2214/2214 2212/2212/2212
f 2220/2220/2220 2222/2222/2222 2212/2212/2212
f 2214/2214/2214 2222/2222/2222 2223/2223/2223
f 2222/2222/2222 2220/2220/2220 2223/2223/2223
f 2224/2224/2224 2201/2201/2201 2218/2218/2218
f 2225/2225/2225 2224/2224/2224 2218/2218/2218
f 2201/2201/2201 2224/2224/2224 2199/2199/2199
f 2224/2224/2224 2225/2225/2225 2199/2199/2199
f 2226/2226/2226 2220/2220/2220 2216/2216/2216
f 2170/2170/2170 2226/2226/2226 2216/2216/2216
f 2220/2220/2220 2226/2226/2226 2227/2227/2227
f 2226/2226/2226 2170/2170/2170 2227/2227/2227
f 2228/2228/2228 2214/2214/2214 2223/2223/2223
f 2214/2214/2214 2228/2228/2228 2218/2218/2218
f 2228/2228/2228 2229/2229/2229 2218/2218/2218
f 2229/2229/2229 2228/2228/2228 2223/2223/2223
f 2225/2225/2225 2230/2230/2230 2199/2199/2199
f 2230/2230/2230 2225/2225/2225 2231/2231/2231
f 2230/2230/2230 2197/2197/2197 2199/2199/2199
f 2197/2197/2197 2230/2230/2230 2231/2231/2231
f 2232/2232/2232 2220/2220/2220 2227/2227/2227
f 2220/2220/2220 2232/2232/2232 2223/2223/2223
f 2232/2232/2232 2233/2233/2233 2223/2223/2223
f 2233/2233/2233 2232/2232/2232 2227/2227/2227
f 2170/2170/2170 2234/2234/2234 2227/2227/2227
f 2234/2234/2234 2235/2235/2235 2227/2227/2227
f 2234/2234/2234 2170/2170/2170 2052/2052/2052
f 2235/2235/2235 2234/2234/2234 2052/2052/2052
f 2236/2236/2236 2229/2229/2229 2223/2223/2223
f 2233/2233/2233 2236/2236/2236 2223/2223/2223
f 2229/2229/2229 2236/2236/2236 2237/2237/2237
f 2236/2236/2236 2233/2233/2233 2237/2237/2237
f 2238/2238/2238 2197/2197/2197 2231/2231/2231
f 2239/2239/2239 2238/2238/2238 2231/2231/2231
f 2197/2197/2197 2238/2238/2238 2195/2195/2195
f 2238/2238/2238 2239/2239/2239 2195/2195/2195
f 2235/2235/2235 2240/2240/2240 2227/2227/2227
f 2240/2240/2240 2233/2233/2233 2227/2227/2227
f 2233/2233/2233 2240/2240/2240 2241/2241/2241
f 2240/2240/2240 2235/2235/2235 2241/2241/2241
f 2242/2242/2242 2235/2235/2235 2052/2052/2052
f 2051/2051/2051 2242/2242/2242 2052/2052/2052
f 2235/2235/2235 2242/2242/2242 2243/2243/2243
f 2242/2242/2242 2051/2051/2051 2243/2243/2243
f 2233/2233/2233 2244/2244/2244 2237/2237/2237
f 2244/2244/2244 2233/2233/2233 2241/2241/2241
f 2244/2244/2244 2245/2245/2245 2237/2237/2237
f 2245/2245/2245 2244/2244/2244 2241/2241/2241
f 2239/2239/2239 2246/2246/2246 2195/2195/2195
f 2246/2246/2246 2239/2239/2239 2247/2247/2247
f 2246/2246/2246 2193/2193/2193 2195/2195/2195
f 2193/2193/2193 2246/2246/2246 2247/2247/2247
f 2248/2248/2248 2235/2235/2235 2243/2243/2243
f 2235/2235/2235 2248/2248/2248 2241/2241/2241
f 2249/2249/2249 2248/2248/2248 2243/2243/2243
f 2248/2248/2248 2249/2249/2249 2241/2241/2241
f 2051/2051/2051 2250/2250/2250 2243/2243/2243
f 2250/2250/2250 2249/2249/2249 2243/2243/2243
f 2250/2250/2250 2051/2051/2051 2251/2251/2251
f 2249/2249/2249 2250/2250/2250 2251/2251/2251
f 2252/2252/2252 2245/2245/2245 2241/2241/2241
f 2249/2249/2249 2252/2252/2252 2241/2241/2241
f 2252/2252/2252 2249/2249/2249 2253/2253/2253
f 2245/2245/2245 2252/2252/2252 2253/2253/2253
f 2254/2254/2254 2193/2193/2193 2247/2247/2247
f 2255/2255/2255 2254/2254/2254 2247/2247/2247
f 2193/2193/2193 2254/2254/2254 2187/2187/2187
f 2254/2254/2254 2255/2255/2255 2187/2187/2187
f 2051/2051/2051 2256/2256/2256 2251/2251/2251
f 2256/2256/2256 2051/2051/2051 656/656/656
f 2257/2257/2257 2249/2249/2249 2251/2251/2251
f 2249/2249/2249 2257/2257/2257 2253/2253/2253
f 2258/2258/2258 2257/2257/2257 2251/2251/2251
f 2257/2257/2257 2258/2258/2258 2253/2253/2253
f 2256/2256/2256 2259/2259/2259 2251/2251/2251
f 2259/2259/2259 2256/2256/2256 656/656/656
f 2255/2255/2255 2260/2260/2260 2187/2187/2187
f 2260/2260/2260 2186/2186/2186 2187/2187/2187
f 2261/2261/2261 2258/2258/2258 2251/2251/2251
f 2259/2259/2259 2261/2261/2261 2251/2251/2251
f 2261/2261/2261 2259/2259/2259 2262/2262/2262
f 2258/2258/2258 2261/2261/2261 2262/2262/2262
f 2259/2259/2259 2263/2263/2263 2262/2262/2262
f 2264/2264/2264 2259/2259/2259 656/656/656
f 2265/2265/2265 2264/2264/2264 656/656/656
f 2263/2263/2263 2266/2266/2266 2262/2262/2262
f 2264/2264/2264 2265/2265/2265 2267/2267/2267
f 2260/2260/2260 2255/2255/2255 2268/2268/2268
f 2186/2186/2186 2260/2260/2260 2268/2268/2268
f 2269/2269/2269 2258/2258/2258 2262/2262/2262
f 2266/2266/2266 2269/2269/2269 2262/2262/2262
f 2258/2258/2258 2269/2269/2269 2270/2270/2270
f 2269/2269/2269 2266/2266/2266 2270/2270/2270
f 2271/2271/2271 2265/2265/2265 656/656/656
f 2265/2265/2265 2271/2271/2271 2272/2272/2272
f 654/654/654 2271/2271/2271 656/656/656
f 2271/2271/2271 654/654/654 2272/2272/2272
f 2273/2273/2273 2258/2258/2258 2270/2270/2270
f 2274/2274/2274 2273/2273/2273 2270/2270/2270
f 2258/2258/2258 2273/2273/2273 2253/2253/2253
f 2273/2273/2273 2274/2274/2274 2253/2253/2253
f 654/654/654 2275/2275/2275 2272/2272/2272
f 2275/2275/2275 2276/2276/2276 2272/2272/2272
f 2275/2275/2275 654/654/654 657/657/657
f 2276/2276/2276 2275/2275/2275 657/657/657
f 2274/2274/2274 2277/2277/2277 2253/2253/2253
f 2277/2277/2277 2274/2274/2274 2278/2278/2278
f 2277/2277/2277 2245/2245/2245 2253/2253/2253
f 2245/2245/2245 2277/2277/2277 2278/2278/2278
f 2279/2279/2279 2276/2276/2276 657/657/657
f 2276/2276/2276 2279/2279/2279 2280/2280/2280
f 646/646/646 2279/2279/2279 657/657/657
f 2279/2279/2279 646/646/646 2280/2280/2280
f 2281/2281/2281 2245/2245/2245 2278/2278/2278
f 2282/2282/2282 2281/2281/2281 2278/2278/2278
f 2245/2245/2245 2281/2281/2281 2237/2237/2237
f 2281/2281/2281 2282/2282/2282 2237/2237/2237
f 646/646/646 2283/2283/2283 2280/2280/2280
f 2283/2283/2283 2284/2284/2284 2280/2280/2280
f 2283/2283/2283 646/646/646 643/643/643
f 2284/2284/2284 2283/2283/2283 643/643/643
f 2282/2282/2282 2285/2285/2285 2237/2237/2237
f 2285/2285/2285 2282/2282/2282 2286/2286/2286
f 2285/2285/2285 2229/2229/2229 2237/2237/2237
f 2229/2229/2229 2285/2285/2285 2286/2286/2286
f 2287/2287/2287 2284/2284/2284 643/643/643
f 2284/2284/2284 2287/2287/2287 2288/2288/2288
f 644/644/644 2287/2287/2287 643/643/643
f 2287/2287/2287 644/644/644 2288/2288/2288
f 2289/2289/2289 2229/2229/2229 2286/2286/2286
f 2229/2229/2229 2289/2289/2289 2218/2218/2218
f 2289/2289/2289 2225/2225/2225 2218/2218/2218
f 2225/2225/2225 2289/2289/2289 2286/2286/2286
f 644/644/644 2290/2290/2290 2288/2288/2288
f 2290/2290/2290 2291/2291/2291 2288/2288/2288
f 2290/2290/2290 644/644/644 650/650/650
f 2291/2291/2291 2290/2290/2290 650/650/650
f 2292/2292/2292 2225/2225/2225 2286/2286/2286
f 2293/2293/2293 2292/2292/2292 2286/2286/2286
f 2225/2225/2225 2292/2292/2292 2231/2231/2231
f 2292/2292/2292 2293/2293/2293 2231/2231/2231
f 2294/2294/2294 2291/2291/2291 650/650/650
f 2291/2291/2291 2294/2294/2294 2295/2295/2295
f 663/663/663 2294/2294/2294 650/650/650
f 2294/2294/2294 663/663/663 2295/2295/2295
f 2296/2296/2296 2293/2293/2293 2286/2286/2286
f 2293/2293/2293 2296/2296/2296 2297/2297/2297
f 2282/2282/2282 2296/2296/2296 2286/2286/2286
f 2296/2296/2296 2282/2282/2282 2297/2297/2297
f 2293/2293/2293 2298/2298/2298 2231/2231/2231
f 2298/2298/2298 2293/2293/2293 2299/2299/2299
f 2298/2298/2298 2239/2239/2239 2231/2231/2231
f 2239/2239/2239 2298/2298/2298 2299/2299/2299
f 663/663/663 2300/2300/2300 2295/2295/2295
f 2300/2300/2300 2301/2301/2301 2295/2295/2295
f 2300/2300/2300 663/663/663 675/675/675
f 2301/2301/2301 2300/2300/2300 675/675/675
f 2302/2302/2302 2293/2293/2293 2297/2297/2297
f 2293/2293/2293 2302/2302/2302 2299/2299/2299
f 2303/2303/2303 2302/2302/2302 2297/2297/2297
f 2302/2302/2302 2303/2303/2303 2299/2299/2299
f 2282/2282/2282 2304/2304/2304 2297/2297/2297
f 2304/2304/2304 2305/2305/2305 2297/2297/2297
f 2304/2304/2304 2282/2282/2282 2278/2278/2278
f 2305/2305/2305 2304/2304/2304 2278/2278/2278
f 2306/2306/2306 2239/2239/2239 2299/2299/2299
f 2307/2307/2307 2306/2306/2306 2299/2299/2299
f 2239/2239/2239 2306/2306/2306 2247/2247/2247
f 2306/2306/2306 2307/2307/2307 2247/2247/2247
f 2308/2308/2308 2301/2301/2301 675/675/675
f 2301/2301/2301 2308/2308/2308 2309/2309/2309
f 684/684/684 2308/2308/2308 675/675/675
f 2308/2308/2308 684/684/684 2309/2309/2309
f 2305/2305/2305 2310/2310/2310 2297/2297/2297
f 2310/2310/2310 2305/2305/2305 2311/2311/2311
f 2310/2310/2310 2303/2303/2303 2297/2297/2297
f 2303/2303/2303 2310/2310/2310 2311/2311/2311
f 2312/2312/2312 2307/2307/2307 2299/2299/2299
f 2303/2303/2303 2312/2312/2312 2299/2299/2299
f 2312/2312/2312 2303/2303/2303 2313/2313/2313
f 2307/2307/2307 2312/2312/2312 2313/2313/2313
f 2307/2307/2307 2314/2314/2314 2247/2247/2247
f 2314/2314/2314 2307/2307/2307 2315/2315/2315
f 2314/2314/2314 2255/2255/2255 2247/2247/2247
f 2255/2255/2255 2314/2314/2314 2315/2315/2315
f 684/684/684 2316/2316/2316 2309/2309/2309
f 2316/2316/2316 2317/2317/2317 2309/2309/2309
f 2316/2316/2316 684/684/684 711/711/711
f 2317/2317/2317 2316/2316/2316 711/711/711
f 2318/2318/2318 2303/2303/2303 2311/2311/2311
f 2303/2303/2303 2318/2318/2318 2313/2313/2313
f 2319/2319/2319 2318/2318/2318 2311/2311/2311
f 2318/2318/2318 2319/2319/2319 2313/2313/2313
f 2320/2320/2320 2307/2307/2307 2313/2313/2313
f 2307/2307/2307 2320/2320/2320 2315/2315/2315
f 2321/2321/2321 2320/2320/2320 2313/2313/2313
f 2320/2320/2320 2321/2321/2321 2315/2315/2315
f 2322/2322/2322 2255/2255/2255 2315/2315/2315
f 2323/2323/2323 2322/2322/2322 2315/2315/2315
f 2255/2255/2255 2322/2322/2322 2268/2268/2268
f 2322/2322/2322 2323/2323/2323 2268/2268/2268
f 2324/2324/2324 2317/2317/2317 711/711/711
f 2317/2317/2317 2324/2324/2324 2325/2325/2325
f 720/720/720 2324/2324/2324 711/711/711
f 2324/2324/2324 720/720/720 2325/2325/2325
f 2319/2319/2319 2326/2326/2326 2313/2313/2313
f 2326/2326/2326 2321/2321/2321 2313/2313/2313
f 2326/2326/2326 2319/2319/2319 2327/2327/2327
f 2321/2321/2321 2326/2326/2326 2327/2327/2327
f 2328/2328/2328 2323/2323/2323 2315/2315/2315
f 2321/2321/2321 2328/2328/2328 2315/2315/2315
f 2328/2328/2328 2321/2321/2321 2329/2329/2329
f 2323/2323/2323 2328/2328/2328 2329/2329/2329
f 2323/2323/2323 2330/2330/2330 2268/2268/2268
f 2330/2330/2330 2323/2323/2323 2331/2331/2331
f 2330/2330/2330 2186/2186/2186 2268/2268/2268
f 2186/2186/2186 2330/2330/2330 2331/2331/2331
f 720/720/720 2332/2332/2332 2325/2325/2325
f 2332/2332/2332 720/720/720 807/807/807
f 2333/2333/2333 2332/2332/2332 807/807/807
f 2332/2332/2332 2333/2333/2333 2325/2325/2325
f 2334/2334/2334 2333/2333/2333 807/807/807
f 812/812/812 2334/2334/2334 807/807/807
f 2333/2333/2333 2335/2335/2335 2325/2325/2325
f 2335/2335/2335 2336/2336/2336 2325/2325/2325
f 2334/2334/2334 812/812/812 2337/2337/2337
f 2336/2336/2336 2335/2335/2335 2338/2338/2338
f 812/812/812 2339/2339/2339 2337/2337/2337
f 2339/2339/2339 812/812/812 814/814/814
f 2339/2339/2339 2340/2340/2340 2337/2337/2337
f 2340/2340/2340 2339/2339/2339 814/814/814
f 2340/2340/2340 2341/2341/2341 2337/2337/2337
f 2342/2342/2342 2340/2340/2340 814/814/814
f 2336/2336/2336 2343/2343/2343 2325/2325/2325
f 2343/2343/2343 2336/2336/2336 2344/2344/2344
f 2343/2343/2343 2317/2317/2317 2325/2325/2325
f 2317/2317/2317 2343/2343/2343 2344/2344/2344
f 2345/2345/2345 2317/2317/2317 2344/2344/2344
f 2346/2346/2346 2345/2345/2345 2344/2344/2344
f 2317/2317/2317 2345/2345/2345 2309/2309/2309
f 2345/2345/2345 2346/2346/2346 2309/2309/2309
f 2346/2346/2346 2347/2347/2347 2309/2309/2309
f 2347/2347/2347 2346/2346/2346 2348/2348/2348
f 2347/2347/2347 2301/2301/2301 2309/2309/2309
f 2301/2301/2301 2347/2347/2347 2348/2348/2348
f 2349/2349/2349 2301/2301/2301 2348/2348/2348
f 2350/2350/2350 2349/2349/2349 2348/2348/2348
f 2301/2301/2301 2349/2349/2349 2295/2295/2295
f 2349/2349/2349 2350/2350/2350 2295/2295/2295
f 2350/2350/2350 2351/2351/2351 2295/2295/2295
f 2351/2351/2351 2350/2350/2350 2352/2352/2352
f 2351/2351/2351 2291/2291/2291 2295/2295/2295
f 2291/2291/2291 2351/2351/2351 2352/2352/2352
f 2353/2353/2353 2291/2291/2291 2352/2352/2352
f 2354/2354/2354 2353/2353/2353 2352/2352/2352
f 2291/2291/2291 2353/2353/2353 2288/2288/2288
f 2353/2353/2353 2354/2354/2354 2288/2288/2288
f 2354/2354/2354 2355/2355/2355 2288/2288/2288
f 2355/2355/2355 2354/2354/2354 2356/2356/2356
f 2355/2355/2355 2284/2284/2284 2288/2288/2288
f 2284/2284/2284 2355/2355/2355 2356/2356/2356
f 2357/2357/2357 2284/2284/2284 2356/2356/2356
f 2358/2358/2358 2357/2357/2357 2356/2356/2356
f 2284/2284/2284 2357/2357/2357 2280/2280/2280
f 2357/2357/2357 2358/2358/2358 2280/2280/2280
f 2358/2358/2358 2359/2359/2359 2280/2280/2280
f 2359/2359/2359 2358/2358/2358 2360/2360/2360
f 2359/2359/2359 2276/2276/2276 2280/2280/2280
f 2276/2276/2276 2359/2359/2359 2360/2360/2360
f 2361/2361/2361 2276/2276/2276 2360/2360/2360
f 2362/2362/2362 2361/2361/2361 2360/2360/2360
f 2276/2276/2276 2361/2361/2361 2272/2272/2272
f 2361/2361/2361 2362/2362/2362 2272/2272/2272
f 2362/2362/2362 2363/2363/2363 2272/2272/2272
f 2363/2363/2363 2265/2265/2265 2272/2272/2272
f 2265/2265/2265 2363/2363/2363 2364/2364/2364
f 2363/2363/2363 2362/2362/2362 2364/2364/2364
f 2365/2365/2365 2265/2265/2265 2364/2364/2364
f 2366/2366/2366 2365/2365/2365 2364/2364/2364
f 2265/2265/2265 2365/2365/2365 2267/2267/2267
f 2365/2365/2365 2366/2366/2366 2267/2267/2267
f 2366/2366/2366 2367/2367/2367 2267/2267/2267
f 2367/2367/2367 2366/2366/2366 2368/2368/2368
f 2266/2266/2266 2367/2367/2367 2368/2368/2368
f 2362/2362/2362 2369/2369/2369 2364/2364/2364
f 2369/2369/2369 2366/2366/2366 2364/2364/2364
f 2369/2369/2369 2362/2362/2362 2370/2370/2370
f 2366/2366/2366 2369/2369/2369 2370/2370/2370
f 2371/2371/2371 2362/2362/2362 2360/2360/2360
f 2362/2362/2362 2371/2371/2371 2370/2370/2370
f 2372/2372/2372 2371/2371/2371 2360/2360/2360
f 2371/2371/2371 2372/2372/2372 2370/2370/2370
f 2373/2373/2373 2266/2266/2266 2368/2368/2368
f 2374/2374/2374 2373/2373/2373 2368/2368/2368
f 2266/2266/2266 2373/2373/2373 2270/2270/2270
f 2373/2373/2373 2374/2374/2374 2270/2270/2270
f 2375/2375/2375 2366/2366/2366 2370/2370/2370
f 2366/2366/2366 2375/2375/2375 2368/2368/2368
f 2376/2376/2376 2375/2375/2375 2370/2370/2370
f 2375/2375/2375 2376/2376/2376 2368/2368/2368
f 2377/2377/2377 2372/2372/2372 2360/2360/2360
f 2372/2372/2372 2377/2377/2377 2378/2378/2378
f 2358/2358/2358 2377/2377/2377 2360/2360/2360
f 2377/2377/2377 2358/2358/2358 2378/2378/2378
f 2374/2374/2374 2379/2379/2379 2270/2270/2270
f 2379/2379/2379 2374/2374/2374 2380/2380/2380
f 2379/2379/2379 2274/2274/2274 2270/2270/2270
f 2274/2274/2274 2379/2379/2379 2380/2380/2380
f 2381/2381/2381 2376/2376/2376 2370/2370/2370
f 2372/2372/2372 2381/2381/2381 2370/2370/2370
f 2381/2381/2381 2372/2372/2372 2382/2382/2382
f 2376/2376/2376 2381/2381/2381 2382/2382/2382
f 2383/2383/2383 2374/2374/2374 2368/2368/2368
f 2376/2376/2376 2383/2383/2383 2368/2368/2368
f 2374/2374/2374 2383/2383/2383 2384/2384/2384
f 2383/2383/2383 2376/2376/2376 2384/2384/2384
f 2385/2385/2385 2372/2372/2372 2378/2378/2378
f 2372/2372/2372 2385/2385/2385 2382/2382/2382
f 2386/2386/2386 2385/2385/2385 2378/2378/2378
f 2385/2385/2385 2386/2386/2386 2382/2382/2382
f 2387/2387/2387 2274/2274/2274 2380/2380/2380
f 2274/2274/2274 2387/2387/2387 2278/2278/2278
f 2387/2387/2387 2305/2305/2305 2278/2278/2278
f 2305/2305/2305 2387/2387/2387 2380/2380/2380
f 2374/2374/2374 2388/2388/2388 2380/2380/2380
f 2388/2388/2388 2374/2374/2374 2384/2384/2384
f 2388/2388/2388 2389/2389/2389 2380/2380/2380
f 2389/2389/2389 2388/2388/2388 2384/2384/2384
f 2390/2390/2390 2305/2305/2305 2380/2380/2380
f 2389/2389/2389 2390/2390/2390 2380/2380/2380
f 2305/2305/2305 2390/2390/2390 2311/2311/2311
f 2390/2390/2390 2389/2389/2389 2311/2311/2311
f 2389/2389/2389 2391/2391/2391 2311/2311/2311
f 2391/2391/2391 2389/2389/2389 2392/2392/2392
f 2391/2391/2391 2319/2319/2319 2311/2311/2311
f 2319/2319/2319 2391/2391/2391 2392/2392/2392
f 2393/2393/2393 2389/2389/2389 2384/2384/2384
f 2389/2389/2389 2393/2393/2393 2392/2392/2392
f 2394/2394/2394 2393/2393/2393 2384/2384/2384
f 2393/2393/2393 2394/2394/2394 2392/2392/2392
f 2395/2395/2395 2319/2319/2319 2392/2392/2392
f 2396/2396/2396 2395/2395/2395 2392/2392/2392
f 2319/2319/2319 2395/2395/2395 2327/2327/2327
f 2395/2395/2395 2396/2396/2396 2327/2327/2327
f 2397/2397/2397 2394/2394/2394 2384/2384/2384
f 2376/2376/2376 2397/2397/2397 2384/2384/2384
f 2397/2397/2397 2376/2376/2376 2382/2382/2382
f 2394/2394/2394 2397/2397/2397 2382/2382/2382
f 2394/2394/2394 2398/2398/2398 2392/2392/2392
f 2398/2398/2398 2396/2396/2396 2392/2392/2392
f 2398/2398/2398 2394/2394/2394 2399/2399/2399
f 2396/2396/2396 2398/2398/2398 2399/2399/2399
f 2400/2400/2400 2394/2394/2394 2382/2382/2382
f 2394/2394/2394 2400/2400/2400 2399/2399/2399
f 2386/2386/2386 2400/2400/2400 2382/2382/2382
f 2400/2400/2400 2386/2386/2386 2399/2399/2399
f 2396/2396/2396 2401/2401/2401 2327/2327/2327
f 2401/2401/2401 2402/2402/2402 2327/2327/2327
f 2401/2401/2401 2396/2396/2396 2403/2403/2403
f 2402/2402/2402 2401/2401/2401 2403/2403/2403
f 2404/2404/2404 2396/2396/2396 2399/2399/2399
f 2396/2396/2396 2404/2404/2404 2403/2403/2403
f 2405/2405/2405 2404/2404/2404 2399/2399/2399
f 2404/2404/2404 2405/2405/2405 2403/2403/2403
f 2386/2386/2386 2406/2406/2406 2399/2399/2399
f 2406/2406/2406 2405/2405/2405 2399/2399/2399
f 2406/2406/2406 2386/2386/2386 2407/2407/2407
f 2405/2405/2405 2406/2406/2406 2407/2407/2407
f 2402/2402/2402 2408/2408/2408 2327/2327/2327
f 2408/2408/2408 2321/2321/2321 2327/2327/2327
f 2321/2321/2321 2408/2408/2408 2329/2329/2329
f 2408/2408/2408 2402/2402/2402 2329/2329/2329
f 2386/2386/2386 2409/2409/2409 2407/2407/2407
f 2409/2409/2409 2410/2410/2410 2407/2407/2407
f 2409/2409/2409 2386/2386/2386 2378/2378/2378
f 2410/2410/2410 2409/2409/2409 2378/2378/2378
f 2411/2411/2411 2410/2410/2410 2378/2378/2378
f 2358/2358/2358 2411/2411/2411 2378/2378/2378
f 2411/2411/2411 2358/2358/2358 2356/2356/2356
f 2410/2410/2410 2411/2411/2411 2356/2356/2356
f 2412/2412/2412 2410/2410/2410 2356/2356/2356
f 2410/2410/2410 2412/2412/2412 2413/2413/2413
f 2354/2354/2354 2412/2412/2412 2356/2356/2356
f 2412/2412/2412 2354/2354/2354 2413/2413/2413
f 2410/2410/2410 2414/2414/2414 2407/2407/2407
f 2414/2414/2414 2410/2410/2410 2413/2413/2413
f 2414/2414/2414 2415/2415/2415 2407/2407/2407
f 2415/2415/2415 2414/2414/2414 2413/2413/2413
f 2354/2354/2354 2416/2416/2416 2413/2413/2413
f 2416/2416/2416 2417/2417/2417 2413/2413/2413
f 2416/2416/2416 2354/2354/2354 2352/2352/2352
f 2417/2417/2417 2416/2416/2416 2352/2352/2352
f 2415/2415/2415 2418/2418/2418 2407/2407/2407
f 2418/2418/2418 2415/2415/2415 2419/2419/2419
f 2418/2418/2418 2405/2405/2405 2407/2407/2407
f 2405/2405/2405 2418/2418/2418 2419/2419/2419
f 2420/2420/2420 2415/2415/2415 2413/2413/2413
f 2417/2417/2417 2420/2420/2420 2413/2413/2413
f 2415/2415/2415 2420/2420/2420 2421/2421/2421
f 2420/2420/2420 2417/2417/2417 2421/2421/2421
f 2422/2422/2422 2417/2417/2417 2352/2352/2352
f 2417/2417/2417 2422/2422/2422 2423/2423/2423
f 2350/2350/2350 2422/2422/2422 2352/2352/2352
f 2422/2422/2422 2350/2350/2350 2423/2423/2423
f 2424/2424/2424 2405/2405/2405 2419/2419/2419
f 2425/2425/2425 2424/2424/2424 2419/2419/2419
f 2405/2405/2405 2424/2424/2424 2403/2403/2403
f 2424/2424/2424 2425/2425/2425 2403/2403/2403
f 2426/2426/2426 2415/2415/2415 2421/2421/2421
f 2415/2415/2415 2426/2426/2426 2419/2419/2419
f 2426/2426/2426 2427/2427/2427 2419/2419/2419
f 2427/2427/2427 2426/2426/2426 2421/2421/2421
f 2417/2417/2417 2428/2428/2428 2421/2421/2421
f 2428/2428/2428 2417/2417/2417 2423/2423/2423
f 2428/2428/2428 2429/2429/2429 2421/2421/2421
f 2429/2429/2429 2428/2428/2428 2423/2423/2423
f 2350/2350/2350 2430/2430/2430 2423/2423/2423
f 2430/2430/2430 2431/2431/2431 2423/2423/2423
f 2430/2430/2430 2350/2350/2350 2348/2348/2348
f 2431/2431/2431 2430/2430/2430 2348/2348/2348
f 2425/2425/2425 2432/2432/2432 2403/2403/2403
f 2432/2432/2432 2425/2425/2425 2433/2433/2433
f 2432/2432/2432 2402/2402/2402 2403/2403/2403
f 2402/2402/2402 2432/2432/2432 2433/2433/2433
f 2434/2434/2434 2427/2427/2427 2421/2421/2421
f 2429/2429/2429 2434/2434/2434 2421/2421/2421
f 2427/2427/2427 2434/2434/2434 2435/2435/2435
f 2434/2434/2434 2429/2429/2429 2435/2435/2435
f 2436/2436/2436 2429/2429/2429 2423/2423/2423
f 2431/2431/2431 2436/2436/2436 2423/2423/2423
f 2429/2429/2429 2436/2436/2436 2437/2437/2437
f 2436/2436/2436 2431/2431/2431 2437/2437/2437
f 2438/2438/2438 2431/2431/2431 2348/2348/2348
f 2431/2431/2431 2438/2438/2438 2439/2439/2439
f 2346/2346/2346 2438/2438/2438 2348/2348/2348
f 2438/2438/2438 2346/2346/2346 2439/2439/2439
f 2440/2440/2440 2402/2402/2402 2433/2433/2433
f 2441/2441/2441 2440/2440/2440 2433/2433/2433
f 2402/2402/2402 2440/2440/2440 2329/2329/2329
f 2440/2440/2440 2441/2441/2441 2329/2329/2329
f 2429/2429/2429 2442/2442/2442 2435/2435/2435
f 2442/2442/2442 2429/2429/2429 2437/2437/2437
f 2442/2442/2442 2443/2443/2443 2435/2435/2435
f 2443/2443/2443 2442/2442/2442 2437/2437/2437
f 2444/2444/2444 2431/2431/2431 2439/2439/2439
f 2431/2431/2431 2444/2444/2444 2437/2437/2437
f 2444/2444/2444 2445/2445/2445 2437/2437/2437
f 2445/2445/2445 2444/2444/2444 2439/2439/2439
f 2346/2346/2346 2446/2446/2446 2439/2439/2439
f 2446/2446/2446 2346/2346/2346 2344/2344/2344
f 2446/2446/2446 2447/2447/2447 2439/2439/2439
f 2447/2447/2447 2446/2446/2446 2344/2344/2344
f 2448/2448/2448 2447/2447/2447 2344/2344/2344
f 2336/2336/2336 2448/2448/2448 2344/2344/2344
f 2448/2448/2448 2336/2336/2336 2449/2449/2449
f 2447/2447/2447 2450/2450/2450 2439/2439/2439
f 2450/2450/2450 2445/2445/2445 2439/2439/2439
f 2450/2450/2450 2447/2447/2447 2451/2451/2451
f 2445/2445/2445 2450/2450/2450 2451/2451/2451
f 2447/2447/2447 2452/2452/2452 2451/2451/2451
f 2452/2452/2452 2453/2453/2453 2451/2451/2451
f 2336/2336/2336 2454/2454/2454 2449/2449/2449
f 2454/2454/2454 2336/2336/2336 2338/2338/2338
f 2454/2454/2454 2455/2455/2455 2449/2449/2449
f 2455/2455/2455 2454/2454/2454 2338/2338/2338
f 2455/2455/2455 2456/2456/2456 2449/2449/2449
f 2457/2457/2457 2455/2455/2455 2338/2338/2338
f 2458/2458/2458 2445/2445/2445 2451/2451/2451
f 2453/2453/2453 2458/2458/2458 2451/2451/2451
f 2445/2445/2445 2458/2458/2458 2459/2459/2459
f 2458/2458/2458 2453/2453/2453 2459/2459/2459
f 2460/2460/2460 2445/2445/2445 2459/2459/2459
f 2445/2445/2445 2460/2460/2460 2437/2437/2437
f 2460/2460/2460 2443/2443/2443 2437/2437/2437
f 2443/2443/2443 2460/2460/2460 2459/2459/2459
f 2453/2453/2453 2461/2461/2461 2459/2459/2459
f 2461/2461/2461 2462/2462/2462 2459/2459/2459
f 2461/2461/2461 2453/2453/2453 891/891/891
f 2462/2462/2462 2461/2461/2461 891/891/891
f 2453/2453/2453 2463/2463/2463 891/891/891
f 2464/2464/2464 2443/2443/2443 2459/2459/2459
f 2462/2462/2462 2464/2464/2464 2459/2459/2459
f 2443/2443/2443 2464/2464/2464 2465/2465/2465
f 2464/2464/2464 2462/2462/2462 2465/2465/2465
f 2466/2466/2466 2443/2443/2443 2465/2465/2465
f 2467/2467/2467 2466/2466/2466 2465/2465/2465
f 2443/2443/2443 2466/2466/2466 2435/2435/2435
f 2466/2466/2466 2467/2467/2467 2435/2435/2435
f 2462/2462/2462 2468/2468/2468 2465/2465/2465
f 2468/2468/2468 2467/2467/2467 2465/2465/2465
f 2468/2468/2468 2462/2462/2462 2469/2469/2469
f 2467/2467/2467 2468/2468/2468 2469/2469/2469
f 2470/2470/2470 2462/2462/2462 891/891/891
f 2462/2462/2462 2470/2470/2470 2469/2469/2469
f 2471/2471/2471 2470/2470/2470 891/891/891
f 2470/2470/2470 2471/2471/2471 2469/2469/2469
f 2467/2467/2467 2472/2472/2472 2435/2435/2435
f 2472/2472/2472 2467/2467/2467 2473/2473/2473
f 2472/2472/2472 2427/2427/2427 2435/2435/2435
f 2427/2427/2427 2472/2472/2472 2473/2473/2473
f 2474/2474/2474 2471/2471/2471 891/891/891
f 2186/2186/2186 2474/2474/2474 891/891/891
f 2474/2474/2474 2186/2186/2186 2331/2331/2331
f 2471/2471/2471 2474/2474/2474 2331/2331/2331
f 2475/2475/2475 2467/2467/2467 2469/2469/2469
f 2467/2467/2467 2475/2475/2475 2473/2473/2473
f 2476/2476/2476 2475/2475/2475 2469/2469/2469
f 2475/2475/2475 2476/2476/2476 2473/2473/2473
f 2477/2477/2477 2427/2427/2427 2473/2473/2473
f 2427/2427/2427 2477/2477/2477 2419/2419/2419
f 2477/2477/2477 2425/2425/2425 2419/2419/2419
f 2425/2425/2425 2477/2477/2477 2473/2473/2473
f 2478/2478/2478 2425/2425/2425 2473/2473/2473
f 2476/2476/2476 2478/2478/2478 2473/2473/2473
f 2425/2425/2425 2478/2478/2478 2433/2433/2433
f 2478/2478/2478 2476/2476/2476 2433/2433/2433
f 2471/2471/2471 2479/2479/2479 2469/2469/2469
f 2479/2479/2479 2476/2476/2476 2469/2469/2469
f 2476/2476/2476 2480/2480/2480 2433/2433/2433
f 2480/2480/2480 2441/2441/2441 2433/2433/2433
f 2476/2476/2476 2479/2479/2479 2481/2481/2481
f 2480/2480/2480 2476/2476/2476 2481/2481/2481
f 2479/2479/2479 2471/2471/2471 2481/2481/2481
f 2441/2441/2441 2480/2480/2480 2481/2481/2481
f 2471/2471/2471 2482/2482/2482 2481/2481/2481
f 2482/2482/2482 2441/2441/2441 2481/2481/2481
f 2482/2482/2482 2471/2471/2471 2331/2331/2331
f 2441/2441/2441 2482/2482/2482 2331/2331/2331
f 2483/2483/2483 2441/2441/2441 2331/2331/2331
f 2323/2323/2323 2483/2483/2483 2331/2331/2331
f 2441/2441/2441 2483/2483/2483 2329/2329/2329
f 2483/2483/2483 2323/2323/2323 2329/2329/2329
f 2486/2486/2486 2485/2485/2485 2484/2484/2484
f 2487/2487/2487 2486/2486/2486 2484/2484/2484
f 2486/2486/2486 2487/2487/2487 2488/2488/2488
f 2489/2489/2489 2486/2486/2486 2488/2488/2488
f 2487/2487/2487 2490/2490/2490 2488/2488/2488
f 2490/2490/2490 2491/2491/2491 2488/2488/2488
f 2491/2491/2491 2492/2492/2492 2488/2488/2488
f 2492/2492/2492 2493/2493/2493 2488/2488/2488
f 2492/2492/2492 2491/2491/2491 2494/2494/2494
f 2495/2495/2495 2492/2492/2492 2494/2494/2494
f 2493/2493/2493 2492/2492/2492 2496/2496/2496
f 2492/2492/2492 2497/2497/2497 2496/2496/2496
f 2500/2500/2500 2499/2499/2499 2498/2498/2498
f 2499/2499/2499 2501/2501/2501 2498/2498/2498
f 2501/2501/2501 2502/2502/2502 2498/2498/2498
f 2502/2502/2502 2503/2503/2503 2498/2498/2498
f 2506/2506/2506 2505/2505/2505 2504/2504/2504
f 2507/2507/2507 2506/2506/2506 2504/2504/2504
f 2508/2508/2508 2507/2507/2507 2504/2504/2504
f 2509/2509/2509 2508/2508/2508 2504/2504/2504
f 2512/2512/2512 2511/2511/2511 2510/2510/2510
f 2511/2511/2511 2513/2513/2513 2510/2510/2510
f 2513/2513/2513 2511/2511/2511 2514/2514/2514
f 2511/2511/2511 2515/2515/2515 2514/2514/2514
f 2516/2516/2516 2513/2513/2513 2514/2514/2514
f 2517/2517/2517 2516/2516/2516 2514/2514/2514
f 2516/2516/2516 2517/2517/2517 2518/2518/2518
f 2519/2519/2519 2516/2516/2516 2518/2518/2518
f 2517/2517/2517 2520/2520/2520 2518/2518/2518
f 2520/2520/2520 2521/2521/2521 2518/2518/2518
f 2521/2521/2521 2520/2520/2520 2522/2522/2522
f 2520/2520/2520 2523/2523/2523 2522/2522/2522
f 2523/2523/2523 2524/2524/2524 2522/2522/2522
f 2524/2524/2524 2525/2525/2525 2522/2522/2522
f 2524/2524/2524 2523/2523/2523 2526/2526/2526
f 2527/2527/2527 2524/2524/2524 2526/2526/2526
f 2530/2530/2530 2529/2529/2529 2528/2528/2528
f 2529/2529/2529 2531/2531/2531 2528/2528/2528
f 2531/2531/2531 2529/2529/2529 2532/2532/2532
f 2529/2529/2529 2533/2533/2533 2532/2532/2532
f 2534/2534/2534 2531/2531/2531 2532/2532/2532
f 2535/2535/2535 2534/2534/2534 2532/2532/2532
f 2538/2538/2538 2537/2537/2537 2536/2536/2536
f 2539/2539/2539 2538/2538/2538 2536/2536/2536
f 2540/2540/2540 2539/2539/2539 2536/2536/2536
f 2541/2541/2541 2540/2540/2540 2536/2536/2536
f 2544/2544/2544 2543/2543/2543 2542/2542/2542
f 2545/2545/2545 2544/2544/2544 2542/2542/2542
f 2548/2548/2548 2547/2547/2547 2546/2546/2546
f 2549/2549/2549 2548/2548/2548 2546/2546/2546
f 2550/2550/2550 2549/2549/2549 2546/2546/2546
f 2551/2551/2551 2550/2550/2550 2546/2546/2546
f 2551/2551/2551 2553/2553/2553 2552/2552/2552
f 2553/2553/2553 2554/2554/2554 2552/2552/2552
f 2554/2554/2554 2553/2553/2553 2555/2555/2555
f 2553/2553/2553 2556/2556/2556 2555/2555/2555
f 2559/2559/2559 2558/2558/2558 2557/2557/2557
f 2558/2558/2558 2560/2560/2560 2557/2557/2557
f 2560/2560/2560 2561/2561/2561 2557/2557/2557
f 2561/2561/2561 2562/2562/2562 2557/2557/2557
f 2565/2565/2565 2564/2564/2564 2563/2563/2563
f 2566/2566/2566 2565/2565/2565 2563/2563/2563
f 2565/2565/2565 2566/2566/2566 2567/2567/2567
f 2568/2568/2568 2566/2566/2566 2563/2563/2563
f 2566/2566/2566 2568/2568/2568 2567/2567/2567
f 2569/2569/2569 2565/2565/2565 2567/2567/2567
f 2570/2570/2570 2569/2569/2569 2567/2567/2567
f 2569/2569/2569 2570/2570/2570 2571/2571/2571
f 2572/2572/2572 2568/2568/2568 2563/2563/2563
f 2573/2573/2573 2572/2572/2572 2563/2563/2563
f 2568/2568/2568 2572/2572/2572 2574/2574/2574
f 2572/2572/2572 2573/2573/2573 2574/2574/2574
f 2575/2575/2575 2573/2573/2573 2563/2563/2563
f 2573/2573/2573 2575/2575/2575 2576/2576/2576
f 2570/2570/2570 2577/2577/2577 2571/2571/2571
f 2577/2577/2577 2578/2578/2578 2571/2571/2571
f 2578/2578/2578 2579/2579/2579 2571/2571/2571
f 2579/2579/2579 2578/2578/2578 2580/2580/2580
f 2577/2577/2577 2570/2570/2570 2581/2581/2581
f 2578/2578/2578 2577/2577/2577 2581/2581/2581
f 2582/2582/2582 2573/2573/2573 2576/2576/2576
f 2583/2583/2583 2582/2582/2582 2576/2576/2576
f 2573/2573/2573 2582/2582/2582 2584/2584/2584
f 2582/2582/2582 2583/2583/2583 2584/2584/2584
f 2585/2585/2585 2583/2583/2583 2576/2576/2576
f 2586/2586/2586 2573/2573/2573 2584/2584/2584
f 2587/2587/2587 2586/2586/2586 2584/2584/2584
f 2573/2573/2573 2586/2586/2586 2574/2574/2574
f 2586/2586/2586 2587/2587/2587 2574/2574/2574
f 2583/2583/2583 2585/2585/2585 2588/2588/2588
f 2585/2585/2585 2589/2589/2589 2588/2588/2588
f 2589/2589/2589 2590/2590/2590 2588/2588/2588
f 2591/2591/2591 2583/2583/2583 2588/2588/2588
f 2592/2592/2592 2591/2591/2591 2588/2588/2588
f 2583/2583/2583 2591/2591/2591 2593/2593/2593
f 2591/2591/2591 2592/2592/2592 2593/2593/2593
f 2594/2594/2594 2592/2592/2592 2588/2588/2588
f 2592/2592/2592 2594/2594/2594 2595/2595/2595
f 2583/2583/2583 2596/2596/2596 2584/2584/2584
f 2596/2596/2596 2583/2583/2583 2593/2593/2593
f 2596/2596/2596 2597/2597/2597 2584/2584/2584
f 2597/2597/2597 2596/2596/2596 2593/2593/2593
f 2598/2598/2598 2587/2587/2587 2584/2584/2584
f 2597/2597/2597 2598/2598/2598 2584/2584/2584
f 2587/2587/2587 2598/2598/2598 2599/2599/2599
f 2598/2598/2598 2597/2597/2597 2599/2599/2599
f 2600/2600/2600 2592/2592/2592 2595/2595/2595
f 2592/2592/2592 2600/2600/2600 2601/2601/2601
f 2602/2602/2602 2600/2600/2600 2595/2595/2595
f 2600/2600/2600 2602/2602/2602 2601/2601/2601
f 2592/2592/2592 2603/2603/2603 2593/2593/2593
f 2603/2603/2603 2592/2592/2592 2601/2601/2601
f 2603/2603/2603 2604/2604/2604 2593/2593/2593
f 2604/2604/2604 2603/2603/2603 2601/2601/2601
f 2605/2605/2605 2597/2597/2597 2593/2593/2593
f 2604/2604/2604 2605/2605/2605 2593/2593/2593
f 2597/2597/2597 2605/2605/2605 2606/2606/2606
f 2605/2605/2605 2604/2604/2604 2606/2606/2606
f 2597/2597/2597 2607/2607/2607 2599/2599/2599
f 2607/2607/2607 2597/2597/2597 2606/2606/2606
f 2607/2607/2607 2608/2608/2608 2599/2599/2599
f 2608/2608/2608 2607/2607/2607 2606/2606/2606
f 2609/2609/2609 2602/2602/2602 2595/2595/2595
f 2610/2610/2610 2609/2609/2609 2595/2595/2595
f 2602/2602/2602 2609/2609/2609 2611/2611/2611
f 2609/2609/2609 2610/2610/2610 2611/2611/2611
f 2612/2612/2612 2610/2610/2610 2595/2595/2595
f 2610/2610/2610 2612/2612/2612 2613/2613/2613
f 2614/2614/2614 2610/2610/2610 2613/2613/2613
f 2610/2610/2610 2614/2614/2614 2615/2615/2615
f 2616/2616/2616 2610/2610/2610 2615/2615/2615
f 2610/2610/2610 2616/2616/2616 2611/2611/2611
f 2616/2616/2616 2617/2617/2617 2611/2611/2611
f 2617/2617/2617 2618/2618/2618 2611/2611/2611
f 2618/2618/2618 2617/2617/2617 2619/2619/2619
f 2618/2618/2618 2620/2620/2620 2611/2611/2611
f 2620/2620/2620 2618/2618/2618 2619/2619/2619
f 2617/2617/2617 2621/2621/2621 2619/2619/2619
f 2621/2621/2621 2622/2622/2622 2619/2619/2619
f 2622/2622/2622 2621/2621/2621 2623/2623/2623
f 2624/2624/2624 2622/2622/2622 2623/2623/2623
f 2622/2622/2622 2624/2624/2624 2625/2625/2625
f 2620/2620/2620 2626/2626/2626 2611/2611/2611
f 2626/2626/2626 2620/2620/2620 2627/2627/2627
f 2626/2626/2626 2602/2602/2602 2611/2611/2611
f 2602/2602/2602 2626/2626/2626 2627/2627/2627
f 2628/2628/2628 2602/2602/2602 2627/2627/2627
f 2629/2629/2629 2628/2628/2628 2627/2627/2627
f 2602/2602/2602 2628/2628/2628 2601/2601/2601
f 2628/2628/2628 2629/2629/2629 2601/2601/2601
f 2629/2629/2629 2630/2630/2630 2601/2601/2601
f 2630/2630/2630 2629/2629/2629 2631/2631/2631
f 2630/2630/2630 2604/2604/2604 2601/2601/2601
f 2604/2604/2604 2630/2630/2630 2631/2631/2631
f 2632/2632/2632 2604/2604/2604 2631/2631/2631
f 2633/2633/2633 2632/2632/2632 2631/2631/2631
f 2604/2604/2604 2632/2632/2632 2606/2606/2606
f 2632/2632/2632 2633/2633/2633 2606/2606/2606
f 2633/2633/2633 2634/2634/2634 2606/2606/2606
f 2634/2634/2634 2633/2633/2633 2635/2635/2635
f 2634/2634/2634 2608/2608/2608 2606/2606/2606
f 2608/2608/2608 2634/2634/2634 2635/2635/2635
f 2636/2636/2636 2629/2629/2629 2627/2627/2627
f 2637/2637/2637 2636/2636/2636 2627/2627/2627
f 2629/2629/2629 2636/2636/2636 2638/2638/2638
f 2636/2636/2636 2637/2637/2637 2638/2638/2638
f 2629/2629/2629 2639/2639/2639 2631/2631/2631
f 2639/2639/2639 2629/2629/2629 2638/2638/2638
f 2639/2639/2639 2640/2640/2640 2631/2631/2631
f 2640/2640/2640 2639/2639/2639 2638/2638/2638
f 2641/2641/2641 2633/2633/2633 2631/2631/2631
f 2640/2640/2640 2641/2641/2641 2631/2631/2631
f 2633/2633/2633 2641/2641/2641 2642/2642/2642
f 2641/2641/2641 2640/2640/2640 2642/2642/2642
f 2633/2633/2633 2643/2643/2643 2635/2635/2635
f 2643/2643/2643 2633/2633/2633 2642/2642/2642
f 2643/2643/2643 2644/2644/2644 2635/2635/2635
f 2644/2644/2644 2643/2643/2643 2642/2642/2642
f 2645/2645/2645 2637/2637/2637 2627/2627/2627
f 2637/2637/2637 2645/2645/2645 2646/2646/2646
f 2620/2620/2620 2645/2645/2645 2627/2627/2627
f 2645/2645/2645 2620/2620/2620 2646/2646/2646
f 2620/2620/2620 2647/2647/2647 2646/2646/2646
f 2647/2647/2647 2648/2648/2648 2646/2646/2646
f 2647/2647/2647 2620/2620/2620 2619/2619/2619
f 2648/2648/2648 2647/2647/2647 2619/2619/2619
f 2649/2649/2649 2648/2648/2648 2619/2619/2619
f 2648/2648/2648 2649/2649/2649 2650/2650/2650
f 2622/2622/2622 2649/2649/2649 2619/2619/2619
f 2649/2649/2649 2622/2622/2622 2650/2650/2650
f 2622/2622/2622 2651/2651/2651 2650/2650/2650
f 2651/2651/2651 2652/2652/2652 2650/2650/2650
f 2651/2651/2651 2622/2622/2622 2625/2625/2625
f 2652/2652/2652 2651/2651/2651 2625/2625/2625
f 2653/2653/2653 2652/2652/2652 2625/2625/2625
f 2652/2652/2652 2653/2653/2653 2654/2654/2654
f 2655/2655/2655 2652/2652/2652 2654/2654/2654
f 2656/2656/2656 2655/2655/2655 2654/2654/2654
f 2652/2652/2652 2655/2655/2655 2657/2657/2657
f 2655/2655/2655 2656/2656/2656 2657/2657/2657
f 2658/2658/2658 2656/2656/2656 2654/2654/2654
f 2656/2656/2656 2658/2658/2658 2659/2659/2659
f 2660/2660/2660 2656/2656/2656 2659/2659/2659
f 2656/2656/2656 2660/2660/2660 2661/2661/2661
f 2662/2662/2662 2656/2656/2656 2661/2661/2661
f 2656/2656/2656 2662/2662/2662 2657/2657/2657
f 2663/2663/2663 2662/2662/2662 2661/2661/2661
f 2662/2662/2662 2663/2663/2663 2657/2657/2657
f 2664/2664/2664 2663/2663/2663 2661/2661/2661
f 2663/2663/2663 2664/2664/2664 2665/2665/2665
f 2666/2666/2666 2652/2652/2652 2657/2657/2657
f 2667/2667/2667 2666/2666/2666 2657/2657/2657
f 2652/2652/2652 2666/2666/2666 2650/2650/2650
f 2666/2666/2666 2667/2667/2667 2650/2650/2650
f 2663/2663/2663 2668/2668/2668 2657/2657/2657
f 2668/2668/2668 2667/2667/2667 2657/2657/2657
f 2668/2668/2668 2663/2663/2663 2669/2669/2669
f 2667/2667/2667 2668/2668/2668 2669/2669/2669
f 2670/2670/2670 2663/2663/2663 2665/2665/2665
f 2663/2663/2663 2670/2670/2670 2669/2669/2669
f 2671/2671/2671 2670/2670/2670 2665/2665/2665
f 2670/2670/2670 2671/2671/2671 2669/2669/2669
f 2672/2672/2672 2671/2671/2671 2665/2665/2665
f 2671/2671/2671 2672/2672/2672 2673/2673/2673
f 2667/2667/2667 2674/2674/2674 2650/2650/2650
f 2674/2674/2674 2667/2667/2667 2675/2675/2675
f 2674/2674/2674 2648/2648/2648 2650/2650/2650
f 2648/2648/2648 2674/2674/2674 2675/2675/2675
f 2676/2676/2676 2667/2667/2667 2669/2669/2669
f 2667/2667/2667 2676/2676/2676 2675/2675/2675
f 2677/2677/2677 2676/2676/2676 2669/2669/2669
f 2676/2676/2676 2677/2677/2677 2675/2675/2675
f 2671/2671/2671 2678/2678/2678 2669/2669/2669
f 2678/2678/2678 2677/2677/2677 2669/2669/2669
f 2678/2678/2678 2671/2671/2671 2679/2679/2679
f 2677/2677/2677 2678/2678/2678 2679/2679/2679
f 2680/2680/2680 2671/2671/2671 2673/2673/2673
f 2671/2671/2671 2680/2680/2680 2679/2679/2679
f 2681/2681/2681 2680/2680/2680 2673/2673/2673
f 2680/2680/2680 2681/2681/2681 2679/2679/2679
f 2682/2682/2682 2681/2681/2681 2673/2673/2673
f 2681/2681/2681 2682/2682/2682 2683/2683/2683
f 2684/2684/2684 2648/2648/2648 2675/2675/2675
f 2685/2685/2685 2684/2684/2684 2675/2675/2675
f 2648/2648/2648 2684/2684/2684 2646/2646/2646
f 2684/2684/2684 2685/2685/2685 2646/2646/2646
f 2677/2677/2677 2686/2686/2686 2675/2675/2675
f 2686/2686/2686 2685/2685/2685 2675/2675/2675
f 2686/2686/2686 2677/2677/2677 2687/2687/2687
f 2685/2685/2685 2686/2686/2686 2687/2687/2687
f 2688/2688/2688 2677/2677/2677 2679/2679/2679
f 2677/2677/2677 2688/2688/2688 2687/2687/2687
f 2689/2689/2689 2688/2688/2688 2679/2679/2679
f 2688/2688/2688 2689/2689/2689 2687/2687/2687
f 2681/2681/2681 2690/2690/2690 2679/2679/2679
f 2690/2690/2690 2689/2689/2689 2679/2679/2679
f 2690/2690/2690 2681/2681/2681 2691/2691/2691
f 2689/2689/2689 2690/2690/2690 2691/2691/2691
f 2692/2692/2692 2681/2681/2681 2683/2683/2683
f 2681/2681/2681 2692/2692/2692 2691/2691/2691
f 2693/2693/2693 2692/2692/2692 2683/2683/2683
f 2692/2692/2692 2693/2693/2693 2691/2691/2691
f 2694/2694/2694 2693/2693/2693 2683/2683/2683
f 2693/2693/2693 2694/2694/2694 2695/2695/2695
f 2696/2696/2696 2693/2693/2693 2695/2695/2695
f 2697/2697/2697 2696/2696/2696 2695/2695/2695
f 2693/2693/2693 2696/2696/2696 2698/2698/2698
f 2696/2696/2696 2697/2697/2697 2698/2698/2698
f 2699/2699/2699 2697/2697/2697 2695/2695/2695
f 2697/2697/2697 2699/2699/2699 2700/2700/2700
f 2693/2693/2693 2701/2701/2701 2691/2691/2691
f 2701/2701/2701 2693/2693/2693 2698/2698/2698
f 2701/2701/2701 2702/2702/2702 2691/2691/2691
f 2702/2702/2702 2701/2701/2701 2698/2698/2698
f 2703/2703/2703 2689/2689/2689 2691/2691/2691
f 2702/2702/2702 2703/2703/2703 2691/2691/2691
f 2689/2689/2689 2703/2703/2703 2704/2704/2704
f 2703/2703/2703 2702/2702/2702 2704/2704/2704
f 2705/2705/2705 2689/2689/2689 2704/2704/2704
f 2706/2706/2706 2705/2705/2705 2704/2704/2704
f 2689/2689/2689 2705/2705/2705 2687/2687/2687
f 2705/2705/2705 2706/2706/2706 2687/2687/2687
f 2706/2706/2706 2707/2707/2707 2687/2687/2687
f 2707/2707/2707 2706/2706/2706 2708/2708/2708
f 2707/2707/2707 2685/2685/2685 2687/2687/2687
f 2685/2685/2685 2707/2707/2707 2708/2708/2708
f 2709/2709/2709 2685/2685/2685 2708/2708/2708
f 2685/2685/2685 2709/2709/2709 2646/2646/2646
f 2709/2709/2709 2637/2637/2637 2646/2646/2646
f 2637/2637/2637 2709/2709/2709 2708/2708/2708
f 2710/2710/2710 2637/2637/2637 2708/2708/2708
f 2711/2711/2711 2710/2710/2710 2708/2708/2708
f 2637/2637/2637 2710/2710/2710 2638/2638/2638
f 2710/2710/2710 2711/2711/2711 2638/2638/2638
f 2706/2706/2706 2712/2712/2712 2708/2708/2708
f 2712/2712/2712 2711/2711/2711 2708/2708/2708
f 2712/2712/2712 2706/2706/2706 2713/2713/2713
f 2711/2711/2711 2712/2712/2712 2713/2713/2713
f 2714/2714/2714 2706/2706/2706 2704/2704/2704
f 2706/2706/2706 2714/2714/2714 2713/2713/2713
f 2715/2715/2715 2714/2714/2714 2704/2704/2704
f 2714/2714/2714 2715/2715/2715 2713/2713/2713
f 2711/2711/2711 2716/2716/2716 2638/2638/2638
f 2716/2716/2716 2711/2711/2711 2717/2717/2717
f 2716/2716/2716 2640/2640/2640 2638/2638/2638
f 2640/2640/2640 2716/2716/2716 2717/2717/2717
f 2718/2718/2718 2715/2715/2715 2704/2704/2704
f 2715/2715/2715 2718/2718/2718 2719/2719/2719
f 2702/2702/2702 2718/2718/2718 2704/2704/2704
f 2718/2718/2718 2702/2702/2702 2719/2719/2719
f 2720/2720/2720 2711/2711/2711 2713/2713/2713
f 2711/2711/2711 2720/2720/2720 2717/2717/2717
f 2721/2721/2721 2720/2720/2720 2713/2713/2713
f 2720/2720/2720 2721/2721/2721 2717/2717/2717
f 2722/2722/2722 2640/2640/2640 2717/2717/2717
f 2723/2723/2723 2722/2722/2722 2717/2717/2717
f 2640/2640/2640 2722/2722/2722 2642/2642/2642
f 2722/2722/2722 2723/2723/2723 2642/2642/2642
f 2715/2715/2715 2724/2724/2724 2713/2713/2713
f 2724/2724/2724 2721/2721/2721 2713/2713/2713
f 2724/2724/2724 2715/2715/2715 2725/2725/2725
f 2721/2721/2721 2724/2724/2724 2725/2725/2725
f 2726/2726/2726 2715/2715/2715 2719/2719/2719
f 2715/2715/2715 2726/2726/2726 2725/2725/2725
f 2727/2727/2727 2726/2726/2726 2719/2719/2719
f 2726/2726/2726 2727/2727/2727 2725/2725/2725
f 2728/2728/2728 2723/2723/2723 2717/2717/2717
f 2721/2721/2721 2728/2728/2728 2717/2717/2717
f 2728/2728/2728 2721/2721/2721 2729/2729/2729
f 2723/2723/2723 2728/2728/2728 2729/2729/2729
f 2723/2723/2723 2730/2730/2730 2642/2642/2642
f 2730/2730/2730 2723/2723/2723 2731/2731/2731
f 2730/2730/2730 2644/2644/2644 2642/2642/2642
f 2644/2644/2644 2730/2730/2730 2731/2731/2731
f 2732/2732/2732 2721/2721/2721 2725/2725/2725
f 2721/2721/2721 2732/2732/2732 2729/2729/2729
f 2733/2733/2733 2732/2732/2732 2725/2725/2725
f 2732/2732/2732 2733/2733/2733 2729/2729/2729
f 2734/2734/2734 2733/2733/2733 2725/2725/2725
f 2727/2727/2727 2734/2734/2734 2725/2725/2725
f 2733/2733/2733 2735/2735/2735 2729/2729/2729
f 2735/2735/2735 2736/2736/2736 2729/2729/2729
f 2734/2734/2734 2727/2727/2727 2737/2737/2737
f 2736/2736/2736 2735/2735/2735 2738/2738/2738
f 2739/2739/2739 2723/2723/2723 2729/2729/2729
f 2723/2723/2723 2739/2739/2739 2731/2731/2731
f 2736/2736/2736 2739/2739/2739 2729/2729/2729
f 2739/2739/2739 2736/2736/2736 2731/2731/2731
f 2727/2727/2727 2740/2740/2740 2737/2737/2737
f 2740/2740/2740 2741/2741/2741 2737/2737/2737
f 2741/2741/2741 2742/2742/2742 2737/2737/2737
f 2742/2742/2742 2741/2741/2741 2743/2743/2743
f 2740/2740/2740 2727/2727/2727 2744/2744/2744
f 2741/2741/2741 2740/2740/2740 2744/2744/2744
f 2727/2727/2727 2745/2745/2745 2744/2744/2744
f 2745/2745/2745 2746/2746/2746 2744/2744/2744
f 2745/2745/2745 2727/2727/2727 2719/2719/2719
f 2746/2746/2746 2745/2745/2745 2719/2719/2719
f 2747/2747/2747 2741/2741/2741 2744/2744/2744
f 2746/2746/2746 2747/2747/2747 2744/2744/2744
f 2741/2741/2741 2747/2747/2747 2748/2748/2748
f 2747/2747/2747 2746/2746/2746 2748/2748/2748
f 2741/2741/2741 2749/2749/2749 2743/2743/2743
f 2749/2749/2749 2741/2741/2741 2748/2748/2748
f 2749/2749/2749 2750/2750/2750 2743/2743/2743
f 2750/2750/2750 2749/2749/2749 2748/2748/2748
f 2750/2750/2750 2751/2751/2751 2743/2743/2743
f 2752/2752/2752 2746/2746/2746 2719/2719/2719
f 2702/2702/2702 2752/2752/2752 2719/2719/2719
f 2752/2752/2752 2702/2702/2702 2698/2698/2698
f 2746/2746/2746 2752/2752/2752 2698/2698/2698
f 2753/2753/2753 2746/2746/2746 2698/2698/2698
f 2746/2746/2746 2753/2753/2753 2748/2748/2748
f 2697/2697/2697 2753/2753/2753 2698/2698/2698
f 2753/2753/2753 2697/2697/2697 2748/2748/2748
f 2697/2697/2697 2754/2754/2754 2748/2748/2748
f 2754/2754/2754 2750/2750/2750 2748/2748/2748
f 2754/2754/2754 2697/2697/2697 2700/2700/2700
f 2750/2750/2750 2754/2754/2754 2700/2700/2700
f 2755/2755/2755 2750/2750/2750 2700/2700/2700
f 2750/2750/2750 2755/2755/2755 2756/2756/2756
f 2751/2751/2751 2750/2750/2750 2756/2756/2756
f 2757/2757/2757 2751/2751/2751 2756/2756/2756
f 2758/2758/2758 2757/2757/2757 2756/2756/2756
f 2761/2761/2761 2760/2760/2760 2759/2759/2759
f 2762/2762/2762 2761/2761/2761 2759/2759/2759
f 2763/2763/2763 2762/2762/2762 2759/2759/2759
f 2764/2764/2764 2763/2763/2763 2759/2759/2759
f 2763/2763/2763 2764/2764/2764 2765/2765/2765
f 2761/2761/2761 2762/2762/2762 2766/2766/2766
f 2762/2762/2762 2763/2763/2763 2766/2766/2766
f 2767/2767/2767 2761/2761/2761 2766/2766/2766
f 2768/2768/2768 2767/2767/2767 2766/2766/2766
f 2767/2767/2767 2768/2768/2768 2769/2769/2769
f 2768/2768/2768 2770/2770/2770 2769/2769/2769
f 2770/2770/2770 2768/2768/2768 2771/2771/2771
f 2763/2763/2763 2772/2772/2772 2766/2766/2766
f 2772/2772/2772 2768/2768/2768 2766/2766/2766
f 2772/2772/2772 2763/2763/2763 2773/2773/2773
f 2768/2768/2768 2772/2772/2772 2773/2773/2773
f 2768/2768/2768 2774/2774/2774 2771/2771/2771
f 2774/2774/2774 2768/2768/2768 2773/2773/2773
f 2774/2774/2774 2775/2775/2775 2771/2771/2771
f 2775/2775/2775 2774/2774/2774 2773/2773/2773
f 2775/2775/2775 2776/2776/2776 2771/2771/2771
f 2777/2777/2777 2763/2763/2763 2765/2765/2765
f 2763/2763/2763 2777/2777/2777 2773/2773/2773
f 2777/2777/2777 2778/2778/2778 2773/2773/2773
f 2778/2778/2778 2777/2777/2777 2765/2765/2765
f 2779/2779/2779 2775/2775/2775 2773/2773/2773
f 2778/2778/2778 2779/2779/2779 2773/2773/2773
f 2775/2775/2775 2779/2779/2779 2780/2780/2780
f 2779/2779/2779 2778/2778/2778 2780/2780/2780
f 2781/2781/2781 2775/2775/2775 2780/2780/2780
f 2782/2782/2782 2781/2781/2781 2780/2780/2780
f 2781/2781/2781 2782/2782/2782 2783/2783/2783
f 2782/2782/2782 2784/2784/2784 2783/2783/2783
f 2784/2784/2784 2782/2782/2782 2785/2785/2785
f 2782/2782/2782 2786/2786/2786 2785/2785/2785
f 2786/2786/2786 2782/2782/2782 2787/2787/2787
f 2788/2788/2788 2782/2782/2782 2780/2780/2780
f 2778/2778/2778 2788/2788/2788 2780/2780/2780
f 2782/2782/2782 2788/2788/2788 2787/2787/2787
f 2788/2788/2788 2778/2778/2778 2787/2787/2787
f 2778/2778/2778 2789/2789/2789 2787/2787/2787
f 2789/2789/2789 2778/2778/2778 2765/2765/2765
f 2789/2789/2789 2790/2790/2790 2787/2787/2787
f 2790/2790/2790 2789/2789/2789 2765/2765/2765
f 2790/2790/2790 2791/2791/2791 2787/2787/2787
f 2791/2791/2791 2790/2790/2790 2792/2792/2792
f 2793/2793/2793 2790/2790/2790 2765/2765/2765
f 2794/2794/2794 2793/2793/2793 2765/2765/2765
f 2795/2795/2795 2794/2794/2794 2765/2765/2765
f 2790/2790/2790 2793/2793/2793 2796/2796/2796
f 2793/2793/2793 2794/2794/2794 2796/2796/2796
f 2790/2790/2790 2797/2797/2797 2792/2792/2792
f 2797/2797/2797 2790/2790/2790 2796/2796/2796
f 2797/2797/2797 2798/2798/2798 2792/2792/2792
f 2798/2798/2798 2797/2797/2797 2796/2796/2796
f 2798/2798/2798 2799/2799/2799 2792/2792/2792
f 2800/2800/2800 2798/2798/2798 2796/2796/2796
f 2794/2794/2794 2801/2801/2801 2796/2796/2796
f 2801/2801/2801 2794/2794/2794 2802/2802/2802
f 2794/2794/2794 2803/2803/2803 2802/2802/2802
f 2806/2806/2806 2805/2805/2805 2804/2804/2804
f 2807/2807/2807 2806/2806/2806 2804/2804/2804
f 2808/2808/2808 2807/2807/2807 2804/2804/2804
f 2806/2806/2806 2807/2807/2807 2809/2809/2809
f 2807/2807/2807 2808/2808/2808 2809/2809/2809
f 2810/2810/2810 2808/2808/2808 2804/2804/2804
f 2808/2808/2808 2810/2810/2810 2811/2811/2811
f 2810/2810/2810 2812/2812/2812 2811/2811/2811
f 2813/2813/2813 2806/2806/2806 2809/2809/2809
f 2814/2814/2814 2813/2813/2813 2809/2809/2809
f 2806/2806/2806 2813/2813/2813 2815/2815/2815
f 2813/2813/2813 2814/2814/2814 2815/2815/2815
f 2816/2816/2816 2806/2806/2806 2815/2815/2815
f 2812/2812/2812 2817/2817/2817 2811/2811/2811
f 2817/2817/2817 2812/2812/2812 2818/2818/2818
f 2817/2817/2817 2819/2819/2819 2811/2811/2811
f 2819/2819/2819 2817/2817/2817 2818/2818/2818
f 2812/2812/2812 2820/2820/2820 2818/2818/2818
f 2820/2820/2820 2821/2821/2821 2818/2818/2818
f 2821/2821/2821 2820/2820/2820 2822/2822/2822
f 2823/2823/2823 2821/2821/2821 2822/2822/2822
f 2821/2821/2821 2823/2823/2823 2824/2824/2824
f 2814/2814/2814 2825/2825/2825 2815/2815/2815
f 2825/2825/2825 2826/2826/2826 2815/2815/2815
f 2825/2825/2825 2814/2814/2814 2827/2827/2827
f 2826/2826/2826 2825/2825/2825 2827/2827/2827
f 2826/2826/2826 2828/2828/2828 2815/2815/2815
f 2828/2828/2828 2829/2829/2829 2815/2815/2815
f 2828/2828/2828 2826/2826/2826 2830/2830/2830
f 2831/2831/2831 2821/2821/2821 2824/2824/2824
f 2832/2832/2832 2831/2831/2831 2824/2824/2824
f 2821/2821/2821 2831/2831/2831 2833/2833/2833
f 2831/2831/2831 2832/2832/2832 2833/2833/2833
f 2834/2834/2834 2832/2832/2832 2824/2824/2824
f 2832/2832/2832 2834/2834/2834 2835/2835/2835
f 2836/2836/2836 2821/2821/2821 2833/2833/2833
f 2837/2837/2837 2836/2836/2836 2833/2833/2833
f 2821/2821/2821 2836/2836/2836 2818/2818/2818
f 2836/2836/2836 2837/2837/2837 2818/2818/2818
f 2837/2837/2837 2838/2838/2838 2818/2818/2818
f 2838/2838/2838 2837/2837/2837 2839/2839/2839
f 2838/2838/2838 2819/2819/2819 2818/2818/2818
f 2819/2819/2819 2838/2838/2838 2839/2839/2839
f 2826/2826/2826 2840/2840/2840 2830/2830/2830
f 2840/2840/2840 2841/2841/2841 2830/2830/2830
f 2841/2841/2841 2842/2842/2842 2830/2830/2830
f 2842/2842/2842 2841/2841/2841 2843/2843/2843
f 2844/2844/2844 2842/2842/2842 2843/2843/2843
f 2840/2840/2840 2826/2826/2826 2845/2845/2845
f 2841/2841/2841 2840/2840/2840 2845/2845/2845
f 2826/2826/2826 2846/2846/2846 2845/2845/2845
f 2846/2846/2846 2847/2847/2847 2845/2845/2845
f 2846/2846/2846 2826/2826/2826 2827/2827/2827
f 2847/2847/2847 2846/2846/2846 2827/2827/2827
f 2848/2848/2848 2841/2841/2841 2845/2845/2845
f 2847/2847/2847 2848/2848/2848 2845/2845/2845
f 2841/2841/2841 2848/2848/2848 2849/2849/2849
f 2848/2848/2848 2847/2847/2847 2849/2849/2849
f 2841/2841/2841 2850/2850/2850 2843/2843/2843
f 2850/2850/2850 2841/2841/2841 2849/2849/2849
f 2850/2850/2850 2851/2851/2851 2843/2843/2843
f 2851/2851/2851 2850/2850/2850 2849/2849/2849
f 2852/2852/2852 2844/2844/2844 2843/2843/2843
f 2853/2853/2853 2852/2852/2852 2843/2843/2843
f 2844/2844/2844 2852/2852/2852 2854/2854/2854
f 2852/2852/2852 2853/2853/2853 2854/2854/2854
f 2851/2851/2851 2855/2855/2855 2843/2843/2843
f 2855/2855/2855 2853/2853/2853 2843/2843/2843
f 2855/2855/2855 2851/2851/2851 2856/2856/2856
f 2853/2853/2853 2855/2855/2855 2856/2856/2856
f 2857/2857/2857 2844/2844/2844 2854/2854/2854
f 2858/2858/2858 2857/2857/2857 2854/2854/2854
f 2844/2844/2844 2857/2857/2857 2859/2859/2859
f 2857/2857/2857 2858/2858/2858 2859/2859/2859
f 2860/2860/2860 2844/2844/2844 2859/2859/2859
f 2829/2829/2829 2860/2860/2860 2859/2859/2859
f 2858/2858/2858 2861/2861/2861 2859/2859/2859
f 2861/2861/2861 2829/2829/2829 2859/2859/2859
f 2829/2829/2829 2861/2861/2861 2862/2862/2862
f 2861/2861/2861 2858/2858/2858 2862/2862/2862
f 2863/2863/2863 2829/2829/2829 2862/2862/2862
f 2864/2864/2864 2863/2863/2863 2862/2862/2862
f 2829/2829/2829 2863/2863/2863 2815/2815/2815
f 2863/2863/2863 2864/2864/2864 2815/2815/2815
f 2851/2851/2851 2865/2865/2865 2856/2856/2856
f 2865/2865/2865 2851/2851/2851 2866/2866/2866
f 2865/2865/2865 2867/2867/2867 2856/2856/2856
f 2867/2867/2867 2865/2865/2865 2866/2866/2866
f 2851/2851/2851 2868/2868/2868 2866/2866/2866
f 2868/2868/2868 2869/2869/2869 2866/2866/2866
f 2868/2868/2868 2851/2851/2851 2849/2849/2849
f 2869/2869/2869 2868/2868/2868 2849/2849/2849
f 2870/2870/2870 2869/2869/2869 2849/2849/2849
f 2869/2869/2869 2870/2870/2870 2871/2871/2871
f 2847/2847/2847 2870/2870/2870 2849/2849/2849
f 2870/2870/2870 2847/2847/2847 2871/2871/2871
f 2847/2847/2847 2872/2872/2872 2871/2871/2871
f 2872/2872/2872 2873/2873/2873 2871/2871/2871
f 2872/2872/2872 2847/2847/2847 2827/2827/2827
f 2873/2873/2873 2872/2872/2872 2827/2827/2827
f 2874/2874/2874 2873/2873/2873 2827/2827/2827
f 2814/2814/2814 2874/2874/2874 2827/2827/2827
f 2874/2874/2874 2814/2814/2814 2875/2875/2875
f 2873/2873/2873 2874/2874/2874 2875/2875/2875
f 2814/2814/2814 2876/2876/2876 2875/2875/2875
f 2876/2876/2876 2877/2877/2877 2875/2875/2875
f 2876/2876/2876 2814/2814/2814 2809/2809/2809
f 2877/2877/2877 2876/2876/2876 2809/2809/2809
f 2878/2878/2878 2873/2873/2873 2875/2875/2875
f 2877/2877/2877 2878/2878/2878 2875/2875/2875
f 2873/2873/2873 2878/2878/2878 2879/2879/2879
f 2878/2878/2878 2877/2877/2877 2879/2879/2879
f 2873/2873/2873 2880/2880/2880 2871/2871/2871
f 2880/2880/2880 2873/2873/2873 2879/2879/2879
f 2880/2880/2880 2881/2881/2881 2871/2871/2871
f 2881/2881/2881 2880/2880/2880 2879/2879/2879
f 2882/2882/2882 2877/2877/2877 2809/2809/2809
f 2877/2877/2877 2882/2882/2882 2883/2883/2883
f 2808/2808/2808 2882/2882/2882 2809/2809/2809
f 2882/2882/2882 2808/2808/2808 2883/2883/2883
f 2881/2881/2881 2884/2884/2884 2871/2871/2871
f 2884/2884/2884 2881/2881/2881 2885/2885/2885
f 2884/2884/2884 2869/2869/2869 2871/2871/2871
f 2869/2869/2869 2884/2884/2884 2885/2885/2885
f 2877/2877/2877 2886/2886/2886 2879/2879/2879
f 2886/2886/2886 2877/2877/2877 2883/2883/2883
f 2886/2886/2886 2887/2887/2887 2879/2879/2879
f 2887/2887/2887 2886/2886/2886 2883/2883/2883
f 2808/2808/2808 2888/2888/2888 2883/2883/2883
f 2888/2888/2888 2889/2889/2889 2883/2883/2883
f 2888/2888/2888 2808/2808/2808 2811/2811/2811
f 2889/2889/2889 2888/2888/2888 2811/2811/2811
f 2890/2890/2890 2881/2881/2881 2879/2879/2879
f 2887/2887/2887 2890/2890/2890 2879/2879/2879
f 2881/2881/2881 2890/2890/2890 2891/2891/2891
f 2890/2890/2890 2887/2887/2887 2891/2891/2891
f 2881/2881/2881 2892/2892/2892 2885/2885/2885
f 2892/2892/2892 2881/2881/2881 2891/2891/2891
f 2892/2892/2892 2893/2893/2893 2885/2885/2885
f 2893/2893/2893 2892/2892/2892 2891/2891/2891
f 2894/2894/2894 2869/2869/2869 2885/2885/2885
f 2895/2895/2895 2894/2894/2894 2885/2885/2885
f 2869/2869/2869 2894/2894/2894 2866/2866/2866
f 2894/2894/2894 2895/2895/2895 2866/2866/2866
f 2896/2896/2896 2889/2889/2889 2811/2811/2811
f 2889/2889/2889 2896/2896/2896 2897/2897/2897
f 2819/2819/2819 2896/2896/2896 2811/2811/2811
f 2896/2896/2896 2819/2819/2819 2897/2897/2897
f 2893/2893/2893 2898/2898/2898 2885/2885/2885
f 2898/2898/2898 2895/2895/2895 2885/2885/2885
f 2898/2898/2898 2893/2893/2893 2899/2899/2899
f 2895/2895/2895 2898/2898/2898 2899/2899/2899
f 2895/2895/2895 2900/2900/2900 2866/2866/2866
f 2900/2900/2900 2895/2895/2895 2901/2901/2901
f 2900/2900/2900 2867/2867/2867 2866/2866/2866
f 2867/2867/2867 2900/2900/2900 2901/2901/2901
f 2819/2819/2819 2902/2902/2902 2897/2897/2897
f 2902/2902/2902 2903/2903/2903 2897/2897/2897
f 2902/2902/2902 2819/2819/2819 2839/2839/2839
f 2903/2903/2903 2902/2902/2902 2839/2839/2839
f 2904/2904/2904 2895/2895/2895 2899/2899/2899
f 2895/2895/2895 2904/2904/2904 2901/2901/2901
f 2905/2905/2905 2904/2904/2904 2899/2899/2899
f 2904/2904/2904 2905/2905/2905 2901/2901/2901
f 2893/2893/2893 2906/2906/2906 2899/2899/2899
f 2906/2906/2906 2907/2907/2907 2899/2899/2899
f 2906/2906/2906 2893/2893/2893 2908/2908/2908
f 2907/2907/2907 2906/2906/2906 2908/2908/2908
f 2909/2909/2909 2905/2905/2905 2899/2899/2899
f 2907/2907/2907 2909/2909/2909 2899/2899/2899
f 2905/2905/2905 2909/2909/2909 2910/2910/2910
f 2909/2909/2909 2907/2907/2907 2910/2910/2910
f 2893/2893/2893 2911/2911/2911 2908/2908/2908
f 2911/2911/2911 2912/2912/2912 2908/2908/2908
f 2911/2911/2911 2893/2893/2893 2891/2891/2891
f 2912/2912/2912 2911/2911/2911 2891/2891/2891
f 2913/2913/2913 2912/2912/2912 2891/2891/2891
f 2912/2912/2912 2913/2913/2913 2914/2914/2914
f 2887/2887/2887 2913/2913/2913 2891/2891/2891
f 2913/2913/2913 2887/2887/2887 2914/2914/2914
f 2887/2887/2887 2915/2915/2915 2914/2914/2914
f 2915/2915/2915 2887/2887/2887 2883/2883/2883
f 2889/2889/2889 2915/2915/2915 2883/2883/2883
f 2915/2915/2915 2889/2889/2889 2914/2914/2914
f 2889/2889/2889 2916/2916/2916 2914/2914/2914
f 2916/2916/2916 2917/2917/2917 2914/2914/2914
f 2916/2916/2916 2889/2889/2889 2897/2897/2897
f 2917/2917/2917 2916/2916/2916 2897/2897/2897
f 2918/2918/2918 2912/2912/2912 2914/2914/2914
f 2917/2917/2917 2918/2918/2918 2914/2914/2914
f 2912/2912/2912 2918/2918/2918 2919/2919/2919
f 2918/2918/2918 2917/2917/2917 2919/2919/2919
f 2912/2912/2912 2920/2920/2920 2908/2908/2908
f 2920/2920/2920 2912/2912/2912 2919/2919/2919
f 2920/2920/2920 2921/2921/2921 2908/2908/2908
f 2921/2921/2921 2920/2920/2920 2919/2919/2919
f 2922/2922/2922 2917/2917/2917 2897/2897/2897
f 2917/2917/2917 2922/2922/2922 2923/2923/2923
f 2903/2903/2903 2922/2922/2922 2897/2897/2897
f 2922/2922/2922 2903/2903/2903 2923/2923/2923
f 2921/2921/2921 2924/2924/2924 2908/2908/2908
f 2924/2924/2924 2921/2921/2921 2925/2925/2925
f 2924/2924/2924 2907/2907/2907 2908/2908/2908
f 2907/2907/2907 2924/2924/2924 2925/2925/2925
f 2917/2917/2917 2926/2926/2926 2919/2919/2919
f 2926/2926/2926 2917/2917/2917 2923/2923/2923
f 2926/2926/2926 2927/2927/2927 2919/2919/2919
f 2927/2927/2927 2926/2926/2926 2923/2923/2923
f 2928/2928/2928 2921/2921/2921 2919/2919/2919
f 2927/2927/2927 2928/2928/2928 2919/2919/2919
f 2921/2921/2921 2928/2928/2928 2929/2929/2929
f 2928/2928/2928 2927/2927/2927 2929/2929/2929
f 2921/2921/2921 2930/2930/2930 2925/2925/2925
f 2930/2930/2930 2921/2921/2921 2929/2929/2929
f 2930/2930/2930 2931/2931/2931 2925/2925/2925
f 2931/2931/2931 2930/2930/2930 2929/2929/2929
f 2932/2932/2932 2907/2907/2907 2925/2925/2925
f 2933/2933/2933 2932/2932/2932 2925/2925/2925
f 2907/2907/2907 2932/2932/2932 2910/2910/2910
f 2932/2932/2932 2933/2933/2933 2910/2910/2910
f 2931/2931/2931 2934/2934/2934 2925/2925/2925
f 2934/2934/2934 2933/2933/2933 2925/2925/2925
f 2934/2934/2934 2931/2931/2931 2935/2935/2935
f 2933/2933/2933 2934/2934/2934 2935/2935/2935
f 2936/2936/2936 2927/2927/2927 2923/2923/2923
f 2937/2937/2937 2936/2936/2936 2923/2923/2923
f 2927/2927/2927 2936/2936/2936 2938/2938/2938
f 2936/2936/2936 2937/2937/2937 2938/2938/2938
f 2927/2927/2927 2939/2939/2939 2929/2929/2929
f 2939/2939/2939 2927/2927/2927 2938/2938/2938
f 2939/2939/2939 2940/2940/2940 2929/2929/2929
f 2940/2940/2940 2939/2939/2939 2938/2938/2938
f 2941/2941/2941 2931/2931/2931 2929/2929/2929
f 2940/2940/2940 2941/2941/2941 2929/2929/2929
f 2931/2931/2931 2941/2941/2941 2942/2942/2942
f 2941/2941/2941 2940/2940/2940 2942/2942/2942
f 2931/2931/2931 2943/2943/2943 2935/2935/2935
f 2943/2943/2943 2931/2931/2931 2942/2942/2942
f 2943/2943/2943 2944/2944/2944 2935/2935/2935
f 2944/2944/2944 2943/2943/2943 2942/2942/2942
f 2945/2945/2945 2937/2937/2937 2923/2923/2923
f 2937/2937/2937 2945/2945/2945 2946/2946/2946
f 2903/2903/2903 2945/2945/2945 2923/2923/2923
f 2945/2945/2945 2903/2903/2903 2946/2946/2946
f 2903/2903/2903 2947/2947/2947 2946/2946/2946
f 2947/2947/2947 2948/2948/2948 2946/2946/2946
f 2947/2947/2947 2903/2903/2903 2839/2839/2839
f 2948/2948/2948 2947/2947/2947 2839/2839/2839
f 2949/2949/2949 2948/2948/2948 2839/2839/2839
f 2948/2948/2948 2949/2949/2949 2950/2950/2950
f 2837/2837/2837 2949/2949/2949 2839/2839/2839
f 2949/2949/2949 2837/2837/2837 2950/2950/2950
f 2837/2837/2837 2951/2951/2951 2950/2950/2950
f 2951/2951/2951 2952/2952/2952 2950/2950/2950
f 2951/2951/2951 2837/2837/2837 2833/2833/2833
f 2952/2952/2952 2951/2951/2951 2833/2833/2833
f 2953/2953/2953 2952/2952/2952 2833/2833/2833
f 2952/2952/2952 2953/2953/2953 2954/2954/2954
f 2832/2832/2832 2953/2953/2953 2833/2833/2833
f 2953/2953/2953 2832/2832/2832 2954/2954/2954
f 2832/2832/2832 2955/2955/2955 2954/2954/2954
f 2955/2955/2955 2956/2956/2956 2954/2954/2954
f 2955/2955/2955 2832/2832/2832 2835/2835/2835
f 2956/2956/2956 2955/2955/2955 2835/2835/2835
f 2957/2957/2957 2956/2956/2956 2835/2835/2835
f 2956/2956/2956 2957/2957/2957 2958/2958/2958
f 2959/2959/2959 2956/2956/2956 2958/2958/2958
f 2956/2956/2956 2959/2959/2959 2960/2960/2960
f 2961/2961/2961 2956/2956/2956 2960/2960/2960
f 2956/2956/2956 2961/2961/2961 2954/2954/2954
f 2962/2962/2962 2961/2961/2961 2960/2960/2960
f 2961/2961/2961 2962/2962/2962 2954/2954/2954
f 2963/2963/2963 2962/2962/2962 2960/2960/2960
f 2962/2962/2962 2963/2963/2963 2964/2964/2964
f 2965/2965/2965 2952/2952/2952 2954/2954/2954
f 2962/2962/2962 2965/2965/2965 2954/2954/2954
f 2952/2952/2952 2965/2965/2965 2966/2966/2966
f 2965/2965/2965 2962/2962/2962 2966/2966/2966
f 2967/2967/2967 2962/2962/2962 2964/2964/2964
f 2962/2962/2962 2967/2967/2967 2966/2966/2966
f 2968/2968/2968 2967/2967/2967 2964/2964/2964
f 2967/2967/2967 2968/2968/2968 2966/2966/2966
f 2969/2969/2969 2968/2968/2968 2964/2964/2964
f 2968/2968/2968 2969/2969/2969 2970/2970/2970
f 2971/2971/2971 2952/2952/2952 2966/2966/2966
f 2972/2972/2972 2971/2971/2971 2966/2966/2966
f 2952/2952/2952 2971/2971/2971 2950/2950/2950
f 2971/2971/2971 2972/2972/2972 2950/2950/2950
f 2968/2968/2968 2973/2973/2973 2966/2966/2966
f 2973/2973/2973 2972/2972/2972 2966/2966/2966
f 2973/2973/2973 2968/2968/2968 2974/2974/2974
f 2972/2972/2972 2973/2973/2973 2974/2974/2974
f 2975/2975/2975 2968/2968/2968 2970/2970/2970
f 2968/2968/2968 2975/2975/2975 2974/2974/2974
f 2976/2976/2976 2975/2975/2975 2970/2970/2970
f 2975/2975/2975 2976/2976/2976 2974/2974/2974
f 2977/2977/2977 2976/2976/2976 2970/2970/2970
f 2976/2976/2976 2977/2977/2977 2978/2978/2978
f 2972/2972/2972 2979/2979/2979 2950/2950/2950
f 2979/2979/2979 2972/2972/2972 2980/2980/2980
f 2979/2979/2979 2948/2948/2948 2950/2950/2950
f 2948/2948/2948 2979/2979/2979 2980/2980/2980
f 2981/2981/2981 2972/2972/2972 2974/2974/2974
f 2972/2972/2972 2981/2981/2981 2980/2980/2980
f 2982/2982/2982 2981/2981/2981 2974/2974/2974
f 2981/2981/2981 2982/2982/2982 2980/2980/2980
f 2976/2976/2976 2983/2983/2983 2974/2974/2974
f 2983/2983/2983 2982/2982/2982 2974/2974/2974
f 2983/2983/2983 2976/2976/2976 2984/2984/2984
f 2982/2982/2982 2983/2983/2983 2984/2984/2984
f 2985/2985/2985 2976/2976/2976 2978/2978/2978
f 2976/2976/2976 2985/2985/2985 2984/2984/2984
f 2986/2986/2986 2985/2985/2985 2978/2978/2978
f 2985/2985/2985 2986/2986/2986 2984/2984/2984
f 2987/2987/2987 2986/2986/2986 2978/2978/2978
f 2986/2986/2986 2987/2987/2987 2988/2988/2988
f 2989/2989/2989 2948/2948/2948 2980/2980/2980
f 2990/2990/2990 2989/2989/2989 2980/2980/2980
f 2948/2948/2948 2989/2989/2989 2946/2946/2946
f 2989/2989/2989 2990/2990/2990 2946/2946/2946
f 2982/2982/2982 2991/2991/2991 2980/2980/2980
f 2991/2991/2991 2990/2990/2990 2980/2980/2980
f 2991/2991/2991 2982/2982/2982 2992/2992/2992
f 2990/2990/2990 2991/2991/2991 2992/2992/2992
f 2993/2993/2993 2982/2982/2982 2984/2984/2984
f 2982/2982/2982 2993/2993/2993 2992/2992/2992
f 2994/2994/2994 2993/2993/2993 2984/2984/2984
f 2993/2993/2993 2994/2994/2994 2992/2992/2992
f 2986/2986/2986 2995/2995/2995 2984/2984/2984
f 2995/2995/2995 2994/2994/2994 2984/2984/2984
f 2995/2995/2995 2986/2986/2986 2996/2996/2996
f 2994/2994/2994 2995/2995/2995 2996/2996/2996
f 2997/2997/2997 2986/2986/2986 2988/2988/2988
f 2986/2986/2986 2997/2997/2997 2996/2996/2996
f 2998/2998/2998 2997/2997/2997 2988/2988/2988
f 2997/2997/2997 2998/2998/2998 2996/2996/2996
f 2999/2999/2999 2998/2998/2998 2988/2988/2988
f 2998/2998/2998 2999/2999/2999 3000/3000/3000
f 3001/3001/3001 2998/2998/2998 3000/3000/3000
f 3002/3002/3002 3001/3001/3001 3000/3000/3000
f 2998/2998/2998 3001/3001/3001 3003/3003/3003
f 3001/3001/3001 3002/3002/3002 3003/3003/3003
f 3004/3004/3004 3002/3002/3002 3000/3000/3000
f 3002/3002/3002 3004/3004/3004 3005/3005/3005
f 2998/2998/2998 3006/3006/3006 2996/2996/2996
f 3006/3006/3006 2998/2998/2998 3003/3003/3003
f 3006/3006/3006 3007/3007/3007 2996/2996/2996
f 3007/3007/3007 3006/3006/3006 3003/3003/3003
f 3008/3008/3008 2994/2994/2994 2996/2996/2996
f 3007/3007/3007 3008/3008/3008 2996/2996/2996
f 2994/2994/2994 3008/3008/3008 3009/3009/3009
f 3008/3008/3008 3007/3007/3007 3009/3009/3009
f 3010/3010/3010 2994/2994/2994 3009/3009/3009
f 3011/3011/3011 3010/3010/3010 3009/3009/3009
f 2994/2994/2994 3010/3010/3010 2992/2992/2992
f 3010/3010/3010 3011/3011/3011 2992/2992/2992
f 3011/3011/3011 3012/3012/3012 2992/2992/2992
f 3012/3012/3012 3011/3011/3011 3013/3013/3013
f 3012/3012/3012 2990/2990/2990 2992/2992/2992
f 2990/2990/2990 3012/3012/3012 3013/3013/3013
f 3014/3014/3014 2990/2990/2990 3013/3013/3013
f 2990/2990/2990 3014/3014/3014 2946/2946/2946
f 3014/3014/3014 2937/2937/2937 2946/2946/2946
f 2937/2937/2937 3014/3014/3014 3013/3013/3013
f 3015/3015/3015 2937/2937/2937 3013/3013/3013
f 3016/3016/3016 3015/3015/3015 3013/3013/3013
f 2937/2937/2937 3015/3015/3015 2938/2938/2938
f 3015/3015/3015 3016/3016/3016 2938/2938/2938
f 3011/3011/3011 3017/3017/3017 3013/3013/3013
f 3017/3017/3017 3016/3016/3016 3013/3013/3013
f 3017/3017/3017 3011/3011/3011 3018/3018/3018
f 3016/3016/3016 3017/3017/3017 3018/3018/3018
f 3019/3019/3019 3011/3011/3011 3009/3009/3009
f 3011/3011/3011 3019/3019/3019 3018/3018/3018
f 3020/3020/3020 3019/3019/3019 3009/3009/3009
f 3019/3019/3019 3020/3020/3020 3018/3018/3018
f 3016/3016/3016 3021/3021/3021 2938/2938/2938
f 3021/3021/3021 3016/3016/3016 3022/3022/3022
f 3021/3021/3021 2940/2940/2940 2938/2938/2938
f 2940/2940/2940 3021/3021/3021 3022/3022/3022
f 3023/3023/3023 3020/3020/3020 3009/3009/3009
f 3007/3007/3007 3023/3023/3023 3009/3009/3009
f 3023/3023/3023 3007/3007/3007 3024/3024/3024
f 3020/3020/3020 3023/3023/3023 3024/3024/3024
f 3025/3025/3025 3016/3016/3016 3018/3018/3018
f 3016/3016/3016 3025/3025/3025 3022/3022/3022
f 3026/3026/3026 3025/3025/3025 3018/3018/3018
f 3025/3025/3025 3026/3026/3026 3022/3022/3022
f 3027/3027/3027 3026/3026/3026 3018/3018/3018
f 3020/3020/3020 3027/3027/3027 3018/3018/3018
f 3026/3026/3026 3028/3028/3028 3022/3022/3022
f 3028/3028/3028 3029/3029/3029 3022/3022/3022
f 3027/3027/3027 3020/3020/3020 3030/3030/3030
f 3029/3029/3029 3028/3028/3028 3031/3031/3031
f 3032/3032/3032 2940/2940/2940 3022/3022/3022
f 3029/3029/3029 3032/3032/3032 3022/3022/3022
f 2940/2940/2940 3032/3032/3032 2942/2942/2942
f 3032/3032/3032 3029/3029/3029 2942/2942/2942
f 3020/3020/3020 3033/3033/3033 3030/3030/3030
f 3033/3033/3033 3034/3034/3034 3030/3030/3030
f 3033/3033/3033 3020/3020/3020 3024/3024/3024
f 3034/3034/3034 3033/3033/3033 3024/3024/3024
f 3034/3034/3034 3035/3035/3035 3030/3030/3030
f 3035/3035/3035 3034/3034/3034 3036/3036/3036
f 3037/3037/3037 3035/3035/3035 3036/3036/3036
f 3034/3034/3034 3038/3038/3038 3036/3036/3036
f 3039/3039/3039 3037/3037/3037 3031/3031/3031
f 3040/3040/3040 3034/3034/3034 3024/3024/3024
f 3007/3007/3007 3040/3040/3040 3024/3024/3024
f 3040/3040/3040 3007/3007/3007 3003/3003/3003
f 3034/3034/3034 3040/3040/3040 3003/3003/3003
f 3038/3038/3038 3034/3034/3034 3003/3003/3003
f 3002/3002/3002 3038/3038/3038 3003/3003/3003
f 3038/3038/3038 3002/3002/3002 3036/3036/3036
f 3002/3002/3002 3041/3041/3041 3036/3036/3036
f 3041/3041/3041 3002/3002/3002 3005/3005/3005
f 3042/3042/3042 3041/3041/3041 3005/3005/3005
f 3043/3043/3043 3042/3042/3042 3005/3005/3005
f 3037/3037/3037 3044/3044/3044 3031/3031/3031
f 3044/3044/3044 3037/3037/3037 3045/3045/3045
f 3044/3044/3044 3029/3029/3029 3031/3031/3031
f 3029/3029/3029 3044/3044/3044 3045/3045/3045
f 3046/3046/3046 3037/3037/3037 3036/3036/3036
f 3037/3037/3037 3046/3046/3046 3045/3045/3045
f 3047/3047/3047 3046/3046/3046 3036/3036/3036
f 3046/3046/3046 3047/3047/3047 3045/3045/3045
f 3048/3048/3048 3029/3029/3029 3045/3045/3045
f 3029/3029/3029 3048/3048/3048 2942/2942/2942
f 3048/3048/3048 2944/2944/2944 2942/2942/2942
f 2944/2944/2944 3048/3048/3048 3045/3045/3045
f 3047/3047/3047 3049/3049/3049 3045/3045/3045
f 3049/3049/3049 2944/2944/2944 3045/3045/3045
f 2944/2944/2944 3049/3049/3049 3050/3050/3050
f 3049/3049/3049 3047/3047/3047 3050/3050/3050
f 3051/3051/3051 2944/2944/2944 3050/3050/3050
f 3052/3052/3052 3051/3051/3051 3050/3050/3050
f 2944/2944/2944 3051/3051/3051 2935/2935/2935
f 3051/3051/3051 3052/3052/3052 2935/2935/2935
f 3047/3047/3047 3053/3053/3053 3050/3050/3050
f 3053/3053/3053 3052/3052/3052 3050/3050/3050
f 3053/3053/3053 3047/3047/3047 3054/3054/3054
f 3052/3052/3052 3053/3053/3053 3054/3054/3054
f 3055/3055/3055 3047/3047/3047 3036/3036/3036
f 3047/3047/3047 3055/3055/3055 3054/3054/3054
f 3056/3056/3056 3055/3055/3055 3036/3036/3036
f 3055/3055/3055 3056/3056/3056 3054/3054/3054
f 3057/3057/3057 3056/3056/3056 3036/3036/3036
f 3058/3058/3058 3057/3057/3057 3036/3036/3036
f 3056/3056/3056 3057/3057/3057 3059/3059/3059
f 3052/3052/3052 3060/3060/3060 2935/2935/2935
f 3060/3060/3060 3052/3052/3052 3061/3061/3061
f 3060/3060/3060 2933/2933/2933 2935/2935/2935
f 2933/2933/2933 3060/3060/3060 3061/3061/3061
f 3062/3062/3062 3052/3052/3052 3054/3054/3054
f 3052/3052/3052 3062/3062/3062 3061/3061/3061
f 3063/3063/3063 3062/3062/3062 3054/3054/3054
f 3062/3062/3062 3063/3063/3063 3061/3061/3061
f 3056/3056/3056 3064/3064/3064 3054/3054/3054
f 3064/3064/3064 3063/3063/3063 3054/3054/3054
f 3064/3064/3064 3056/3056/3056 3065/3065/3065
f 3063/3063/3063 3064/3064/3064 3065/3065/3065
f 3066/3066/3066 3056/3056/3056 3059/3059/3059
f 3056/3056/3056 3066/3066/3066 3065/3065/3065
f 3067/3067/3067 3066/3066/3066 3059/3059/3059
f 3066/3066/3066 3067/3067/3067 3065/3065/3065
f 3068/3068/3068 3067/3067/3067 3059/3059/3059
f 3067/3067/3067 3068/3068/3068 3069/3069/3069
f 3068/3068/3068 3070/3070/3070 3069/3069/3069
f 3071/3071/3071 2933/2933/2933 3061/3061/3061
f 3072/3072/3072 3071/3071/3071 3061/3061/3061
f 2933/2933/2933 3071/3071/3071 2910/2910/2910
f 3071/3071/3071 3072/3072/3072 2910/2910/2910
f 3073/3073/3073 3063/3063/3063 3065/3065/3065
f 3067/3067/3067 3073/3073/3073 3065/3065/3065
f 3063/3063/3063 3073/3073/3073 3074/3074/3074
f 3073/3073/3073 3067/3067/3067 3074/3074/3074
f 3063/3063/3063 3075/3075/3075 3061/3061/3061
f 3075/3075/3075 3072/3072/3072 3061/3061/3061
f 3075/3075/3075 3063/3063/3063 3074/3074/3074
f 3072/3072/3072 3075/3075/3075 3074/3074/3074
f 3076/3076/3076 3067/3067/3067 3069/3069/3069
f 3067/3067/3067 3076/3076/3076 3074/3074/3074
f 3076/3076/3076 3077/3077/3077 3074/3074/3074
f 3077/3077/3077 3076/3076/3076 3069/3069/3069
f 3072/3072/3072 3078/3078/3078 2910/2910/2910
f 3078/3078/3078 3072/3072/3072 3079/3079/3079
f 3078/3078/3078 2905/2905/2905 2910/2910/2910
f 2905/2905/2905 3078/3078/3078 3079/3079/3079
f 3080/3080/3080 3072/3072/3072 3074/3074/3074
f 3077/3077/3077 3080/3080/3080 3074/3074/3074
f 3072/3072/3072 3080/3080/3080 3079/3079/3079
f 3080/3080/3080 3077/3077/3077 3079/3079/3079
f 3081/3081/3081 2905/2905/2905 3079/3079/3079
f 3082/3082/3082 3081/3081/3081 3079/3079/3079
f 2905/2905/2905 3081/3081/3081 2901/2901/2901
f 3081/3081/3081 3082/3082/3082 2901/2901/2901
f 3077/3077/3077 3083/3083/3083 3079/3079/3079
f 3083/3083/3083 3082/3082/3082 3079/3079/3079
f 3083/3083/3083 3077/3077/3077 3084/3084/3084
f 3082/3082/3082 3083/3083/3083 3084/3084/3084
f 3085/3085/3085 3077/3077/3077 3069/3069/3069
f 3077/3077/3077 3085/3085/3085 3084/3084/3084
f 3086/3086/3086 3085/3085/3085 3069/3069/3069
f 3085/3085/3085 3086/3086/3086 3084/3084/3084
f 3082/3082/3082 3087/3087/3087 2901/2901/2901
f 3087/3087/3087 3082/3082/3082 3088/3088/3088
f 3087/3087/3087 2867/2867/2867 2901/2901/2901
f 2867/2867/2867 3087/3087/3087 3088/3088/3088
f 3089/3089/3089 3086/3086/3086 3069/3069/3069
f 3086/3086/3086 3089/3089/3089 3090/3090/3090
f 3070/3070/3070 3089/3089/3089 3069/3069/3069
f 3089/3089/3089 3070/3070/3070 3090/3090/3090
f 3091/3091/3091 3082/3082/3082 3084/3084/3084
f 3082/3082/3082 3091/3091/3091 3088/3088/3088
f 3092/3092/3092 3091/3091/3091 3084/3084/3084
f 3091/3091/3091 3092/3092/3092 3088/3088/3088
f 3093/3093/3093 2867/2867/2867 3088/3088/3088
f 3094/3094/3094 3093/3093/3093 3088/3088/3088
f 2867/2867/2867 3093/3093/3093 2856/2856/2856
f 3093/3093/3093 3094/3094/3094 2856/2856/2856
f 3086/3086/3086 3095/3095/3095 3084/3084/3084
f 3095/3095/3095 3092/3092/3092 3084/3084/3084
f 3095/3095/3095 3086/3086/3086 3096/3096/3096
f 3092/3092/3092 3095/3095/3095 3096/3096/3096
f 3097/3097/3097 3086/3086/3086 3090/3090/3090
f 3086/3086/3086 3097/3097/3097 3096/3096/3096
f 3098/3098/3098 3097/3097/3097 3090/3090/3090
f 3097/3097/3097 3098/3098/3098 3096/3096/3096
f 3092/3092/3092 3099/3099/3099 3088/3088/3088
f 3099/3099/3099 3094/3094/3094 3088/3088/3088
f 3099/3099/3099 3092/3092/3092 3100/3100/3100
f 3094/3094/3094 3099/3099/3099 3100/3100/3100
f 3094/3094/3094 3101/3101/3101 2856/2856/2856
f 3101/3101/3101 3094/3094/3094 3102/3102/3102
f 3101/3101/3101 2853/2853/2853 2856/2856/2856
f 2853/2853/2853 3101/3101/3101 3102/3102/3102
f 3103/3103/3103 3092/3092/3092 3096/3096/3096
f 3092/3092/3092 3103/3103/3103 3100/3100/3100
f 3104/3104/3104 3103/3103/3103 3096/3096/3096
f 3103/3103/3103 3104/3104/3104 3100/3100/3100
f 3098/3098/3098 3105/3105/3105 3096/3096/3096
f 3105/3105/3105 3104/3104/3104 3096/3096/3096
f 3105/3105/3105 3098/3098/3098 3106/3106/3106
f 3104/3104/3104 3105/3105/3105 3106/3106/3106
f 3094/3094/3094 3107/3107/3107 3102/3102/3102
f 3107/3107/3107 3094/3094/3094 3100/3100/3100
f 3108/3108/3108 3107/3107/3107 3100/3100/3100
f 3107/3107/3107 3108/3108/3108 3102/3102/3102
f 3109/3109/3109 2853/2853/2853 3102/3102/3102
f 3110/3110/3110 3109/3109/3109 3102/3102/3102
f 2853/2853/2853 3109/3109/3109 2854/2854/2854
f 3109/3109/3109 3110/3110/3110 2854/2854/2854
f 3104/3104/3104 3111/3111/3111 3100/3100/3100
f 3111/3111/3111 3108/3108/3108 3100/3100/3100
f 3111/3111/3111 3104/3104/3104 3112/3112/3112
f 3108/3108/3108 3111/3111/3111 3112/3112/3112
f 3113/3113/3113 3104/3104/3104 3106/3106/3106
f 3104/3104/3104 3113/3113/3113 3112/3112/3112
f 3114/3114/3114 3113/3113/3113 3106/3106/3106
f 3113/3113/3113 3114/3114/3114 3112/3112/3112
f 3115/3115/3115 3110/3110/3110 3102/3102/3102
f 3108/3108/3108 3115/3115/3115 3102/3102/3102
f 3115/3115/3115 3108/3108/3108 3116/3116/3116
f 3110/3110/3110 3115/3115/3115 3116/3116/3116
f 3110/3110/3110 3117/3117/3117 2854/2854/2854
f 3117/3117/3117 3110/3110/3110 3118/3118/3118
f 3117/3117/3117 2858/2858/2858 2854/2854/2854
f 2858/2858/2858 3117/3117/3117 3118/3118/3118
f 3119/3119/3119 3108/3108/3108 3112/3112/3112
f 3108/3108/3108 3119/3119/3119 3116/3116/3116
f 3120/3120/3120 3119/3119/3119 3112/3112/3112
f 3119/3119/3119 3120/3120/3120 3116/3116/3116
f 3114/3114/3114 3121/3121/3121 3112/3112/3112
f 3121/3121/3121 3120/3120/3120 3112/3112/3112
f 3121/3121/3121 3114/3114/3114 3122/3122/3122
f 3120/3120/3120 3121/3121/3121 3122/3122/3122
f 3123/3123/3123 3110/3110/3110 3116/3116/3116
f 3110/3110/3110 3123/3123/3123 3118/3118/3118
f 3124/3124/3124 3123/3123/3123 3116/3116/3116
f 3123/3123/3123 3124/3124/3124 3118/3118/3118
f 3125/3125/3125 2858/2858/2858 3118/3118/3118
f 3126/3126/3126 3125/3125/3125 3118/3118/3118
f 2858/2858/2858 3125/3125/3125 2862/2862/2862
f 3125/3125/3125 3126/3126/3126 2862/2862/2862
f 3120/3120/3120 3127/3127/3127 3116/3116/3116
f 3127/3127/3127 3124/3124/3124 3116/3116/3116
f 3127/3127/3127 3120/3120/3120 3128/3128/3128
f 3124/3124/3124 3127/3127/3127 3128/3128/3128
f 3129/3129/3129 3120/3120/3120 3122/3122/3122
f 3120/3120/3120 3129/3129/3129 3128/3128/3128
f 3130/3130/3130 3129/3129/3129 3122/3122/3122
f 3129/3129/3129 3130/3130/3130 3128/3128/3128
f 3124/3124/3124 3131/3131/3131 3118/3118/3118
f 3131/3131/3131 3126/3126/3126 3118/3118/3118
f 3131/3131/3131 3124/3124/3124 3132/3132/3132
f 3126/3126/3126 3131/3131/3131 3132/3132/3132
f 3126/3126/3126 3133/3133/3133 2862/2862/2862
f 3133/3133/3133 2864/2864/2864 2862/2862/2862
f 3133/3133/3133 3126/3126/3126 3134/3134/3134
f 2864/2864/2864 3133/3133/3133 3134/3134/3134
f 3135/3135/3135 3124/3124/3124 3128/3128/3128
f 3124/3124/3124 3135/3135/3135 3132/3132/3132
f 3136/3136/3136 3135/3135/3135 3128/3128/3128
f 3135/3135/3135 3136/3136/3136 3132/3132/3132
f 3130/3130/3130 3137/3137/3137 3128/3128/3128
f 3137/3137/3137 3136/3136/3136 3128/3128/3128
f 3137/3137/3137 3130/3130/3130 3138/3138/3138
f 3136/3136/3136 3137/3137/3137 3138/3138/3138
f 3126/3126/3126 3139/3139/3139 3134/3134/3134
f 3139/3139/3139 3126/3126/3126 3132/3132/3132
f 3139/3139/3139 3140/3140/3140 3134/3134/3134
f 3140/3140/3140 3139/3139/3139 3132/3132/3132
f 3141/3141/3141 2864/2864/2864 3134/3134/3134
f 3140/3140/3140 3141/3141/3141 3134/3134/3134
f 2864/2864/2864 3141/3141/3141 3142/3142/3142
f 3141/3141/3141 3140/3140/3140 3142/3142/3142
f 3136/3136/3136 3143/3143/3143 3132/3132/3132
f 3143/3143/3143 3140/3140/3140 3132/3132/3132
f 3143/3143/3143 3136/3136/3136 3144/3144/3144
f 3140/3140/3140 3143/3143/3143 3144/3144/3144
f 3145/3145/3145 3136/3136/3136 3138/3138/3138
f 3136/3136/3136 3145/3145/3145 3144/3144/3144
f 3146/3146/3146 3145/3145/3145 3138/3138/3138
f 3145/3145/3145 3146/3146/3146 3144/3144/3144
f 3147/3147/3147 2864/2864/2864 3142/3142/3142
f 3148/3148/3148 3147/3147/3147 3142/3142/3142
f 2864/2864/2864 3147/3147/3147 2815/2815/2815
f 3147/3147/3147 3148/3148/3148 2815/2815/2815
f 3149/3149/3149 3140/3140/3140 3144/3144/3144
f 3140/3140/3140 3149/3149/3149 3142/3142/3142
f 3150/3150/3150 3149/3149/3149 3144/3144/3144
f 3149/3149/3149 3150/3150/3150 3142/3142/3142
f 3146/3146/3146 3151/3151/3151 3144/3144/3144
f 3151/3151/3151 3150/3150/3150 3144/3144/3144
f 3151/3151/3151 3146/3146/3146 3152/3152/3152
f 3150/3150/3150 3151/3151/3151 3152/3152/3152
f 3153/3153/3153 3148/3148/3148 3142/3142/3142
f 3150/3150/3150 3153/3153/3153 3142/3142/3142
f 3153/3153/3153 3150/3150/3150 3154/3154/3154
f 3148/3148/3148 3153/3153/3153 3154/3154/3154
f 3155/3155/3155 3150/3150/3150 3152/3152/3152
f 3150/3150/3150 3155/3155/3155 3154/3154/3154
f 3155/3155/3155 3156/3156/3156 3154/3154/3154
f 3156/3156/3156 3155/3155/3155 3152/3152/3152
f 3157/3157/3157 3148/3148/3148 3154/3154/3154
f 3156/3156/3156 3157/3157/3157 3154/3154/3154
f 3148/3148/3148 3157/3157/3157 3158/3158/3158
f 3157/3157/3157 3156/3156/3156 3158/3158/3158
f 3159/3159/3159 3148/3148/3148 3158/3158/3158
f 3160/3160/3160 3159/3159/3159 3158/3158/3158
f 3148/3148/3148 3159/3159/3159 2815/2815/2815
f 3159/3159/3159 3160/3160/3160 2815/2815/2815
f 3160/3160/3160 3161/3161/3161 2815/2815/2815
f 3161/3161/3161 3162/3162/3162 2815/2815/2815
f 3161/3161/3161 3160/3160/3160 3163/3163/3163
f 3162/3162/3162 3161/3161/3161 3163/3163/3163
f 3164/3164/3164 3156/3156/3156 3152/3152/3152
f 3165/3165/3165 3164/3164/3164 3152/3152/3152
f 3156/3156/3156 3164/3164/3164 3166/3166/3166
f 3164/3164/3164 3165/3165/3165 3166/3166/3166
f 3156/3156/3156 3167/3167/3167 3158/3158/3158
f 3167/3167/3167 3156/3156/3156 3166/3166/3166
f 3167/3167/3167 3168/3168/3168 3158/3158/3158
f 3168/3168/3168 3167/3167/3167 3166/3166/3166
f 3169/3169/3169 3160/3160/3160 3158/3158/3158
f 3168/3168/3168 3169/3169/3169 3158/3158/3158
f 3160/3160/3160 3169/3169/3169 3170/3170/3170
f 3169/3169/3169 3168/3168/3168 3170/3170/3170
f 3160/3160/3160 3171/3171/3171 3163/3163/3163
f 3171/3171/3171 3160/3160/3160 3170/3170/3170
f 3172/3172/3172 3171/3171/3171 3170/3170/3170
f 3171/3171/3171 3172/3172/3172 3163/3163/3163
f 3173/3173/3173 3165/3165/3165 3152/3152/3152
f 3165/3165/3165 3173/3173/3173 3174/3174/3174
f 3146/3146/3146 3173/3173/3173 3152/3152/3152
f 3173/3173/3173 3146/3146/3146 3174/3174/3174
f 3168/3168/3168 3175/3175/3175 3170/3170/3170
f 3175/3175/3175 3172/3172/3172 3170/3170/3170
f 3175/3175/3175 3168/3168/3168 3176/3176/3176
f 3172/3172/3172 3175/3175/3175 3176/3176/3176
f 3146/3146/3146 3177/3177/3177 3174/3174/3174
f 3177/3177/3177 3178/3178/3178 3174/3174/3174
f 3177/3177/3177 3146/3146/3146 3138/3138/3138
f 3178/3178/3178 3177/3177/3177 3138/3138/3138
f 3168/3168/3168 3179/3179/3179 3176/3176/3176
f 3179/3179/3179 3180/3180/3180 3176/3176/3176
f 3179/3179/3179 3168/3168/3168 3166/3166/3166
f 3180/3180/3180 3179/3179/3179 3166/3166/3166
f 3165/3165/3165 3181/3181/3181 3166/3166/3166
f 3181/3181/3181 3180/3180/3180 3166/3166/3166
f 3181/3181/3181 3165/3165/3165 3182/3182/3182
f 3180/3180/3180 3181/3181/3181 3182/3182/3182
f 3183/3183/3183 3165/3165/3165 3174/3174/3174
f 3165/3165/3165 3183/3183/3183 3182/3182/3182
f 3184/3184/3184 3183/3183/3183 3174/3174/3174
f 3183/3183/3183 3184/3184/3184 3182/3182/3182
f 3185/3185/3185 3178/3178/3178 3138/3138/3138
f 3178/3178/3178 3185/3185/3185 3186/3186/3186
f 3130/3130/3130 3185/3185/3185 3138/3138/3138
f 3185/3185/3185 3130/3130/3130 3186/3186/3186
f 3178/3178/3178 3187/3187/3187 3174/3174/3174
f 3187/3187/3187 3184/3184/3184 3174/3174/3174
f 3187/3187/3187 3178/3178/3178 3188/3188/3188
f 3184/3184/3184 3187/3187/3187 3188/3188/3188
f 3130/3130/3130 3189/3189/3189 3186/3186/3186
f 3189/3189/3189 3190/3190/3190 3186/3186/3186
f 3189/3189/3189 3130/3130/3130 3122/3122/3122
f 3190/3190/3190 3189/3189/3189 3122/3122/3122
f 3191/3191/3191 3178/3178/3178 3186/3186/3186
f 3178/3178/3178 3191/3191/3191 3188/3188/3188
f 3192/3192/3192 3191/3191/3191 3186/3186/3186
f 3191/3191/3191 3192/3192/3192 3188/3188/3188
f 3193/3193/3193 3190/3190/3190 3122/3122/3122
f 3190/3190/3190 3193/3193/3193 3194/3194/3194
f 3114/3114/3114 3193/3193/3193 3122/3122/3122
f 3193/3193/3193 3114/3114/3114 3194/3194/3194
f 3190/3190/3190 3195/3195/3195 3186/3186/3186
f 3195/3195/3195 3192/3192/3192 3186/3186/3186
f 3195/3195/3195 3190/3190/3190 3196/3196/3196
f 3192/3192/3192 3195/3195/3195 3196/3196/3196
f 3114/3114/3114 3197/3197/3197 3194/3194/3194
f 3197/3197/3197 3198/3198/3198 3194/3194/3194
f 3197/3197/3197 3114/3114/3114 3106/3106/3106
f 3198/3198/3198 3197/3197/3197 3106/3106/3106
f 3199/3199/3199 3190/3190/3190 3194/3194/3194
f 3190/3190/3190 3199/3199/3199 3196/3196/3196
f 3200/3200/3200 3199/3199/3199 3194/3194/3194
f 3199/3199/3199 3200/3200/3200 3196/3196/3196
f 3201/3201/3201 3198/3198/3198 3106/3106/3106
f 3198/3198/3198 3201/3201/3201 3202/3202/3202
f 3098/3098/3098 3201/3201/3201 3106/3106/3106
f 3201/3201/3201 3098/3098/3098 3202/3202/3202
f 3198/3198/3198 3203/3203/3203 3194/3194/3194
f 3203/3203/3203 3200/3200/3200 3194/3194/3194
f 3203/3203/3203 3198/3198/3198 3204/3204/3204
f 3200/3200/3200 3203/3203/3203 3204/3204/3204
f 3098/3098/3098 3205/3205/3205 3202/3202/3202
f 3205/3205/3205 3206/3206/3206 3202/3202/3202
f 3205/3205/3205 3098/3098/3098 3090/3090/3090
f 3206/3206/3206 3205/3205/3205 3090/3090/3090
f 3207/3207/3207 3198/3198/3198 3202/3202/3202
f 3198/3198/3198 3207/3207/3207 3204/3204/3204
f 3208/3208/3208 3207/3207/3207 3202/3202/3202
f 3207/3207/3207 3208/3208/3208 3204/3204/3204
f 3209/3209/3209 3206/3206/3206 3090/3090/3090
f 3070/3070/3070 3209/3209/3209 3090/3090/3090
f 3209/3209/3209 3070/3070/3070 3210/3210/3210
f 3206/3206/3206 3209/3209/3209 3210/3210/3210
f 3070/3070/3070 3211/3211/3211 3210/3210/3210
f 3211/3211/3211 3058/3058/3058 3210/3210/3210
f 3206/3206/3206 3212/3212/3212 3202/3202/3202
f 3212/3212/3212 3208/3208/3208 3202/3202/3202
f 3212/3212/3212 3206/3206/3206 3213/3213/3213
f 3208/3208/3208 3212/3212/3212 3213/3213/3213
f 3214/3214/3214 3206/3206/3206 3210/3210/3210
f 3058/3058/3058 3214/3214/3214 3210/3210/3210
f 3206/3206/3206 3214/3214/3214 3213/3213/3213
f 3214/3214/3214 3058/3058/3058 3213/3213/3213
f 3058/3058/3058 3215/3215/3215 3213/3213/3213
f 3215/3215/3215 3216/3216/3216 3213/3213/3213
f 3215/3215/3215 3058/3058/3058 3036/3036/3036
f 3216/3216/3216 3215/3215/3215 3036/3036/3036
f 3217/3217/3217 3208/3208/3208 3213/3213/3213
f 3216/3216/3216 3217/3217/3217 3213/3213/3213
f 3208/3208/3208 3217/3217/3217 3218/3218/3218
f 3217/3217/3217 3216/3216/3216 3218/3218/3218
f 3219/3219/3219 3208/3208/3208 3218/3218/3218
f 3220/3220/3220 3219/3219/3219 3218/3218/3218
f 3208/3208/3208 3219/3219/3219 3204/3204/3204
f 3219/3219/3219 3220/3220/3220 3204/3204/3204
f 3216/3216/3216 3221/3221/3221 3218/3218/3218
f 3221/3221/3221 3220/3220/3220 3218/3218/3218
f 3221/3221/3221 3216/3216/3216 3222/3222/3222
f 3220/3220/3220 3221/3221/3221 3222/3222/3222
f 3223/3223/3223 3216/3216/3216 3036/3036/3036
f 3216/3216/3216 3223/3223/3223 3222/3222/3222
f 3223/3223/3223 3224/3224/3224 3222/3222/3222
f 3224/3224/3224 3223/3223/3223 3036/3036/3036
f 3225/3225/3225 3220/3220/3220 3222/3222/3222
f 3220/3220/3220 3225/3225/3225 3226/3226/3226
f 3224/3224/3224 3227/3227/3227 3222/3222/3222
f 3225/3225/3225 3228/3228/3228 3226/3226/3226
f 3220/3220/3220 3229/3229/3229 3204/3204/3204
f 3229/3229/3229 3220/3220/3220 3226/3226/3226
f 3229/3229/3229 3200/3200/3200 3204/3204/3204
f 3200/3200/3200 3229/3229/3229 3226/3226/3226
f 3228/3228/3228 3227/3227/3227 3230/3230/3230
f 3227/3227/3227 3224/3224/3224 3230/3230/3230
f 3231/3231/3231 3200/3200/3200 3226/3226/3226
f 3232/3232/3232 3231/3231/3231 3226/3226/3226
f 3200/3200/3200 3231/3231/3231 3196/3196/3196
f 3231/3231/3231 3232/3232/3232 3196/3196/3196
f 3228/3228/3228 3233/3233/3233 3226/3226/3226
f 3233/3233/3233 3232/3232/3232 3226/3226/3226
f 3233/3233/3233 3228/3228/3228 3234/3234/3234
f 3232/3232/3232 3233/3233/3233 3234/3234/3234
f 3235/3235/3235 3228/3228/3228 3230/3230/3230
f 3228/3228/3228 3235/3235/3235 3234/3234/3234
f 3236/3236/3236 3235/3235/3235 3230/3230/3230
f 3235/3235/3235 3236/3236/3236 3234/3234/3234
f 3224/3224/3224 3237/3237/3237 3230/3230/3230
f 3237/3237/3237 3236/3236/3236 3230/3230/3230
f 3237/3237/3237 3224/3224/3224 3238/3238/3238
f 3236/3236/3236 3237/3237/3237 3238/3238/3238
f 3232/3232/3232 3239/3239/3239 3196/3196/3196
f 3239/3239/3239 3232/3232/3232 3240/3240/3240
f 3239/3239/3239 3192/3192/3192 3196/3196/3196
f 3192/3192/3192 3239/3239/3239 3240/3240/3240
f 3241/3241/3241 3232/3232/3232 3234/3234/3234
f 3232/3232/3232 3241/3241/3241 3240/3240/3240
f 3242/3242/3242 3241/3241/3241 3234/3234/3234
f 3241/3241/3241 3242/3242/3242 3240/3240/3240
f 3224/3224/3224 3243/3243/3243 3238/3238/3238
f 3243/3243/3243 3244/3244/3244 3238/3238/3238
f 3243/3243/3243 3224/3224/3224 3036/3036/3036
f 3244/3244/3244 3243/3243/3243 3036/3036/3036
f 3245/3245/3245 3244/3244/3244 3036/3036/3036
f 3244/3244/3244 3245/3245/3245 3246/3246/3246
f 3236/3236/3236 3247/3247/3247 3234/3234/3234
f 3247/3247/3247 3242/3242/3242 3234/3234/3234
f 3247/3247/3247 3236/3236/3236 3248/3248/3248
f 3242/3242/3242 3247/3247/3247 3248/3248/3248
f 3249/3249/3249 3192/3192/3192 3240/3240/3240
f 3250/3250/3250 3249/3249/3249 3240/3240/3240
f 3192/3192/3192 3249/3249/3249 3188/3188/3188
f 3249/3249/3249 3250/3250/3250 3188/3188/3188
f 3236/3236/3236 3251/3251/3251 3248/3248/3248
f 3251/3251/3251 3252/3252/3252 3248/3248/3248
f 3251/3251/3251 3236/3236/3236 3238/3238/3238
f 3252/3252/3252 3251/3251/3251 3238/3238/3238
f 3244/3244/3244 3253/3253/3253 3238/3238/3238
f 3253/3253/3253 3252/3252/3252 3238/3238/3238
f 3253/3253/3253 3244/3244/3244 3254/3254/3254
f 3252/3252/3252 3253/3253/3253 3254/3254/3254
f 3242/3242/3242 3255/3255/3255 3240/3240/3240
f 3255/3255/3255 3250/3250/3250 3240/3240/3240
f 3255/3255/3255 3242/3242/3242 3256/3256/3256
f 3250/3250/3250 3255/3255/3255 3256/3256/3256
f 3250/3250/3250 3257/3257/3257 3188/3188/3188
f 3257/3257/3257 3250/3250/3250 3258/3258/3258
f 3257/3257/3257 3184/3184/3184 3188/3188/3188
f 3184/3184/3184 3257/3257/3257 3258/3258/3258
f 3244/3244/3244 3259/3259/3259 3254/3254/3254
f 3259/3259/3259 3260/3260/3260 3254/3254/3254
f 3259/3259/3259 3244/3244/3244 3246/3246/3246
f 3260/3260/3260 3259/3259/3259 3246/3246/3246
f 3261/3261/3261 3252/3252/3252 3254/3254/3254
f 3260/3260/3260 3261/3261/3261 3254/3254/3254
f 3252/3252/3252 3261/3261/3261 3262/3262/3262
f 3261/3261/3261 3260/3260/3260 3262/3262/3262
f 3242/3242/3242 3263/3263/3263 3256/3256/3256
f 3263/3263/3263 3264/3264/3264 3256/3256/3256
f 3263/3263/3263 3242/3242/3242 3248/3248/3248
f 3264/3264/3264 3263/3263/3263 3248/3248/3248
f 3252/3252/3252 3265/3265/3265 3248/3248/3248
f 3265/3265/3265 3252/3252/3252 3262/3262/3262
f 3265/3265/3265 3264/3264/3264 3248/3248/3248
f 3264/3264/3264 3265/3265/3265 3262/3262/3262
f 3266/3266/3266 3260/3260/3260 3246/3246/3246
f 3267/3267/3267 3266/3266/3266 3246/3246/3246
f 3260/3260/3260 3266/3266/3266 3268/3268/3268
f 3266/3266/3266 3267/3267/3267 3268/3268/3268
f 3269/3269/3269 3267/3267/3267 3246/3246/3246
f 3260/3260/3260 3270/3270/3270 3262/3262/3262
f 3270/3270/3270 3260/3260/3260 3268/3268/3268
f 3270/3270/3270 3271/3271/3271 3262/3262/3262
f 3271/3271/3271 3270/3270/3270 3268/3268/3268
f 3272/3272/3272 3264/3264/3264 3262/3262/3262
f 3271/3271/3271 3272/3272/3272 3262/3262/3262
f 3264/3264/3264 3272/3272/3272 3273/3273/3273
f 3272/3272/3272 3271/3271/3271 3273/3273/3273
f 3267/3267/3267 3269/3269/3269 3274/3274/3274
f 3269/3269/3269 3275/3275/3275 3274/3274/3274
f 3276/3276/3276 3264/3264/3264 3273/3273/3273
f 3277/3277/3277 3276/3276/3276 3273/3273/3273
f 3264/3264/3264 3276/3276/3276 3256/3256/3256
f 3276/3276/3276 3277/3277/3277 3256/3256/3256
f 3277/3277/3277 3278/3278/3278 3256/3256/3256
f 3278/3278/3278 3250/3250/3250 3256/3256/3256
f 3250/3250/3250 3278/3278/3278 3258/3258/3258
f 3278/3278/3278 3277/3277/3277 3258/3258/3258
f 3275/3275/3275 3279/3279/3279 3274/3274/3274
f 3279/3279/3279 3280/3280/3280 3274/3274/3274
f 3279/3279/3279 3275/3275/3275 3281/3281/3281
f 3280/3280/3280 3279/3279/3279 3281/3281/3281
f 3275/3275/3275 3282/3282/3282 3281/3281/3281
f 3283/3283/3283 3280/3280/3280 3281/3281/3281
f 3280/3280/3280 3283/3283/3283 3284/3284/3284
f 3283/3283/3283 3285/3285/3285 3284/3284/3284
f 3280/3280/3280 3286/3286/3286 3274/3274/3274
f 3286/3286/3286 3280/3280/3280 3287/3287/3287
f 3286/3286/3286 3267/3267/3267 3274/3274/3274
f 3267/3267/3267 3286/3286/3286 3287/3287/3287
f 3288/3288/3288 3280/3280/3280 3284/3284/3284
f 3280/3280/3280 3288/3288/3288 3287/3287/3287
f 3289/3289/3289 3288/3288/3288 3284/3284/3284
f 3288/3288/3288 3289/3289/3289 3287/3287/3287
f 3290/3290/3290 3267/3267/3267 3287/3287/3287
f 3291/3291/3291 3290/3290/3290 3287/3287/3287
f 3267/3267/3267 3290/3290/3290 3268/3268/3268
f 3290/3290/3290 3291/3291/3291 3268/3268/3268
f 3289/3289/3289 3292/3292/3292 3287/3287/3287
f 3292/3292/3292 3291/3291/3291 3287/3287/3287
f 3292/3292/3292 3289/3289/3289 3293/3293/3293
f 3291/3291/3291 3292/3292/3292 3293/3293/3293
f 3291/3291/3291 3294/3294/3294 3268/3268/3268
f 3294/3294/3294 3291/3291/3291 3295/3295/3295
f 3294/3294/3294 3271/3271/3271 3268/3268/3268
f 3271/3271/3271 3294/3294/3294 3295/3295/3295
f 3296/3296/3296 3291/3291/3291 3293/3293/3293
f 3291/3291/3291 3296/3296/3296 3295/3295/3295
f 3297/3297/3297 3296/3296/3296 3293/3293/3293
f 3296/3296/3296 3297/3297/3297 3295/3295/3295
f 3298/3298/3298 3271/3271/3271 3295/3295/3295
f 3299/3299/3299 3298/3298/3298 3295/3295/3295
f 3271/3271/3271 3298/3298/3298 3273/3273/3273
f 3298/3298/3298 3299/3299/3299 3273/3273/3273
f 3297/3297/3297 3300/3300/3300 3295/3295/3295
f 3300/3300/3300 3299/3299/3299 3295/3295/3295
f 3300/3300/3300 3297/3297/3297 3301/3301/3301
f 3299/3299/3299 3300/3300/3300 3301/3301/3301
f 3299/3299/3299 3302/3302/3302 3273/3273/3273
f 3302/3302/3302 3299/3299/3299 3303/3303/3303
f 3302/3302/3302 3277/3277/3277 3273/3273/3273
f 3277/3277/3277 3302/3302/3302 3303/3303/3303
f 3304/3304/3304 3299/3299/3299 3301/3301/3301
f 3299/3299/3299 3304/3304/3304 3303/3303/3303
f 3305/3305/3305 3304/3304/3304 3301/3301/3301
f 3304/3304/3304 3305/3305/3305 3303/3303/3303
f 3306/3306/3306 3277/3277/3277 3303/3303/3303
f 3307/3307/3307 3306/3306/3306 3303/3303/3303
f 3277/3277/3277 3306/3306/3306 3258/3258/3258
f 3306/3306/3306 3307/3307/3307 3258/3258/3258
f 3305/3305/3305 3308/3308/3308 3303/3303/3303
f 3308/3308/3308 3307/3307/3307 3303/3303/3303
f 3308/3308/3308 3305/3305/3305 3309/3309/3309
f 3307/3307/3307 3308/3308/3308 3309/3309/3309
f 3307/3307/3307 3310/3310/3310 3258/3258/3258
f 3310/3310/3310 3184/3184/3184 3258/3258/3258
f 3184/3184/3184 3310/3310/3310 3182/3182/3182
f 3310/3310/3310 3307/3307/3307 3182/3182/3182
f 3307/3307/3307 3311/3311/3311 3182/3182/3182
f 3311/3311/3311 3307/3307/3307 3309/3309/3309
f 3311/3311/3311 3180/3180/3180 3182/3182/3182
f 3180/3180/3180 3311/3311/3311 3309/3309/3309
f 3312/3312/3312 3180/3180/3180 3309/3309/3309
f 3313/3313/3313 3312/3312/3312 3309/3309/3309
f 3180/3180/3180 3312/3312/3312 3176/3176/3176
f 3312/3312/3312 3313/3313/3313 3176/3176/3176
f 3305/3305/3305 3314/3314/3314 3309/3309/3309
f 3314/3314/3314 3313/3313/3313 3309/3309/3309
f 3314/3314/3314 3305/3305/3305 3315/3315/3315
f 3313/3313/3313 3314/3314/3314 3315/3315/3315
f 3313/3313/3313 3316/3316/3316 3176/3176/3176
f 3316/3316/3316 3313/3313/3313 3317/3317/3317
f 3316/3316/3316 3172/3172/3172 3176/3176/3176
f 3172/3172/3172 3316/3316/3316 3317/3317/3317
f 3305/3305/3305 3318/3318/3318 3315/3315/3315
f 3318/3318/3318 3319/3319/3319 3315/3315/3315
f 3318/3318/3318 3305/3305/3305 3301/3301/3301
f 3319/3319/3319 3318/3318/3318 3301/3301/3301
f 3320/3320/3320 3313/3313/3313 3315/3315/3315
f 3313/3313/3313 3320/3320/3320 3317/3317/3317
f 3321/3321/3321 3320/3320/3320 3315/3315/3315
f 3320/3320/3320 3321/3321/3321 3317/3317/3317
f 3322/3322/3322 3172/3172/3172 3317/3317/3317
f 3323/3323/3323 3322/3322/3322 3317/3317/3317
f 3172/3172/3172 3322/3322/3322 3163/3163/3163
f 3322/3322/3322 3323/3323/3323 3163/3163/3163
f 3324/3324/3324 3319/3319/3319 3301/3301/3301
f 3319/3319/3319 3324/3324/3324 3325/3325/3325
f 3297/3297/3297 3324/3324/3324 3301/3301/3301
f 3324/3324/3324 3297/3297/3297 3325/3325/3325
f 3326/3326/3326 3321/3321/3321 3315/3315/3315
f 3319/3319/3319 3326/3326/3326 3315/3315/3315
f 3326/3326/3326 3319/3319/3319 3327/3327/3327
f 3321/3321/3321 3326/3326/3326 3327/3327/3327
f 3321/3321/3321 3328/3328/3328 3317/3317/3317
f 3328/3328/3328 3323/3323/3323 3317/3317/3317
f 3328/3328/3328 3321/3321/3321 3329/3329/3329
f 3323/3323/3323 3328/3328/3328 3329/3329/3329
f 3323/3323/3323 3330/3330/3330 3163/3163/3163
f 3330/3330/3330 3162/3162/3162 3163/3163/3163
f 3330/3330/3330 3323/3323/3323 3331/3331/3331
f 3162/3162/3162 3330/3330/3330 3331/3331/3331
f 3297/3297/3297 3332/3332/3332 3325/3325/3325
f 3332/3332/3332 3333/3333/3333 3325/3325/3325
f 3332/3332/3332 3297/3297/3297 3293/3293/3293
f 3333/3333/3333 3332/3332/3332 3293/3293/3293
f 3334/3334/3334 3321/3321/3321 3327/3327/3327
f 3321/3321/3321 3334/3334/3334 3329/3329/3329
f 3335/3335/3335 3334/3334/3334 3327/3327/3327
f 3334/3334/3334 3335/3335/3335 3329/3329/3329
f 3323/3323/3323 3336/3336/3336 3331/3331/3331
f 3336/3336/3336 3323/3323/3323 3329/3329/3329
f 3336/3336/3336 3337/3337/3337 3331/3331/3331
f 3337/3337/3337 3336/3336/3336 3329/3329/3329
f 3338/3338/3338 3162/3162/3162 3331/3331/3331
f 3337/3337/3337 3338/3338/3338 3331/3331/3331
f 3162/3162/3162 3338/3338/3338 3339/3339/3339
f 3338/3338/3338 3337/3337/3337 3339/3339/3339
f 3340/3340/3340 3333/3333/3333 3293/3293/3293
f 3333/3333/3333 3340/3340/3340 3341/3341/3341
f 3289/3289/3289 3340/3340/3340 3293/3293/3293
f 3340/3340/3340 3289/3289/3289 3341/3341/3341
f 3335/3335/3335 3342/3342/3342 3329/3329/3329
f 3342/3342/3342 3337/3337/3337 3329/3329/3329
f 3337/3337/3337 3342/3342/3342 3343/3343/3343
f 3342/3342/3342 3335/3335/3335 3343/3343/3343
f 3344/3344/3344 3162/3162/3162 3339/3339/3339
f 3345/3345/3345 3344/3344/3344 3339/3339/3339
f 3162/3162/3162 3344/3344/3344 2815/2815/2815
f 3344/3344/3344 3345/3345/3345 2815/2815/2815
f 3289/3289/3289 3346/3346/3346 3341/3341/3341
f 3346/3346/3346 3347/3347/3347 3341/3341/3341
f 3346/3346/3346 3289/3289/3289 3284/3284/3284
f 3347/3347/3347 3346/3346/3346 3284/3284/3284
f 3348/3348/3348 3337/3337/3337 3343/3343/3343
f 3337/3337/3337 3348/3348/3348 3339/3339/3339
f 3348/3348/3348 3349/3349/3349 3339/3339/3339
f 3349/3349/3349 3348/3348/3348 3343/3343/3343
f 3350/3350/3350 3345/3345/3345 3339/3339/3339
f 3349/3349/3349 3350/3350/3350 3339/3339/3339
f 3351/3351/3351 3347/3347/3347 3284/3284/3284
f 3347/3347/3347 3351/3351/3351 3352/3352/3352
f 3285/3285/3285 3351/3351/3351 3284/3284/3284
f 3351/3351/3351 3285/3285/3285 3352/3352/3352
f 3345/3345/3345 3350/3350/3350 3353/3353/3353
f 3350/3350/3350 3349/3349/3349 3353/3353/3353
f 3285/3285/3285 3354/3354/3354 3352/3352/3352
f 3354/3354/3354 3355/3355/3355 3352/3352/3352
f 3354/3354/3354 3285/3285/3285 3356/3356/3356
f 3355/3355/3355 3354/3354/3354 3356/3356/3356
f 3285/3285/3285 3357/3357/3357 3356/3356/3356
f 3357/3357/3357 3358/3358/3358 3356/3356/3356
f 3359/3359/3359 3355/3355/3355 3356/3356/3356
f 3358/3358/3358 3359/3359/3359 3356/3356/3356
f 3355/3355/3355 3359/3359/3359 3360/3360/3360
f 3359/3359/3359 3358/3358/3358 3360/3360/3360
f 3358/3358/3358 3361/3361/3361 3360/3360/3360
f 3361/3361/3361 3362/3362/3362 3360/3360/3360
f 3361/3361/3361 3358/3358/3358 2580/2580/2580
f 3362/3362/3362 3361/3361/3361 2580/2580/2580
f 3358/3358/3358 3363/3363/3363 2580/2580/2580
f 3364/3364/3364 3362/3362/3362 2580/2580/2580
f 3365/3365/3365 3364/3364/3364 2580/2580/2580
f 3362/3362/3362 3364/3364/3364 3366/3366/3366
f 3364/3364/3364 3365/3365/3365 3366/3366/3366
f 3355/3355/3355 3367/3367/3367 3352/3352/3352
f 3367/3367/3367 3368/3368/3368 3352/3352/3352
f 3367/3367/3367 3355/3355/3355 3369/3369/3369
f 3368/3368/3368 3367/3367/3367 3369/3369/3369
f 3370/3370/3370 3355/3355/3355 3360/3360/3360
f 3355/3355/3355 3370/3370/3370 3369/3369/3369
f 3371/3371/3371 3370/3370/3370 3360/3360/3360
f 3370/3370/3370 3371/3371/3371 3369/3369/3369
f 3362/3362/3362 3372/3372/3372 3360/3360/3360
f 3372/3372/3372 3371/3371/3371 3360/3360/3360
f 3372/3372/3372 3362/3362/3362 3373/3373/3373
f 3371/3371/3371 3372/3372/3372 3373/3373/3373
f 3374/3374/3374 3362/3362/3362 3366/3366/3366
f 3362/3362/3362 3374/3374/3374 3373/3373/3373
f 3374/3374/3374 3375/3375/3375 3373/3373/3373
f 3375/3375/3375 3374/3374/3374 3366/3366/3366
f 3368/3368/3368 3376/3376/3376 3352/3352/3352
f 3376/3376/3376 3368/3368/3368 3377/3377/3377
f 3376/3376/3376 3347/3347/3347 3352/3352/3352
f 3347/3347/3347 3376/3376/3376 3377/3377/3377
f 3378/3378/3378 3371/3371/3371 3373/3373/3373
f 3375/3375/3375 3378/3378/3378 3373/3373/3373
f 3371/3371/3371 3378/3378/3378 3379/3379/3379
f 3378/3378/3378 3375/3375/3375 3379/3379/3379
f 3380/3380/3380 3347/3347/3347 3377/3377/3377
f 3381/3381/3381 3380/3380/3380 3377/3377/3377
f 3347/3347/3347 3380/3380/3380 3341/3341/3341
f 3380/3380/3380 3381/3381/3381 3341/3341/3341
f 3382/3382/3382 3371/3371/3371 3379/3379/3379
f 3383/3383/3383 3382/3382/3382 3379/3379/3379
f 3371/3371/3371 3382/3382/3382 3369/3369/3369
f 3382/3382/3382 3383/3383/3383 3369/3369/3369
f 3384/3384/3384 3368/3368/3368 3369/3369/3369
f 3383/3383/3383 3384/3384/3384 3369/3369/3369
f 3368/3368/3368 3384/3384/3384 3385/3385/3385
f 3384/3384/3384 3383/3383/3383 3385/3385/3385
f 3368/3368/3368 3386/3386/3386 3377/3377/3377
f 3386/3386/3386 3368/3368/3368 3385/3385/3385
f 3386/3386/3386 3387/3387/3387 3377/3377/3377
f 3387/3387/3387 3386/3386/3386 3385/3385/3385
f 3381/3381/3381 3388/3388/3388 3341/3341/3341
f 3388/3388/3388 3381/3381/3381 3389/3389/3389
f 3388/3388/3388 3333/3333/3333 3341/3341/3341
f 3333/3333/3333 3388/3388/3388 3389/3389/3389
f 3390/3390/3390 3381/3381/3381 3377/3377/3377
f 3387/3387/3387 3390/3390/3390 3377/3377/3377
f 3381/3381/3381 3390/3390/3390 3391/3391/3391
f 3390/3390/3390 3387/3387/3387 3391/3391/3391
f 3392/3392/3392 3333/3333/3333 3389/3389/3389
f 3393/3393/3393 3392/3392/3392 3389/3389/3389
f 3333/3333/3333 3392/3392/3392 3325/3325/3325
f 3392/3392/3392 3393/3393/3393 3325/3325/3325
f 3394/3394/3394 3381/3381/3381 3391/3391/3391
f 3381/3381/3381 3394/3394/3394 3389/3389/3389
f 3394/3394/3394 3395/3395/3395 3389/3389/3389
f 3395/3395/3395 3394/3394/3394 3391/3391/3391
f 3393/3393/3393 3396/3396/3396 3325/3325/3325
f 3396/3396/3396 3319/3319/3319 3325/3325/3325
f 3319/3319/3319 3396/3396/3396 3327/3327/3327
f 3396/3396/3396 3393/3393/3393 3327/3327/3327
f 3397/3397/3397 3393/3393/3393 3389/3389/3389
f 3395/3395/3395 3397/3397/3397 3389/3389/3389
f 3393/3393/3393 3397/3397/3397 3398/3398/3398
f 3397/3397/3397 3395/3395/3395 3398/3398/3398
f 3393/3393/3393 3399/3399/3399 3327/3327/3327
f 3399/3399/3399 3393/3393/3393 3398/3398/3398
f 3399/3399/3399 3335/3335/3335 3327/3327/3327
f 3335/3335/3335 3399/3399/3399 3398/3398/3398
f 3400/3400/3400 3335/3335/3335 3398/3398/3398
f 3401/3401/3401 3400/3400/3400 3398/3398/3398
f 3335/3335/3335 3400/3400/3400 3343/3343/3343
f 3400/3400/3400 3401/3401/3401 3343/3343/3343
f 3395/3395/3395 3402/3402/3402 3398/3398/3398
f 3402/3402/3402 3401/3401/3401 3398/3398/3398
f 3402/3402/3402 3395/3395/3395 3403/3403/3403
f 3401/3401/3401 3402/3402/3402 3403/3403/3403
f 3401/3401/3401 3404/3404/3404 3343/3343/3343
f 3404/3404/3404 3401/3401/3401 3405/3405/3405
f 3404/3404/3404 3349/3349/3349 3343/3343/3343
f 3349/3349/3349 3404/3404/3404 3405/3405/3405
f 3395/3395/3395 3406/3406/3406 3403/3403/3403
f 3406/3406/3406 3407/3407/3407 3403/3403/3403
f 3406/3406/3406 3395/3395/3395 3391/3391/3391
f 3407/3407/3407 3406/3406/3406 3391/3391/3391
f 3408/3408/3408 3401/3401/3401 3403/3403/3403
f 3401/3401/3401 3408/3408/3408 3405/3405/3405
f 3409/3409/3409 3408/3408/3408 3403/3403/3403
f 3408/3408/3408 3409/3409/3409 3405/3405/3405
f 3410/3410/3410 3349/3349/3349 3405/3405/3405
f 3411/3411/3411 3410/3410/3410 3405/3405/3405
f 3349/3349/3349 3410/3410/3410 3353/3353/3353
f 3410/3410/3410 3411/3411/3411 3353/3353/3353
f 3412/3412/3412 3407/3407/3407 3391/3391/3391
f 3407/3407/3407 3412/3412/3412 3413/3413/3413
f 3387/3387/3387 3412/3412/3412 3391/3391/3391
f 3412/3412/3412 3387/3387/3387 3413/3413/3413
f 3414/3414/3414 3409/3409/3409 3403/3403/3403
f 3407/3407/3407 3414/3414/3414 3403/3403/3403
f 3414/3414/3414 3407/3407/3407 3415/3415/3415
f 3409/3409/3409 3414/3414/3414 3415/3415/3415
f 3416/3416/3416 3411/3411/3411 3405/3405/3405
f 3409/3409/3409 3416/3416/3416 3405/3405/3405
f 3416/3416/3416 3409/3409/3409 3417/3417/3417
f 3411/3411/3411 3416/3416/3416 3417/3417/3417
f 3411/3411/3411 3418/3418/3418 3353/3353/3353
f 3418/3418/3418 3411/3411/3411 3419/3419/3419
f 3418/3418/3418 3345/3345/3345 3353/3353/3353
f 3345/3345/3345 3418/3418/3418 3419/3419/3419
f 3420/3420/3420 3407/3407/3407 3413/3413/3413
f 3407/3407/3407 3420/3420/3420 3415/3415/3415
f 3421/3421/3421 3420/3420/3420 3413/3413/3413
f 3420/3420/3420 3421/3421/3421 3415/3415/3415
f 3422/3422/3422 3409/3409/3409 3415/3415/3415
f 3409/3409/3409 3422/3422/3422 3417/3417/3417
f 3423/3423/3423 3422/3422/3422 3415/3415/3415
f 3422/3422/3422 3423/3423/3423 3417/3417/3417
f 3424/3424/3424 3411/3411/3411 3417/3417/3417
f 3411/3411/3411 3424/3424/3424 3419/3419/3419
f 3425/3425/3425 3424/3424/3424 3417/3417/3417
f 3424/3424/3424 3425/3425/3425 3419/3419/3419
f 3426/3426/3426 3345/3345/3345 3419/3419/3419
f 3427/3427/3427 3426/3426/3426 3419/3419/3419
f 3345/3345/3345 3426/3426/3426 2815/2815/2815
f 3426/3426/3426 3427/3427/3427 2815/2815/2815
f 3421/3421/3421 3428/3428/3428 3415/3415/3415
f 3428/3428/3428 3423/3423/3423 3415/3415/3415
f 3428/3428/3428 3421/3421/3421 3429/3429/3429
f 3423/3423/3423 3428/3428/3428 3429/3429/3429
f 3423/3423/3423 3430/3430/3430 3417/3417/3417
f 3430/3430/3430 3425/3425/3425 3417/3417/3417
f 3430/3430/3430 3423/3423/3423 3431/3431/3431
f 3425/3425/3425 3430/3430/3430 3431/3431/3431
f 3425/3425/3425 3432/3432/3432 3419/3419/3419
f 3432/3432/3432 3427/3427/3427 3419/3419/3419
f 3432/3432/3432 3425/3425/3425 3433/3433/3433
f 3427/3427/3427 3432/3432/3432 3433/3433/3433
f 3434/3434/3434 3423/3423/3423 3429/3429/3429
f 3423/3423/3423 3434/3434/3434 3431/3431/3431
f 3435/3435/3435 3434/3434/3434 3429/3429/3429
f 3434/3434/3434 3435/3435/3435 3431/3431/3431
f 3425/3425/3425 3436/3436/3436 3433/3433/3433
f 3436/3436/3436 3425/3425/3425 3431/3431/3431
f 3436/3436/3436 3437/3437/3437 3433/3433/3433
f 3437/3437/3437 3436/3436/3436 3431/3431/3431
f 3438/3438/3438 3427/3427/3427 3433/3433/3433
f 3437/3437/3437 3438/3438/3438 3433/3433/3433
f 3427/3427/3427 3438/3438/3438 3439/3439/3439
f 3438/3438/3438 3437/3437/3437 3439/3439/3439
f 3435/3435/3435 3440/3440/3440 3431/3431/3431
f 3440/3440/3440 3437/3437/3437 3431/3431/3431
f 3437/3437/3437 3440/3440/3440 3441/3441/3441
f 3440/3440/3440 3435/3435/3435 3441/3441/3441
f 3442/3442/3442 3427/3427/3427 3439/3439/3439
f 3443/3443/3443 3442/3442/3442 3439/3439/3439
f 3427/3427/3427 3442/3442/3442 2815/2815/2815
f 3442/3442/3442 3443/3443/3443 2815/2815/2815
f 3443/3443/3443 3444/3444/3444 2815/2815/2815
f 3444/3444/3444 3445/3445/3445 2815/2815/2815
f 3444/3444/3444 3443/3443/3443 3446/3446/3446
f 3445/3445/3445 3444/3444/3444 3446/3446/3446
f 3447/3447/3447 3437/3437/3437 3441/3441/3441
f 3437/3437/3437 3447/3447/3447 3439/3439/3439
f 3447/3447/3447 3448/3448/3448 3439/3439/3439
f 3448/3448/3448 3447/3447/3447 3441/3441/3441
f 3449/3449/3449 3443/3443/3443 3439/3439/3439
f 3448/3448/3448 3449/3449/3449 3439/3439/3439
f 3443/3443/3443 3449/3449/3449 3450/3450/3450
f 3449/3449/3449 3448/3448/3448 3450/3450/3450
f 3443/3443/3443 3451/3451/3451 3446/3446/3446
f 3451/3451/3451 3443/3443/3443 3450/3450/3450
f 3452/3452/3452 3451/3451/3451 3450/3450/3450
f 3451/3451/3451 3452/3452/3452 3446/3446/3446
f 3448/3448/3448 3453/3453/3453 3450/3450/3450
f 3453/3453/3453 3452/3452/3452 3450/3450/3450
f 3453/3453/3453 3448/3448/3448 3454/3454/3454
f 3452/3452/3452 3453/3453/3453 3454/3454/3454
f 3455/3455/3455 3448/3448/3448 3441/3441/3441
f 3448/3448/3448 3455/3455/3455 3454/3454/3454
f 3456/3456/3456 3455/3455/3455 3441/3441/3441
f 3455/3455/3455 3456/3456/3456 3454/3454/3454
f 3457/3457/3457 3456/3456/3456 3441/3441/3441
f 3456/3456/3456 3457/3457/3457 3458/3458/3458
f 3435/3435/3435 3457/3457/3457 3441/3441/3441
f 3457/3457/3457 3435/3435/3435 3458/3458/3458
f 3435/3435/3435 3459/3459/3459 3458/3458/3458
f 3459/3459/3459 3460/3460/3460 3458/3458/3458
f 3459/3459/3459 3435/3435/3435 3429/3429/3429
f 3460/3460/3460 3459/3459/3459 3429/3429/3429
f 3461/3461/3461 3460/3460/3460 3429/3429/3429
f 3460/3460/3460 3461/3461/3461 3462/3462/3462
f 3421/3421/3421 3461/3461/3461 3429/3429/3429
f 3461/3461/3461 3421/3421/3421 3462/3462/3462
f 3421/3421/3421 3463/3463/3463 3462/3462/3462
f 3463/3463/3463 3464/3464/3464 3462/3462/3462
f 3463/3463/3463 3421/3421/3421 3413/3413/3413
f 3464/3464/3464 3463/3463/3463 3413/3413/3413
f 3465/3465/3465 3464/3464/3464 3413/3413/3413
f 3387/3387/3387 3465/3465/3465 3413/3413/3413
f 3465/3465/3465 3387/3387/3387 3385/3385/3385
f 3464/3464/3464 3465/3465/3465 3385/3385/3385
f 3466/3466/3466 3464/3464/3464 3385/3385/3385
f 3464/3464/3464 3466/3466/3466 3467/3467/3467
f 3383/3383/3383 3466/3466/3466 3385/3385/3385
f 3466/3466/3466 3383/3383/3383 3467/3467/3467
f 3464/3464/3464 3468/3468/3468 3462/3462/3462
f 3468/3468/3468 3464/3464/3464 3467/3467/3467
f 3468/3468/3468 3469/3469/3469 3462/3462/3462
f 3469/3469/3469 3468/3468/3468 3467/3467/3467
f 3470/3470/3470 3460/3460/3460 3462/3462/3462
f 3469/3469/3469 3470/3470/3470 3462/3462/3462
f 3460/3460/3460 3470/3470/3470 3471/3471/3471
f 3470/3470/3470 3469/3469/3469 3471/3471/3471
f 3383/3383/3383 3472/3472/3472 3467/3467/3467
f 3472/3472/3472 3473/3473/3473 3467/3467/3467
f 3472/3472/3472 3383/3383/3383 3379/3379/3379
f 3473/3473/3473 3472/3472/3472 3379/3379/3379
f 3474/3474/3474 3460/3460/3460 3471/3471/3471
f 3475/3475/3475 3474/3474/3474 3471/3471/3471
f 3460/3460/3460 3474/3474/3474 3458/3458/3458
f 3474/3474/3474 3475/3475/3475 3458/3458/3458
f 3476/3476/3476 3469/3469/3469 3467/3467/3467
f 3473/3473/3473 3476/3476/3476 3467/3467/3467
f 3469/3469/3469 3476/3476/3476 3477/3477/3477
f 3476/3476/3476 3473/3473/3473 3477/3477/3477
f 3478/3478/3478 3473/3473/3473 3379/3379/3379
f 3473/3473/3473 3478/3478/3478 3479/3479/3479
f 3375/3375/3375 3478/3478/3478 3379/3379/3379
f 3478/3478/3478 3375/3375/3375 3479/3479/3479
f 3469/3469/3469 3480/3480/3480 3471/3471/3471
f 3480/3480/3480 3469/3469/3469 3477/3477/3477
f 3480/3480/3480 3481/3481/3481 3471/3471/3471
f 3481/3481/3481 3480/3480/3480 3477/3477/3477
f 3475/3475/3475 3482/3482/3482 3458/3458/3458
f 3482/3482/3482 3475/3475/3475 3483/3483/3483
f 3482/3482/3482 3456/3456/3456 3458/3458/3458
f 3456/3456/3456 3482/3482/3482 3483/3483/3483
f 3484/3484/3484 3473/3473/3473 3479/3479/3479
f 3473/3473/3473 3484/3484/3484 3477/3477/3477
f 3484/3484/3484 3485/3485/3485 3477/3477/3477
f 3485/3485/3485 3484/3484/3484 3479/3479/3479
f 3375/3375/3375 3486/3486/3486 3479/3479/3479
f 3486/3486/3486 3487/3487/3487 3479/3479/3479
f 3486/3486/3486 3375/3375/3375 3366/3366/3366
f 3487/3487/3487 3486/3486/3486 3366/3366/3366
f 3488/3488/3488 3481/3481/3481 3477/3477/3477
f 3485/3485/3485 3488/3488/3488 3477/3477/3477
f 3481/3481/3481 3488/3488/3488 3489/3489/3489
f 3488/3488/3488 3485/3485/3485 3489/3489/3489
f 3490/3490/3490 3456/3456/3456 3483/3483/3483
f 3491/3491/3491 3490/3490/3490 3483/3483/3483
f 3456/3456/3456 3490/3490/3490 3454/3454/3454
f 3490/3490/3490 3491/3491/3491 3454/3454/3454
f 3487/3487/3487 3492/3492/3492 3479/3479/3479
f 3492/3492/3492 3485/3485/3485 3479/3479/3479
f 3485/3485/3485 3492/3492/3492 3493/3493/3493
f 3492/3492/3492 3487/3487/3487 3493/3493/3493
f 3494/3494/3494 3487/3487/3487 3366/3366/3366
f 3365/3365/3365 3494/3494/3494 3366/3366/3366
f 3487/3487/3487 3494/3494/3494 3495/3495/3495
f 3494/3494/3494 3365/3365/3365 3495/3495/3495
f 3485/3485/3485 3496/3496/3496 3489/3489/3489
f 3496/3496/3496 3485/3485/3485 3493/3493/3493
f 3496/3496/3496 3497/3497/3497 3489/3489/3489
f 3497/3497/3497 3496/3496/3496 3493/3493/3493
f 3491/3491/3491 3498/3498/3498 3454/3454/3454
f 3498/3498/3498 3491/3491/3491 3499/3499/3499
f 3498/3498/3498 3452/3452/3452 3454/3454/3454
f 3452/3452/3452 3498/3498/3498 3499/3499/3499
f 3500/3500/3500 3487/3487/3487 3495/3495/3495
f 3487/3487/3487 3500/3500/3500 3493/3493/3493
f 3501/3501/3501 3500/3500/3500 3495/3495/3495
f 3500/3500/3500 3501/3501/3501 3493/3493/3493
f 3365/3365/3365 3502/3502/3502 3495/3495/3495
f 3502/3502/3502 3501/3501/3501 3495/3495/3495
f 3502/3502/3502 3365/3365/3365 3503/3503/3503
f 3501/3501/3501 3502/3502/3502 3503/3503/3503
f 3504/3504/3504 3497/3497/3497 3493/3493/3493
f 3501/3501/3501 3504/3504/3504 3493/3493/3493
f 3504/3504/3504 3501/3501/3501 3505/3505/3505
f 3497/3497/3497 3504/3504/3504 3505/3505/3505
f 3506/3506/3506 3452/3452/3452 3499/3499/3499
f 3507/3507/3507 3506/3506/3506 3499/3499/3499
f 3452/3452/3452 3506/3506/3506 3446/3446/3446
f 3506/3506/3506 3507/3507/3507 3446/3446/3446
f 3365/3365/3365 3508/3508/3508 3503/3503/3503
f 3508/3508/3508 3509/3509/3509 3503/3503/3503
f 3508/3508/3508 3365/3365/3365 2580/2580/2580
f 3509/3509/3509 3508/3508/3508 2580/2580/2580
f 3510/3510/3510 3501/3501/3501 3503/3503/3503
f 3501/3501/3501 3510/3510/3510 3505/3505/3505
f 3511/3511/3511 3510/3510/3510 3503/3503/3503
f 3510/3510/3510 3511/3511/3511 3505/3505/3505
f 3507/3507/3507 3512/3512/3512 3446/3446/3446
f 3512/3512/3512 3445/3445/3445 3446/3446/3446
f 3509/3509/3509 3513/3513/3513 3503/3503/3503
f 3513/3513/3513 3511/3511/3511 3503/3503/3503
f 3512/3512/3512 3507/3507/3507 3514/3514/3514
f 3445/3445/3445 3512/3512/3512 3514/3514/3514
f 3513/3513/3513 3509/3509/3509 3515/3515/3515
f 3511/3511/3511 3513/3513/3513 3515/3515/3515
f 3516/3516/3516 3509/3509/3509 2580/2580/2580
f 3517/3517/3517 3516/3516/3516 2580/2580/2580
f 3509/3509/3509 3516/3516/3516 3518/3518/3518
f 3516/3516/3516 3517/3517/3517 3518/3518/3518
f 3509/3509/3509 3519/3519/3519 3515/3515/3515
f 3519/3519/3519 3509/3509/3509 3518/3518/3518
f 3519/3519/3519 3520/3520/3520 3515/3515/3515
f 3520/3520/3520 3519/3519/3519 3518/3518/3518
f 3521/3521/3521 3511/3511/3511 3515/3515/3515
f 3520/3520/3520 3521/3521/3521 3515/3515/3515
f 3511/3511/3511 3521/3521/3521 3522/3522/3522
f 3521/3521/3521 3520/3520/3520 3522/3522/3522
f 3523/3523/3523 3517/3517/3517 2580/2580/2580
f 3524/3524/3524 3523/3523/3523 2580/2580/2580
f 3517/3517/3517 3523/3523/3523 3525/3525/3525
f 3523/3523/3523 3524/3524/3524 3525/3525/3525
f 3526/3526/3526 3524/3524/3524 2580/2580/2580
f 3527/3527/3527 3526/3526/3526 2580/2580/2580
f 3524/3524/3524 3526/3526/3526 3528/3528/3528
f 3526/3526/3526 3527/3527/3527 3528/3528/3528
f 3529/3529/3529 3511/3511/3511 3522/3522/3522
f 3530/3530/3530 3529/3529/3529 3522/3522/3522
f 3511/3511/3511 3529/3529/3529 3505/3505/3505
f 3529/3529/3529 3530/3530/3530 3505/3505/3505
f 3530/3530/3530 3531/3531/3531 3505/3505/3505
f 3531/3531/3531 3530/3530/3530 3532/3532/3532
f 3531/3531/3531 3497/3497/3497 3505/3505/3505
f 3497/3497/3497 3531/3531/3531 3532/3532/3532
f 3533/3533/3533 3497/3497/3497 3532/3532/3532
f 3534/3534/3534 3533/3533/3533 3532/3532/3532
f 3497/3497/3497 3533/3533/3533 3489/3489/3489
f 3533/3533/3533 3534/3534/3534 3489/3489/3489
f 3534/3534/3534 3535/3535/3535 3489/3489/3489
f 3535/3535/3535 3534/3534/3534 3536/3536/3536
f 3535/3535/3535 3481/3481/3481 3489/3489/3489
f 3481/3481/3481 3535/3535/3535 3536/3536/3536
f 3537/3537/3537 3481/3481/3481 3536/3536/3536
f 3481/3481/3481 3537/3537/3537 3471/3471/3471
f 3537/3537/3537 3475/3475/3475 3471/3471/3471
f 3475/3475/3475 3537/3537/3537 3536/3536/3536
f 3538/3538/3538 3475/3475/3475 3536/3536/3536
f 3539/3539/3539 3538/3538/3538 3536/3536/3536
f 3475/3475/3475 3538/3538/3538 3483/3483/3483
f 3538/3538/3538 3539/3539/3539 3483/3483/3483
f 3534/3534/3534 3540/3540/3540 3536/3536/3536
f 3540/3540/3540 3539/3539/3539 3536/3536/3536
f 3540/3540/3540 3534/3534/3534 3541/3541/3541
f 3539/3539/3539 3540/3540/3540 3541/3541/3541
f 3542/3542/3542 3534/3534/3534 3532/3532/3532
f 3534/3534/3534 3542/3542/3542 3541/3541/3541
f 3543/3543/3543 3542/3542/3542 3532/3532/3532
f 3542/3542/3542 3543/3543/3543 3541/3541/3541
f 3539/3539/3539 3544/3544/3544 3483/3483/3483
f 3544/3544/3544 3539/3539/3539 3545/3545/3545
f 3544/3544/3544 3491/3491/3491 3483/3483/3483
f 3491/3491/3491 3544/3544/3544 3545/3545/3545
f 3546/3546/3546 3543/3543/3543 3532/3532/3532
f 3543/3543/3543 3546/3546/3546 3547/3547/3547
f 3530/3530/3530 3546/3546/3546 3532/3532/3532
f 3546/3546/3546 3530/3530/3530 3547/3547/3547
f 3548/3548/3548 3539/3539/3539 3541/3541/3541
f 3539/3539/3539 3548/3548/3548 3545/3545/3545
f 3549/3549/3549 3548/3548/3548 3541/3541/3541
f 3548/3548/3548 3549/3549/3549 3545/3545/3545
f 3550/3550/3550 3491/3491/3491 3545/3545/3545
f 3551/3551/3551 3550/3550/3550 3545/3545/3545
f 3491/3491/3491 3550/3550/3550 3499/3499/3499
f 3550/3550/3550 3551/3551/3551 3499/3499/3499
f 3543/3543/3543 3552/3552/3552 3541/3541/3541
f 3552/3552/3552 3549/3549/3549 3541/3541/3541
f 3552/3552/3552 3543/3543/3543 3553/3553/3553
f 3549/3549/3549 3552/3552/3552 3553/3553/3553
f 3530/3530/3530 3554/3554/3554 3547/3547/3547
f 3554/3554/3554 3555/3555/3555 3547/3547/3547
f 3554/3554/3554 3530/3530/3530 3522/3522/3522
f 3555/3555/3555 3554/3554/3554 3522/3522/3522
f 3556/3556/3556 3551/3551/3551 3545/3545/3545
f 3549/3549/3549 3556/3556/3556 3545/3545/3545
f 3556/3556/3556 3549/3549/3549 3557/3557/3557
f 3551/3551/3551 3556/3556/3556 3557/3557/3557
f 3551/3551/3551 3558/3558/3558 3499/3499/3499
f 3558/3558/3558 3551/3551/3551 3559/3559/3559
f 3558/3558/3558 3507/3507/3507 3499/3499/3499
f 3507/3507/3507 3558/3558/3558 3559/3559/3559
f 3560/3560/3560 3549/3549/3549 3553/3553/3553
f 3549/3549/3549 3560/3560/3560 3557/3557/3557
f 3561/3561/3561 3560/3560/3560 3553/3553/3553
f 3560/3560/3560 3561/3561/3561 3557/3557/3557
f 3562/3562/3562 3555/3555/3555 3522/3522/3522
f 3555/3555/3555 3562/3562/3562 3563/3563/3563
f 3520/3520/3520 3562/3562/3562 3522/3522/3522
f 3562/3562/3562 3520/3520/3520 3563/3563/3563
f 3564/3564/3564 3551/3551/3551 3557/3557/3557
f 3551/3551/3551 3564/3564/3564 3559/3559/3559
f 3565/3565/3565 3564/3564/3564 3557/3557/3557
f 3564/3564/3564 3565/3565/3565 3559/3559/3559
f 3566/3566/3566 3507/3507/3507 3559/3559/3559
f 3567/3567/3567 3566/3566/3566 3559/3559/3559
f 3507/3507/3507 3566/3566/3566 3514/3514/3514
f 3566/3566/3566 3567/3567/3567 3514/3514/3514
f 3561/3561/3561 3568/3568/3568 3557/3557/3557
f 3568/3568/3568 3565/3565/3565 3557/3557/3557
f 3568/3568/3568 3561/3561/3561 3569/3569/3569
f 3565/3565/3565 3568/3568/3568 3569/3569/3569
f 3520/3520/3520 3570/3570/3570 3563/3563/3563
f 3570/3570/3570 3571/3571/3571 3563/3563/3563
f 3570/3570/3570 3520/3520/3520 3518/3518/3518
f 3571/3571/3571 3570/3570/3570 3518/3518/3518
f 3572/3572/3572 3567/3567/3567 3559/3559/3559
f 3565/3565/3565 3572/3572/3572 3559/3559/3559
f 3572/3572/3572 3565/3565/3565 3573/3573/3573
f 3567/3567/3567 3572/3572/3572 3573/3573/3573
f 3567/3567/3567 3574/3574/3574 3514/3514/3514
f 3574/3574/3574 3567/3567/3567 3575/3575/3575
f 3574/3574/3574 3445/3445/3445 3514/3514/3514
f 3445/3445/3445 3574/3574/3574 3575/3575/3575
f 3576/3576/3576 3565/3565/3565 3569/3569/3569
f 3565/3565/3565 3576/3576/3576 3573/3573/3573
f 3577/3577/3577 3576/3576/3576 3569/3569/3569
f 3576/3576/3576 3577/3577/3577 3573/3573/3573
f 3578/3578/3578 3571/3571/3571 3518/3518/3518
f 3517/3517/3517 3578/3578/3578 3518/3518/3518
f 3578/3578/3578 3517/3517/3517 3579/3579/3579
f 3571/3571/3571 3578/3578/3578 3579/3579/3579
f 3580/3580/3580 3567/3567/3567 3573/3573/3573
f 3567/3567/3567 3580/3580/3580 3575/3575/3575
f 3581/3581/3581 3580/3580/3580 3573/3573/3573
f 3580/3580/3580 3581/3581/3581 3575/3575/3575
f 3582/3582/3582 3445/3445/3445 3575/3575/3575
f 3583/3583/3583 3582/3582/3582 3575/3575/3575
f 3445/3445/3445 3582/3582/3582 2815/2815/2815
f 3582/3582/3582 3583/3583/3583 2815/2815/2815
f 3577/3577/3577 3584/3584/3584 3573/3573/3573
f 3584/3584/3584 3581/3581/3581 3573/3573/3573
f 3584/3584/3584 3577/3577/3577 3585/3585/3585
f 3581/3581/3581 3584/3584/3584 3585/3585/3585
f 3517/3517/3517 3586/3586/3586 3579/3579/3579
f 3586/3586/3586 3587/3587/3587 3579/3579/3579
f 3586/3586/3586 3517/3517/3517 3525/3525/3525
f 3587/3587/3587 3586/3586/3586 3525/3525/3525
f 3581/3581/3581 3588/3588/3588 3575/3575/3575
f 3588/3588/3588 3583/3583/3583 3575/3575/3575
f 3588/3588/3588 3581/3581/3581 3589/3589/3589
f 3583/3583/3583 3588/3588/3588 3589/3589/3589
f 3590/3590/3590 3581/3581/3581 3585/3585/3585
f 3581/3581/3581 3590/3590/3590 3589/3589/3589
f 3590/3590/3590 3591/3591/3591 3589/3589/3589
f 3591/3591/3591 3590/3590/3590 3585/3585/3585
f 3587/3587/3587 3592/3592/3592 3579/3579/3579
f 3592/3592/3592 3587/3587/3587 3593/3593/3593
f 3592/3592/3592 3571/3571/3571 3579/3579/3579
f 3571/3571/3571 3592/3592/3592 3593/3593/3593
f 3594/3594/3594 3583/3583/3583 3589/3589/3589
f 3591/3591/3591 3594/3594/3594 3589/3589/3589
f 3583/3583/3583 3594/3594/3594 3595/3595/3595
f 3594/3594/3594 3591/3591/3591 3595/3595/3595
f 3596/3596/3596 3571/3571/3571 3593/3593/3593
f 3597/3597/3597 3596/3596/3596 3593/3593/3593
f 3571/3571/3571 3596/3596/3596 3563/3563/3563
f 3596/3596/3596 3597/3597/3597 3563/3563/3563
f 3598/3598/3598 3583/3583/3583 3595/3595/3595
f 3599/3599/3599 3598/3598/3598 3595/3595/3595
f 3583/3583/3583 3598/3598/3598 2815/2815/2815
f 3598/3598/3598 3599/3599/3599 2815/2815/2815
f 3597/3597/3597 3600/3600/3600 3563/3563/3563
f 3600/3600/3600 3597/3597/3597 3601/3601/3601
f 3600/3600/3600 3555/3555/3555 3563/3563/3563
f 3555/3555/3555 3600/3600/3600 3601/3601/3601
f 3602/3602/3602 3555/3555/3555 3601/3601/3601
f 3603/3603/3603 3602/3602/3602 3601/3601/3601
f 3555/3555/3555 3602/3602/3602 3547/3547/3547
f 3602/3602/3602 3603/3603/3603 3547/3547/3547
f 3603/3603/3603 3604/3604/3604 3547/3547/3547
f 3604/3604/3604 3543/3543/3543 3547/3547/3547
f 3543/3543/3543 3604/3604/3604 3553/3553/3553
f 3604/3604/3604 3603/3603/3603 3553/3553/3553
f 3603/3603/3603 3605/3605/3605 3553/3553/3553
f 3605/3605/3605 3603/3603/3603 3606/3606/3606
f 3605/3605/3605 3561/3561/3561 3553/3553/3553
f 3561/3561/3561 3605/3605/3605 3606/3606/3606
f 3607/3607/3607 3603/3603/3603 3601/3601/3601
f 3603/3603/3603 3607/3607/3607 3606/3606/3606
f 3608/3608/3608 3607/3607/3607 3601/3601/3601
f 3607/3607/3607 3608/3608/3608 3606/3606/3606
f 3597/3597/3597 3609/3609/3609 3601/3601/3601
f 3609/3609/3609 3608/3608/3608 3601/3601/3601
f 3609/3609/3609 3597/3597/3597 3610/3610/3610
f 3608/3608/3608 3609/3609/3609 3610/3610/3610
f 3611/3611/3611 3561/3561/3561 3606/3606/3606
f 3612/3612/3612 3611/3611/3611 3606/3606/3606
f 3561/3561/3561 3611/3611/3611 3569/3569/3569
f 3611/3611/3611 3612/3612/3612 3569/3569/3569
f 3597/3597/3597 3613/3613/3613 3610/3610/3610
f 3613/3613/3613 3614/3614/3614 3610/3610/3610
f 3613/3613/3613 3597/3597/3597 3593/3593/3593
f 3614/3614/3614 3613/3613/3613 3593/3593/3593
f 3608/3608/3608 3615/3615/3615 3606/3606/3606
f 3615/3615/3615 3612/3612/3612 3606/3606/3606
f 3615/3615/3615 3608/3608/3608 3616/3616/3616
f 3612/3612/3612 3615/3615/3615 3616/3616/3616
f 3612/3612/3612 3617/3617/3617 3569/3569/3569
f 3617/3617/3617 3612/3612/3612 3618/3618/3618
f 3617/3617/3617 3577/3577/3577 3569/3569/3569
f 3577/3577/3577 3617/3617/3617 3618/3618/3618
f 3619/3619/3619 3608/3608/3608 3610/3610/3610
f 3608/3608/3608 3619/3619/3619 3616/3616/3616
f 3620/3620/3620 3619/3619/3619 3610/3610/3610
f 3619/3619/3619 3620/3620/3620 3616/3616/3616
f 3621/3621/3621 3614/3614/3614 3593/3593/3593
f 3614/3614/3614 3621/3621/3621 3622/3622/3622
f 3587/3587/3587 3621/3621/3621 3593/3593/3593
f 3621/3621/3621 3587/3587/3587 3622/3622/3622
f 3612/3612/3612 3623/3623/3623 3618/3618/3618
f 3623/3623/3623 3612/3612/3612 3616/3616/3616
f 3624/3624/3624 3623/3623/3623 3616/3616/3616
f 3623/3623/3623 3624/3624/3624 3618/3618/3618
f 3625/3625/3625 3577/3577/3577 3618/3618/3618
f 3626/3626/3626 3625/3625/3625 3618/3618/3618
f 3577/3577/3577 3625/3625/3625 3585/3585/3585
f 3625/3625/3625 3626/3626/3626 3585/3585/3585
f 3620/3620/3620 3627/3627/3627 3616/3616/3616
f 3627/3627/3627 3624/3624/3624 3616/3616/3616
f 3627/3627/3627 3620/3620/3620 3628/3628/3628
f 3624/3624/3624 3627/3627/3627 3628/3628/3628
f 3587/3587/3587 3629/3629/3629 3622/3622/3622
f 3629/3629/3629 3630/3630/3630 3622/3622/3622
f 3629/3629/3629 3587/3587/3587 3525/3525/3525
f 3630/3630/3630 3629/3629/3629 3525/3525/3525
f 3631/3631/3631 3626/3626/3626 3618/3618/3618
f 3624/3624/3624 3631/3631/3631 3618/3618/3618
f 3631/3631/3631 3624/3624/3624 3632/3632/3632
f 3626/3626/3626 3631/3631/3631 3632/3632/3632
f 3626/3626/3626 3633/3633/3633 3585/3585/3585
f 3633/3633/3633 3626/3626/3626 3634/3634/3634
f 3633/3633/3633 3591/3591/3591 3585/3585/3585
f 3591/3591/3591 3633/3633/3633 3634/3634/3634
f 3635/3635/3635 3624/3624/3624 3628/3628/3628
f 3624/3624/3624 3635/3635/3635 3632/3632/3632
f 3636/3636/3636 3635/3635/3635 3628/3628/3628
f 3635/3635/3635 3636/3636/3636 3632/3632/3632
f 3637/3637/3637 3630/3630/3630 3525/3525/3525
f 3524/3524/3524 3637/3637/3637 3525/3525/3525
f 3637/3637/3637 3524/3524/3524 3638/3638/3638
f 3630/3630/3630 3637/3637/3637 3638/3638/3638
f 3639/3639/3639 3626/3626/3626 3632/3632/3632
f 3626/3626/3626 3639/3639/3639 3634/3634/3634
f 3640/3640/3640 3639/3639/3639 3632/3632/3632
f 3639/3639/3639 3640/3640/3640 3634/3634/3634
f 3641/3641/3641 3591/3591/3591 3634/3634/3634
f 3642/3642/3642 3641/3641/3641 3634/3634/3634
f 3591/3591/3591 3641/3641/3641 3595/3595/3595
f 3641/3641/3641 3642/3642/3642 3595/3595/3595
f 3636/3636/3636 3643/3643/3643 3632/3632/3632
f 3643/3643/3643 3640/3640/3640 3632/3632/3632
f 3643/3643/3643 3636/3636/3636 3644/3644/3644
f 3640/3640/3640 3643/3643/3643 3644/3644/3644
f 3524/3524/3524 3645/3645/3645 3638/3638/3638
f 3645/3645/3645 3646/3646/3646 3638/3638/3638
f 3645/3645/3645 3524/3524/3524 3528/3528/3528
f 3646/3646/3646 3645/3645/3645 3528/3528/3528
f 3640/3640/3640 3647/3647/3647 3634/3634/3634
f 3647/3647/3647 3642/3642/3642 3634/3634/3634
f 3647/3647/3647 3640/3640/3640 3648/3648/3648
f 3642/3642/3642 3647/3647/3647 3648/3648/3648
f 3642/3642/3642 3649/3649/3649 3595/3595/3595
f 3649/3649/3649 3599/3599/3599 3595/3595/3595
f 3649/3649/3649 3642/3642/3642 3650/3650/3650
f 3599/3599/3599 3649/3649/3649 3650/3650/3650
f 3651/3651/3651 3640/3640/3640 3644/3644/3644
f 3640/3640/3640 3651/3651/3651 3648/3648/3648
f 3652/3652/3652 3651/3651/3651 3644/3644/3644
f 3651/3651/3651 3652/3652/3652 3648/3648/3648
f 3642/3642/3642 3653/3653/3653 3650/3650/3650
f 3653/3653/3653 3642/3642/3642 3648/3648/3648
f 3653/3653/3653 3654/3654/3654 3650/3650/3650
f 3654/3654/3654 3653/3653/3653 3648/3648/3648
f 3655/3655/3655 3599/3599/3599 3650/3650/3650
f 3654/3654/3654 3655/3655/3655 3650/3650/3650
f 3599/3599/3599 3655/3655/3655 3656/3656/3656
f 3655/3655/3655 3654/3654/3654 3656/3656/3656
f 3652/3652/3652 3657/3657/3657 3648/3648/3648
f 3657/3657/3657 3654/3654/3654 3648/3648/3648
f 3654/3654/3654 3657/3657/3657 3658/3658/3658
f 3657/3657/3657 3652/3652/3652 3658/3658/3658
f 3659/3659/3659 3599/3599/3599 3656/3656/3656
f 3660/3660/3660 3659/3659/3659 3656/3656/3656
f 3599/3599/3599 3659/3659/3659 2815/2815/2815
f 3659/3659/3659 3660/3660/3660 2815/2815/2815
f 3660/3660/3660 3661/3661/3661 2815/2815/2815
f 3661/3661/3661 3662/3662/3662 2815/2815/2815
f 3661/3661/3661 3660/3660/3660 3663/3663/3663
f 3662/3662/3662 3661/3661/3661 3663/3663/3663
f 3664/3664/3664 3654/3654/3654 3658/3658/3658
f 3654/3654/3654 3664/3664/3664 3656/3656/3656
f 3664/3664/3664 3665/3665/3665 3656/3656/3656
f 3665/3665/3665 3664/3664/3664 3658/3658/3658
f 3666/3666/3666 3660/3660/3660 3656/3656/3656
f 3665/3665/3665 3666/3666/3666 3656/3656/3656
f 3660/3660/3660 3666/3666/3666 3667/3667/3667
f 3666/3666/3666 3665/3665/3665 3667/3667/3667
f 3660/3660/3660 3668/3668/3668 3663/3663/3663
f 3668/3668/3668 3660/3660/3660 3667/3667/3667
f 3669/3669/3669 3668/3668/3668 3667/3667/3667
f 3668/3668/3668 3669/3669/3669 3663/3663/3663
f 3665/3665/3665 3670/3670/3670 3667/3667/3667
f 3670/3670/3670 3669/3669/3669 3667/3667/3667
f 3670/3670/3670 3665/3665/3665 3671/3671/3671
f 3669/3669/3669 3670/3670/3670 3671/3671/3671
f 3672/3672/3672 3665/3665/3665 3658/3658/3658
f 3665/3665/3665 3672/3672/3672 3671/3671/3671
f 3673/3673/3673 3672/3672/3672 3658/3658/3658
f 3672/3672/3672 3673/3673/3673 3671/3671/3671
f 3674/3674/3674 3673/3673/3673 3658/3658/3658
f 3673/3673/3673 3674/3674/3674 3675/3675/3675
f 3652/3652/3652 3674/3674/3674 3658/3658/3658
f 3674/3674/3674 3652/3652/3652 3675/3675/3675
f 3652/3652/3652 3676/3676/3676 3675/3675/3675
f 3676/3676/3676 3677/3677/3677 3675/3675/3675
f 3676/3676/3676 3652/3652/3652 3644/3644/3644
f 3677/3677/3677 3676/3676/3676 3644/3644/3644
f 3678/3678/3678 3677/3677/3677 3644/3644/3644
f 3677/3677/3677 3678/3678/3678 3679/3679/3679
f 3636/3636/3636 3678/3678/3678 3644/3644/3644
f 3678/3678/3678 3636/3636/3636 3679/3679/3679
f 3636/3636/3636 3680/3680/3680 3679/3679/3679
f 3680/3680/3680 3681/3681/3681 3679/3679/3679
f 3680/3680/3680 3636/3636/3636 3628/3628/3628
f 3681/3681/3681 3680/3680/3680 3628/3628/3628
f 3682/3682/3682 3681/3681/3681 3628/3628/3628
f 3681/3681/3681 3682/3682/3682 3683/3683/3683
f 3620/3620/3620 3682/3682/3682 3628/3628/3628
f 3682/3682/3682 3620/3620/3620 3683/3683/3683
f 3620/3620/3620 3684/3684/3684 3683/3683/3683
f 3684/3684/3684 3620/3620/3620 3610/3610/3610
f 3614/3614/3614 3684/3684/3684 3610/3610/3610
f 3684/3684/3684 3614/3614/3614 3683/3683/3683
f 3614/3614/3614 3685/3685/3685 3683/3683/3683
f 3685/3685/3685 3686/3686/3686 3683/3683/3683
f 3685/3685/3685 3614/3614/3614 3622/3622/3622
f 3686/3686/3686 3685/3685/3685 3622/3622/3622
f 3687/3687/3687 3681/3681/3681 3683/3683/3683
f 3686/3686/3686 3687/3687/3687 3683/3683/3683
f 3681/3681/3681 3687/3687/3687 3688/3688/3688
f 3687/3687/3687 3686/3686/3686 3688/3688/3688
f 3681/3681/3681 3689/3689/3689 3679/3679/3679
f 3689/3689/3689 3681/3681/3681 3688/3688/3688
f 3689/3689/3689 3690/3690/3690 3679/3679/3679
f 3690/3690/3690 3689/3689/3689 3688/3688/3688
f 3691/3691/3691 3686/3686/3686 3622/3622/3622
f 3686/3686/3686 3691/3691/3691 3692/3692/3692
f 3630/3630/3630 3691/3691/3691 3622/3622/3622
f 3691/3691/3691 3630/3630/3630 3692/3692/3692
f 3690/3690/3690 3693/3693/3693 3679/3679/3679
f 3693/3693/3693 3690/3690/3690 3694/3694/3694
f 3693/3693/3693 3677/3677/3677 3679/3679/3679
f 3677/3677/3677 3693/3693/3693 3694/3694/3694
f 3686/3686/3686 3695/3695/3695 3688/3688/3688
f 3695/3695/3695 3686/3686/3686 3692/3692/3692
f 3695/3695/3695 3696/3696/3696 3688/3688/3688
f 3696/3696/3696 3695/3695/3695 3692/3692/3692
f 3630/3630/3630 3697/3697/3697 3692/3692/3692
f 3697/3697/3697 3630/3630/3630 3638/3638/3638
f 3646/3646/3646 3697/3697/3697 3638/3638/3638
f 3697/3697/3697 3646/3646/3646 3692/3692/3692
f 3698/3698/3698 3690/3690/3690 3688/3688/3688
f 3696/3696/3696 3698/3698/3698 3688/3688/3688
f 3690/3690/3690 3698/3698/3698 3699/3699/3699
f 3698/3698/3698 3696/3696/3696 3699/3699/3699
f 3700/3700/3700 3677/3677/3677 3694/3694/3694
f 3701/3701/3701 3700/3700/3700 3694/3694/3694
f 3677/3677/3677 3700/3700/3700 3675/3675/3675
f 3700/3700/3700 3701/3701/3701 3675/3675/3675
f 3702/3702/3702 3696/3696/3696 3692/3692/3692
f 3646/3646/3646 3702/3702/3702 3692/3692/3692
f 3696/3696/3696 3702/3702/3702 3703/3703/3703
f 3702/3702/3702 3646/3646/3646 3703/3703/3703
f 3704/3704/3704 3690/3690/3690 3699/3699/3699
f 3690/3690/3690 3704/3704/3704 3694/3694/3694
f 3704/3704/3704 3705/3705/3705 3694/3694/3694
f 3705/3705/3705 3704/3704/3704 3699/3699/3699
f 3701/3701/3701 3706/3706/3706 3675/3675/3675
f 3706/3706/3706 3701/3701/3701 3707/3707/3707
f 3706/3706/3706 3673/3673/3673 3675/3675/3675
f 3673/3673/3673 3706/3706/3706 3707/3707/3707
f 3708/3708/3708 3696/3696/3696 3703/3703/3703
f 3696/3696/3696 3708/3708/3708 3699/3699/3699
f 3708/3708/3708 3709/3709/3709 3699/3699/3699
f 3709/3709/3709 3708/3708/3708 3703/3703/3703
f 3646/3646/3646 3710/3710/3710 3703/3703/3703
f 3710/3710/3710 3711/3711/3711 3703/3703/3703
f 3710/3710/3710 3646/3646/3646 3528/3528/3528
f 3711/3711/3711 3710/3710/3710 3528/3528/3528
f 3712/3712/3712 3705/3705/3705 3699/3699/3699
f 3709/3709/3709 3712/3712/3712 3699/3699/3699
f 3705/3705/3705 3712/3712/3712 3713/3713/3713
f 3712/3712/3712 3709/3709/3709 3713/3713/3713
f 3714/3714/3714 3673/3673/3673 3707/3707/3707
f 3715/3715/3715 3714/3714/3714 3707/3707/3707
f 3673/3673/3673 3714/3714/3714 3671/3671/3671
f 3714/3714/3714 3715/3715/3715 3671/3671/3671
f 3711/3711/3711 3716/3716/3716 3703/3703/3703
f 3716/3716/3716 3709/3709/3709 3703/3703/3703
f 3709/3709/3709 3716/3716/3716 3717/3717/3717
f 3716/3716/3716 3711/3711/3711 3717/3717/3717
f 3718/3718/3718 3711/3711/3711 3528/3528/3528
f 3527/3527/3527 3718/3718/3718 3528/3528/3528
f 3711/3711/3711 3718/3718/3718 3719/3719/3719
f 3718/3718/3718 3527/3527/3527 3719/3719/3719
f 3709/3709/3709 3720/3720/3720 3713/3713/3713
f 3720/3720/3720 3709/3709/3709 3717/3717/3717
f 3720/3720/3720 3721/3721/3721 3713/3713/3713
f 3721/3721/3721 3720/3720/3720 3717/3717/3717
f 3715/3715/3715 3722/3722/3722 3671/3671/3671
f 3722/3722/3722 3715/3715/3715 3723/3723/3723
f 3722/3722/3722 3669/3669/3669 3671/3671/3671
f 3669/3669/3669 3722/3722/3722 3723/3723/3723
f 3724/3724/3724 3711/3711/3711 3719/3719/3719
f 3711/3711/3711 3724/3724/3724 3717/3717/3717
f 3725/3725/3725 3724/3724/3724 3719/3719/3719
f 3724/3724/3724 3725/3725/3725 3717/3717/3717
f 3527/3527/3527 3726/3726/3726 3719/3719/3719
f 3726/3726/3726 3725/3725/3725 3719/3719/3719
f 3726/3726/3726 3527/3527/3527 3727/3727/3727
f 3725/3725/3725 3726/3726/3726 3727/3727/3727
f 3728/3728/3728 3721/3721/3721 3717/3717/3717
f 3725/3725/3725 3728/3728/3728 3717/3717/3717
f 3728/3728/3728 3725/3725/3725 3729/3729/3729
f 3721/3721/3721 3728/3728/3728 3729/3729/3729
f 3730/3730/3730 3669/3669/3669 3723/3723/3723
f 3731/3731/3731 3730/3730/3730 3723/3723/3723
f 3669/3669/3669 3730/3730/3730 3663/3663/3663
f 3730/3730/3730 3731/3731/3731 3663/3663/3663
f 3527/3527/3527 3732/3732/3732 3727/3727/3727
f 3732/3732/3732 3733/3733/3733 3727/3727/3727
f 3732/3732/3732 3527/3527/3527 2580/2580/2580
f 3733/3733/3733 3732/3732/3732 2580/2580/2580
f 3734/3734/3734 3725/3725/3725 3727/3727/3727
f 3725/3725/3725 3734/3734/3734 3729/3729/3729
f 3735/3735/3735 3734/3734/3734 3727/3727/3727
f 3734/3734/3734 3735/3735/3735 3729/3729/3729
f 3731/3731/3731 3736/3736/3736 3663/3663/3663
f 3736/3736/3736 3662/3662/3662 3663/3663/3663
f 3733/3733/3733 3737/3737/3737 3727/3727/3727
f 3737/3737/3737 3735/3735/3735 3727/3727/3727
f 3736/3736/3736 3731/3731/3731 3738/3738/3738
f 3662/3662/3662 3736/3736/3736 3738/3738/3738
f 3737/3737/3737 3733/3733/3733 3739/3739/3739
f 3735/3735/3735 3737/3737/3737 3739/3739/3739
f 3740/3740/3740 3733/3733/3733 2580/2580/2580
f 3741/3741/3741 3740/3740/3740 2580/2580/2580
f 3733/3733/3733 3740/3740/3740 3742/3742/3742
f 3740/3740/3740 3741/3741/3741 3742/3742/3742
f 3733/3733/3733 3743/3743/3743 3739/3739/3739
f 3743/3743/3743 3733/3733/3733 3742/3742/3742
f 3743/3743/3743 3744/3744/3744 3739/3739/3739
f 3744/3744/3744 3743/3743/3743 3742/3742/3742
f 3745/3745/3745 3735/3735/3735 3739/3739/3739
f 3744/3744/3744 3745/3745/3745 3739/3739/3739
f 3735/3735/3735 3745/3745/3745 3746/3746/3746
f 3745/3745/3745 3744/3744/3744 3746/3746/3746
f 3747/3747/3747 3741/3741/3741 2580/2580/2580
f 3748/3748/3748 3747/3747/3747 2580/2580/2580
f 3741/3741/3741 3747/3747/3747 3749/3749/3749
f 3747/3747/3747 3748/3748/3748 3749/3749/3749
f 3750/3750/3750 3748/3748/3748 2580/2580/2580
f 3751/3751/3751 3750/3750/3750 2580/2580/2580
f 3748/3748/3748 3750/3750/3750 3752/3752/3752
f 3750/3750/3750 3751/3751/3751 3752/3752/3752
f 3753/3753/3753 3735/3735/3735 3746/3746/3746
f 3754/3754/3754 3753/3753/3753 3746/3746/3746
f 3735/3735/3735 3753/3753/3753 3729/3729/3729
f 3753/3753/3753 3754/3754/3754 3729/3729/3729
f 3754/3754/3754 3755/3755/3755 3729/3729/3729
f 3755/3755/3755 3754/3754/3754 3756/3756/3756
f 3755/3755/3755 3721/3721/3721 3729/3729/3729
f 3721/3721/3721 3755/3755/3755 3756/3756/3756
f 3757/3757/3757 3721/3721/3721 3756/3756/3756
f 3758/3758/3758 3757/3757/3757 3756/3756/3756
f 3721/3721/3721 3757/3757/3757 3713/3713/3713
f 3757/3757/3757 3758/3758/3758 3713/3713/3713
f 3758/3758/3758 3759/3759/3759 3713/3713/3713
f 3759/3759/3759 3758/3758/3758 3760/3760/3760
f 3759/3759/3759 3705/3705/3705 3713/3713/3713
f 3705/3705/3705 3759/3759/3759 3760/3760/3760
f 3761/3761/3761 3705/3705/3705 3760/3760/3760
f 3705/3705/3705 3761/3761/3761 3694/3694/3694
f 3761/3761/3761 3701/3701/3701 3694/3694/3694
f 3701/3701/3701 3761/3761/3761 3760/3760/3760
f 3762/3762/3762 3701/3701/3701 3760/3760/3760
f 3763/3763/3763 3762/3762/3762 3760/3760/3760
f 3701/3701/3701 3762/3762/3762 3707/3707/3707
f 3762/3762/3762 3763/3763/3763 3707/3707/3707
f 3758/3758/3758 3764/3764/3764 3760/3760/3760
f 3764/3764/3764 3763/3763/3763 3760/3760/3760
f 3764/3764/3764 3758/3758/3758 3765/3765/3765
f 3763/3763/3763 3764/3764/3764 3765/3765/3765
f 3766/3766/3766 3758/3758/3758 3756/3756/3756
f 3758/3758/3758 3766/3766/3766 3765/3765/3765
f 3767/3767/3767 3766/3766/3766 3756/3756/3756
f 3766/3766/3766 3767/3767/3767 3765/3765/3765
f 3763/3763/3763 3768/3768/3768 3707/3707/3707
f 3768/3768/3768 3763/3763/3763 3769/3769/3769
f 3768/3768/3768 3715/3715/3715 3707/3707/3707
f 3715/3715/3715 3768/3768/3768 3769/3769/3769
f 3770/3770/3770 3767/3767/3767 3756/3756/3756
f 3767/3767/3767 3770/3770/3770 3771/3771/3771
f 3754/3754/3754 3770/3770/3770 3756/3756/3756
f 3770/3770/3770 3754/3754/3754 3771/3771/3771
f 3772/3772/3772 3763/3763/3763 3765/3765/3765
f 3763/3763/3763 3772/3772/3772 3769/3769/3769
f 3773/3773/3773 3772/3772/3772 3765/3765/3765
f 3772/3772/3772 3773/3773/3773 3769/3769/3769
f 3774/3774/3774 3715/3715/3715 3769/3769/3769
f 3775/3775/3775 3774/3774/3774 3769/3769/3769
f 3715/3715/3715 3774/3774/3774 3723/3723/3723
f 3774/3774/3774 3775/3775/3775 3723/3723/3723
f 3767/3767/3767 3776/3776/3776 3765/3765/3765
f 3776/3776/3776 3773/3773/3773 3765/3765/3765
f 3776/3776/3776 3767/3767/3767 3777/3777/3777
f 3773/3773/3773 3776/3776/3776 3777/3777/3777
f 3754/3754/3754 3778/3778/3778 3771/3771/3771
f 3778/3778/3778 3779/3779/3779 3771/3771/3771
f 3778/3778/3778 3754/3754/3754 3746/3746/3746
f 3779/3779/3779 3778/3778/3778 3746/3746/3746
f 3780/3780/3780 3775/3775/3775 3769/3769/3769
f 3773/3773/3773 3780/3780/3780 3769/3769/3769
f 3780/3780/3780 3773/3773/3773 3781/3781/3781
f 3775/3775/3775 3780/3780/3780 3781/3781/3781
f 3775/3775/3775 3782/3782/3782 3723/3723/3723
f 3782/3782/3782 3775/3775/3775 3783/3783/3783
f 3782/3782/3782 3731/3731/3731 3723/3723/3723
f 3731/3731/3731 3782/3782/3782 3783/3783/3783
f 3784/3784/3784 3773/3773/3773 3777/3777/3777
f 3773/3773/3773 3784/3784/3784 3781/3781/3781
f 3785/3785/3785 3784/3784/3784 3777/3777/3777
f 3784/3784/3784 3785/3785/3785 3781/3781/3781
f 3786/3786/3786 3779/3779/3779 3746/3746/3746
f 3779/3779/3779 3786/3786/3786 3787/3787/3787
f 3744/3744/3744 3786/3786/3786 3746/3746/3746
f 3786/3786/3786 3744/3744/3744 3787/3787/3787
f 3788/3788/3788 3775/3775/3775 3781/3781/3781
f 3775/3775/3775 3788/3788/3788 3783/3783/3783
f 3789/3789/3789 3788/3788/3788 3781/3781/3781
f 3788/3788/3788 3789/3789/3789 3783/3783/3783
f 3790/3790/3790 3731/3731/3731 3783/3783/3783
f 3791/3791/3791 3790/3790/3790 3783/3783/3783
f 3731/3731/3731 3790/3790/3790 3738/3738/3738
f 3790/3790/3790 3791/3791/3791 3738/3738/3738
f 3785/3785/3785 3792/3792/3792 3781/3781/3781
f 3792/3792/3792 3789/3789/3789 3781/3781/3781
f 3792/3792/3792 3785/3785/3785 3793/3793/3793
f 3789/3789/3789 3792/3792/3792 3793/3793/3793
f 3744/3744/3744 3794/3794/3794 3787/3787/3787
f 3794/3794/3794 3795/3795/3795 3787/3787/3787
f 3794/3794/3794 3744/3744/3744 3742/3742/3742
f 3795/3795/3795 3794/3794/3794 3742/3742/3742
f 3796/3796/3796 3791/3791/3791 3783/3783/3783
f 3789/3789/3789 3796/3796/3796 3783/3783/3783
f 3796/3796/3796 3789/3789/3789 3797/3797/3797
f 3791/3791/3791 3796/3796/3796 3797/3797/3797
f 3791/3791/3791 3798/3798/3798 3738/3738/3738
f 3798/3798/3798 3791/3791/3791 3799/3799/3799
f 3798/3798/3798 3662/3662/3662 3738/3738/3738
f 3662/3662/3662 3798/3798/3798 3799/3799/3799
f 3800/3800/3800 3789/3789/3789 3793/3793/3793
f 3789/3789/3789 3800/3800/3800 3797/3797/3797
f 3801/3801/3801 3800/3800/3800 3793/3793/3793
f 3800/3800/3800 3801/3801/3801 3797/3797/3797
f 3802/3802/3802 3795/3795/3795 3742/3742/3742
f 3741/3741/3741 3802/3802/3802 3742/3742/3742
f 3802/3802/3802 3741/3741/3741 3803/3803/3803
f 3795/3795/3795 3802/3802/3802 3803/3803/3803
f 3804/3804/3804 3791/3791/3791 3797/3797/3797
f 3791/3791/3791 3804/3804/3804 3799/3799/3799
f 3805/3805/3805 3804/3804/3804 3797/3797/3797
f 3804/3804/3804 3805/3805/3805 3799/3799/3799
f 3806/3806/3806 3662/3662/3662 3799/3799/3799
f 3807/3807/3807 3806/3806/3806 3799/3799/3799
f 3662/3662/3662 3806/3806/3806 2815/2815/2815
f 3806/3806/3806 3807/3807/3807 2815/2815/2815
f 3801/3801/3801 3808/3808/3808 3797/3797/3797
f 3808/3808/3808 3805/3805/3805 3797/3797/3797
f 3808/3808/3808 3801/3801/3801 3809/3809/3809
f 3805/3805/3805 3808/3808/3808 3809/3809/3809
f 3741/3741/3741 3810/3810/3810 3803/3803/3803
f 3810/3810/3810 3811/3811/3811 3803/3803/3803
f 3810/3810/3810 3741/3741/3741 3749/3749/3749
f 3811/3811/3811 3810/3810/3810 3749/3749/3749
f 3805/3805/3805 3812/3812/3812 3799/3799/3799
f 3812/3812/3812 3807/3807/3807 3799/3799/3799
f 3812/3812/3812 3805/3805/3805 3813/3813/3813
f 3807/3807/3807 3812/3812/3812 3813/3813/3813
f 3814/3814/3814 3805/3805/3805 3809/3809/3809
f 3805/3805/3805 3814/3814/3814 3813/3813/3813
f 3814/3814/3814 3815/3815/3815 3813/3813/3813
f 3815/3815/3815 3814/3814/3814 3809/3809/3809
f 3811/3811/3811 3816/3816/3816 3803/3803/3803
f 3816/3816/3816 3811/3811/3811 3817/3817/3817
f 3816/3816/3816 3795/3795/3795 3803/3803/3803
f 3795/3795/3795 3816/3816/3816 3817/3817/3817
f 3818/3818/3818 3807/3807/3807 3813/3813/3813
f 3815/3815/3815 3818/3818/3818 3813/3813/3813
f 3807/3807/3807 3818/3818/3818 3819/3819/3819
f 3818/3818/3818 3815/3815/3815 3819/3819/3819
f 3820/3820/3820 3795/3795/3795 3817/3817/3817
f 3821/3821/3821 3820/3820/3820 3817/3817/3817
f 3795/3795/3795 3820/3820/3820 3787/3787/3787
f 3820/3820/3820 3821/3821/3821 3787/3787/3787
f 3822/3822/3822 3807/3807/3807 3819/3819/3819
f 3823/3823/3823 3822/3822/3822 3819/3819/3819
f 3807/3807/3807 3822/3822/3822 2815/2815/2815
f 3822/3822/3822 3823/3823/3823 2815/2815/2815
f 3821/3821/3821 3824/3824/3824 3787/3787/3787
f 3824/3824/3824 3821/3821/3821 3825/3825/3825
f 3824/3824/3824 3779/3779/3779 3787/3787/3787
f 3779/3779/3779 3824/3824/3824 3825/3825/3825
f 3826/3826/3826 3779/3779/3779 3825/3825/3825
f 3827/3827/3827 3826/3826/3826 3825/3825/3825
f 3779/3779/3779 3826/3826/3826 3771/3771/3771
f 3826/3826/3826 3827/3827/3827 3771/3771/3771
f 3827/3827/3827 3828/3828/3828 3771/3771/3771
f 3828/3828/3828 3767/3767/3767 3771/3771/3771
f 3767/3767/3767 3828/3828/3828 3777/3777/3777
f 3828/3828/3828 3827/3827/3827 3777/3777/3777
f 3827/3827/3827 3829/3829/3829 3777/3777/3777
f 3829/3829/3829 3827/3827/3827 3830/3830/3830
f 3829/3829/3829 3785/3785/3785 3777/3777/3777
f 3785/3785/3785 3829/3829/3829 3830/3830/3830
f 3831/3831/3831 3827/3827/3827 3825/3825/3825
f 3827/3827/3827 3831/3831/3831 3830/3830/3830
f 3832/3832/3832 3831/3831/3831 3825/3825/3825
f 3831/3831/3831 3832/3832/3832 3830/3830/3830
f 3821/3821/3821 3833/3833/3833 3825/3825/3825
f 3833/3833/3833 3832/3832/3832 3825/3825/3825
f 3833/3833/3833 3821/3821/3821 3834/3834/3834
f 3832/3832/3832 3833/3833/3833 3834/3834/3834
f 3835/3835/3835 3785/3785/3785 3830/3830/3830
f 3836/3836/3836 3835/3835/3835 3830/3830/3830
f 3785/3785/3785 3835/3835/3835 3793/3793/3793
f 3835/3835/3835 3836/3836/3836 3793/3793/3793
f 3821/3821/3821 3837/3837/3837 3834/3834/3834
f 3837/3837/3837 3838/3838/3838 3834/3834/3834
f 3837/3837/3837 3821/3821/3821 3817/3817/3817
f 3838/3838/3838 3837/3837/3837 3817/3817/3817
f 3832/3832/3832 3839/3839/3839 3830/3830/3830
f 3839/3839/3839 3836/3836/3836 3830/3830/3830
f 3839/3839/3839 3832/3832/3832 3840/3840/3840
f 3836/3836/3836 3839/3839/3839 3840/3840/3840
f 3836/3836/3836 3841/3841/3841 3793/3793/3793
f 3841/3841/3841 3836/3836/3836 3842/3842/3842
f 3841/3841/3841 3801/3801/3801 3793/3793/3793
f 3801/3801/3801 3841/3841/3841 3842/3842/3842
f 3843/3843/3843 3832/3832/3832 3834/3834/3834
f 3832/3832/3832 3843/3843/3843 3840/3840/3840
f 3844/3844/3844 3843/3843/3843 3834/3834/3834
f 3843/3843/3843 3844/3844/3844 3840/3840/3840
f 3845/3845/3845 3838/3838/3838 3817/3817/3817
f 3838/3838/3838 3845/3845/3845 3846/3846/3846
f 3811/3811/3811 3845/3845/3845 3817/3817/3817
f 3845/3845/3845 3811/3811/3811 3846/3846/3846
f 3836/3836/3836 3847/3847/3847 3842/3842/3842
f 3847/3847/3847 3836/3836/3836 3840/3840/3840
f 3848/3848/3848 3847/3847/3847 3840/3840/3840
f 3847/3847/3847 3848/3848/3848 3842/3842/3842
f 3849/3849/3849 3801/3801/3801 3842/3842/3842
f 3850/3850/3850 3849/3849/3849 3842/3842/3842
f 3801/3801/3801 3849/3849/3849 3809/3809/3809
f 3849/3849/3849 3850/3850/3850 3809/3809/3809
f 3844/3844/3844 3851/3851/3851 3840/3840/3840
f 3851/3851/3851 3848/3848/3848 3840/3840/3840
f 3851/3851/3851 3844/3844/3844 3852/3852/3852
f 3848/3848/3848 3851/3851/3851 3852/3852/3852
f 3811/3811/3811 3853/3853/3853 3846/3846/3846
f 3853/3853/3853 3854/3854/3854 3846/3846/3846
f 3853/3853/3853 3811/3811/3811 3749/3749/3749
f 3854/3854/3854 3853/3853/3853 3749/3749/3749
f 3855/3855/3855 3850/3850/3850 3842/3842/3842
f 3848/3848/3848 3855/3855/3855 3842/3842/3842
f 3855/3855/3855 3848/3848/3848 3856/3856/3856
f 3850/3850/3850 3855/3855/3855 3856/3856/3856
f 3850/3850/3850 3857/3857/3857 3809/3809/3809
f 3857/3857/3857 3850/3850/3850 3858/3858/3858
f 3857/3857/3857 3815/3815/3815 3809/3809/3809
f 3815/3815/3815 3857/3857/3857 3858/3858/3858
f 3859/3859/3859 3848/3848/3848 3852/3852/3852
f 3848/3848/3848 3859/3859/3859 3856/3856/3856
f 3860/3860/3860 3859/3859/3859 3852/3852/3852
f 3859/3859/3859 3860/3860/3860 3856/3856/3856
f 3861/3861/3861 3854/3854/3854 3749/3749/3749
f 3748/3748/3748 3861/3861/3861 3749/3749/3749
f 3861/3861/3861 3748/3748/3748 3862/3862/3862
f 3854/3854/3854 3861/3861/3861 3862/3862/3862
f 3863/3863/3863 3850/3850/3850 3856/3856/3856
f 3850/3850/3850 3863/3863/3863 3858/3858/3858
f 3864/3864/3864 3863/3863/3863 3856/3856/3856
f 3863/3863/3863 3864/3864/3864 3858/3858/3858
f 3865/3865/3865 3815/3815/3815 3858/3858/3858
f 3866/3866/3866 3865/3865/3865 3858/3858/3858
f 3815/3815/3815 3865/3865/3865 3819/3819/3819
f 3865/3865/3865 3866/3866/3866 3819/3819/3819
f 3860/3860/3860 3867/3867/3867 3856/3856/3856
f 3867/3867/3867 3864/3864/3864 3856/3856/3856
f 3867/3867/3867 3860/3860/3860 3868/3868/3868
f 3864/3864/3864 3867/3867/3867 3868/3868/3868
f 3748/3748/3748 3869/3869/3869 3862/3862/3862
f 3869/3869/3869 3870/3870/3870 3862/3862/3862
f 3869/3869/3869 3748/3748/3748 3752/3752/3752
f 3870/3870/3870 3869/3869/3869 3752/3752/3752
f 3864/3864/3864 3871/3871/3871 3858/3858/3858
f 3871/3871/3871 3866/3866/3866 3858/3858/3858
f 3871/3871/3871 3864/3864/3864 3872/3872/3872
f 3866/3866/3866 3871/3871/3871 3872/3872/3872
f 3866/3866/3866 3873/3873/3873 3819/3819/3819
f 3873/3873/3873 3823/3823/3823 3819/3819/3819
f 3873/3873/3873 3866/3866/3866 3874/3874/3874
f 3823/3823/3823 3873/3873/3873 3874/3874/3874
f 3875/3875/3875 3864/3864/3864 3868/3868/3868
f 3864/3864/3864 3875/3875/3875 3872/3872/3872
f 3876/3876/3876 3875/3875/3875 3868/3868/3868
f 3875/3875/3875 3876/3876/3876 3872/3872/3872
f 3866/3866/3866 3877/3877/3877 3874/3874/3874
f 3877/3877/3877 3866/3866/3866 3872/3872/3872
f 3877/3877/3877 3878/3878/3878 3874/3874/3874
f 3878/3878/3878 3877/3877/3877 3872/3872/3872
f 3879/3879/3879 3823/3823/3823 3874/3874/3874
f 3878/3878/3878 3879/3879/3879 3874/3874/3874
f 3823/3823/3823 3879/3879/3879 3880/3880/3880
f 3879/3879/3879 3878/3878/3878 3880/3880/3880
f 3876/3876/3876 3881/3881/3881 3872/3872/3872
f 3881/3881/3881 3878/3878/3878 3872/3872/3872
f 3878/3878/3878 3881/3881/3881 3882/3882/3882
f 3881/3881/3881 3876/3876/3876 3882/3882/3882
f 3883/3883/3883 3823/3823/3823 3880/3880/3880
f 3884/3884/3884 3883/3883/3883 3880/3880/3880
f 3823/3823/3823 3883/3883/3883 2815/2815/2815
f 3883/3883/3883 3884/3884/3884 2815/2815/2815
f 3884/3884/3884 3885/3885/3885 2815/2815/2815
f 3885/3885/3885 3886/3886/3886 2815/2815/2815
f 3885/3885/3885 3884/3884/3884 3887/3887/3887
f 3886/3886/3886 3885/3885/3885 3887/3887/3887
f 3888/3888/3888 3878/3878/3878 3882/3882/3882
f 3878/3878/3878 3888/3888/3888 3880/3880/3880
f 3888/3888/3888 3889/3889/3889 3880/3880/3880
f 3889/3889/3889 3888/3888/3888 3882/3882/3882
f 3890/3890/3890 3884/3884/3884 3880/3880/3880
f 3889/3889/3889 3890/3890/3890 3880/3880/3880
f 3884/3884/3884 3890/3890/3890 3891/3891/3891
f 3890/3890/3890 3889/3889/3889 3891/3891/3891
f 3884/3884/3884 3892/3892/3892 3887/3887/3887
f 3892/3892/3892 3884/3884/3884 3891/3891/3891
f 3893/3893/3893 3892/3892/3892 3891/3891/3891
f 3892/3892/3892 3893/3893/3893 3887/3887/3887
f 3889/3889/3889 3894/3894/3894 3891/3891/3891
f 3894/3894/3894 3893/3893/3893 3891/3891/3891
f 3894/3894/3894 3889/3889/3889 3895/3895/3895
f 3893/3893/3893 3894/3894/3894 3895/3895/3895
f 3896/3896/3896 3889/3889/3889 3882/3882/3882
f 3889/3889/3889 3896/3896/3896 3895/3895/3895
f 3897/3897/3897 3896/3896/3896 3882/3882/3882
f 3896/3896/3896 3897/3897/3897 3895/3895/3895
f 3898/3898/3898 3897/3897/3897 3882/3882/3882
f 3897/3897/3897 3898/3898/3898 3899/3899/3899
f 3876/3876/3876 3898/3898/3898 3882/3882/3882
f 3898/3898/3898 3876/3876/3876 3899/3899/3899
f 3876/3876/3876 3900/3900/3900 3899/3899/3899
f 3900/3900/3900 3901/3901/3901 3899/3899/3899
f 3900/3900/3900 3876/3876/3876 3868/3868/3868
f 3901/3901/3901 3900/3900/3900 3868/3868/3868
f 3902/3902/3902 3901/3901/3901 3868/3868/3868
f 3901/3901/3901 3902/3902/3902 3903/3903/3903
f 3860/3860/3860 3902/3902/3902 3868/3868/3868
f 3902/3902/3902 3860/3860/3860 3903/3903/3903
f 3860/3860/3860 3904/3904/3904 3903/3903/3903
f 3904/3904/3904 3905/3905/3905 3903/3903/3903
f 3904/3904/3904 3860/3860/3860 3852/3852/3852
f 3905/3905/3905 3904/3904/3904 3852/3852/3852
f 3906/3906/3906 3905/3905/3905 3852/3852/3852
f 3905/3905/3905 3906/3906/3906 3907/3907/3907
f 3844/3844/3844 3906/3906/3906 3852/3852/3852
f 3906/3906/3906 3844/3844/3844 3907/3907/3907
f 3844/3844/3844 3908/3908/3908 3907/3907/3907
f 3908/3908/3908 3844/3844/3844 3834/3834/3834
f 3838/3838/3838 3908/3908/3908 3834/3834/3834
f 3908/3908/3908 3838/3838/3838 3907/3907/3907
f 3838/3838/3838 3909/3909/3909 3907/3907/3907
f 3909/3909/3909 3910/3910/3910 3907/3907/3907
f 3909/3909/3909 3838/3838/3838 3846/3846/3846
f 3910/3910/3910 3909/3909/3909 3846/3846/3846
f 3911/3911/3911 3905/3905/3905 3907/3907/3907
f 3910/3910/3910 3911/3911/3911 3907/3907/3907
f 3905/3905/3905 3911/3911/3911 3912/3912/3912
f 3911/3911/3911 3910/3910/3910 3912/3912/3912
f 3905/3905/3905 3913/3913/3913 3903/3903/3903
f 3913/3913/3913 3905/3905/3905 3912/3912/3912
f 3913/3913/3913 3914/3914/3914 3903/3903/3903
f 3914/3914/3914 3913/3913/3913 3912/3912/3912
f 3915/3915/3915 3910/3910/3910 3846/3846/3846
f 3910/3910/3910 3915/3915/3915 3916/3916/3916
f 3854/3854/3854 3915/3915/3915 3846/3846/3846
f 3915/3915/3915 3854/3854/3854 3916/3916/3916
f 3914/3914/3914 3917/3917/3917 3903/3903/3903
f 3917/3917/3917 3914/3914/3914 3918/3918/3918
f 3917/3917/3917 3901/3901/3901 3903/3903/3903
f 3901/3901/3901 3917/3917/3917 3918/3918/3918
f 3910/3910/3910 3919/3919/3919 3912/3912/3912
f 3919/3919/3919 3910/3910/3910 3916/3916/3916
f 3919/3919/3919 3920/3920/3920 3912/3912/3912
f 3920/3920/3920 3919/3919/3919 3916/3916/3916
f 3854/3854/3854 3921/3921/3921 3916/3916/3916
f 3921/3921/3921 3854/3854/3854 3862/3862/3862
f 3870/3870/3870 3921/3921/3921 3862/3862/3862
f 3921/3921/3921 3870/3870/3870 3916/3916/3916
f 3922/3922/3922 3914/3914/3914 3912/3912/3912
f 3920/3920/3920 3922/3922/3922 3912/3912/3912
f 3914/3914/3914 3922/3922/3922 3923/3923/3923
f 3922/3922/3922 3920/3920/3920 3923/3923/3923
f 3924/3924/3924 3901/3901/3901 3918/3918/3918
f 3925/3925/3925 3924/3924/3924 3918/3918/3918
f 3901/3901/3901 3924/3924/3924 3899/3899/3899
f 3924/3924/3924 3925/3925/3925 3899/3899/3899
f 3926/3926/3926 3920/3920/3920 3916/3916/3916
f 3870/3870/3870 3926/3926/3926 3916/3916/3916
f 3920/3920/3920 3926/3926/3926 3927/3927/3927
f 3926/3926/3926 3870/3870/3870 3927/3927/3927
f 3928/3928/3928 3914/3914/3914 3923/3923/3923
f 3914/3914/3914 3928/3928/3928 3918/3918/3918
f 3928/3928/3928 3929/3929/3929 3918/3918/3918
f 3929/3929/3929 3928/3928/3928 3923/3923/3923
f 3925/3925/3925 3930/3930/3930 3899/3899/3899
f 3930/3930/3930 3925/3925/3925 3931/3931/3931
f 3930/3930/3930 3897/3897/3897 3899/3899/3899
f 3897/3897/3897 3930/3930/3930 3931/3931/3931
f 3932/3932/3932 3920/3920/3920 3927/3927/3927
f 3920/3920/3920 3932/3932/3932 3923/3923/3923
f 3932/3932/3932 3933/3933/3933 3923/3923/3923
f 3933/3933/3933 3932/3932/3932 3927/3927/3927
f 3870/3870/3870 3934/3934/3934 3927/3927/3927
f 3934/3934/3934 3935/3935/3935 3927/3927/3927
f 3934/3934/3934 3870/3870/3870 3752/3752/3752
f 3935/3935/3935 3934/3934/3934 3752/3752/3752
f 3936/3936/3936 3929/3929/3929 3923/3923/3923
f 3933/3933/3933 3936/3936/3936 3923/3923/3923
f 3929/3929/3929 3936/3936/3936 3937/3937/3937
f 3936/3936/3936 3933/3933/3933 3937/3937/3937
f 3938/3938/3938 3897/3897/3897 3931/3931/3931
f 3939/3939/3939 3938/3938/3938 3931/3931/3931
f 3897/3897/3897 3938/3938/3938 3895/3895/3895
f 3938/3938/3938 3939/3939/3939 3895/3895/3895
f 3935/3935/3935 3940/3940/3940 3927/3927/3927
f 3940/3940/3940 3933/3933/3933 3927/3927/3927
f 3933/3933/3933 3940/3940/3940 3941/3941/3941
f 3940/3940/3940 3935/3935/3935 3941/3941/3941
f 3942/3942/3942 3935/3935/3935 3752/3752/3752
f 3751/3751/3751 3942/3942/3942 3752/3752/3752
f 3935/3935/3935 3942/3942/3942 3943/3943/3943
f 3942/3942/3942 3751/3751/3751 3943/3943/3943
f 3933/3933/3933 3944/3944/3944 3937/3937/3937
f 3944/3944/3944 3933/3933/3933 3941/3941/3941
f 3944/3944/3944 3945/3945/3945 3937/3937/3937
f 3945/3945/3945 3944/3944/3944 3941/3941/3941
f 3939/3939/3939 3946/3946/3946 3895/3895/3895
f 3946/3946/3946 3939/3939/3939 3947/3947/3947
f 3946/3946/3946 3893/3893/3893 3895/3895/3895
f 3893/3893/3893 3946/3946/3946 3947/3947/3947
f 3948/3948/3948 3935/3935/3935 3943/3943/3943
f 3935/3935/3935 3948/3948/3948 3941/3941/3941
f 3949/3949/3949 3948/3948/3948 3943/3943/3943
f 3948/3948/3948 3949/3949/3949 3941/3941/3941
f 3751/3751/3751 3950/3950/3950 3943/3943/3943
f 3950/3950/3950 3949/3949/3949 3943/3943/3943
f 3950/3950/3950 3751/3751/3751 3951/3951/3951
f 3949/3949/3949 3950/3950/3950 3951/3951/3951
f 3952/3952/3952 3945/3945/3945 3941/3941/3941
f 3949/3949/3949 3952/3952/3952 3941/3941/3941
f 3952/3952/3952 3949/3949/3949 3953/3953/3953
f 3945/3945/3945 3952/3952/3952 3953/3953/3953
f 3954/3954/3954 3893/3893/3893 3947/3947/3947
f 3955/3955/3955 3954/3954/3954 3947/3947/3947
f 3893/3893/3893 3954/3954/3954 3887/3887/3887
f 3954/3954/3954 3955/3955/3955 3887/3887/3887
f 3751/3751/3751 3956/3956/3956 3951/3951/3951
f 3956/3956/3956 3957/3957/3957 3951/3951/3951
f 3956/3956/3956 3751/3751/3751 2580/2580/2580
f 3957/3957/3957 3956/3956/3956 2580/2580/2580
f 3958/3958/3958 3949/3949/3949 3951/3951/3951
f 3949/3949/3949 3958/3958/3958 3953/3953/3953
f 3959/3959/3959 3958/3958/3958 3951/3951/3951
f 3958/3958/3958 3959/3959/3959 3953/3953/3953
f 3955/3955/3955 3960/3960/3960 3887/3887/3887
f 3960/3960/3960 3886/3886/3886 3887/3887/3887
f 3957/3957/3957 3961/3961/3961 3951/3951/3951
f 3961/3961/3961 3959/3959/3959 3951/3951/3951
f 3960/3960/3960 3955/3955/3955 3962/3962/3962
f 3886/3886/3886 3960/3960/3960 3962/3962/3962
f 3961/3961/3961 3957/3957/3957 3963/3963/3963
f 3959/3959/3959 3961/3961/3961 3963/3963/3963
f 3964/3964/3964 3957/3957/3957 2580/2580/2580
f 3965/3965/3965 3964/3964/3964 2580/2580/2580
f 3957/3957/3957 3964/3964/3964 3966/3966/3966
f 3964/3964/3964 3965/3965/3965 3966/3966/3966
f 3957/3957/3957 3967/3967/3967 3963/3963/3963
f 3967/3967/3967 3957/3957/3957 3966/3966/3966
f 3967/3967/3967 3968/3968/3968 3963/3963/3963
f 3968/3968/3968 3967/3967/3967 3966/3966/3966
f 3969/3969/3969 3959/3959/3959 3963/3963/3963
f 3968/3968/3968 3969/3969/3969 3963/3963/3963
f 3959/3959/3959 3969/3969/3969 3970/3970/3970
f 3969/3969/3969 3968/3968/3968 3970/3970/3970
f 3971/3971/3971 3965/3965/3965 2580/2580/2580
f 3972/3972/3972 3971/3971/3971 2580/2580/2580
f 3965/3965/3965 3971/3971/3971 3973/3973/3973
f 3971/3971/3971 3972/3972/3972 3973/3973/3973
f 3974/3974/3974 3972/3972/3972 2580/2580/2580
f 3975/3975/3975 3974/3974/3974 2580/2580/2580
f 3972/3972/3972 3974/3974/3974 3976/3976/3976
f 3974/3974/3974 3975/3975/3975 3976/3976/3976
f 3977/3977/3977 3959/3959/3959 3970/3970/3970
f 3978/3978/3978 3977/3977/3977 3970/3970/3970
f 3959/3959/3959 3977/3977/3977 3953/3953/3953
f 3977/3977/3977 3978/3978/3978 3953/3953/3953
f 3978/3978/3978 3979/3979/3979 3953/3953/3953
f 3979/3979/3979 3978/3978/3978 3980/3980/3980
f 3979/3979/3979 3945/3945/3945 3953/3953/3953
f 3945/3945/3945 3979/3979/3979 3980/3980/3980
f 3981/3981/3981 3945/3945/3945 3980/3980/3980
f 3982/3982/3982 3981/3981/3981 3980/3980/3980
f 3945/3945/3945 3981/3981/3981 3937/3937/3937
f 3981/3981/3981 3982/3982/3982 3937/3937/3937
f 3982/3982/3982 3983/3983/3983 3937/3937/3937
f 3983/3983/3983 3982/3982/3982 3984/3984/3984
f 3983/3983/3983 3929/3929/3929 3937/3937/3937
f 3929/3929/3929 3983/3983/3983 3984/3984/3984
f 3985/3985/3985 3929/3929/3929 3984/3984/3984
f 3929/3929/3929 3985/3985/3985 3918/3918/3918
f 3985/3985/3985 3925/3925/3925 3918/3918/3918
f 3925/3925/3925 3985/3985/3985 3984/3984/3984
f 3986/3986/3986 3925/3925/3925 3984/3984/3984
f 3987/3987/3987 3986/3986/3986 3984/3984/3984
f 3925/3925/3925 3986/3986/3986 3931/3931/3931
f 3986/3986/3986 3987/3987/3987 3931/3931/3931
f 3982/3982/3982 3988/3988/3988 3984/3984/3984
f 3988/3988/3988 3987/3987/3987 3984/3984/3984
f 3988/3988/3988 3982/3982/3982 3989/3989/3989
f 3987/3987/3987 3988/3988/3988 3989/3989/3989
f 3990/3990/3990 3982/3982/3982 3980/3980/3980
f 3982/3982/3982 3990/3990/3990 3989/3989/3989
f 3991/3991/3991 3990/3990/3990 3980/3980/3980
f 3990/3990/3990 3991/3991/3991 3989/3989/3989
f 3987/3987/3987 3992/3992/3992 3931/3931/3931
f 3992/3992/3992 3987/3987/3987 3993/3993/3993
f 3992/3992/3992 3939/3939/3939 3931/3931/3931
f 3939/3939/3939 3992/3992/3992 3993/3993/3993
f 3994/3994/3994 3991/3991/3991 3980/3980/3980
f 3991/3991/3991 3994/3994/3994 3995/3995/3995
f 3978/3978/3978 3994/3994/3994 3980/3980/3980
f 3994/3994/3994 3978/3978/3978 3995/3995/3995
f 3996/3996/3996 3987/3987/3987 3989/3989/3989
f 3987/3987/3987 3996/3996/3996 3993/3993/3993
f 3997/3997/3997 3996/3996/3996 3989/3989/3989
f 3996/3996/3996 3997/3997/3997 3993/3993/3993
f 3998/3998/3998 3939/3939/3939 3993/3993/3993
f 3999/3999/3999 3998/3998/3998 3993/3993/3993
f 3939/3939/3939 3998/3998/3998 3947/3947/3947
f 3998/3998/3998 3999/3999/3999 3947/3947/3947
f 3991/3991/3991 4000/4000/4000 3989/3989/3989
f 4000/4000/4000 3997/3997/3997 3989/3989/3989
f 4000/4000/4000 3991/3991/3991 4001/4001/4001
f 3997/3997/3997 4000/4000/4000 4001/4001/4001
f 3978/3978/3978 4002/4002/4002 3995/3995/3995
f 4002/4002/4002 4003/4003/4003 3995/3995/3995
f 4002/4002/4002 3978/3978/3978 3970/3970/3970
f 4003/4003/4003 4002/4002/4002 3970/3970/3970
f 4004/4004/4004 3999/3999/3999 3993/3993/3993
f 3997/3997/3997 4004/4004/4004 3993/3993/3993
f 4004/4004/4004 3997/3997/3997 4005/4005/4005
f 3999/3999/3999 4004/4004/4004 4005/4005/4005
f 3999/3999/3999 4006/4006/4006 3947/3947/3947
f 4006/4006/4006 3999/3999/3999 4007/4007/4007
f 4006/4006/4006 3955/3955/3955 3947/3947/3947
f 3955/3955/3955 4006/4006/4006 4007/4007/4007
f 4008/4008/4008 3997/3997/3997 4001/4001/4001
f 3997/3997/3997 4008/4008/4008 4005/4005/4005
f 4009/4009/4009 4008/4008/4008 4001/4001/4001
f 4008/4008/4008 4009/4009/4009 4005/4005/4005
f 4010/4010/4010 4003/4003/4003 3970/3970/3970
f 4003/4003/4003 4010/4010/4010 4011/4011/4011
f 3968/3968/3968 4010/4010/4010 3970/3970/3970
f 4010/4010/4010 3968/3968/3968 4011/4011/4011
f 4012/4012/4012 3999/3999/3999 4005/4005/4005
f 3999/3999/3999 4012/4012/4012 4007/4007/4007
f 4013/4013/4013 4012/4012/4012 4005/4005/4005
f 4012/4012/4012 4013/4013/4013 4007/4007/4007
f 4014/4014/4014 3955/3955/3955 4007/4007/4007
f 4015/4015/4015 4014/4014/4014 4007/4007/4007
f 3955/3955/3955 4014/4014/4014 3962/3962/3962
f 4014/4014/4014 4015/4015/4015 3962/3962/3962
f 4009/4009/4009 4016/4016/4016 4005/4005/4005
f 4016/4016/4016 4013/4013/4013 4005/4005/4005
f 4016/4016/4016 4009/4009/4009 4017/4017/4017
f 4013/4013/4013 4016/4016/4016 4017/4017/4017
f 3968/3968/3968 4018/4018/4018 4011/4011/4011
f 4018/4018/4018 4019/4019/4019 4011/4011/4011
f 4018/4018/4018 3968/3968/3968 3966/3966/3966
f 4019/4019/4019 4018/4018/4018 3966/3966/3966
f 4020/4020/4020 4015/4015/4015 4007/4007/4007
f 4013/4013/4013 4020/4020/4020 4007/4007/4007
f 4020/4020/4020 4013/4013/4013 4021/4021/4021
f 4015/4015/4015 4020/4020/4020 4021/4021/4021
f 4015/4015/4015 4022/4022/4022 3962/3962/3962
f 4022/4022/4022 4015/4015/4015 4023/4023/4023
f 4022/4022/4022 3886/3886/3886 3962/3962/3962
f 3886/3886/3886 4022/4022/4022 4023/4023/4023
f 4024/4024/4024 4013/4013/4013 4017/4017/4017
f 4013/4013/4013 4024/4024/4024 4021/4021/4021
f 4025/4025/4025 4024/4024/4024 4017/4017/4017
f 4024/4024/4024 4025/4025/4025 4021/4021/4021
f 4026/4026/4026 4019/4019/4019 3966/3966/3966
f 3965/3965/3965 4026/4026/4026 3966/3966/3966
f 4026/4026/4026 3965/3965/3965 4027/4027/4027
f 4019/4019/4019 4026/4026/4026 4027/4027/4027
f 4028/4028/4028 4015/4015/4015 4021/4021/4021
f 4015/4015/4015 4028/4028/4028 4023/4023/4023
f 4029/4029/4029 4028/4028/4028 4021/4021/4021
f 4028/4028/4028 4029/4029/4029 4023/4023/4023
f 4030/4030/4030 3886/3886/3886 4023/4023/4023
f 4031/4031/4031 4030/4030/4030 4023/4023/4023
f 3886/3886/3886 4030/4030/4030 2815/2815/2815
f 4030/4030/4030 4031/4031/4031 2815/2815/2815
f 4025/4025/4025 4032/4032/4032 4021/4021/4021
f 4032/4032/4032 4029/4029/4029 4021/4021/4021
f 4032/4032/4032 4025/4025/4025 4033/4033/4033
f 4029/4029/4029 4032/4032/4032 4033/4033/4033
f 3965/3965/3965 4034/4034/4034 4027/4027/4027
f 4034/4034/4034 4035/4035/4035 4027/4027/4027
f 4034/4034/4034 3965/3965/3965 3973/3973/3973
f 4035/4035/4035 4034/4034/4034 3973/3973/3973
f 4029/4029/4029 4036/4036/4036 4023/4023/4023
f 4036/4036/4036 4031/4031/4031 4023/4023/4023
f 4036/4036/4036 4029/4029/4029 4037/4037/4037
f 4031/4031/4031 4036/4036/4036 4037/4037/4037
f 4038/4038/4038 4029/4029/4029 4033/4033/4033
f 4029/4029/4029 4038/4038/4038 4037/4037/4037
f 4038/4038/4038 4039/4039/4039 4037/4037/4037
f 4039/4039/4039 4038/4038/4038 4033/4033/4033
f 4035/4035/4035 4040/4040/4040 4027/4027/4027
f 4040/4040/4040 4035/4035/4035 4041/4041/4041
f 4040/4040/4040 4019/4019/4019 4027/4027/4027
f 4019/4019/4019 4040/4040/4040 4041/4041/4041
f 4042/4042/4042 4031/4031/4031 4037/4037/4037
f 4039/4039/4039 4042/4042/4042 4037/4037/4037
f 4031/4031/4031 4042/4042/4042 4043/4043/4043
f 4042/4042/4042 4039/4039/4039 4043/4043/4043
f 4044/4044/4044 4019/4019/4019 4041/4041/4041
f 4045/4045/4045 4044/4044/4044 4041/4041/4041
f 4019/4019/4019 4044/4044/4044 4011/4011/4011
f 4044/4044/4044 4045/4045/4045 4011/4011/4011
f 4046/4046/4046 4031/4031/4031 4043/4043/4043
f 4047/4047/4047 4046/4046/4046 4043/4043/4043
f 4031/4031/4031 4046/4046/4046 2815/2815/2815
f 4046/4046/4046 4047/4047/4047 2815/2815/2815
f 4045/4045/4045 4048/4048/4048 4011/4011/4011
f 4048/4048/4048 4045/4045/4045 4049/4049/4049
f 4048/4048/4048 4003/4003/4003 4011/4011/4011
f 4003/4003/4003 4048/4048/4048 4049/4049/4049
f 4050/4050/4050 4003/4003/4003 4049/4049/4049
f 4051/4051/4051 4050/4050/4050 4049/4049/4049
f 4003/4003/4003 4050/4050/4050 3995/3995/3995
f 4050/4050/4050 4051/4051/4051 3995/3995/3995
f 4051/4051/4051 4052/4052/4052 3995/3995/3995
f 4052/4052/4052 3991/3991/3991 3995/3995/3995
f 3991/3991/3991 4052/4052/4052 4001/4001/4001
f 4052/4052/4052 4051/4051/4051 4001/4001/4001
f 4051/4051/4051 4053/4053/4053 4001/4001/4001
f 4053/4053/4053 4051/4051/4051 4054/4054/4054
f 4053/4053/4053 4009/4009/4009 4001/4001/4001
f 4009/4009/4009 4053/4053/4053 4054/4054/4054
f 4055/4055/4055 4051/4051/4051 4049/4049/4049
f 4051/4051/4051 4055/4055/4055 4054/4054/4054
f 4056/4056/4056 4055/4055/4055 4049/4049/4049
f 4055/4055/4055 4056/4056/4056 4054/4054/4054
f 4045/4045/4045 4057/4057/4057 4049/4049/4049
f 4057/4057/4057 4056/4056/4056 4049/4049/4049
f 4057/4057/4057 4045/4045/4045 4058/4058/4058
f 4056/4056/4056 4057/4057/4057 4058/4058/4058
f 4059/4059/4059 4009/4009/4009 4054/4054/4054
f 4060/4060/4060 4059/4059/4059 4054/4054/4054
f 4009/4009/4009 4059/4059/4059 4017/4017/4017
f 4059/4059/4059 4060/4060/4060 4017/4017/4017
f 4045/4045/4045 4061/4061/4061 4058/4058/4058
f 4061/4061/4061 4062/4062/4062 4058/4058/4058
f 4061/4061/4061 4045/4045/4045 4041/4041/4041
f 4062/4062/4062 4061/4061/4061 4041/4041/4041
f 4056/4056/4056 4063/4063/4063 4054/4054/4054
f 4063/4063/4063 4060/4060/4060 4054/4054/4054
f 4063/4063/4063 4056/4056/4056 4064/4064/4064
f 4060/4060/4060 4063/4063/4063 4064/4064/4064
f 4060/4060/4060 4065/4065/4065 4017/4017/4017
f 4065/4065/4065 4060/4060/4060 4066/4066/4066
f 4065/4065/4065 4025/4025/4025 4017/4017/4017
f 4025/4025/4025 4065/4065/4065 4066/4066/4066
f 4067/4067/4067 4056/4056/4056 4058/4058/4058
f 4056/4056/4056 4067/4067/4067 4064/4064/4064
f 4068/4068/4068 4067/4067/4067 4058/4058/4058
f 4067/4067/4067 4068/4068/4068 4064/4064/4064
f 4069/4069/4069 4062/4062/4062 4041/4041/4041
f 4062/4062/4062 4069/4069/4069 4070/4070/4070
f 4035/4035/4035 4069/4069/4069 4041/4041/4041
f 4069/4069/4069 4035/4035/4035 4070/4070/4070
f 4060/4060/4060 4071/4071/4071 4066/4066/4066
f 4071/4071/4071 4060/4060/4060 4064/4064/4064
f 4072/4072/4072 4071/4071/4071 4064/4064/4064
f 4071/4071/4071 4072/4072/4072 4066/4066/4066
f 4073/4073/4073 4025/4025/4025 4066/4066/4066
f 4074/4074/4074 4073/4073/4073 4066/4066/4066
f 4025/4025/4025 4073/4073/4073 4033/4033/4033
f 4073/4073/4073 4074/4074/4074 4033/4033/4033
f 4068/4068/4068 4075/4075/4075 4064/4064/4064
f 4075/4075/4075 4072/4072/4072 4064/4064/4064
f 4075/4075/4075 4068/4068/4068 4076/4076/4076
f 4072/4072/4072 4075/4075/4075 4076/4076/4076
f 4035/4035/4035 4077/4077/4077 4070/4070/4070
f 4077/4077/4077 4078/4078/4078 4070/4070/4070
f 4077/4077/4077 4035/4035/4035 3973/3973/3973
f 4078/4078/4078 4077/4077/4077 3973/3973/3973
f 4079/4079/4079 4074/4074/4074 4066/4066/4066
f 4072/4072/4072 4079/4079/4079 4066/4066/4066
f 4079/4079/4079 4072/4072/4072 4080/4080/4080
f 4074/4074/4074 4079/4079/4079 4080/4080/4080
f 4074/4074/4074 4081/4081/4081 4033/4033/4033
f 4081/4081/4081 4074/4074/4074 4082/4082/4082
f 4081/4081/4081 4039/4039/4039 4033/4033/4033
f 4039/4039/4039 4081/4081/4081 4082/4082/4082
f 4083/4083/4083 4072/4072/4072 4076/4076/4076
f 4072/4072/4072 4083/4083/4083 4080/4080/4080
f 4084/4084/4084 4083/4083/4083 4076/4076/4076
f 4083/4083/4083 4084/4084/4084 4080/4080/4080
f 4085/4085/4085 4078/4078/4078 3973/3973/3973
f 3972/3972/3972 4085/4085/4085 3973/3973/3973
f 4085/4085/4085 3972/3972/3972 4086/4086/4086
f 4078/4078/4078 4085/4085/4085 4086/4086/4086
f 4087/4087/4087 4074/4074/4074 4080/4080/4080
f 4074/4074/4074 4087/4087/4087 4082/4082/4082
f 4088/4088/4088 4087/4087/4087 4080/4080/4080
f 4087/4087/4087 4088/4088/4088 4082/4082/4082
f 4089/4089/4089 4039/4039/4039 4082/4082/4082
f 4090/4090/4090 4089/4089/4089 4082/4082/4082
f 4039/4039/4039 4089/4089/4089 4043/4043/4043
f 4089/4089/4089 4090/4090/4090 4043/4043/4043
f 4084/4084/4084 4091/4091/4091 4080/4080/4080
f 4091/4091/4091 4088/4088/4088 4080/4080/4080
f 4091/4091/4091 4084/4084/4084 4092/4092/4092
f 4088/4088/4088 4091/4091/4091 4092/4092/4092
f 3972/3972/3972 4093/4093/4093 4086/4086/4086
f 4093/4093/4093 4094/4094/4094 4086/4086/4086
f 4093/4093/4093 3972/3972/3972 3976/3976/3976
f 4094/4094/4094 4093/4093/4093 3976/3976/3976
f 4088/4088/4088 4095/4095/4095 4082/4082/4082
f 4095/4095/4095 4090/4090/4090 4082/4082/4082
f 4095/4095/4095 4088/4088/4088 4096/4096/4096
f 4090/4090/4090 4095/4095/4095 4096/4096/4096
f 4090/4090/4090 4097/4097/4097 4043/4043/4043
f 4097/4097/4097 4047/4047/4047 4043/4043/4043
f 4097/4097/4097 4090/4090/4090 4098/4098/4098
f 4047/4047/4047 4097/4097/4097 4098/4098/4098
f 4099/4099/4099 4088/4088/4088 4092/4092/4092
f 4088/4088/4088 4099/4099/4099 4096/4096/4096
f 4100/4100/4100 4099/4099/4099 4092/4092/4092
f 4099/4099/4099 4100/4100/4100 4096/4096/4096
f 4090/4090/4090 4101/4101/4101 4098/4098/4098
f 4101/4101/4101 4090/4090/4090 4096/4096/4096
f 4101/4101/4101 4102/4102/4102 4098/4098/4098
f 4102/4102/4102 4101/4101/4101 4096/4096/4096
f 4103/4103/4103 4047/4047/4047 4098/4098/4098
f 4102/4102/4102 4103/4103/4103 4098/4098/4098
f 4047/4047/4047 4103/4103/4103 4104/4104/4104
f 4103/4103/4103 4102/4102/4102 4104/4104/4104
f 4100/4100/4100 4105/4105/4105 4096/4096/4096
f 4105/4105/4105 4102/4102/4102 4096/4096/4096
f 4102/4102/4102 4105/4105/4105 4106/4106/4106
f 4105/4105/4105 4100/4100/4100 4106/4106/4106
f 4107/4107/4107 4047/4047/4047 4104/4104/4104
f 4108/4108/4108 4107/4107/4107 4104/4104/4104
f 4047/4047/4047 4107/4107/4107 2815/2815/2815
f 4107/4107/4107 4108/4108/4108 2815/2815/2815
f 4108/4108/4108 4109/4109/4109 2815/2815/2815
f 4109/4109/4109 4110/4110/4110 2815/2815/2815
f 4109/4109/4109 4108/4108/4108 4111/4111/4111
f 4110/4110/4110 4109/4109/4109 4111/4111/4111
f 4112/4112/4112 4102/4102/4102 4106/4106/4106
f 4102/4102/4102 4112/4112/4112 4104/4104/4104
f 4112/4112/4112 4113/4113/4113 4104/4104/4104
f 4113/4113/4113 4112/4112/4112 4106/4106/4106
f 4114/4114/4114 4108/4108/4108 4104/4104/4104
f 4113/4113/4113 4114/4114/4114 4104/4104/4104
f 4108/4108/4108 4114/4114/4114 4115/4115/4115
f 4114/4114/4114 4113/4113/4113 4115/4115/4115
f 4108/4108/4108 4116/4116/4116 4111/4111/4111
f 4116/4116/4116 4108/4108/4108 4115/4115/4115
f 4117/4117/4117 4116/4116/4116 4115/4115/4115
f 4116/4116/4116 4117/4117/4117 4111/4111/4111
f 4113/4113/4113 4118/4118/4118 4115/4115/4115
f 4118/4118/4118 4117/4117/4117 4115/4115/4115
f 4118/4118/4118 4113/4113/4113 4119/4119/4119
f 4117/4117/4117 4118/4118/4118 4119/4119/4119
f 4120/4120/4120 4113/4113/4113 4106/4106/4106
f 4113/4113/4113 4120/4120/4120 4119/4119/4119
f 4121/4121/4121 4120/4120/4120 4106/4106/4106
f 4120/4120/4120 4121/4121/4121 4119/4119/4119
f 4122/4122/4122 4121/4121/4121 4106/4106/4106
f 4121/4121/4121 4122/4122/4122 4123/4123/4123
f 4100/4100/4100 4122/4122/4122 4106/4106/4106
f 4122/4122/4122 4100/4100/4100 4123/4123/4123
f 4100/4100/4100 4124/4124/4124 4123/4123/4123
f 4124/4124/4124 4125/4125/4125 4123/4123/4123
f 4124/4124/4124 4100/4100/4100 4092/4092/4092
f 4125/4125/4125 4124/4124/4124 4092/4092/4092
f 4126/4126/4126 4125/4125/4125 4092/4092/4092
f 4125/4125/4125 4126/4126/4126 4127/4127/4127
f 4084/4084/4084 4126/4126/4126 4092/4092/4092
f 4126/4126/4126 4084/4084/4084 4127/4127/4127
f 4084/4084/4084 4128/4128/4128 4127/4127/4127
f 4128/4128/4128 4129/4129/4129 4127/4127/4127
f 4128/4128/4128 4084/4084/4084 4076/4076/4076
f 4129/4129/4129 4128/4128/4128 4076/4076/4076
f 4130/4130/4130 4129/4129/4129 4076/4076/4076
f 4129/4129/4129 4130/4130/4130 4131/4131/4131
f 4068/4068/4068 4130/4130/4130 4076/4076/4076
f 4130/4130/4130 4068/4068/4068 4131/4131/4131
f 4068/4068/4068 4132/4132/4132 4131/4131/4131
f 4132/4132/4132 4068/4068/4068 4058/4058/4058
f 4062/4062/4062 4132/4132/4132 4058/4058/4058
f 4132/4132/4132 4062/4062/4062 4131/4131/4131
f 4062/4062/4062 4133/4133/4133 4131/4131/4131
f 4133/4133/4133 4134/4134/4134 4131/4131/4131
f 4133/4133/4133 4062/4062/4062 4070/4070/4070
f 4134/4134/4134 4133/4133/4133 4070/4070/4070
f 4135/4135/4135 4129/4129/4129 4131/4131/4131
f 4134/4134/4134 4135/4135/4135 4131/4131/4131
f 4129/4129/4129 4135/4135/4135 4136/4136/4136
f 4135/4135/4135 4134/4134/4134 4136/4136/4136
f 4129/4129/4129 4137/4137/4137 4127/4127/4127
f 4137/4137/4137 4129/4129/4129 4136/4136/4136
f 4137/4137/4137 4138/4138/4138 4127/4127/4127
f 4138/4138/4138 4137/4137/4137 4136/4136/4136
f 4139/4139/4139 4134/4134/4134 4070/4070/4070
f 4134/4134/4134 4139/4139/4139 4140/4140/4140
f 4078/4078/4078 4139/4139/4139 4070/4070/4070
f 4139/4139/4139 4078/4078/4078 4140/4140/4140
f 4138/4138/4138 4141/4141/4141 4127/4127/4127
f 4141/4141/4141 4138/4138/4138 4142/4142/4142
f 4141/4141/4141 4125/4125/4125 4127/4127/4127
f 4125/4125/4125 4141/4141/4141 4142/4142/4142
f 4134/4134/4134 4143/4143/4143 4136/4136/4136
f 4143/4143/4143 4134/4134/4134 4140/4140/4140
f 4143/4143/4143 4144/4144/4144 4136/4136/4136
f 4144/4144/4144 4143/4143/4143 4140/4140/4140
f 4078/4078/4078 4145/4145/4145 4140/4140/4140
f 4145/4145/4145 4078/4078/4078 4086/4086/4086
f 4094/4094/4094 4145/4145/4145 4086/4086/4086
f 4145/4145/4145 4094/4094/4094 4140/4140/4140
f 4146/4146/4146 4138/4138/4138 4136/4136/4136
f 4144/4144/4144 4146/4146/4146 4136/4136/4136
f 4138/4138/4138 4146/4146/4146 4147/4147/4147
f 4146/4146/4146 4144/4144/4144 4147/4147/4147
f 4148/4148/4148 4125/4125/4125 4142/4142/4142
f 4149/4149/4149 4148/4148/4148 4142/4142/4142
f 4125/4125/4125 4148/4148/4148 4123/4123/4123
f 4148/4148/4148 4149/4149/4149 4123/4123/4123
f 4150/4150/4150 4144/4144/4144 4140/4140/4140
f 4094/4094/4094 4150/4150/4150 4140/4140/4140
f 4144/4144/4144 4150/4150/4150 4151/4151/4151
f 4150/4150/4150 4094/4094/4094 4151/4151/4151
f 4152/4152/4152 4138/4138/4138 4147/4147/4147
f 4138/4138/4138 4152/4152/4152 4142/4142/4142
f 4152/4152/4152 4153/4153/4153 4142/4142/4142
f 4153/4153/4153 4152/4152/4152 4147/4147/4147
f 4149/4149/4149 4154/4154/4154 4123/4123/4123
f 4154/4154/4154 4149/4149/4149 4155/4155/4155
f 4154/4154/4154 4121/4121/4121 4123/4123/4123
f 4121/4121/4121 4154/4154/4154 4155/4155/4155
f 4156/4156/4156 4144/4144/4144 4151/4151/4151
f 4144/4144/4144 4156/4156/4156 4147/4147/4147
f 4156/4156/4156 4157/4157/4157 4147/4147/4147
f 4157/4157/4157 4156/4156/4156 4151/4151/4151
f 4094/4094/4094 4158/4158/4158 4151/4151/4151
f 4158/4158/4158 4159/4159/4159 4151/4151/4151
f 4158/4158/4158 4094/4094/4094 3976/3976/3976
f 4159/4159/4159 4158/4158/4158 3976/3976/3976
f 4160/4160/4160 4153/4153/4153 4147/4147/4147
f 4157/4157/4157 4160/4160/4160 4147/4147/4147
f 4153/4153/4153 4160/4160/4160 4161/4161/4161
f 4160/4160/4160 4157/4157/4157 4161/4161/4161
f 4162/4162/4162 4121/4121/4121 4155/4155/4155
f 4163/4163/4163 4162/4162/4162 4155/4155/4155
f 4121/4121/4121 4162/4162/4162 4119/4119/4119
f 4162/4162/4162 4163/4163/4163 4119/4119/4119
f 4159/4159/4159 4164/4164/4164 4151/4151/4151
f 4164/4164/4164 4157/4157/4157 4151/4151/4151
f 4157/4157/4157 4164/4164/4164 4165/4165/4165
f 4164/4164/4164 4159/4159/4159 4165/4165/4165
f 4166/4166/4166 4159/4159/4159 3976/3976/3976
f 3975/3975/3975 4166/4166/4166 3976/3976/3976
f 4159/4159/4159 4166/4166/4166 4167/4167/4167
f 4166/4166/4166 3975/3975/3975 4167/4167/4167
f 4157/4157/4157 4168/4168/4168 4161/4161/4161
f 4168/4168/4168 4157/4157/4157 4165/4165/4165
f 4168/4168/4168 4169/4169/4169 4161/4161/4161
f 4169/4169/4169 4168/4168/4168 4165/4165/4165
f 4163/4163/4163 4170/4170/4170 4119/4119/4119
f 4170/4170/4170 4163/4163/4163 4171/4171/4171
f 4170/4170/4170 4117/4117/4117 4119/4119/4119
f 4117/4117/4117 4170/4170/4170 4171/4171/4171
f 4172/4172/4172 4159/4159/4159 4167/4167/4167
f 4159/4159/4159 4172/4172/4172 4165/4165/4165
f 4173/4173/4173 4172/4172/4172 4167/4167/4167
f 4172/4172/4172 4173/4173/4173 4165/4165/4165
f 3975/3975/3975 4174/4174/4174 4167/4167/4167
f 4174/4174/4174 4173/4173/4173 4167/4167/4167
f 4174/4174/4174 3975/3975/3975 4175/4175/4175
f 4173/4173/4173 4174/4174/4174 4175/4175/4175
f 4176/4176/4176 4169/4169/4169 4165/4165/4165
f 4173/4173/4173 4176/4176/4176 4165/4165/4165
f 4176/4176/4176 4173/4173/4173 4177/4177/4177
f 4169/4169/4169 4176/4176/4176 4177/4177/4177
f 4178/4178/4178 4117/4117/4117 4171/4171/4171
f 4179/4179/4179 4178/4178/4178 4171/4171/4171
f 4117/4117/4117 4178/4178/4178 4111/4111/4111
f 4178/4178/4178 4179/4179/4179 4111/4111/4111
f 3975/3975/3975 4180/4180/4180 4175/4175/4175
f 4180/4180/4180 3975/3975/3975 2580/2580/2580
f 4181/4181/4181 4173/4173/4173 4175/4175/4175
f 4173/4173/4173 4181/4181/4181 4177/4177/4177
f 4182/4182/4182 4181/4181/4181 4175/4175/4175
f 4181/4181/4181 4182/4182/4182 4177/4177/4177
f 4180/4180/4180 4183/4183/4183 4175/4175/4175
f 4183/4183/4183 4180/4180/4180 2580/2580/2580
f 4179/4179/4179 4184/4184/4184 4111/4111/4111
f 4184/4184/4184 4110/4110/4110 4111/4111/4111
f 4185/4185/4185 4182/4182/4182 4175/4175/4175
f 4183/4183/4183 4185/4185/4185 4175/4175/4175
f 4185/4185/4185 4183/4183/4183 4186/4186/4186
f 4182/4182/4182 4185/4185/4185 4186/4186/4186
f 4183/4183/4183 4187/4187/4187 4186/4186/4186
f 4188/4188/4188 4183/4183/4183 2580/2580/2580
f 4189/4189/4189 4188/4188/4188 2580/2580/2580
f 4187/4187/4187 4190/4190/4190 4186/4186/4186
f 4188/4188/4188 4189/4189/4189 4191/4191/4191
f 4184/4184/4184 4179/4179/4179 4192/4192/4192
f 4110/4110/4110 4184/4184/4184 4192/4192/4192
f 4193/4193/4193 4182/4182/4182 4186/4186/4186
f 4190/4190/4190 4193/4193/4193 4186/4186/4186
f 4182/4182/4182 4193/4193/4193 4194/4194/4194
f 4193/4193/4193 4190/4190/4190 4194/4194/4194
f 4195/4195/4195 4189/4189/4189 2580/2580/2580
f 4189/4189/4189 4195/4195/4195 4196/4196/4196
f 2578/2578/2578 4195/4195/4195 2580/2580/2580
f 4195/4195/4195 2578/2578/2578 4196/4196/4196
f 4197/4197/4197 4182/4182/4182 4194/4194/4194
f 4198/4198/4198 4197/4197/4197 4194/4194/4194
f 4182/4182/4182 4197/4197/4197 4177/4177/4177
f 4197/4197/4197 4198/4198/4198 4177/4177/4177
f 2578/2578/2578 4199/4199/4199 4196/4196/4196
f 4199/4199/4199 4200/4200/4200 4196/4196/4196
f 4199/4199/4199 2578/2578/2578 2581/2581/2581
f 4200/4200/4200 4199/4199/4199 2581/2581/2581
f 4198/4198/4198 4201/4201/4201 4177/4177/4177
f 4201/4201/4201 4198/4198/4198 4202/4202/4202
f 4201/4201/4201 4169/4169/4169 4177/4177/4177
f 4169/4169/4169 4201/4201/4201 4202/4202/4202
f 4203/4203/4203 4200/4200/4200 2581/2581/2581
f 4200/4200/4200 4203/4203/4203 4204/4204/4204
f 2570/2570/2570 4203/4203/4203 2581/2581/2581
f 4203/4203/4203 2570/2570/2570 4204/4204/4204
f 4205/4205/4205 4169/4169/4169 4202/4202/4202
f 4206/4206/4206 4205/4205/4205 4202/4202/4202
f 4169/4169/4169 4205/4205/4205 4161/4161/4161
f 4205/4205/4205 4206/4206/4206 4161/4161/4161
f 2570/2570/2570 4207/4207/4207 4204/4204/4204
f 4207/4207/4207 4208/4208/4208 4204/4204/4204
f 4207/4207/4207 2570/2570/2570 2567/2567/2567
f 4208/4208/4208 4207/4207/4207 2567/2567/2567
f 4206/4206/4206 4209/4209/4209 4161/4161/4161
f 4209/4209/4209 4206/4206/4206 4210/4210/4210
f 4209/4209/4209 4153/4153/4153 4161/4161/4161
f 4153/4153/4153 4209/4209/4209 4210/4210/4210
f 4211/4211/4211 4208/4208/4208 2567/2567/2567
f 4208/4208/4208 4211/4211/4211 4212/4212/4212
f 2568/2568/2568 4211/4211/4211 2567/2567/2567
f 4211/4211/4211 2568/2568/2568 4212/4212/4212
f 4213/4213/4213 4153/4153/4153 4210/4210/4210
f 4153/4153/4153 4213/4213/4213 4142/4142/4142
f 4213/4213/4213 4149/4149/4149 4142/4142/4142
f 4149/4149/4149 4213/4213/4213 4210/4210/4210
f 2568/2568/2568 4214/4214/4214 4212/4212/4212
f 4214/4214/4214 4215/4215/4215 4212/4212/4212
f 4214/4214/4214 2568/2568/2568 2574/2574/2574
f 4215/4215/4215 4214/4214/4214 2574/2574/2574
f 4216/4216/4216 4149/4149/4149 4210/4210/4210
f 4217/4217/4217 4216/4216/4216 4210/4210/4210
f 4149/4149/4149 4216/4216/4216 4155/4155/4155
f 4216/4216/4216 4217/4217/4217 4155/4155/4155
f 4218/4218/4218 4215/4215/4215 2574/2574/2574
f 4215/4215/4215 4218/4218/4218 4219/4219/4219
f 2587/2587/2587 4218/4218/4218 2574/2574/2574
f 4218/4218/4218 2587/2587/2587 4219/4219/4219
f 4220/4220/4220 4217/4217/4217 4210/4210/4210
f 4217/4217/4217 4220/4220/4220 4221/4221/4221
f 4206/4206/4206 4220/4220/4220 4210/4210/4210
f 4220/4220/4220 4206/4206/4206 4221/4221/4221
f 4217/4217/4217 4222/4222/4222 4155/4155/4155
f 4222/4222/4222 4217/4217/4217 4223/4223/4223
f 4222/4222/4222 4163/4163/4163 4155/4155/4155
f 4163/4163/4163 4222/4222/4222 4223/4223/4223
f 2587/2587/2587 4224/4224/4224 4219/4219/4219
f 4224/4224/4224 4225/4225/4225 4219/4219/4219
f 4224/4224/4224 2587/2587/2587 2599/2599/2599
f 4225/4225/4225 4224/4224/4224 2599/2599/2599
f 4226/4226/4226 4217/4217/4217 4221/4221/4221
f 4217/4217/4217 4226/4226/4226 4223/4223/4223
f 4227/4227/4227 4226/4226/4226 4221/4221/4221
f 4226/4226/4226 4227/4227/4227 4223/4223/4223
f 4206/4206/4206 4228/4228/4228 4221/4221/4221
f 4228/4228/4228 4229/4229/4229 4221/4221/4221
f 4228/4228/4228 4206/4206/4206 4202/4202/4202
f 4229/4229/4229 4228/4228/4228 4202/4202/4202
f 4230/4230/4230 4163/4163/4163 4223/4223/4223
f 4231/4231/4231 4230/4230/4230 4223/4223/4223
f 4163/4163/4163 4230/4230/4230 4171/4171/4171
f 4230/4230/4230 4231/4231/4231 4171/4171/4171
f 4232/4232/4232 4225/4225/4225 2599/2599/2599
f 4225/4225/4225 4232/4232/4232 4233/4233/4233
f 2608/2608/2608 4232/4232/4232 2599/2599/2599
f 4232/4232/4232 2608/2608/2608 4233/4233/4233
f 4229/4229/4229 4234/4234/4234 4221/4221/4221
f 4234/4234/4234 4229/4229/4229 4235/4235/4235
f 4234/4234/4234 4227/4227/4227 4221/4221/4221
f 4227/4227/4227 4234/4234/4234 4235/4235/4235
f 4236/4236/4236 4231/4231/4231 4223/4223/4223
f 4227/4227/4227 4236/4236/4236 4223/4223/4223
f 4236/4236/4236 4227/4227/4227 4237/4237/4237
f 4231/4231/4231 4236/4236/4236 4237/4237/4237
f 4231/4231/4231 4238/4238/4238 4171/4171/4171
f 4238/4238/4238 4231/4231/4231 4239/4239/4239
f 4238/4238/4238 4179/4179/4179 4171/4171/4171
f 4179/4179/4179 4238/4238/4238 4239/4239/4239
f 2608/2608/2608 4240/4240/4240 4233/4233/4233
f 4240/4240/4240 4241/4241/4241 4233/4233/4233
f 4240/4240/4240 2608/2608/2608 2635/2635/2635
f 4241/4241/4241 4240/4240/4240 2635/2635/2635
f 4242/4242/4242 4227/4227/4227 4235/4235/4235
f 4227/4227/4227 4242/4242/4242 4237/4237/4237
f 4243/4243/4243 4242/4242/4242 4235/4235/4235
f 4242/4242/4242 4243/4243/4243 4237/4237/4237
f 4244/4244/4244 4231/4231/4231 4237/4237/4237
f 4231/4231/4231 4244/4244/4244 4239/4239/4239
f 4245/4245/4245 4244/4244/4244 4237/4237/4237
f 4244/4244/4244 4245/4245/4245 4239/4239/4239
f 4246/4246/4246 4179/4179/4179 4239/4239/4239
f 4247/4247/4247 4246/4246/4246 4239/4239/4239
f 4179/4179/4179 4246/4246/4246 4192/4192/4192
f 4246/4246/4246 4247/4247/4247 4192/4192/4192
f 4248/4248/4248 4241/4241/4241 2635/2635/2635
f 4241/4241/4241 4248/4248/4248 4249/4249/4249
f 2644/2644/2644 4248/4248/4248 2635/2635/2635
f 4248/4248/4248 2644/2644/2644 4249/4249/4249
f 4243/4243/4243 4250/4250/4250 4237/4237/4237
f 4250/4250/4250 4245/4245/4245 4237/4237/4237
f 4250/4250/4250 4243/4243/4243 4251/4251/4251
f 4245/4245/4245 4250/4250/4250 4251/4251/4251
f 4252/4252/4252 4247/4247/4247 4239/4239/4239
f 4245/4245/4245 4252/4252/4252 4239/4239/4239
f 4252/4252/4252 4245/4245/4245 4253/4253/4253
f 4247/4247/4247 4252/4252/4252 4253/4253/4253
f 4247/4247/4247 4254/4254/4254 4192/4192/4192
f 4254/4254/4254 4247/4247/4247 4255/4255/4255
f 4254/4254/4254 4110/4110/4110 4192/4192/4192
f 4110/4110/4110 4254/4254/4254 4255/4255/4255
f 2644/2644/2644 4256/4256/4256 4249/4249/4249
f 4256/4256/4256 2644/2644/2644 2731/2731/2731
f 4257/4257/4257 4256/4256/4256 2731/2731/2731
f 4256/4256/4256 4257/4257/4257 4249/4249/4249
f 4258/4258/4258 4257/4257/4257 2731/2731/2731
f 2736/2736/2736 4258/4258/4258 2731/2731/2731
f 4257/4257/4257 4259/4259/4259 4249/4249/4249
f 4259/4259/4259 4260/4260/4260 4249/4249/4249
f 4258/4258/4258 2736/2736/2736 4261/4261/4261
f 4260/4260/4260 4259/4259/4259 4262/4262/4262
f 2736/2736/2736 4263/4263/4263 4261/4261/4261
f 4263/4263/4263 2736/2736/2736 2738/2738/2738
f 4263/4263/4263 4264/4264/4264 4261/4261/4261
f 4264/4264/4264 4263/4263/4263 2738/2738/2738
f 4264/4264/4264 4265/4265/4265 4261/4261/4261
f 4266/4266/4266 4264/4264/4264 2738/2738/2738
f 4260/4260/4260 4267/4267/4267 4249/4249/4249
f 4267/4267/4267 4260/4260/4260 4268/4268/4268
f 4267/4267/4267 4241/4241/4241 4249/4249/4249
f 4241/4241/4241 4267/4267/4267 4268/4268/4268
f 4269/4269/4269 4241/4241/4241 4268/4268/4268
f 4270/4270/4270 4269/4269/4269 4268/4268/4268
f 4241/4241/4241 4269/4269/4269 4233/4233/4233
f 4269/4269/4269 4270/4270/4270 4233/4233/4233
f 4270/4270/4270 4271/4271/4271 4233/4233/4233
f 4271/4271/4271 4270/4270/4270 4272/4272/4272
f 4271/4271/4271 4225/4225/4225 4233/4233/4233
f 4225/4225/4225 4271/4271/4271 4272/4272/4272
f 4273/4273/4273 4225/4225/4225 4272/4272/4272
f 4274/4274/4274 4273/4273/4273 4272/4272/4272
f 4225/4225/4225 4273/4273/4273 4219/4219/4219
f 4273/4273/4273 4274/4274/4274 4219/4219/4219
f 4274/4274/4274 4275/4275/4275 4219/4219/4219
f 4275/4275/4275 4274/4274/4274 4276/4276/4276
f 4275/4275/4275 4215/4215/4215 4219/4219/4219
f 4215/4215/4215 4275/4275/4275 4276/4276/4276
f 4277/4277/4277 4215/4215/4215 4276/4276/4276
f 4278/4278/4278 4277/4277/4277 4276/4276/4276
f 4215/4215/4215 4277/4277/4277 4212/4212/4212
f 4277/4277/4277 4278/4278/4278 4212/4212/4212
f 4278/4278/4278 4279/4279/4279 4212/4212/4212
f 4279/4279/4279 4278/4278/4278 4280/4280/4280
f 4279/4279/4279 4208/4208/4208 4212/4212/4212
f 4208/4208/4208 4279/4279/4279 4280/4280/4280
f 4281/4281/4281 4208/4208/4208 4280/4280/4280
f 4282/4282/4282 4281/4281/4281 4280/4280/4280
f 4208/4208/4208 4281/4281/4281 4204/4204/4204
f 4281/4281/4281 4282/4282/4282 4204/4204/4204
f 4282/4282/4282 4283/4283/4283 4204/4204/4204
f 4283/4283/4283 4282/4282/4282 4284/4284/4284
f 4283/4283/4283 4200/4200/4200 4204/4204/4204
f 4200/4200/4200 4283/4283/4283 4284/4284/4284
f 4285/4285/4285 4200/4200/4200 4284/4284/4284
f 4286/4286/4286 4285/4285/4285 4284/4284/4284
f 4200/4200/4200 4285/4285/4285 4196/4196/4196
f 4285/4285/4285 4286/4286/4286 4196/4196/4196
f 4286/4286/4286 4287/4287/4287 4196/4196/4196
f 4287/4287/4287 4189/4189/4189 4196/4196/4196
f 4189/4189/4189 4287/4287/4287 4288/4288/4288
f 4287/4287/4287 4286/4286/4286 4288/4288/4288
f 4289/4289/4289 4189/4189/4189 4288/4288/4288
f 4290/4290/4290 4289/4289/4289 4288/4288/4288
f 4189/4189/4189 4289/4289/4289 4191/4191/4191
f 4289/4289/4289 4290/4290/4290 4191/4191/4191
f 4290/4290/4290 4291/4291/4291 4191/4191/4191
f 4291/4291/4291 4290/4290/4290 4292/4292/4292
f 4190/4190/4190 4291/4291/4291 4292/4292/4292
f 4286/4286/4286 4293/4293/4293 4288/4288/4288
f 4293/4293/4293 4290/4290/4290 4288/4288/4288
f 4293/4293/4293 4286/4286/4286 4294/4294/4294
f 4290/4290/4290 4293/4293/4293 4294/4294/4294
f 4295/4295/4295 4286/4286/4286 4284/4284/4284
f 4286/4286/4286 4295/4295/4295 4294/4294/4294
f 4296/4296/4296 4295/4295/4295 4284/4284/4284
f 4295/4295/4295 4296/4296/4296 4294/4294/4294
f 4297/4297/4297 4190/4190/4190 4292/4292/4292
f 4298/4298/4298 4297/4297/4297 4292/4292/4292
f 4190/4190/4190 4297/4297/4297 4194/4194/4194
f 4297/4297/4297 4298/4298/4298 4194/4194/4194
f 4299/4299/4299 4290/4290/4290 4294/4294/4294
f 4290/4290/4290 4299/4299/4299 4292/4292/4292
f 4300/4300/4300 4299/4299/4299 4294/4294/4294
f 4299/4299/4299 4300/4300/4300 4292/4292/4292
f 4301/4301/4301 4296/4296/4296 4284/4284/4284
f 4296/4296/4296 4301/4301/4301 4302/4302/4302
f 4282/4282/4282 4301/4301/4301 4284/4284/4284
f 4301/4301/4301 4282/4282/4282 4302/4302/4302
f 4298/4298/4298 4303/4303/4303 4194/4194/4194
f 4303/4303/4303 4298/4298/4298 4304/4304/4304
f 4303/4303/4303 4198/4198/4198 4194/4194/4194
f 4198/4198/4198 4303/4303/4303 4304/4304/4304
f 4305/4305/4305 4300/4300/4300 4294/4294/4294
f 4296/4296/4296 4305/4305/4305 4294/4294/4294
f 4305/4305/4305 4296/4296/4296 4306/4306/4306
f 4300/4300/4300 4305/4305/4305 4306/4306/4306
f 4307/4307/4307 4298/4298/4298 4292/4292/4292
f 4300/4300/4300 4307/4307/4307 4292/4292/4292
f 4298/4298/4298 4307/4307/4307 4308/4308/4308
f 4307/4307/4307 4300/4300/4300 4308/4308/4308
f 4309/4309/4309 4296/4296/4296 4302/4302/4302
f 4296/4296/4296 4309/4309/4309 4306/4306/4306
f 4310/4310/4310 4309/4309/4309 4302/4302/4302
f 4309/4309/4309 4310/4310/4310 4306/4306/4306
f 4311/4311/4311 4198/4198/4198 4304/4304/4304
f 4198/4198/4198 4311/4311/4311 4202/4202/4202
f 4311/4311/4311 4229/4229/4229 4202/4202/4202
f 4229/4229/4229 4311/4311/4311 4304/4304/4304
f 4298/4298/4298 4312/4312/4312 4304/4304/4304
f 4312/4312/4312 4298/4298/4298 4308/4308/4308
f 4312/4312/4312 4313/4313/4313 4304/4304/4304
f 4313/4313/4313 4312/4312/4312 4308/4308/4308
f 4314/4314/4314 4229/4229/4229 4304/4304/4304
f 4313/4313/4313 4314/4314/4314 4304/4304/4304
f 4229/4229/4229 4314/4314/4314 4235/4235/4235
f 4314/4314/4314 4313/4313/4313 4235/4235/4235
f 4313/4313/4313 4315/4315/4315 4235/4235/4235
f 4315/4315/4315 4313/4313/4313 4316/4316/4316
f 4315/4315/4315 4243/4243/4243 4235/4235/4235
f 4243/4243/4243 4315/4315/4315 4316/4316/4316
f 4317/4317/4317 4313/4313/4313 4308/4308/4308
f 4313/4313/4313 4317/4317/4317 4316/4316/4316
f 4318/4318/4318 4317/4317/4317 4308/4308/4308
f 4317/4317/4317 4318/4318/4318 4316/4316/4316
f 4319/4319/4319 4243/4243/4243 4316/4316/4316
f 4320/4320/4320 4319/4319/4319 4316/4316/4316
f 4243/4243/4243 4319/4319/4319 4251/4251/4251
f 4319/4319/4319 4320/4320/4320 4251/4251/4251
f 4321/4321/4321 4318/4318/4318 4308/4308/4308
f 4300/4300/4300 4321/4321/4321 4308/4308/4308
f 4321/4321/4321 4300/4300/4300 4306/4306/4306
f 4318/4318/4318 4321/4321/4321 4306/4306/4306
f 4318/4318/4318 4322/4322/4322 4316/4316/4316
f 4322/4322/4322 4320/4320/4320 4316/4316/4316
f 4322/4322/4322 4318/4318/4318 4323/4323/4323
f 4320/4320/4320 4322/4322/4322 4323/4323/4323
f 4324/4324/4324 4318/4318/4318 4306/4306/4306
f 4318/4318/4318 4324/4324/4324 4323/4323/4323
f 4310/4310/4310 4324/4324/4324 4306/4306/4306
f 4324/4324/4324 4310/4310/4310 4323/4323/4323
f 4320/4320/4320 4325/4325/4325 4251/4251/4251
f 4325/4325/4325 4326/4326/4326 4251/4251/4251
f 4325/4325/4325 4320/4320/4320 4327/4327/4327
f 4326/4326/4326 4325/4325/4325 4327/4327/4327
f 4328/4328/4328 4320/4320/4320 4323/4323/4323
f 4320/4320/4320 4328/4328/4328 4327/4327/4327
f 4329/4329/4329 4328/4328/4328 4323/4323/4323
f 4328/4328/4328 4329/4329/4329 4327/4327/4327
f 4310/4310/4310 4330/4330/4330 4323/4323/4323
f 4330/4330/4330 4329/4329/4329 4323/4323/4323
f 4330/4330/4330 4310/4310/4310 4331/4331/4331
f 4329/4329/4329 4330/4330/4330 4331/4331/4331
f 4326/4326/4326 4332/4332/4332 4251/4251/4251
f 4332/4332/4332 4245/4245/4245 4251/4251/4251
f 4245/4245/4245 4332/4332/4332 4253/4253/4253
f 4332/4332/4332 4326/4326/4326 4253/4253/4253
f 4310/4310/4310 4333/4333/4333 4331/4331/4331
f 4333/4333/4333 4334/4334/4334 4331/4331/4331
f 4333/4333/4333 4310/4310/4310 4302/4302/4302
f 4334/4334/4334 4333/4333/4333 4302/4302/4302
f 4335/4335/4335 4334/4334/4334 4302/4302/4302
f 4282/4282/4282 4335/4335/4335 4302/4302/4302
f 4335/4335/4335 4282/4282/4282 4280/4280/4280
f 4334/4334/4334 4335/4335/4335 4280/4280/4280
f 4336/4336/4336 4334/4334/4334 4280/4280/4280
f 4334/4334/4334 4336/4336/4336 4337/4337/4337
f 4278/4278/4278 4336/4336/4336 4280/4280/4280
f 4336/4336/4336 4278/4278/4278 4337/4337/4337
f 4334/4334/4334 4338/4338/4338 4331/4331/4331
f 4338/4338/4338 4334/4334/4334 4337/4337/4337
f 4338/4338/4338 4339/4339/4339 4331/4331/4331
f 4339/4339/4339 4338/4338/4338 4337/4337/4337
f 4278/4278/4278 4340/4340/4340 4337/4337/4337
f 4340/4340/4340 4341/4341/4341 4337/4337/4337
f 4340/4340/4340 4278/4278/4278 4276/4276/4276
f 4341/4341/4341 4340/4340/4340 4276/4276/4276
f 4339/4339/4339 4342/4342/4342 4331/4331/4331
f 4342/4342/4342 4339/4339/4339 4343/4343/4343
f 4342/4342/4342 4329/4329/4329 4331/4331/4331
f 4329/4329/4329 4342/4342/4342 4343/4343/4343
f 4344/4344/4344 4339/4339/4339 4337/4337/4337
f 4341/4341/4341 4344/4344/4344 4337/4337/4337
f 4339/4339/4339 4344/4344/4344 4345/4345/4345
f 4344/4344/4344 4341/4341/4341 4345/4345/4345
f 4346/4346/4346 4341/4341/4341 4276/4276/4276
f 4341/4341/4341 4346/4346/4346 4347/4347/4347
f 4274/4274/4274 4346/4346/4346 4276/4276/4276
f 4346/4346/4346 4274/4274/4274 4347/4347/4347
f 4348/4348/4348 4329/4329/4329 4343/4343/4343
f 4349/4349/4349 4348/4348/4348 4343/4343/4343
f 4329/4329/4329 4348/4348/4348 4327/4327/4327
f 4348/4348/4348 4349/4349/4349 4327/4327/4327
f 4350/4350/4350 4339/4339/4339 4345/4345/4345
f 4339/4339/4339 4350/4350/4350 4343/4343/4343
f 4350/4350/4350 4351/4351/4351 4343/4343/4343
f 4351/4351/4351 4350/4350/4350 4345/4345/4345
f 4341/4341/4341 4352/4352/4352 4345/4345/4345
f 4352/4352/4352 4341/4341/4341 4347/4347/4347
f 4352/4352/4352 4353/4353/4353 4345/4345/4345
f 4353/4353/4353 4352/4352/4352 4347/4347/4347
f 4274/4274/4274 4354/4354/4354 4347/4347/4347
f 4354/4354/4354 4355/4355/4355 4347/4347/4347
f 4354/4354/4354 4274/4274/4274 4272/4272/4272
f 4355/4355/4355 4354/4354/4354 4272/4272/4272
f 4349/4349/4349 4356/4356/4356 4327/4327/4327
f 4356/4356/4356 4349/4349/4349 4357/4357/4357
f 4356/4356/4356 4326/4326/4326 4327/4327/4327
f 4326/4326/4326 4356/4356/4356 4357/4357/4357
f 4358/4358/4358 4351/4351/4351 4345/4345/4345
f 4353/4353/4353 4358/4358/4358 4345/4345/4345
f 4351/4351/4351 4358/4358/4358 4359/4359/4359
f 4358/4358/4358 4353/4353/4353 4359/4359/4359
f 4360/4360/4360 4353/4353/4353 4347/4347/4347
f 4355/4355/4355 4360/4360/4360 4347/4347/4347
f 4353/4353/4353 4360/4360/4360 4361/4361/4361
f 4360/4360/4360 4355/4355/4355 4361/4361/4361
f 4362/4362/4362 4355/4355/4355 4272/4272/4272
f 4355/4355/4355 4362/4362/4362 4363/4363/4363
f 4270/4270/4270 4362/4362/4362 4272/4272/4272
f 4362/4362/4362 4270/4270/4270 4363/4363/4363
f 4364/4364/4364 4326/4326/4326 4357/4357/4357
f 4365/4365/4365 4364/4364/4364 4357/4357/4357
f 4326/4326/4326 4364/4364/4364 4253/4253/4253
f 4364/4364/4364 4365/4365/4365 4253/4253/4253
f 4353/4353/4353 4366/4366/4366 4359/4359/4359
f 4366/4366/4366 4353/4353/4353 4361/4361/4361
f 4366/4366/4366 4367/4367/4367 4359/4359/4359
f 4367/4367/4367 4366/4366/4366 4361/4361/4361
f 4368/4368/4368 4355/4355/4355 4363/4363/4363
f 4355/4355/4355 4368/4368/4368 4361/4361/4361
f 4368/4368/4368 4369/4369/4369 4361/4361/4361
f 4369/4369/4369 4368/4368/4368 4363/4363/4363
f 4270/4270/4270 4370/4370/4370 4363/4363/4363
f 4370/4370/4370 4270/4270/4270 4268/4268/4268
f 4370/4370/4370 4371/4371/4371 4363/4363/4363
f 4371/4371/4371 4370/4370/4370 4268/4268/4268
f 4372/4372/4372 4371/4371/4371 4268/4268/4268
f 4260/4260/4260 4372/4372/4372 4268/4268/4268
f 4372/4372/4372 4260/4260/4260 4373/4373/4373
f 4371/4371/4371 4374/4374/4374 4363/4363/4363
f 4374/4374/4374 4369/4369/4369 4363/4363/4363
f 4374/4374/4374 4371/4371/4371 4375/4375/4375
f 4369/4369/4369 4374/4374/4374 4375/4375/4375
f 4371/4371/4371 4376/4376/4376 4375/4375/4375
f 4376/4376/4376 4377/4377/4377 4375/4375/4375
f 4260/4260/4260 4378/4378/4378 4373/4373/4373
f 4378/4378/4378 4260/4260/4260 4262/4262/4262
f 4378/4378/4378 4379/4379/4379 4373/4373/4373
f 4379/4379/4379 4378/4378/4378 4262/4262/4262
f 4379/4379/4379 4380/4380/4380 4373/4373/4373
f 4381/4381/4381 4379/4379/4379 4262/4262/4262
f 4382/4382/4382 4369/4369/4369 4375/4375/4375
f 4377/4377/4377 4382/4382/4382 4375/4375/4375
f 4369/4369/4369 4382/4382/4382 4383/4383/4383
f 4382/4382/4382 4377/4377/4377 4383/4383/4383
f 4384/4384/4384 4369/4369/4369 4383/4383/4383
f 4369/4369/4369 4384/4384/4384 4361/4361/4361
f 4384/4384/4384 4367/4367/4367 4361/4361/4361
f 4367/4367/4367 4384/4384/4384 4383/4383/4383
f 4377/4377/4377 4385/4385/4385 4383/4383/4383
f 4385/4385/4385 4386/4386/4386 4383/4383/4383
f 4385/4385/4385 4377/4377/4377 2815/2815/2815
f 4386/4386/4386 4385/4385/4385 2815/2815/2815
f 4377/4377/4377 4387/4387/4387 2815/2815/2815
f 4388/4388/4388 4367/4367/4367 4383/4383/4383
f 4386/4386/4386 4388/4388/4388 4383/4383/4383
f 4367/4367/4367 4388/4388/4388 4389/4389/4389
f 4388/4388/4388 4386/4386/4386 4389/4389/4389
f 4390/4390/4390 4367/4367/4367 4389/4389/4389
f 4391/4391/4391 4390/4390/4390 4389/4389/4389
f 4367/4367/4367 4390/4390/4390 4359/4359/4359
f 4390/4390/4390 4391/4391/4391 4359/4359/4359
f 4386/4386/4386 4392/4392/4392 4389/4389/4389
f 4392/4392/4392 4391/4391/4391 4389/4389/4389
f 4392/4392/4392 4386/4386/4386 4393/4393/4393
f 4391/4391/4391 4392/4392/4392 4393/4393/4393
f 4394/4394/4394 4386/4386/4386 2815/2815/2815
f 4386/4386/4386 4394/4394/4394 4393/4393/4393
f 4395/4395/4395 4394/4394/4394 2815/2815/2815
f 4394/4394/4394 4395/4395/4395 4393/4393/4393
f 4391/4391/4391 4396/4396/4396 4359/4359/4359
f 4396/4396/4396 4391/4391/4391 4397/4397/4397
f 4396/4396/4396 4351/4351/4351 4359/4359/4359
f 4351/4351/4351 4396/4396/4396 4397/4397/4397
f 4398/4398/4398 4395/4395/4395 2815/2815/2815
f 4110/4110/4110 4398/4398/4398 2815/2815/2815
f 4398/4398/4398 4110/4110/4110 4255/4255/4255
f 4395/4395/4395 4398/4398/4398 4255/4255/4255
f 4399/4399/4399 4391/4391/4391 4393/4393/4393
f 4391/4391/4391 4399/4399/4399 4397/4397/4397
f 4400/4400/4400 4399/4399/4399 4393/4393/4393
f 4399/4399/4399 4400/4400/4400 4397/4397/4397
f 4401/4401/4401 4351/4351/4351 4397/4397/4397
f 4351/4351/4351 4401/4401/4401 4343/4343/4343
f 4401/4401/4401 4349/4349/4349 4343/4343/4343
f 4349/4349/4349 4401/4401/4401 4397/4397/4397
f 4402/4402/4402 4349/4349/4349 4397/4397/4397
f 4400/4400/4400 4402/4402/4402 4397/4397/4397
f 4349/4349/4349 4402/4402/4402 4357/4357/4357
f 4402/4402/4402 4400/4400/4400 4357/4357/4357
f 4395/4395/4395 4403/4403/4403 4393/4393/4393
f 4403/4403/4403 4400/4400/4400 4393/4393/4393
f 4400/4400/4400 4404/4404/4404 4357/4357/4357
f 4404/4404/4404 4365/4365/4365 4357/4357/4357
f 4400/4400/4400 4403/4403/4403 4405/4405/4405
f 4404/4404/4404 4400/4400/4400 4405/4405/4405
f 4403/4403/4403 4395/4395/4395 4405/4405/4405
f 4365/4365/4365 4404/4404/4404 4405/4405/4405
f 4395/4395/4395 4406/4406/4406 4405/4405/4405
f 4406/4406/4406 4365/4365/4365 4405/4405/4405
f 4406/4406/4406 4395/4395/4395 4255/4255/4255
f 4365/4365/4365 4406/4406/4406 4255/4255/4255
f 4407/4407/4407 4365/4365/4365 4255/4255/4255
f 4247/4247/4247 4407/4407/4407 4255/4255/4255
f 4365/4365/4365 4407/4407/4407 4253/4253/4253
f 4407/4407/4407 4247/4247/4247 4253/4253/4253
f 4410/4410/4410 4409/4409/4409 4408/4408/4408
f 4409/4409/4409 4411/4411/4411 4408/4408/4408
f 4408/4408/4408 4411/4411/4411 4412/4412/4412
f 4409/4409/4409 4413/4413/4413 4411/4411/4411
f 4411/4411/4411 4414/4414/4414 4412/4412/4412
f 4413/4413/4413 4415/4415/4415 4411/4411/4411
f 4411/4411/4411 4415/4415/4415 4414/4414/4414
f 4413/4413/4413 4416/4416/4416 4415/4415/4415
f 4415/4415/4415 4417/4417/4417 4414/4414/4414
f 4416/4416/4416 4418/4418/4418 4415/4415/4415
f 4415/4415/4415 4418/4418/4418 4417/4417/4417
f 4416/4416/4416 4419/4419/4419 4418/4418/4418
f 4418/4418/4418 4420/4420/4420 4417/4417/4417
f 4419/4419/4419 4421/4421/4421 4418/4418/4418
f 4418/4418/4418 4421/4421/4421 4420/4420/4420
f 4419/4419/4419 4422/4422/4422 4421/4421/4421
f 4421/4421/4421 4423/4423/4423 4420/4420/4420
f 4422/4422/4422 4424/4424/4424 4421/4421/4421
f 4421/4421/4421 4424/4424/4424 4423/4423/4423
f 4422/4422/4422 4425/4425/4425 4424/4424/4424
f 4424/4424/4424 4426/4426/4426 4423/4423/4423
f 4425/4425/4425 4427/4427/4427 4424/4424/4424
f 4424/4424/4424 4427/4427/4427 4426/4426/4426
f 4425/4425/4425 4428/4428/4428 4427/4427/4427
f 4427/4427/4427 4429/4429/4429 4426/4426/4426
f 4428/4428/4428 4430/4430/4430 4427/4427/4427
f 4427/4427/4427 4430/4430/4430 4429/4429/4429
f 4428/4428/4428 4431/4431/4431 4430/4430/4430
f 4430/4430/4430 4432/4432/4432 4429/4429/4429
f 4431/4431/4431 4433/4433/4433 4430/4430/4430
f 4430/4430/4430 4433/4433/4433 4432/4432/4432
f 4431/4431/4431 4434/4434/4434 4433/4433/4433
f 4433/4433/4433 4435/4435/4435 4432/4432/4432
f 4434/4434/4434 4436/4436/4436 4433/4433/4433
f 4433/4433/4433 4436/4436/4436 4435/4435/4435
f 4434/4434/4434 4437/4437/4437 4436/4436/4436
f 4436/4436/4436 4438/4438/4438 4435/4435/4435
f 4437/4437/4437 4439/4439/4439 4436/4436/4436
f 4436/4436/4436 4439/4439/4439 4438/4438/4438
f 4437/4437/4437 4440/4440/4440 4439/4439/4439
f 4439/4439/4439 4441/4441/4441 4438/4438/4438
f 4440/4440/4440 4442/4442/4442 4439/4439/4439
f 4439/4439/4439 4442/4442/4442 4441/4441/4441
f 4440/4440/4440 4443/4443/4443 4442/4442/4442
f 4442/4442/4442 4444/4444/4444 4441/4441/4441
f 4443/4443/4443 4445/4445/4445 4442/4442/4442
f 4442/4442/4442 4445/4445/4445 4444/4444/4444
f 4443/4443/4443 4446/4446/4446 4445/4445/4445
f 4445/4445/4445 4447/4447/4447 4444/4444/4444
f 4446/4446/4446 4448/4448/4448 4445/4445/4445
f 4445/4445/4445 4448/4448/4448 4447/4447/4447
f 4446/4446/4446 4449/4449/4449 4448/4448/4448
f 4448/4448/4448 4450/4450/4450 4447/4447/4447
f 4449/4449/4449 4451/4451/4451 4448/4448/4448
f 4448/4448/4448 4451/4451/4451 4450/4450/4450
f 4449/4449/4449 4452/4452/4452 4451/4451/4451
f 4451/4451/4451 4453/4453/4453 4450/4450/4450
f 4452/4452/4452 4454/4454/4454 4451/4451/4451
f 4451/4451/4451 4454/4454/4454 4453/4453/4453
f 4452/4452/4452 4455/4455/4455 4454/4454/4454
f 4454/4454/4454 4456/4456/4456 4453/4453/4453
f 4455/4455/4455 4457/4457/4457 4454/4454/4454
f 4454/4454/4454 4457/4457/4457 4456/4456/4456
f 4455/4455/4455 4458/4458/4458 4457/4457/4457
f 4457/4457/4457 4459/4459/4459 4456/4456/4456
f 4458/4458/4458 4460/4460/4460 4457/4457/4457
f 4457/4457/4457 4460/4460/4460 4459/4459/4459
f 4458/4458/4458 4461/4461/4461 4460/4460/4460
f 4460/4460/4460 4462/4462/4462 4459/4459/4459
f 4461/4461/4461 4463/4463/4463 4460/4460/4460
f 4460/4460/4460 4463/4463/4463 4462/4462/4462
f 4461/4461/4461 4464/4464/4464 4463/4463/4463
f 4463/4463/4463 4465/4465/4465 4462/4462/4462
f 4464/4464/4464 4466/4466/4466 4463/4463/4463
f 4463/4463/4463 4466/4466/4466 4465/4465/4465
f 4464/4464/4464 4467/4467/4467 4466/4466/4466
f 4466/4466/4466 4468/4468/4468 4465/4465/4465
f 4467/4467/4467 4469/4469/4469 4466/4466/4466
f 4466/4466/4466 4469/4469/4469 4468/4468/4468
f 4467/4467/4467 4470/4470/4470 4469/4469/4469
f 4469/4469/4469 4471/4471/4471 4468/4468/4468
f 4470/4470/4470 4472/4472/4472 4469/4469/4469
f 4469/4469/4469 4472/4472/4472 4471/4471/4471
f 4470/4470/4470 4473/4473/4473 4472/4472/4472
f 4472/4472/4472 4474/4474/4474 4471/4471/4471
f 4473/4473/4473 4475/4475/4475 4472/4472/4472
f 4472/4472/4472 4475/4475/4475 4474/4474/4474
f 4473/4473/4473 4476/4476/4476 4475/4475/4475
f 4475/4475/4475 4477/4477/4477 4474/4474/4474
f 4476/4476/4476 4478/4478/4478 4475/4475/4475
f 4475/4475/4475 4478/4478/4478 4477/4477/4477
f 4476/4476/4476 4479/4479/4479 4478/4478/4478
f 4478/4478/4478 4480/4480/4480 4477/4477/4477
f 4479/4479/4479 4481/4481/4481 4478/4478/4478
f 4478/4478/4478 4481/4481/4481 4480/4480/4480
f 4479/4479/4479 4482/4482/4482 4481/4481/4481
f 4481/4481/4481 4483/4483/4483 4480/4480/4480
f 4482/4482/4482 4484/4484/4484 4481/4481/4481
f 4481/4481/4481 4484/4484/4484 4483/4483/4483
f 4482/4482/4482 4485/4485/4485 4484/4484/4484
f 4484/4484/4484 4486/4486/4486 4483/4483/4483
f 4485/4485/4485 4487/4487/4487 4484/4484/4484
f 4484/4484/4484 4487/4487/4487 4486/4486/4486
f 4485/4485/4485 4488/4488/4488 4487/4487/4487
f 4487/4487/4487 4489/4489/4489 4486/4486/4486
f 4488/4488/4488 4490/4490/4490 4487/4487/4487
f 4487/4487/4487 4490/4490/4490 4489/4489/4489
f 4488/4488/4488 4491/4491/4491 4490/4490/4490
f 4490/4490/4490 4492/4492/4492 4489/4489/4489
f 4491/4491/4491 4493/4493/4493 4490/4490/4490
f 4490/4490/4490 4493/4493/4493 4492/4492/4492
f 4491/4491/4491 4494/4494/4494 4493/4493/4493
f 4493/4493/4493 4495/4495/4495 4492/4492/4492
f 4494/4494/4494 4496/4496/4496 4493/4493/4493
f 4493/4493/4493 4496/4496/4496 4495/4495/4495
f 4494/4494/4494 4497/4497/4497 4496/4496/4496
f 4496/4496/4496 4498/4498/4498 4495/4495/4495
f 4497/4497/4497 4499/4499/4499 4496/4496/4496
f 4496/4496/4496 4499/4499/4499 4498/4498/4498
f 4497/4497/4497 4500/4500/4500 4499/4499/4499
f 4499/4499/4499 4501/4501/4501 4498/4498/4498
f 4500/4500/4500 4502/4502/4502 4499/4499/4499
f 4499/4499/4499 4502/4502/4502 4501/4501/4501
f 4500/4500/4500 4503/4503/4503 4502/4502/4502
f 4502/4502/4502 4504/4504/4504 4501/4501/4501
f 4503/4503/4503 4505/4505/4505 4502/4502/4502
f 4502/4502/4502 4505/4505/4505 4504/4504/4504
f 4505/4505/4505 4506/4506/4506 4504/4504/4504
f 4509/4509/4509 4508/4508/4508 4507/4507/4507
f 4510/4510/4510 4509/4509/4509 4507/4507/4507
f 4511/4511/4511 4509/4509/4509 4510/4510/4510
f 4510/4510/4510 4507/4507/4507 4512/4512/4512
f 4513/4513/4513 4511/4511/4511 4510/4510/4510
f 4514/4514/4514 4510/4510/4510 4512/4512/4512
f 4513/4513/4513 4510/4510/4510 4514/4514/4514
f 4514/4514/4514 4512/4512/4512 4515/4515/4515
f 4516/4516/4516 4513/4513/4513 4514/4514/4514
f 4517/4517/4517 4514/4514/4514 4515/4515/4515
f 4516/4516/4516 4514/4514/4514 4517/4517/4517
f 4517/4517/4517 4515/4515/4515 4518/4518/4518
f 4519/4519/4519 4516/4516/4516 4517/4517/4517
f 4520/4520/4520 4517/4517/4517 4518/4518/4518
f 4519/4519/4519 4517/4517/4517 4520/4520/4520
f 4520/4520/4520 4518/4518/4518 4521/4521/4521
f 4522/4522/4522 4519/4519/4519 4520/4520/4520
f 4523/4523/4523 4520/4520/4520 4521/4521/4521
f 4522/4522/4522 4520/4520/4520 4523/4523/4523
f 4523/4523/4523 4521/4521/4521 4524/4524/4524
f 4525/4525/4525 4522/4522/4522 4523/4523/4523
f 4526/4526/4526 4523/4523/4523 4524/4524/4524
f 4525/4525/4525 4523/4523/4523 4526/4526/4526
f 4526/4526/4526 4524/4524/4524 4527/4527/4527
f 4528/4528/4528 4525/4525/4525 4526/4526/4526
f 4529/4529/4529 4526/4526/4526 4527/4527/4527
f 4528/4528/4528 4526/4526/4526 4529/4529/4529
f 4529/4529/4529 4527/4527/4527 4530/4530/4530
f 4531/4531/4531 4528/4528/4528 4529/4529/4529
f 4532/4532/4532 4529/4529/4529 4530/4530/4530
f 4531/4531/4531 4529/4529/4529 4532/4532/4532
f 4532/4532/4532 4530/4530/4530 4533/4533/4533
f 4534/4534/4534 4531/4531/4531 4532/4532/4532
f 4535/4535/4535 4532/4532/4532 4533/4533/4533
f 4534/4534/4534 4532/4532/4532 4535/4535/4535
f 4535/4535/4535 4533/4533/4533 4536/4536/4536
f 4537/4537/4537 4534/4534/4534 4535/4535/4535
f 4538/4538/4538 4535/4535/4535 4536/4536/4536
f 4537/4537/4537 4535/4535/4535 4538/4538/4538
f 4538/4538/4538 4536/4536/4536 4539/4539/4539
f 4540/4540/4540 4537/4537/4537 4538/4538/4538
f 4541/4541/4541 4538/4538/4538 4539/4539/4539
f 4540/4540/4540 4538/4538/4538 4541/4541/4541
f 4541/4541/4541 4539/4539/4539 4542/4542/4542
f 4543/4543/4543 4540/4540/4540 4541/4541/4541
f 4544/4544/4544 4541/4541/4541 4542/4542/4542
f 4543/4543/4543 4541/4541/4541 4544/4544/4544
f 4544/4544/4544 4542/4542/4542 4545/4545/4545
f 4546/4546/4546 4543/4543/4543 4544/4544/4544
f 4547/4547/4547 4544/4544/4544 4545/4545/4545
f 4546/4546/4546 4544/4544/4544 4547/4547/4547
f 4547/4547/4547 4545/4545/4545 4548/4548/4548
f 4549/4549/4549 4546/4546/4546 4547/4547/4547
f 4550/4550/4550 4547/4547/4547 4548/4548/4548
f 4549/4549/4549 4547/4547/4547 4550/4550/4550
f 4550/4550/4550 4548/4548/4548 4551/4551/4551
f 4552/4552/4552 4549/4549/4549 4550/4550/4550
f 4553/4553/4553 4550/4550/4550 4551/4551/4551
f 4552/4552/4552 4550/4550/4550 4553/4553/4553
f 4553/4553/4553 4551/4551/4551 4554/4554/4554
f 4555/4555/4555 4552/4552/4552 4553/4553/4553
f 4556/4556/4556 4553/4553/4553 4554/4554/4554
f 4555/4555/4555 4553/4553/4553 4556/4556/4556
f 4556/4556/4556 4554/4554/4554 4557/4557/4557
f 4558/4558/4558 4555/4555/4555 4556/4556/4556
f 4559/4559/4559 4556/4556/4556 4557/4557/4557
f 4558/4558/4558 4556/4556/4556 4559/4559/4559
f 4559/4559/4559 4557/4557/4557 4560/4560/4560
f 4561/4561/4561 4558/4558/4558 4559/4559/4559
f 4562/4562/4562 4559/4559/4559 4560/4560/4560
f 4561/4561/4561 4559/4559/4559 4562/4562/4562
f 4562/4562/4562 4560/4560/4560 4563/4563/4563
f 4564/4564/4564 4561/4561/4561 4562/4562/4562
f 4565/4565/4565 4562/4562/4562 4563/4563/4563
f 4564/4564/4564 4562/4562/4562 4565/4565/4565
f 4565/4565/4565 4563/4563/4563 4566/4566/4566
f 4567/4567/4567 4564/4564/4564 4565/4565/4565
f 4568/4568/4568 4565/4565/4565 4566/4566/4566
f 4567/4567/4567 4565/4565/4565 4568/4568/4568
f 4568/4568/4568 4566/4566/4566 4569/4569/4569
f 4570/4570/4570 4567/4567/4567 4568/4568/4568
f 4571/4571/4571 4568/4568/4568 4569/4569/4569
f 4570/4570/4570 4568/4568/4568 4571/4571/4571
f 4571/4571/4571 4569/4569/4569 4572/4572/4572
f 4573/4573/4573 4570/4570/4570 4571/4571/4571
f 4574/4574/4574 4571/4571/4571 4572/4572/4572
f 4573/4573/4573 4571/4571/4571 4574/4574/4574
f 4574/4574/4574 4572/4572/4572 4575/4575/4575
f 4576/4576/4576 4573/4573/4573 4574/4574/4574
f 4577/4577/4577 4574/4574/4574 4575/4575/4575
f 4576/4576/4576 4574/4574/4574 4577/4577/4577
f 4577/4577/4577 4575/4575/4575 4578/4578/4578
f 4579/4579/4579 4576/4576/4576 4577/4577/4577
f 4580/4580/4580 4577/4577/4577 4578/4578/4578
f 4579/4579/4579 4577/4577/4577 4580/4580/4580
f 4580/4580/4580 4578/4578/4578 4581/4581/4581
f 4582/4582/4582 4579/4579/4579 4580/4580/4580
f 4583/4583/4583 4580/4580/4580 4581/4581/4581
f 4582/4582/4582 4580/4580/4580 4583/4583/4583
f 4583/4583/4583 4581/4581/4581 4584/4584/4584
f 4585/4585/4585 4582/4582/4582 4583/4583/4583
f 4586/4586/4586 4583/4583/4583 4584/4584/4584
f 4585/4585/4585 4583/4583/4583 4586/4586/4586
f 4586/4586/4586 4584/4584/4584 4587/4587/4587
f 4588/4588/4588 4585/4585/4585 4586/4586/4586
f 4589/4589/4589 4586/4586/4586 4587/4587/4587
f 4588/4588/4588 4586/4586/4586 4589/4589/4589
f 4589/4589/4589 4587/4587/4587 4590/4590/4590
f 4591/4591/4591 4588/4588/4588 4589/4589/4589
f 4592/4592/4592 4589/4589/4589 4590/4590/4590
f 4591/4591/4591 4589/4589/4589 4592/4592/4592
f 4592/4592/4592 4590/4590/4590 4593/4593/4593
f 4594/4594/4594 4591/4591/4591 4592/4592/4592
f 4595/4595/4595 4592/4592/4592 4593/4593/4593
f 4594/4594/4594 4592/4592/4592 4595/4595/4595
f 4595/4595/4595 4593/4593/4593 4596/4596/4596
f 4597/4597/4597 4594/4594/4594 4595/4595/4595
f 4598/4598/4598 4595/4595/4595 4596/4596/4596
f 4597/4597/4597 4595/4595/4595 4598/4598/4598
f 4598/4598/4598 4596/4596/4596 4599/4599/4599
f 4600/4600/4600 4597/4597/4597 4598/4598/4598
f 4601/4601/4601 4598/4598/4598 4599/4599/4599
f 4600/4600/4600 4598/4598/4598 4601/4601/4601
f 4601/4601/4601 4599/4599/4599 4602/4602/4602
f 4603/4603/4603 4600/4600/4600 4601/4601/4601
f 4604/4604/4604 4601/4601/4601 4602/4602/4602
f 4603/4603/4603 4601/4601/4601 4604/4604/4604
f 4605/4605/4605 4603/4603/4603 4604/4604/4604
f 4608/4608/4608 4607/4607/4607 4606/4606/4606
f 4609/4609/4609 4608/4608/4608 4606/4606/4606
f 4609/4609/4609 4606/4606/4606 4610/4610/4610
f 4608/4608/4608 4609/4609/4609 4611/4611/4611
f 4612/4612/4612 4608/4608/4608 4611/4611/4611
f 4613/4613/4613 4612/4612/4612 4611/4611/4611
f 4614/4614/4614 4609/4609/4609 4610/4610/4610
f 4614/4614/4614 4610/4610/4610 4615/4615/4615
f 4616/4616/4616 4613/4613/4613 4611/4611/4611
f 4617/4617/4617 4613/4613/4613 4616/4616/4616
f 4611/4611/4611 4609/4609/4609 4618/4618/4618
f 4609/4609/4609 4614/4614/4614 4618/4618/4618
f 4616/4616/4616 4611/4611/4611 4618/4618/4618
f 4619/4619/4619 4614/4614/4614 4615/4615/4615
f 4619/4619/4619 4615/4615/4615 4620/4620/4620
f 4618/4618/4618 4614/4614/4614 4621/4621/4621
f 4614/4614/4614 4619/4619/4619 4621/4621/4621
f 4622/4622/4622 4616/4616/4616 4618/4618/4618
f 4622/4622/4622 4618/4618/4618 4621/4621/4621
f 4623/4623/4623 4617/4617/4617 4616/4616/4616
f 4623/4623/4623 4616/4616/4616 4622/4622/4622
f 4624/4624/4624 4619/4619/4619 4620/4620/4620
f 4624/4624/4624 4620/4620/4620 4625/4625/4625
f 4621/4621/4621 4619/4619/4619 4626/4626/4626
f 4619/4619/4619 4624/4624/4624 4626/4626/4626
f 4627/4627/4627 4622/4622/4622 4621/4621/4621
f 4627/4627/4627 4621/4621/4621 4626/4626/4626
f 4628/4628/4628 4624/4624/4624 4625/4625/4625
f 4628/4628/4628 4625/4625/4625 4629/4629/4629
f 4626/4626/4626 4624/4624/4624 4630/4630/4630
f 4624/4624/4624 4628/4628/4628 4630/4630/4630
f 4631/4631/4631 4628/4628/4628 4629/4629/4629
f 4631/4631/4631 4629/4629/4629 4632/4632/4632
f 4617/4617/4617 4623/4623/4623 4633/4633/4633
f 4634/4634/4634 4617/4617/4617 4633/4633/4633
f 4635/4635/4635 4634/4634/4634 4633/4633/4633
f 4636/4636/4636 4623/4623/4623 4622/4622/4622
f 4636/4636/4636 4622/4622/4622 4627/4627/4627
f 4637/4637/4637 4627/4627/4627 4626/4626/4626
f 4637/4637/4637 4626/4626/4626 4630/4630/4630
f 4630/4630/4630 4628/4628/4628 4638/4638/4638
f 4628/4628/4628 4631/4631/4631 4638/4638/4638
f 4639/4639/4639 4631/4631/4631 4632/4632/4632
f 4639/4639/4639 4632/4632/4632 4640/4640/4640
f 4633/4633/4633 4623/4623/4623 4641/4641/4641
f 4623/4623/4623 4636/4636/4636 4641/4641/4641
f 4642/4642/4642 4635/4635/4635 4633/4633/4633
f 4642/4642/4642 4633/4633/4633 4641/4641/4641
f 4643/4643/4643 4635/4635/4635 4642/4642/4642
f 4644/4644/4644 4637/4637/4637 4630/4630/4630
f 4644/4644/4644 4630/4630/4630 4638/4638/4638
f 4638/4638/4638 4631/4631/4631 4645/4645/4645
f 4631/4631/4631 4639/4639/4639 4645/4645/4645
f 4646/4646/4646 4639/4639/4639 4640/4640/4640
f 4646/4646/4646 4640/4640/4640 4647/4647/4647
f 4648/4648/4648 4644/4644/4644 4638/4638/4638
f 4648/4648/4648 4638/4638/4638 4645/4645/4645
f 4645/4645/4645 4639/4639/4639 4649/4649/4649
f 4639/4639/4639 4646/4646/4646 4649/4649/4649
f 4650/4650/4650 4646/4646/4646 4647/4647/4647
f 4650/4650/4650 4647/4647/4647 4651/4651/4651
f 4652/4652/4652 4648/4648/4648 4645/4645/4645
f 4652/4652/4652 4645/4645/4645 4649/4649/4649
f 4649/4649/4649 4646/4646/4646 4653/4653/4653
f 4646/4646/4646 4650/4650/4650 4653/4653/4653
f 4654/4654/4654 4650/4650/4650 4651/4651/4651
f 4654/4654/4654 4651/4651/4651 4655/4655/4655
f 4656/4656/4656 4652/4652/4652 4649/4649/4649
f 4656/4656/4656 4649/4649/4649 4653/4653/4653
f 4653/4653/4653 4650/4650/4650 4657/4657/4657
f 4650/4650/4650 4654/4654/4654 4657/4657/4657
f 4658/4658/4658 4654/4654/4654 4655/4655/4655
f 4658/4658/4658 4655/4655/4655 4659/4659/4659
f 4660/4660/4660 4656/4656/4656 4653/4653/4653
f 4660/4660/4660 4653/4653/4653 4657/4657/4657
f 4657/4657/4657 4654/4654/4654 4661/4661/4661
f 4654/4654/4654 4658/4658/4658 4661/4661/4661
f 4662/4662/4662 4658/4658/4658 4659/4659/4659
f 4662/4662/4662 4659/4659/4659 4663/4663/4663
f 4664/4664/4664 4660/4660/4660 4657/4657/4657
f 4664/4664/4664 4657/4657/4657 4661/4661/4661
f 4661/4661/4661 4658/4658/4658 4665/4665/4665
f 4658/4658/4658 4662/4662/4662 4665/4665/4665
f 4666/4666/4666 4662/4662/4662 4663/4663/4663
f 4666/4666/4666 4663/4663/4663 4667/4667/4667
f 4668/4668/4668 4664/4664/4664 4661/4661/4661
f 4668/4668/4668 4661/4661/4661 4665/4665/4665
f 4665/4665/4665 4662/4662/4662 4669/4669/4669
f 4662/4662/4662 4666/4666/4666 4669/4669/4669
f 4670/4670/4670 4666/4666/4666 4667/4667/4667
f 4670/4670/4670 4667/4667/4667 4671/4671/4671
f 4672/4672/4672 4668/4668/4668 4665/4665/4665
f 4672/4672/4672 4665/4665/4665 4669/4669/4669
f 4669/4669/4669 4666/4666/4666 4673/4673/4673
f 4666/4666/4666 4670/4670/4670 4673/4673/4673
f 4674/4674/4674 4670/4670/4670 4671/4671/4671
f 4674/4674/4674 4671/4671/4671 4675/4675/4675
f 4676/4676/4676 4672/4672/4672 4669/4669/4669
f 4676/4676/4676 4669/4669/4669 4673/4673/4673
f 4673/4673/4673 4670/4670/4670 4677/4677/4677
f 4670/4670/4670 4674/4674/4674 4677/4677/4677
f 4678/4678/4678 4674/4674/4674 4675/4675/4675
f 4678/4678/4678 4675/4675/4675 4679/4679/4679
f 4680/4680/4680 4676/4676/4676 4673/4673/4673
f 4680/4680/4680 4673/4673/4673 4677/4677/4677
f 4677/4677/4677 4674/4674/4674 4681/4681/4681
f 4674/4674/4674 4678/4678/4678 4681/4681/4681
f 4682/4682/4682 4678/4678/4678 4679/4679/4679
f 4682/4682/4682 4679/4679/4679 4683/4683/4683
f 4684/4684/4684 4680/4680/4680 4677/4677/4677
f 4684/4684/4684 4677/4677/4677 4681/4681/4681
f 4681/4681/4681 4678/4678/4678 4685/4685/4685
f 4678/4678/4678 4682/4682/4682 4685/4685/4685
f 4686/4686/4686 4682/4682/4682 4683/4683/4683
f 4686/4686/4686 4683/4683/4683 4687/4687/4687
f 4688/4688/4688 4684/4684/4684 4681/4681/4681
f 4688/4688/4688 4681/4681/4681 4685/4685/4685
f 4685/4685/4685 4682/4682/4682 4689/4689/4689
f 4682/4682/4682 4686/4686/4686 4689/4689/4689
f 4690/4690/4690 4686/4686/4686 4687/4687/4687
f 4690/4690/4690 4687/4687/4687 4691/4691/4691
f 4692/4692/4692 4688/4688/4688 4685/4685/4685
f 4692/4692/4692 4685/4685/4685 4689/4689/4689
f 4689/4689/4689 4686/4686/4686 4693/4693/4693
f 4686/4686/4686 4690/4690/4690 4693/4693/4693
f 4694/4694/4694 4690/4690/4690 4691/4691/4691
f 4694/4694/4694 4691/4691/4691 4695/4695/4695
f 4696/4696/4696 4692/4692/4692 4689/4689/4689
f 4696/4696/4696 4689/4689/4689 4693/4693/4693
f 4693/4693/4693 4690/4690/4690 4697/4697/4697
f 4690/4690/4690 4694/4694/4694 4697/4697/4697
f 4698/4698/4698 4694/4694/4694 4695/4695/4695
f 4698/4698/4698 4695/4695/4695 4699/4699/4699
f 4700/4700/4700 4696/4696/4696 4693/4693/4693
f 4700/4700/4700 4693/4693/4693 4697/4697/4697
f 4697/4697/4697 4694/4694/4694 4701/4701/4701
f 4694/4694/4694 4698/4698/4698 4701/4701/4701
f 4702/4702/4702 4698/4698/4698 4699/4699/4699
f 4702/4702/4702 4699/4699/4699 4703/4703/4703
f 4704/4704/4704 4700/4700/4700 4697/4697/4697
f 4704/4704/4704 4697/4697/4697 4701/4701/4701
f 4701/4701/4701 4698/4698/4698 4705/4705/4705
f 4698/4698/4698 4702/4702/4702 4705/4705/4705
f 4706/4706/4706 4702/4702/4702 4703/4703/4703
f 4706/4706/4706 4703/4703/4703 4707/4707/4707
f 4708/4708/4708 4704/4704/4704 4701/4701/4701
f 4708/4708/4708 4701/4701/4701 4705/4705/4705
f 4705/4705/4705 4702/4702/4702 4709/4709/4709
f 4702/4702/4702 4706/4706/4706 4709/4709/4709
f 4710/4710/4710 4706/4706/4706 4707/4707/4707
f 4710/4710/4710 4707/4707/4707 4711/4711/4711
f 4712/4712/4712 4708/4708/4708 4705/4705/4705
f 4712/4712/4712 4705/4705/4705 4709/4709/4709
f 4709/4709/4709 4706/4706/4706 4713/4713/4713
f 4706/4706/4706 4710/4710/4710 4713/4713/4713
f 4714/4714/4714 4710/4710/4710 4711/4711/4711
f 4714/4714/4714 4711/4711/4711 4715/4715/4715
f 4716/4716/4716 4712/4712/4712 4709/4709/4709
f 4716/4716/4716 4709/4709/4709 4713/4713/4713
f 4713/4713/4713 4710/4710/4710 4717/4717/4717
f 4710/4710/4710 4714/4714/4714 4717/4717/4717
f 4718/4718/4718 4714/4714/4714 4715/4715/4715
f 4718/4718/4718 4715/4715/4715 4719/4719/4719
f 4720/4720/4720 4716/4716/4716 4713/4713/4713
f 4720/4720/4720 4713/4713/4713 4717/4717/4717
f 4717/4717/4717 4714/4714/4714 4721/4721/4721
f 4714/4714/4714 4718/4718/4718 4721/4721/4721
f 4722/4722/4722 4718/4718/4718 4719/4719/4719
f 4722/4722/4722 4719/4719/4719 4723/4723/4723
f 4724/4724/4724 4720/4720/4720 4717/4717/4717
f 4724/4724/4724 4717/4717/4717 4721/4721/4721
f 4721/4721/4721 4718/4718/4718 4725/4725/4725
f 4718/4718/4718 4722/4722/4722 4725/4725/4725
f 4726/4726/4726 4722/4722/4722 4723/4723/4723
f 4726/4726/4726 4723/4723/4723 4727/4727/4727
f 4728/4728/4728 4724/4724/4724 4721/4721/4721
f 4728/4728/4728 4721/4721/4721 4725/4725/4725
f 4725/4725/4725 4722/4722/4722 4729/4729/4729
f 4722/4722/4722 4726/4726/4726 4729/4729/4729
f 4730/4730/4730 4726/4726/4726 4727/4727/4727
f 4730/4730/4730 4727/4727/4727 4731/4731/4731
f 4732/4732/4732 4728/4728/4728 4725/4725/4725
f 4732/4732/4732 4725/4725/4725 4729/4729/4729
f 4729/4729/4729 4726/4726/4726 4733/4733/4733
f 4726/4726/4726 4730/4730/4730 4733/4733/4733
f 4734/4734/4734 4730/4730/4730 4731/4731/4731
f 4734/4734/4734 4731/4731/4731 4735/4735/4735
f 4736/4736/4736 4732/4732/4732 4729/4729/4729
f 4736/4736/4736 4729/4729/4729 4733/4733/4733
f 4733/4733/4733 4730/4730/4730 4737/4737/4737
f 4730/4730/4730 4734/4734/4734 4737/4737/4737
f 4738/4738/4738 4734/4734/4734 4735/4735/4735
f 4738/4738/4738 4735/4735/4735 4739/4739/4739
f 4740/4740/4740 4738/4738/4738 4739/4739/4739
f 4738/4738/4738 4740/4740/4740 4741/4741/4741
f 4734/4734/4734 4738/4738/4738 4742/4742/4742
f 4742/4742/4742 4738/4738/4738 4741/4741/4741
f 4737/4737/4737 4734/4734/4734 4742/4742/4742
f 4743/4743/4743 4733/4733/4733 4737/4737/4737
f 4743/4743/4743 4736/4736/4736 4733/4733/4733
f 4744/4744/4744 4742/4742/4742 4741/4741/4741
f 4745/4745/4745 4744/4744/4744 4741/4741/4741
f 4746/4746/4746 4737/4737/4737 4742/4742/4742
f 4746/4746/4746 4743/4743/4743 4737/4737/4737
f 4744/4744/4744 4746/4746/4746 4742/4742/4742
f 4747/4747/4747 4744/4744/4744 4745/4745/4745
f 4748/4748/4748 4747/4747/4747 4745/4745/4745
f 4747/4747/4747 4748/4748/4748 4749/4749/4749
f 4750/4750/4750 4746/4746/4746 4744/4744/4744
f 4747/4747/4747 4750/4750/4750 4744/4744/4744
f 4751/4751/4751 4743/4743/4743 4746/4746/4746
f 4750/4750/4750 4751/4751/4751 4746/4746/4746
f 4752/4752/4752 4736/4736/4736 4743/4743/4743
f 4751/4751/4751 4752/4752/4752 4743/4743/4743
f 4753/4753/4753 4747/4747/4747 4749/4749/4749
f 4750/4750/4750 4747/4747/4747 4753/4753/4753
f 4751/4751/4751 4750/4750/4750 4754/4754/4754
f 4754/4754/4754 4750/4750/4750 4753/4753/4753
f 4755/4755/4755 4753/4753/4753 4749/4749/4749
f 4756/4756/4756 4755/4755/4755 4749/4749/4749
f 4752/4752/4752 4757/4757/4757 4736/4736/4736
f 4757/4757/4757 4732/4732/4732 4736/4736/4736
f 4752/4752/4752 4751/4751/4751 4758/4758/4758
f 4758/4758/4758 4751/4751/4751 4754/4754/4754
f 4759/4759/4759 4754/4754/4754 4753/4753/4753
f 4755/4755/4755 4759/4759/4759 4753/4753/4753
f 4760/4760/4760 4755/4755/4755 4756/4756/4756
f 4761/4761/4761 4760/4760/4760 4756/4756/4756
f 4760/4760/4760 4761/4761/4761 4762/4762/4762
f 4763/4763/4763 4760/4760/4760 4762/4762/4762
f 4760/4760/4760 4764/4764/4764 4755/4755/4755
f 4764/4764/4764 4760/4760/4760 4763/4763/4763
f 4764/4764/4764 4759/4759/4759 4755/4755/4755
f 4765/4765/4765 4764/4764/4764 4763/4763/4763
f 4766/4766/4766 4764/4764/4764 4765/4765/4765
f 4764/4764/4764 4766/4766/4766 4759/4759/4759
f 4767/4767/4767 4766/4766/4766 4765/4765/4765
f 4759/4759/4759 4768/4768/4768 4754/4754/4754
f 4766/4766/4766 4768/4768/4768 4759/4759/4759
f 4768/4768/4768 4758/4758/4758 4754/4754/4754
f 4769/4769/4769 4766/4766/4766 4767/4767/4767
f 4766/4766/4766 4769/4769/4769 4768/4768/4768
f 4770/4770/4770 4769/4769/4769 4767/4767/4767
f 4768/4768/4768 4771/4771/4771 4758/4758/4758
f 4769/4769/4769 4771/4771/4771 4768/4768/4768
f 4772/4772/4772 4769/4769/4769 4770/4770/4770
f 4769/4769/4769 4772/4772/4772 4771/4771/4771
f 4773/4773/4773 4772/4772/4772 4770/4770/4770
f 4771/4771/4771 4774/4774/4774 4758/4758/4758
f 4774/4774/4774 4752/4752/4752 4758/4758/4758
f 4757/4757/4757 4752/4752/4752 4774/4774/4774
f 4775/4775/4775 4772/4772/4772 4773/4773/4773
f 4776/4776/4776 4775/4775/4775 4773/4773/4773
f 4772/4772/4772 4777/4777/4777 4771/4771/4771
f 4771/4771/4771 4777/4777/4777 4774/4774/4774
f 4772/4772/4772 4775/4775/4775 4777/4777/4777
f 4778/4778/4778 4757/4757/4757 4774/4774/4774
f 4777/4777/4777 4778/4778/4778 4774/4774/4774
f 4779/4779/4779 4775/4775/4775 4776/4776/4776
f 4780/4780/4780 4779/4779/4779 4776/4776/4776
f 4775/4775/4775 4781/4781/4781 4777/4777/4777
f 4777/4777/4777 4781/4781/4781 4778/4778/4778
f 4775/4775/4775 4779/4779/4779 4781/4781/4781
f 4782/4782/4782 4757/4757/4757 4778/4778/4778
f 4757/4757/4757 4782/4782/4782 4732/4732/4732
f 4782/4782/4782 4728/4728/4728 4732/4732/4732
f 4783/4783/4783 4779/4779/4779 4780/4780/4780
f 4784/4784/4784 4783/4783/4783 4780/4780/4780
f 4781/4781/4781 4785/4785/4785 4778/4778/4778
f 4785/4785/4785 4782/4782/4782 4778/4778/4778
f 4782/4782/4782 4786/4786/4786 4728/4728/4728
f 4786/4786/4786 4782/4782/4782 4785/4785/4785
f 4786/4786/4786 4724/4724/4724 4728/4728/4728
f 4779/4779/4779 4787/4787/4787 4781/4781/4781
f 4781/4781/4781 4787/4787/4787 4785/4785/4785
f 4779/4779/4779 4783/4783/4783 4787/4787/4787
f 4788/4788/4788 4783/4783/4783 4784/4784/4784
f 4789/4789/4789 4788/4788/4788 4784/4784/4784
f 4786/4786/4786 4790/4790/4790 4724/4724/4724
f 4790/4790/4790 4720/4720/4720 4724/4724/4724
f 4791/4791/4791 4786/4786/4786 4785/4785/4785
f 4787/4787/4787 4791/4791/4791 4785/4785/4785
f 4790/4790/4790 4786/4786/4786 4791/4791/4791
f 4783/4783/4783 4792/4792/4792 4787/4787/4787
f 4787/4787/4787 4792/4792/4792 4791/4791/4791
f 4783/4783/4783 4788/4788/4788 4792/4792/4792
f 4793/4793/4793 4788/4788/4788 4789/4789/4789
f 4794/4794/4794 4793/4793/4793 4789/4789/4789
f 4790/4790/4790 4795/4795/4795 4720/4720/4720
f 4795/4795/4795 4716/4716/4716 4720/4720/4720
f 4796/4796/4796 4790/4790/4790 4791/4791/4791
f 4792/4792/4792 4796/4796/4796 4791/4791/4791
f 4795/4795/4795 4790/4790/4790 4796/4796/4796
f 4788/4788/4788 4797/4797/4797 4792/4792/4792
f 4792/4792/4792 4797/4797/4797 4796/4796/4796
f 4788/4788/4788 4793/4793/4793 4797/4797/4797
f 4798/4798/4798 4793/4793/4793 4794/4794/4794
f 4799/4799/4799 4798/4798/4798 4794/4794/4794
f 4795/4795/4795 4800/4800/4800 4716/4716/4716
f 4800/4800/4800 4712/4712/4712 4716/4716/4716
f 4801/4801/4801 4795/4795/4795 4796/4796/4796
f 4797/4797/4797 4801/4801/4801 4796/4796/4796
f 4800/4800/4800 4795/4795/4795 4801/4801/4801
f 4793/4793/4793 4802/4802/4802 4797/4797/4797
f 4797/4797/4797 4802/4802/4802 4801/4801/4801
f 4793/4793/4793 4798/4798/4798 4802/4802/4802
f 4803/4803/4803 4798/4798/4798 4799/4799/4799
f 4804/4804/4804 4803/4803/4803 4799/4799/4799
f 4800/4800/4800 4805/4805/4805 4712/4712/4712
f 4805/4805/4805 4708/4708/4708 4712/4712/4712
f 4806/4806/4806 4800/4800/4800 4801/4801/4801
f 4802/4802/4802 4806/4806/4806 4801/4801/4801
f 4805/4805/4805 4800/4800/4800 4806/4806/4806
f 4798/4798/4798 4807/4807/4807 4802/4802/4802
f 4802/4802/4802 4807/4807/4807 4806/4806/4806
f 4798/4798/4798 4803/4803/4803 4807/4807/4807
f 4808/4808/4808 4803/4803/4803 4804/4804/4804
f 4809/4809/4809 4808/4808/4808 4804/4804/4804
f 4805/4805/4805 4810/4810/4810 4708/4708/4708
f 4810/4810/4810 4704/4704/4704 4708/4708/4708
f 4811/4811/4811 4805/4805/4805 4806/4806/4806
f 4807/4807/4807 4811/4811/4811 4806/4806/4806
f 4810/4810/4810 4805/4805/4805 4811/4811/4811
f 4803/4803/4803 4812/4812/4812 4807/4807/4807
f 4807/4807/4807 4812/4812/4812 4811/4811/4811
f 4803/4803/4803 4808/4808/4808 4812/4812/4812
f 4813/4813/4813 4808/4808/4808 4809/4809/4809
f 4814/4814/4814 4813/4813/4813 4809/4809/4809
f 4810/4810/4810 4815/4815/4815 4704/4704/4704
f 4815/4815/4815 4700/4700/4700 4704/4704/4704
f 4816/4816/4816 4810/4810/4810 4811/4811/4811
f 4812/4812/4812 4816/4816/4816 4811/4811/4811
f 4815/4815/4815 4810/4810/4810 4816/4816/4816
f 4808/4808/4808 4817/4817/4817 4812/4812/4812
f 4812/4812/4812 4817/4817/4817 4816/4816/4816
f 4808/4808/4808 4813/4813/4813 4817/4817/4817
f 4818/4818/4818 4813/4813/4813 4814/4814/4814
f 4819/4819/4819 4818/4818/4818 4814/4814/4814
f 4815/4815/4815 4820/4820/4820 4700/4700/4700
f 4820/4820/4820 4696/4696/4696 4700/4700/4700
f 4821/4821/4821 4815/4815/4815 4816/4816/4816
f 4817/4817/4817 4821/4821/4821 4816/4816/4816
f 4820/4820/4820 4815/4815/4815 4821/4821/4821
f 4813/4813/4813 4822/4822/4822 4817/4817/4817
f 4817/4817/4817 4822/4822/4822 4821/4821/4821
f 4813/4813/4813 4818/4818/4818 4822/4822/4822
f 4823/4823/4823 4818/4818/4818 4819/4819/4819
f 4824/4824/4824 4823/4823/4823 4819/4819/4819
f 4820/4820/4820 4825/4825/4825 4696/4696/4696
f 4825/4825/4825 4692/4692/4692 4696/4696/4696
f 4826/4826/4826 4820/4820/4820 4821/4821/4821
f 4822/4822/4822 4826/4826/4826 4821/4821/4821
f 4825/4825/4825 4820/4820/4820 4826/4826/4826
f 4818/4818/4818 4827/4827/4827 4822/4822/4822
f 4822/4822/4822 4827/4827/4827 4826/4826/4826
f 4818/4818/4818 4823/4823/4823 4827/4827/4827
f 4828/4828/4828 4823/4823/4823 4824/4824/4824
f 4829/4829/4829 4828/4828/4828 4824/4824/4824
f 4825/4825/4825 4830/4830/4830 4692/4692/4692
f 4830/4830/4830 4688/4688/4688 4692/4692/4692
f 4831/4831/4831 4825/4825/4825 4826/4826/4826
f 4827/4827/4827 4831/4831/4831 4826/4826/4826
f 4830/4830/4830 4825/4825/4825 4831/4831/4831
f 4823/4823/4823 4832/4832/4832 4827/4827/4827
f 4827/4827/4827 4832/4832/4832 4831/4831/4831
f 4823/4823/4823 4828/4828/4828 4832/4832/4832
f 4833/4833/4833 4828/4828/4828 4829/4829/4829
f 4834/4834/4834 4833/4833/4833 4829/4829/4829
f 4830/4830/4830 4835/4835/4835 4688/4688/4688
f 4835/4835/4835 4684/4684/4684 4688/4688/4688
f 4836/4836/4836 4830/4830/4830 4831/4831/4831
f 4832/4832/4832 4836/4836/4836 4831/4831/4831
f 4835/4835/4835 4830/4830/4830 4836/4836/4836
f 4828/4828/4828 4837/4837/4837 4832/4832/4832
f 4832/4832/4832 4837/4837/4837 4836/4836/4836
f 4828/4828/4828 4833/4833/4833 4837/4837/4837
f 4838/4838/4838 4833/4833/4833 4834/4834/4834
f 4839/4839/4839 4838/4838/4838 4834/4834/4834
f 4835/4835/4835 4840/4840/4840 4684/4684/4684
f 4840/4840/4840 4680/4680/4680 4684/4684/4684
f 4841/4841/4841 4835/4835/4835 4836/4836/4836
f 4837/4837/4837 4841/4841/4841 4836/4836/4836
f 4840/4840/4840 4835/4835/4835 4841/4841/4841
f 4833/4833/4833 4842/4842/4842 4837/4837/4837
f 4837/4837/4837 4842/4842/4842 4841/4841/4841
f 4833/4833/4833 4838/4838/4838 4842/4842/4842
f 4843/4843/4843 4838/4838/4838 4839/4839/4839
f 4844/4844/4844 4843/4843/4843 4839/4839/4839
f 4840/4840/4840 4845/4845/4845 4680/4680/4680
f 4845/4845/4845 4676/4676/4676 4680/4680/4680
f 4846/4846/4846 4840/4840/4840 4841/4841/4841
f 4842/4842/4842 4846/4846/4846 4841/4841/4841
f 4845/4845/4845 4840/4840/4840 4846/4846/4846
f 4838/4838/4838 4847/4847/4847 4842/4842/4842
f 4842/4842/4842 4847/4847/4847 4846/4846/4846
f 4838/4838/4838 4843/4843/4843 4847/4847/4847
f 4848/4848/4848 4843/4843/4843 4844/4844/4844
f 4849/4849/4849 4848/4848/4848 4844/4844/4844
f 4845/4845/4845 4850/4850/4850 4676/4676/4676
f 4850/4850/4850 4672/4672/4672 4676/4676/4676
f 4851/4851/4851 4845/4845/4845 4846/4846/4846
f 4847/4847/4847 4851/4851/4851 4846/4846/4846
f 4850/4850/4850 4845/4845/4845 4851/4851/4851
f 4843/4843/4843 4852/4852/4852 4847/4847/4847
f 4847/4847/4847 4852/4852/4852 4851/4851/4851
f 4843/4843/4843 4848/4848/4848 4852/4852/4852
f 4853/4853/4853 4848/4848/4848 4849/4849/4849
f 4854/4854/4854 4853/4853/4853 4849/4849/4849
f 4850/4850/4850 4855/4855/4855 4672/4672/4672
f 4855/4855/4855 4668/4668/4668 4672/4672/4672
f 4856/4856/4856 4850/4850/4850 4851/4851/4851
f 4852/4852/4852 4856/4856/4856 4851/4851/4851
f 4855/4855/4855 4850/4850/4850 4856/4856/4856
f 4848/4848/4848 4857/4857/4857 4852/4852/4852
f 4852/4852/4852 4857/4857/4857 4856/4856/4856
f 4848/4848/4848 4853/4853/4853 4857/4857/4857
f 4858/4858/4858 4853/4853/4853 4854/4854/4854
f 4859/4859/4859 4858/4858/4858 4854/4854/4854
f 4855/4855/4855 4860/4860/4860 4668/4668/4668
f 4860/4860/4860 4664/4664/4664 4668/4668/4668
f 4861/4861/4861 4855/4855/4855 4856/4856/4856
f 4857/4857/4857 4861/4861/4861 4856/4856/4856
f 4860/4860/4860 4855/4855/4855 4861/4861/4861
f 4853/4853/4853 4862/4862/4862 4857/4857/4857
f 4857/4857/4857 4862/4862/4862 4861/4861/4861
f 4853/4853/4853 4858/4858/4858 4862/4862/4862
f 4863/4863/4863 4858/4858/4858 4859/4859/4859
f 4864/4864/4864 4863/4863/4863 4859/4859/4859
f 4860/4860/4860 4865/4865/4865 4664/4664/4664
f 4865/4865/4865 4660/4660/4660 4664/4664/4664
f 4866/4866/4866 4860/4860/4860 4861/4861/4861
f 4862/4862/4862 4866/4866/4866 4861/4861/4861
f 4865/4865/4865 4860/4860/4860 4866/4866/4866
f 4858/4858/4858 4867/4867/4867 4862/4862/4862
f 4862/4862/4862 4867/4867/4867 4866/4866/4866
f 4858/4858/4858 4863/4863/4863 4867/4867/4867
f 4868/4868/4868 4863/4863/4863 4864/4864/4864
f 4869/4869/4869 4868/4868/4868 4864/4864/4864
f 4865/4865/4865 4870/4870/4870 4660/4660/4660
f 4870/4870/4870 4656/4656/4656 4660/4660/4660
f 4871/4871/4871 4865/4865/4865 4866/4866/4866
f 4867/4867/4867 4871/4871/4871 4866/4866/4866
f 4870/4870/4870 4865/4865/4865 4871/4871/4871
f 4863/4863/4863 4872/4872/4872 4867/4867/4867
f 4867/4867/4867 4872/4872/4872 4871/4871/4871
f 4863/4863/4863 4868/4868/4868 4872/4872/4872
f 4873/4873/4873 4868/4868/4868 4869/4869/4869
f 4874/4874/4874 4873/4873/4873 4869/4869/4869
f 4870/4870/4870 4875/4875/4875 4656/4656/4656
f 4875/4875/4875 4652/4652/4652 4656/4656/4656
f 4876/4876/4876 4870/4870/4870 4871/4871/4871
f 4872/4872/4872 4876/4876/4876 4871/4871/4871
f 4875/4875/4875 4870/4870/4870 4876/4876/4876
f 4868/4868/4868 4877/4877/4877 4872/4872/4872
f 4872/4872/4872 4877/4877/4877 4876/4876/4876
f 4868/4868/4868 4873/4873/4873 4877/4877/4877
f 4878/4878/4878 4873/4873/4873 4874/4874/4874
f 4879/4879/4879 4878/4878/4878 4874/4874/4874
f 4875/4875/4875 4880/4880/4880 4652/4652/4652
f 4880/4880/4880 4648/4648/4648 4652/4652/4652
f 4881/4881/4881 4875/4875/4875 4876/4876/4876
f 4877/4877/4877 4881/4881/4881 4876/4876/4876
f 4880/4880/4880 4875/4875/4875 4881/4881/4881
f 4873/4873/4873 4882/4882/4882 4877/4877/4877
f 4877/4877/4877 4882/4882/4882 4881/4881/4881
f 4873/4873/4873 4878/4878/4878 4882/4882/4882
f 4883/4883/4883 4878/4878/4878 4879/4879/4879
f 4884/4884/4884 4883/4883/4883 4879/4879/4879
f 4880/4880/4880 4885/4885/4885 4648/4648/4648
f 4885/4885/4885 4644/4644/4644 4648/4648/4648
f 4886/4886/4886 4880/4880/4880 4881/4881/4881
f 4882/4882/4882 4886/4886/4886 4881/4881/4881
f 4885/4885/4885 4880/4880/4880 4886/4886/4886
f 4878/4878/4878 4887/4887/4887 4882/4882/4882
f 4882/4882/4882 4887/4887/4887 4886/4886/4886
f 4878/4878/4878 4883/4883/4883 4887/4887/4887
f 4888/4888/4888 4883/4883/4883 4884/4884/4884
f 4889/4889/4889 4888/4888/4888 4884/4884/4884
f 4885/4885/4885 4890/4890/4890 4644/4644/4644
f 4890/4890/4890 4637/4637/4637 4644/4644/4644
f 4891/4891/4891 4885/4885/4885 4886/4886/4886
f 4887/4887/4887 4891/4891/4891 4886/4886/4886
f 4890/4890/4890 4885/4885/4885 4891/4891/4891
f 4883/4883/4883 4892/4892/4892 4887/4887/4887
f 4887/4887/4887 4892/4892/4892 4891/4891/4891
f 4883/4883/4883 4888/4888/4888 4892/4892/4892
f 4893/4893/4893 4888/4888/4888 4889/4889/4889
f 4894/4894/4894 4893/4893/4893 4889/4889/4889
f 4890/4890/4890 4895/4895/4895 4637/4637/4637
f 4895/4895/4895 4627/4627/4627 4637/4637/4637
f 4895/4895/4895 4636/4636/4636 4627/4627/4627
f 4896/4896/4896 4890/4890/4890 4891/4891/4891
f 4892/4892/4892 4896/4896/4896 4891/4891/4891
f 4895/4895/4895 4890/4890/4890 4896/4896/4896
f 4888/4888/4888 4897/4897/4897 4892/4892/4892
f 4892/4892/4892 4897/4897/4897 4896/4896/4896
f 4888/4888/4888 4893/4893/4893 4897/4897/4897
f 4636/4636/4636 4895/4895/4895 4898/4898/4898
f 4898/4898/4898 4895/4895/4895 4896/4896/4896
f 4897/4897/4897 4898/4898/4898 4896/4896/4896
f 4641/4641/4641 4636/4636/4636 4898/4898/4898
f 4897/4897/4897 4899/4899/4899 4898/4898/4898
f 4899/4899/4899 4641/4641/4641 4898/4898/4898
f 4893/4893/4893 4899/4899/4899 4897/4897/4897
f 4899/4899/4899 4642/4642/4642 4641/4641/4641
f 4900/4900/4900 4893/4893/4893 4894/4894/4894
f 4893/4893/4893 4900/4900/4900 4899/4899/4899
f 4900/4900/4900 4642/4642/4642 4899/4899/4899
f 4901/4901/4901 4900/4900/4900 4894/4894/4894
f 4900/4900/4900 4643/4643/4643 4642/4642/4642
f 4643/4643/4643 4900/4900/4900 4901/4901/4901
f 4902/4902/4902 4643/4643/4643 4901/4901/4901
f 4905/4905/4905 4904/4904/4904 4903/4903/4903
f 4906/4906/4906 4905/4905/4905 4903/4903/4903
f 4907/4907/4907 4905/4905/4905 4906/4906/4906
f 4908/4908/4908 4906/4906/4906 4903/4903/4903
f 4909/4909/4909 4908/4908/4908 4903/4903/4903
f 4908/4908/4908 4910/4910/4910 4906/4906/4906
f 4911/4911/4911 4907/4907/4907 4906/4906/4906
f 4910/4910/4910 4911/4911/4911 4906/4906/4906
f 4912/4912/4912 4907/4907/4907 4911/4911/4911
f 4910/4910/4910 4913/4913/4913 4911/4911/4911
f 4914/4914/4914 4912/4912/4912 4911/4911/4911
f 4913/4913/4913 4914/4914/4914 4911/4911/4911
f 4915/4915/4915 4912/4912/4912 4914/4914/4914
f 4913/4913/4913 4916/4916/4916 4914/4914/4914
f 4917/4917/4917 4915/4915/4915 4914/4914/4914
f 4916/4916/4916 4917/4917/4917 4914/4914/4914
f 4918/4918/4918 4915/4915/4915 4917/4917/4917
f 4916/4916/4916 4919/4919/4919 4917/4917/4917
f 4920/4920/4920 4918/4918/4918 4917/4917/4917
f 4919/4919/4919 4920/4920/4920 4917/4917/4917
f 4921/4921/4921 4918/4918/4918 4920/4920/4920
f 4919/4919/4919 4922/4922/4922 4920/4920/4920
f 4923/4923/4923 4921/4921/4921 4920/4920/4920
f 4922/4922/4922 4923/4923/4923 4920/4920/4920
f 4924/4924/4924 4921/4921/4921 4923/4923/4923
f 4922/4922/4922 4925/4925/4925 4923/4923/4923
f 4926/4926/4926 4924/4924/4924 4923/4923/4923
f 4925/4925/4925 4926/4926/4926 4923/4923/4923
f 4927/4927/4927 4924/4924/4924 4926/4926/4926
f 4925/4925/4925 4928/4928/4928 4926/4926/4926
f 4929/4929/4929 4927/4927/4927 4926/4926/4926
f 4928/4928/4928 4929/4929/4929 4926/4926/4926
f 4930/4930/4930 4927/4927/4927 4929/4929/4929
f 4928/4928/4928 4931/4931/4931 4929/4929/4929
f 4932/4932/4932 4930/4930/4930 4929/4929/4929
f 4931/4931/4931 4932/4932/4932 4929/4929/4929
f 4933/4933/4933 4930/4930/4930 4932/4932/4932
f 4931/4931/4931 4934/4934/4934 4932/4932/4932
f 4935/4935/4935 4933/4933/4933 4932/4932/4932
f 4934/4934/4934 4935/4935/4935 4932/4932/4932
f 4936/4936/4936 4933/4933/4933 4935/4935/4935
f 4934/4934/4934 4937/4937/4937 4935/4935/4935
f 4938/4938/4938 4936/4936/4936 4935/4935/4935
f 4937/4937/4937 4938/4938/4938 4935/4935/4935
f 4939/4939/4939 4936/4936/4936 4938/4938/4938
f 4937/4937/4937 4940/4940/4940 4938/4938/4938
f 4941/4941/4941 4939/4939/4939 4938/4938/4938
f 4940/4940/4940 4941/4941/4941 4938/4938/4938
f 4942/4942/4942 4939/4939/4939 4941/4941/4941
f 4940/4940/4940 4943/4943/4943 4941/4941/4941
f 4944/4944/4944 4942/4942/4942 4941/4941/4941
f 4943/4943/4943 4944/4944/4944 4941/4941/4941
f 4945/4945/4945 4942/4942/4942 4944/4944/4944
f 4943/4943/4943 4946/4946/4946 4944/4944/4944
f 4947/4947/4947 4945/4945/4945 4944/4944/4944
f 4946/4946/4946 4947/4947/4947 4944/4944/4944
f 4948/4948/4948 4945/4945/4945 4947/4947/4947
f 4946/4946/4946 4949/4949/4949 4947/4947/4947
f 4950/4950/4950 4948/4948/4948 4947/4947/4947
f 4949/4949/4949 4950/4950/4950 4947/4947/4947
f 4951/4951/4951 4948/4948/4948 4950/4950/4950
f 4949/4949/4949 4952/4952/4952 4950/4950/4950
f 4953/4953/4953 4951/4951/4951 4950/4950/4950
f 4952/4952/4952 4953/4953/4953 4950/4950/4950
f 4954/4954/4954 4951/4951/4951 4953/4953/4953
f 4952/4952/4952 4955/4955/4955 4953/4953/4953
f 4956/4956/4956 4954/4954/4954 4953/4953/4953
f 4955/4955/4955 4956/4956/4956 4953/4953/4953
f 4957/4957/4957 4954/4954/4954 4956/4956/4956
f 4955/4955/4955 4958/4958/4958 4956/4956/4956
f 4959/4959/4959 4957/4957/4957 4956/4956/4956
f 4958/4958/4958 4959/4959/4959 4956/4956/4956
f 4960/4960/4960 4957/4957/4957 4959/4959/4959
f 4958/4958/4958 4961/4961/4961 4959/4959/4959
f 4962/4962/4962 4960/4960/4960 4959/4959/4959
f 4961/4961/4961 4962/4962/4962 4959/4959/4959
f 4963/4963/4963 4960/4960/4960 4962/4962/4962
f 4961/4961/4961 4964/4964/4964 4962/4962/4962
f 4965/4965/4965 4963/4963/4963 4962/4962/4962
f 4964/4964/4964 4965/4965/4965 4962/4962/4962
f 4966/4966/4966 4963/4963/4963 4965/4965/4965
f 4964/4964/4964 4967/4967/4967 4965/4965/4965
f 4968/4968/4968 4966/4966/4966 4965/4965/4965
f 4967/4967/4967 4968/4968/4968 4965/4965/4965
f 4969/4969/4969 4966/4966/4966 4968/4968/4968
f 4967/4967/4967 4970/4970/4970 4968/4968/4968
f 4971/4971/4971 4969/4969/4969 4968/4968/4968
f 4970/4970/4970 4971/4971/4971 4968/4968/4968
f 4972/4972/4972 4969/4969/4969 4971/4971/4971
f 4970/4970/4970 4973/4973/4973 4971/4971/4971
f 4974/4974/4974 4972/4972/4972 4971/4971/4971
f 4973/4973/4973 4974/4974/4974 4971/4971/4971
f 4975/4975/4975 4972/4972/4972 4974/4974/4974
f 4973/4973/4973 4976/4976/4976 4974/4974/4974
f 4977/4977/4977 4975/4975/4975 4974/4974/4974
f 4976/4976/4976 4977/4977/4977 4974/4974/4974
f 4978/4978/4978 4975/4975/4975 4977/4977/4977
f 4976/4976/4976 4979/4979/4979 4977/4977/4977
f 4980/4980/4980 4978/4978/4978 4977/4977/4977
f 4979/4979/4979 4980/4980/4980 4977/4977/4977
f 4981/4981/4981 4978/4978/4978 4980/4980/4980
f 4979/4979/4979 4982/4982/4982 4980/4980/4980
f 4983/4983/4983 4981/4981/4981 4980/4980/4980
f 4982/4982/4982 4983/4983/4983 4980/4980/4980
f 4984/4984/4984 4981/4981/4981 4983/4983/4983
f 4982/4982/4982 4985/4985/4985 4983/4983/4983
f 4986/4986/4986 4984/4984/4984 4983/4983/4983
f 4985/4985/4985 4986/4986/4986 4983/4983/4983
f 4987/4987/4987 4984/4984/4984 4986/4986/4986
f 4985/4985/4985 4988/4988/4988 4986/4986/4986
f 4989/4989/4989 4987/4987/4987 4986/4986/4986
f 4988/4988/4988 4989/4989/4989 4986/4986/4986
f 4990/4990/4990 4987/4987/4987 4989/4989/4989
f 4988/4988/4988 4991/4991/4991 4989/4989/4989
f 4992/4992/4992 4990/4990/4990 4989/4989/4989
f 4991/4991/4991 4992/4992/4992 4989/4989/4989
f 4993/4993/4993 4990/4990/4990 4992/4992/4992
f 4991/4991/4991 4994/4994/4994 4992/4992/4992
f 4995/4995/4995 4993/4993/4993 4992/4992/4992
f 4994/4994/4994 4995/4995/4995 4992/4992/4992
f 4996/4996/4996 4993/4993/4993 4995/4995/4995
f 4994/4994/4994 4997/4997/4997 4995/4995/4995
f 4998/4998/4998 4996/4996/4996 4995/4995/4995
f 4997/4997/4997 4998/4998/4998 4995/4995/4995
f 4999/4999/4999 4996/4996/4996 4998/4998/4998
f 4997/4997/4997 5000/5000/5000 4998/4998/4998
f 5001/5001/5001 4999/4999/4999 4998/4998/4998
f 5000/5000/5000 5001/5001/5001 4998/4998/4998
