g Fireball_Body_5
v 0.39667663 -0.30438077 4.255722E-08
v 0.35355338 -0.35052878 -0.04614793
v 0.35355335 -0.35355344 3.7930768E-08
v 0.39667663 -0.30177677 -0.039729606
v 0.35355338 -0.34150642 -0.09150629
v 0.39667663 -0.29400924 -0.07877947
v 0.3535534 -0.3266408 -0.13529897
v 0.39667663 -0.28121117 -0.11648139
v 0.3535534 -0.30618626 -0.17677665
v 0.39667666 -0.26360148 -0.15219033
v 0.3535534 -0.2804928 -0.2152296
v 0.39667666 -0.24148151 -0.18529518
v 0.3535534 -0.25000006 -0.24999994
v 0.39667666 -0.21522972 -0.21522962
v 0.3535534 -0.21522973 -0.28049272
v 0.39667666 -0.18529531 -0.24148141
v 0.3535534 -0.17677678 -0.30618617
v 0.39667666 -0.15219045 -0.2636014
v 0.3535534 -0.1352991 -0.3266407
v 0.3966767 -0.11648155 -0.28121108
v 0.35355344 -0.09150646 -0.3415063
v 0.3966767 -0.07877963 -0.29400915
v 0.35355344 -0.046148095 -0.35052863
v 0.3966767 -0.039729774 -0.30177665
v 0.35355344 -1.2644055E-07 -0.35355335
v 0.3966767 -1.2389195E-07 -0.30438069
v 0.3966767 -1.2389195E-07 -0.30438069
v 0.35355344 0.046147846 -0.35052866
v 0.35355344 -1.2644055E-07 -0.35355335
v 0.3966767 0.039729524 -0.30177668
v 0.35355344 0.091506205 -0.34150633
v 0.3966767 0.078779384 -0.29400915
v 0.3535535 0.13529888 -0.32664073
v 0.3966767 0.11648131 -0.2812111
v 0.3535535 0.17677654 -0.3061862
v 0.39667675 0.15219021 -0.26360142
v 0.3535535 0.21522951 -0.28049278
v 0.39667675 0.18529508 -0.24148147
v 0.3535535 0.24999984 -0.25000006
v 0.39667675 0.21522954 -0.21522969
v 0.3535535 0.28049266 -0.21522966
v 0.39667675 0.24148138 -0.18529524
v 0.3535535 0.30618617 -0.17677663
v 0.39667675 0.2636014 -0.1521903
v 0.3535535 0.3266407 -0.1352989
v 0.3966767 0.2812111 -0.11648134
v 0.35355344 0.34150633 -0.09150615
v 0.3966767 0.29400918 -0.07877934
v 0.35355344 0.35052863 -0.04614769
v 0.3966767 0.30177668 -0.039729398
v 0.3535535 0.3535533 3.638673E-07
v 0.3966767 0.30438066 3.2316208E-07
v 0.3966767 0.30438066 3.2316208E-07
v 0.35355344 0.35052857 0.046148412
v 0.3535535 0.3535533 3.638673E-07
v 0.3966767 0.3017766 0.03973004
v 0.35355344 0.34150615 0.09150684
v 0.3966767 0.29400903 0.078779966
v 0.3535534 0.32664043 0.13529958
v 0.3966767 0.28121087 0.11648194
v 0.3535534 0.30618584 0.17677726
v 0.39667666 0.2636011 0.15219085
v 0.3535534 0.28049228 0.21523026
v 0.39667666 0.24148104 0.18529575
v 0.3535534 0.2499994 0.2500006
v 0.39667666 0.21522914 0.2152302
v 0.3535534 0.21522893 0.28049332
v 0.39667666 0.1852946 0.24148194
v 0.3535534 0.17677583 0.30618674
v 0.39667666 0.1521896 0.2636019
v 0.3535534 0.13529803 0.32664114
v 0.39667663 0.11648059 0.2812115
v 0.35355338 0.09150526 0.3415067
v 0.39667663 0.078778565 0.29400948
v 0.35355338 0.046146777 0.35052887
v 0.39667663 0.039728608 0.30177686
v 0.35355338 -1.2840758E-06 0.3535534
v 0.39667663 -1.1205218E-06 0.30438074
v 0.39667663 -1.1205218E-06 0.30438074
v 0.35355338 -0.046149325 0.35052857
v 0.35355338 -1.2840758E-06 0.3535534
v 0.39667663 -0.03973083 0.3017766
v 0.35355338 -0.09150774 0.34150603
v 0.39667663 -0.07878074 0.2940089
v 0.35355335 -0.13530043 0.3266402
v 0.39667663 -0.11648268 0.28121066
v 0.35355335 -0.17677806 0.30618548
v 0.3966766 -0.15219156 0.26360083
v 0.35355335 -0.215231 0.28049183
v 0.3966766 -0.18529637 0.24148065
v 0.35355335 -0.25000122 0.24999885
v 0.3966766 -0.21523075 0.21522866
v 0.35355335 -0.2804939 0.2152283
v 0.3966766 -0.24148242 0.18529409
v 0.35355335 -0.30618718 0.17677517
v 0.3966766 -0.2636023 0.15218903
v 0.35355335 -0.32664153 0.1352973
v 0.39667663 -0.2812118 0.11647998
v 0.35355338 -0.34150696 0.09150448
v 0.39667663 -0.2940097 0.078777924
v 0.35355338 -0.35052902 0.046145976
v 0.39667663 -0.30177698 0.03972795
v 0.35355335 -0.35355344 3.7930768E-08
v 0.39667663 -0.30438077 4.255722E-08
v 0.35355344 -0.046148095 -0.35052863
v 0.35355344 -1.2644055E-07 -0.35355335
v 0.30438077 -1.2682571E-07 -0.39667663
v 0.30438077 -0.05177681 -0.393283
v 0.35355344 -0.09150646 -0.3415063
v 0.25000006 -1.2504086E-07 -0.43301263
v 0.30438074 -0.10266758 -0.3831602
v 0.3535534 -0.1352991 -0.3266407
v 0.25000006 -0.056519613 -0.42930815
v 0.19134183 -1.2111653E-07 -0.4619397
v 0.30438074 -0.15180168 -0.3664814
v 0.3535534 -0.17677678 -0.30618617
v 0.25000006 -0.11207203 -0.41825807
v 0.19134182 -0.060295343 -0.4579877
v 0.12940966 -1.1511985E-07 -0.48296288
v 0.30438074 -0.19833843 -0.34353203
v 0.3535534 -0.21522973 -0.28049272
v 0.25000006 -0.16570686 -0.40005147
v 0.19134182 -0.119558886 -0.44619948
v 0.12940964 -0.06303941 -0.47883105
v 0.065263234 -1.0715345E-07 -0.4957224
v 0.3043807 -0.24148153 -0.31470472
v 0.3535534 -0.25000006 -0.24999994
v 0.25000003 -0.21650642 -0.37499994
v 0.19134177 -0.17677677 -0.42677662
v 0.12940963 -0.12500007 -0.4665063
v 0.06526322 -0.06470486 -0.49148142
v 1.5099579E-07 -9.73536E-08 -0.5
v 0.3043807 -0.28049284 -0.28049272
v 0.3535534 -0.2804928 -0.2152296
v 0.25000003 -0.26360148 -0.34353203
v 0.19134177 -0.23096994 -0.40005147
v 0.12940961 -0.18482196 -0.44619948
v 0.06526321 -0.12830247 -0.47883108
v 1.3990416E-07 -0.06526318 -0.4957224
v -0.065262936 -8.588802E-08 -0.4957224
v 0.30438069 -0.31470484 -0.24148141
v 0.3535534 -0.30618626 -0.17677665
v 0.25 -0.30618626 -0.30618614
v 0.19134177 -0.28121114 -0.3664814
v 0.12940961 -0.24148153 -0.41825807
v 0.065263204 -0.18970482 -0.4579878
v 1.2808448E-07 -0.12940958 -0.4829629
v -0.06526294 -0.064704835 -0.49148142
v -0.12940934 -7.2952886E-08 -0.48296297
v -0.12940934 -0.06303937 -0.47883117
v -0.19134153 -5.87695E-08 -0.46193984
v -0.06526296 -0.12830245 -0.47883108
v 1.15739E-07 -0.19134176 -0.46193972
v 0.06526319 -0.24786128 -0.4293082
v 0.12940958 -0.2940092 -0.3831602
v -0.19134155 -0.06029529 -0.45798784
v -0.24999988 -4.358054E-08 -0.4330128
v -0.12940937 -0.12500004 -0.46650642
v -0.065262966 -0.18970478 -0.4579878
v 1.03078925E-07 -0.25000006 -0.4330127
v -0.24999988 -0.056519542 -0.4293083
v -0.3043806 -2.764591E-08 -0.39667675
v -0.19134155 -0.11955885 -0.4461996
v -0.12940937 -0.18482195 -0.4461996
v -0.3043806 -0.051776722 -0.3932831
v -0.35355327 -1.1238254E-08 -0.3535535
v -0.35355327 -0.04614799 -0.35052878
v -0.2499999 -0.11207197 -0.41825825
v -0.3043806 -0.10266749 -0.38316032
v -0.35355327 -0.09150636 -0.34150645
v -0.1913416 -0.1767767 -0.42677677
v -0.06526298 -0.24786125 -0.4293082
v -0.2499999 -0.16570683 -0.40005165
v -0.3043806 -0.15180159 -0.3664815
v -0.3535533 -0.13529903 -0.32664084
v -0.12940939 -0.24148151 -0.4182582
v -0.1913416 -0.2309699 -0.40005165
v -0.24999993 -0.21650638 -0.37500006
v -0.30438063 -0.19833833 -0.34353215
v -0.3535533 -0.1767767 -0.30618632
v -0.30438063 -0.24148144 -0.31470478
v -0.3535533 -0.21522968 -0.28049284
v -0.24999993 -0.26360145 -0.34353215
v -0.1913416 -0.2812111 -0.3664815
v -0.1294094 -0.2940092 -0.38316026
v -0.065262996 -0.30177668 -0.39328304
v -0.30438063 -0.28049275 -0.28049278
v -0.3535533 -0.25 -0.25000006
v -0.24999996 -0.30618623 -0.30618626
v -0.19134161 -0.32664073 -0.3266408
v -0.12940942 -0.34150633 -0.34150642
v -0.30438066 -0.31470475 -0.24148147
v -0.3535533 -0.28049275 -0.21522973
v -0.24999996 -0.34353206 -0.26360148
v -0.19134162 -0.36648142 -0.28121117
v -0.30438063 -0.34353206 -0.19833837
v -0.3535533 -0.3061862 -0.17677677
v -0.24999994 -0.375 -0.2165064
v -0.30438066 -0.36648145 -0.15180162
v -0.3535533 -0.32664073 -0.13529907
v -0.06526301 -0.35052866 -0.35052866
v -0.12940942 -0.3831602 -0.2940092
v -0.19134162 -0.40005156 -0.23096994
v -0.24999996 -0.4000516 -0.1657068
v -0.30438066 -0.38316023 -0.1026675
v -0.35355335 -0.34150633 -0.091506384
v -0.06526302 -0.39328304 -0.30177668
v -0.12940943 -0.41825813 -0.24148151
v -0.19134164 -0.42677668 -0.1767767
v -0.24999997 -0.41825816 -0.11207196
v -0.30438069 -0.39328304 -0.051776722
v -0.35355335 -0.35052872 -0.046148017
v -0.06526303 -0.4293082 -0.24786125
v -0.12940945 -0.44619957 -0.1848219
v -0.19134164 -0.44619954 -0.11955882
v -0.25 -0.42930824 -0.056519527
v -0.30438069 -0.39667666 -3.26553E-08
v -0.35355338 -0.35355338 -3.7930775E-08
v -0.06526305 -0.45798782 -0.18970473
v -0.12940946 -0.46650633 -0.125
v -0.19134167 -0.45798782 -0.06029525
v -0.25 -0.43301272 -2.6821105E-08
v -0.30438069 -0.39328334 0.051774383
v -0.35355335 -0.35052893 0.04614591
v -0.06526305 -0.47883108 -0.1283024
v -0.12940946 -0.47883108 -0.06303932
v -0.19134167 -0.46193975 -2.0527981E-08
v -0.25 -0.42930856 0.056516986
v -0.30438069 -0.3831608 0.1026653
v -0.35355335 -0.34150687 0.09150442
v -0.06526306 -0.49148145 -0.06470475
v -0.12940948 -0.4829629 -1.38836205E-08
v -0.19134167 -0.45798814 0.06029256
v -0.25 -0.41825882 0.11206958
v -0.30438069 -0.36648226 0.1517996
v -0.35355338 -0.32664147 0.13529725
v -0.06526307 -0.4957224 -7.0017108E-09
v -0.12940948 -0.47883144 0.06303652
v -0.19134168 -0.44620025 0.1195563
v -0.25 -0.4000525 0.16570465
v -0.3043807 -0.3435331 0.19833656
v -0.35355338 -0.30618715 0.17677513
v -0.06526308 -0.4914818 0.06470191
v -0.12940948 -0.46650705 0.124997385
v -0.19134168 -0.42677763 0.17677438
v -0.25 -0.37500113 0.21650444
v -0.30438069 -0.3147059 0.24147989
v -0.35355338 -0.28049383 0.21522829
v -0.06526308 -0.47883183 0.12829971
v -0.12940949 -0.44620052 0.1848195
v -0.19134167 -0.4000528 0.2309678
v -0.25 -0.3435334 0.26359972
v -0.30438069 -0.28049406 0.28049144
v -0.35355338 -0.25000116 0.24999884
v -0.065263085 -0.4579888 0.18970227
v -0.12940949 -0.41825938 0.24147929
v -0.19134167 -0.36648285 0.28120926
v -0.25 -0.30618766 0.30618477
v -0.30438069 -0.24148284 0.31470367
v -0.35355338 -0.21523091 0.2804918
v -0.065263085 -0.4293095 0.24785897
v -0.1294095 -0.3831617 0.29400727
v -0.19134168 -0.3266423 0.32663918
v -0.25 -0.263603 0.34353086
v -0.30438069 -0.19833976 0.34353122
v -0.35355338 -0.17677799 0.30618545
v -0.065263085 -0.39328453 0.3017747
v -0.12940948 -0.34150797 0.3415047
v -0.19134167 -0.28121278 0.36648017
v -0.25 -0.21650794 0.37499908
v -0.30438069 -0.15180306 0.36648083
v -0.35355338 -0.13530034 0.3266402
v -0.065263085 -0.35053036 0.350527
v -0.12940948 -0.29401094 0.3831589
v -0.19134167 -0.23097157 0.40005058
v -0.24999997 -0.16570842 0.4000509
v -0.30438069 -0.10266893 0.38315982
v -0.35355335 -0.09150764 0.341506
v -0.06526308 -0.30177844 0.39328167
v -0.12940948 -0.24148324 0.4182571
v -0.19134167 -0.17677842 0.42677596
v -0.24999997 -0.11207354 0.41825774
v -0.30438066 -0.051778097 0.39328283
v -0.35355335 -0.04614922 0.35052857
v -0.30438066 -1.3264794E-06 0.39667666
v -0.35355335 -1.1688738E-06 0.3535534
v -0.24999996 -1.4613886E-06 0.43301272
v -0.24999996 -0.056521043 0.429308
v -0.19134164 -1.571293E-06 0.46193975
v -0.19134167 -0.060296897 0.45798758
v -0.12940945 -1.6543122E-06 0.4829629
v -0.19134167 -0.11956053 0.44619906
v -0.12940946 -0.06304105 0.4788308
v -0.06526304 -1.7090256E-06 0.4957224
v -0.12940946 -0.1250018 0.46650586
v -0.06526305 -0.06470656 0.49148118
v 4.3711104E-08 -1.7344971E-06 0.5
v -0.12940948 -0.18482374 0.44619876
v 3.3537322E-08 -0.06526492 0.49572214
v 0.06526313 -1.730291E-06 0.4957224
v -0.06526306 -0.12830427 0.4788306
v -0.06526307 -0.18970662 0.457987
v 0.065263115 -0.06470657 0.49148118
v 0.12940954 -1.696479E-06 0.48296294
v 2.4455453E-08 -0.12941141 0.4829624
v -0.06526308 -0.24786304 0.42930713
v 0.12940954 -0.06304109 0.47883087
v 0.19134171 -1.6336397E-06 0.46193975
v 0.06526311 -0.12830429 0.4788306
v 1.6620909E-08 -0.1913436 0.46193895
v 1.0167722E-08 -0.25000185 0.43301162
v 0.1913417 -0.060296953 0.45798758
v 0.25 -1.5428488E-06 0.43301272
v 0.12940954 -0.12500183 0.4665059
v 0.0652631 -0.18970667 0.457987
v 5.2063047E-09 -0.3043825 0.3966753
v 0.25 -0.056521118 0.429308
v 0.30438069 -1.425659E-06 0.3966767
v 0.1913417 -0.11956057 0.44619906
v 0.12940952 -0.18482375 0.44619882
v 0.06526309 -0.24786308 0.42930713
v 1.8215746E-09 -0.35355505 0.35355166
v 0.30438069 -0.051778186 0.3932829
v 0.35355338 -1.2840758E-06 0.3535534
v 0.35355338 -0.046149325 0.35052857
v 0.24999997 -0.1120736 0.41825774
v 0.30438069 -0.102669016 0.38315985
v 0.35355338 -0.09150774 0.34150603
v 0.1913417 -0.17677847 0.42677596
v 0.30438069 -0.15180314 0.36648086
v 0.35355335 -0.13530043 0.3266402
v 0.24999997 -0.16570847 0.4000509
v 0.1294095 -0.24148326 0.41825712
v 0.30438066 -0.19833986 0.34353125
v 0.35355335 -0.17677806 0.30618548
v 0.24999996 -0.21650799 0.37499908
v 0.1913417 -0.23097162 0.40005058
v 0.06526309 -0.3017785 0.39328167
v 0.30438069 -0.24148294 0.3147037
v 0.35355335 -0.215231 0.28049183
v 0.24999996 -0.263603 0.34353092
v 0.1913417 -0.28121278 0.36648017
v 0.1294095 -0.29401094 0.38315895
v 0.065263085 -0.35053036 0.350527
v 0.30438069 -0.28049415 0.28049144
v 0.35355335 -0.25000122 0.24999885
v 0.24999996 -0.3061877 0.30618477
v 0.19134168 -0.3266423 0.32663918
v 0.1294095 -0.34150803 0.34150475
v 7.1419995E-11 -0.39667815 0.30437872
v 0.30438066 -0.314706 0.2414799
v 0.35355335 -0.2804939 0.2152283
v 0.24999996 -0.3435334 0.26359972
v 0.1913417 -0.36648285 0.2812093
v 0.12940949 -0.38316172 0.2940073
v 0.065263085 -0.39328453 0.30177474
v -1.4206891E-11 -0.43301398 0.24999776
v 0.30438063 -0.34353313 0.19833657
v 0.35355335 -0.30618718 0.17677517
v 0.24999994 -0.37500113 0.21650444
v 0.1913417 -0.4000528 0.23096783
v 0.1294095 -0.41825947 0.24147932
v 0.06526308 -0.4293095 0.24785902
v 1.5661628E-09 -0.4619408 0.19133922
v 0.30438066 -0.36648232 0.15179965
v 0.35355335 -0.32664153 0.1352973
v 0.24999996 -0.4000525 0.16570465
v 0.19134168 -0.42677763 0.17677443
v 0.1294095 -0.44620058 0.18481952
v 0.065263085 -0.4579888 0.18970232
v 4.7854893E-09 -0.48296362 0.12940681
v 0.30438066 -0.38316086 0.102665365
v 0.35355338 -0.34150696 0.09150448
v 0.24999994 -0.41825882 0.112069614
v 0.19134168 -0.44620025 0.11955632
v 0.1294095 -0.4665071 0.12499739
v 0.065263085 -0.47883183 0.12829973
v 9.588687E-09 -0.4957228 0.06526022
v 0.30438069 -0.39328337 0.051774442
v 0.35355338 -0.35052902 0.046145976
v 0.24999996 -0.42930856 0.05651703
v 0.1913417 -0.45798814 0.06029259
v 0.1294095 -0.47883147 0.06303654
v 0.06526309 -0.4914818 0.064701915
v 1.5893255E-08 -0.5 2.2431207E-15
v 0.30438069 -0.3966767 3.26553E-08
v 0.35355335 -0.35355344 3.7930768E-08
v 0.24999996 -0.43301272 2.68211E-08
v 0.1913417 -0.46193975 2.0527986E-08
v 0.12940952 -0.48296294 1.3883628E-08
v 0.0652631 -0.4957224 7.001713E-09
v 2.3591866E-08 -0.4957224 -0.065263085
v 0.30438069 -0.39328307 -0.05177665
v 0.35355338 -0.35052878 -0.04614793
v 0.24999996 -0.42930824 -0.05651946
v 0.1913417 -0.45798782 -0.060295206
v 0.12940954 -0.47883114 -0.06303929
v 0.0652631 -0.49148145 -0.06470474
v 3.2552567E-08 -0.4829629 -0.1294095
v 0.30438069 -0.38316026 -0.10266741
v 0.35355338 -0.34150642 -0.09150629
v 0.24999997 -0.41825816 -0.11207189
v 0.19134171 -0.44619957 -0.11955876
v 0.12940954 -0.46650636 -0.12499997
v 0.065263115 -0.47883108 -0.12830237
v 4.2622027E-08 -0.46193975 -0.19134168
v 0.30438069 -0.3664815 -0.15180151
v 0.3535534 -0.3266408 -0.13529897
v 0.25 -0.4000516 -0.16570672
v 0.19134171 -0.42677674 -0.17677662
v 0.12940954 -0.4461996 -0.18482184
v 0.06526312 -0.45798782 -0.1897047
v 5.362797E-08 -0.4330127 -0.25
v 0.3043807 -0.3435321 -0.19833831
v 0.25 -0.37500003 -0.21650632
v 0.25 -0.3435321 -0.2636014
v 0.06526314 -0.4293082 -0.2478612
v 6.538206E-08 -0.39667666 -0.30438069
v 0.19134174 -0.40005156 -0.23096983
v 0.12940955 -0.41825816 -0.24148145
v 0.19134176 -0.32664073 -0.32664067
v 0.19134174 -0.36648145 -0.28121102
v 0.06526315 -0.39328304 -0.30177665
v 0.12940957 -0.38316026 -0.29400915
v 0.12940957 -0.3415064 -0.3415063
v 7.7683204E-08 -0.35355338 -0.35355338
v 0.06526316 -0.35052866 -0.35052866
v 0.06526317 -0.30177674 -0.39328304
v 9.0320896E-08 -0.30438074 -0.39667666
v 0.35355338 0.046146777 0.35052887
v 0.35355338 -1.2840758E-06 0.3535534
v 0.30438069 -1.425659E-06 0.3966767
v 0.30438069 0.05177537 0.39328328
v 0.35355338 0.09150526 0.3415067
v 0.25 -1.5428488E-06 0.43301272
v 0.3043807 0.10266626 0.3831606
v 0.3535534 0.13529803 0.32664114
v 0.25 0.05651806 0.4293084
v 0.19134171 -1.6336397E-06 0.46193975
v 0.3043807 0.1518005 0.36648193
v 0.3535534 0.17677583 0.30618674
v 0.25 0.11207061 0.41825855
v 0.19134174 0.060293708 0.457988
v 0.12940954 -1.696479E-06 0.48296294
v 0.30438074 0.19833738 0.34353262
v 0.3535534 0.21522893 0.28049332
v 0.25 0.16570562 0.40005207
v 0.19134174 0.11955742 0.44619995
v 0.12940955 0.06303773 0.47883135
v 0.06526313 -1.730291E-06 0.4957224
v 0.30438074 0.24148063 0.31470534
v 0.3535534 0.2499994 0.2500006
v 0.25000003 0.21650533 0.3750006
v 0.19134177 0.17677543 0.4267772
v 0.12940957 0.124998555 0.46650675
v 0.06526314 0.06470315 0.49148166
v 4.3711104E-08 -1.7344971E-06 0.5
v 0.30438074 0.2804921 0.28049338
v 0.3535534 0.28049228 0.21523026
v 0.25000003 0.26360056 0.34353274
v 0.19134177 0.23096877 0.40005222
v 0.12940958 0.1848206 0.4462001
v 0.065263145 0.12830094 0.4788315
v 5.4802722E-08 0.06526148 0.49572265
v -0.06526304 -1.7090256E-06 0.4957224
v 0.30438077 0.31470424 0.2414821
v 0.3535534 0.30618584 0.17677726
v 0.25000006 0.3061855 0.30618688
v 0.19134177 0.28121015 0.36648217
v 0.12940958 0.24148035 0.41825885
v 0.06526315 0.18970343 0.45798835
v 6.66224E-08 0.12940805 0.48296332
v -0.06526303 0.064703174 0.49148166
v -0.12940945 -1.6543122E-06 0.4829629
v -0.12940945 0.06303777 0.47883132
v -0.19134164 -1.571293E-06 0.46193975
v -0.065263025 0.12830095 0.4788315
v 7.89679E-08 0.1913404 0.4619403
v 0.06526317 0.24786006 0.4293089
v 0.12940961 0.29400823 0.38316098
v -0.19134162 0.060293783 0.457988
v -0.24999996 -1.4613886E-06 0.43301272
v -0.12940942 0.12499861 0.46650672
v -0.06526301 0.18970348 0.45798835
v 9.1627996E-08 0.24999887 0.43301338
v -0.24999996 0.056518152 0.4293084
v -0.30438066 -1.3264794E-06 0.39667666
v -0.19134162 0.11955749 0.44619995
v -0.12940942 0.18482067 0.44620004
v -0.30438066 0.05177547 0.39328322
v -0.35355335 -1.1688738E-06 0.3535534
v -0.35355335 0.046146903 0.35052887
v -0.24999994 0.11207072 0.41825855
v -0.30438063 0.10266636 0.38316053
v -0.35355335 0.09150539 0.3415067
v -0.1913416 0.17677554 0.42677718
v -0.065262996 0.2478601 0.4293089
v -0.24999994 0.16570571 0.40005207
v -0.30438063 0.1518006 0.3664819
v -0.3535533 0.13529818 0.32664114
v -0.1294094 0.2414804 0.41825882
v -0.1913416 0.2309689 0.4000522
v -0.24999993 0.21650545 0.3750006
v -0.30438063 0.19833751 0.3435326
v -0.3535533 0.17677599 0.30618674
v -0.3043806 0.24148077 0.3147053
v -0.3535533 0.2152291 0.2804933
v -0.24999993 0.26360068 0.3435327
v -0.1913416 0.28121027 0.3664821
v -0.12940939 0.2940083 0.38316092
v -0.06526298 0.30177575 0.39328375
v -0.3043806 0.28049225 0.28049338
v -0.3535533 0.24999957 0.25000054
v -0.24999988 0.30618563 0.3061869
v -0.19134156 0.32664007 0.32664147
v -0.12940937 0.34150565 0.3415071
v -0.3043806 0.31470436 0.24148208
v -0.3535533 0.28049245 0.21523021
v -0.24999988 0.34353164 0.2636021
v -0.19134155 0.36648098 0.28121182
v -0.3043806 0.3435318 0.19833893
v -0.3535533 0.30618602 0.17677723
v -0.2499999 0.37499967 0.21650702
v -0.3043806 0.36648127 0.15180214
v -0.3535533 0.32664067 0.13529953
v -0.065262966 0.3505279 0.35052946
v -0.12940937 0.3831597 0.29400995
v -0.19134155 0.40005124 0.23097056
v -0.24999988 0.40005141 0.16570741
v -0.3043806 0.38316017 0.10266796
v -0.35355327 0.3415064 0.09150679
v -0.06526296 0.3932824 0.30177745
v -0.12940936 0.41825777 0.24148218
v -0.19134153 0.4267765 0.17677733
v -0.24999987 0.41825807 0.11207248
v -0.30438057 0.39328307 0.05177711
v -0.35355327 0.35052878 0.04614835
v -0.06526294 0.42930773 0.24786194
v -0.12940934 0.44619933 0.18482259
v -0.19134153 0.44619945 0.1195594
v -0.24999984 0.42930824 0.056519967
v -0.30438057 0.39667675 3.330361E-07
v -0.35355324 0.35355353 2.8800585E-07
v -0.06526293 0.45798746 0.18970545
v -0.12940933 0.4665062 0.12500063
v -0.1913415 0.45798782 0.060295746
v -0.24999984 0.4330128 3.7236805E-07
v -0.30438057 0.39328316 -0.051776454
v -0.35355327 0.35052887 -0.046147775
v -0.06526293 0.4788309 0.12830304
v -0.12940933 0.47883108 0.06303985
v -0.1913415 0.46193984 4.0532868E-07
v -0.24999984 0.42930835 -0.05651923
v -0.30438054 0.38316038 -0.10266734
v -0.35355327 0.34150657 -0.09150625
v -0.06526291 0.49148136 0.064705305
v -0.12940931 0.48296297 4.31354E-07
v -0.1913415 0.45798793 -0.060294934
v -0.24999982 0.4182583 -0.11207178
v -0.30438054 0.36648157 -0.15180154
v -0.35355324 0.32664093 -0.135299
v -0.065262906 0.4957224 4.4999877E-07
v -0.12940931 0.4788312 -0.06303898
v -0.19134149 0.44619972 -0.11955862
v -0.24999984 0.4000517 -0.16570671
v -0.30438054 0.34353217 -0.19833834
v -0.35355324 0.30618635 -0.17677675
v -0.065262906 0.49148145 -0.06470442
v -0.12940931 0.46650648 -0.124999784
v -0.19134149 0.42677683 -0.17677663
v -0.24999982 0.37500012 -0.21650638
v -0.30438054 0.3147048 -0.24148154
v -0.35355324 0.28049284 -0.2152298
v -0.0652629 0.47883117 -0.12830219
v -0.1294093 0.4461997 -0.18482181
v -0.1913415 0.40005168 -0.23096992
v -0.24999984 0.34353215 -0.2636015
v -0.30438057 0.28049275 -0.2804929
v -0.35355324 0.25 -0.25000018
v -0.06526289 0.45798784 -0.18970464
v -0.1294093 0.41825825 -0.24148147
v -0.1913415 0.36648145 -0.28121123
v -0.24999984 0.3061862 -0.3061864
v -0.30438057 0.24148141 -0.3147049
v -0.35355324 0.21522966 -0.2804929
v -0.06526289 0.42930824 -0.2478612
v -0.1294093 0.38316026 -0.29400927
v -0.19134149 0.32664073 -0.32664093
v -0.24999984 0.2636014 -0.3435322
v -0.30438054 0.19833831 -0.34353217
v -0.35355324 0.17677669 -0.30618635
v -0.06526289 0.393283 -0.30177674
v -0.12940931 0.3415063 -0.34150654
v -0.1913415 0.28121105 -0.36648157
v -0.24999984 0.2165063 -0.37500015
v -0.30438057 0.15180154 -0.36648154
v -0.35355324 0.13529903 -0.32664087
v -0.06526289 0.3505286 -0.35052878
v -0.12940931 0.2940091 -0.38316038
v -0.1913415 0.23096983 -0.40005168
v -0.24999987 0.16570674 -0.4000517
v -0.30438057 0.102667436 -0.38316032
v -0.35355327 0.09150634 -0.34150645
v -0.065262906 0.3017766 -0.3932831
v -0.12940931 0.24148138 -0.41825828
v -0.1913415 0.17677663 -0.4267768
v -0.24999987 0.11207187 -0.41825828
v -0.3043806 0.051776662 -0.3932831
v -0.35355327 0.04614797 -0.35052884
v -0.3043806 -2.764591E-08 -0.39667675
v -0.35355327 -1.1238254E-08 -0.3535535
v -0.24999988 -4.358054E-08 -0.4330128
v -0.24999988 0.056519456 -0.4293083
v -0.19134153 -5.87695E-08 -0.46193984
v -0.1913415 0.06029518 -0.45798787
v -0.12940934 -7.2952886E-08 -0.48296297
v -0.1913415 0.11955873 -0.44619963
v -0.12940933 0.06303923 -0.47883117
v -0.065262936 -8.588802E-08 -0.4957224
v -0.12940933 0.1249999 -0.46650645
v -0.06526293 0.06470466 -0.49148145
v 1.5099579E-07 -9.73536E-08 -0.5
v -0.12940931 0.18482181 -0.4461997
v 1.611696E-07 0.06526298 -0.4957224
v 0.065263234 -1.0715345E-07 -0.4957224
v -0.06526291 0.12830229 -0.47883108
v -0.065262906 0.18970464 -0.45798784
v 0.06526324 0.06470464 -0.49148145
v 0.12940966 -1.1511985E-07 -0.48296288
v 1.7025145E-07 0.1294094 -0.48296294
v -0.065262906 0.24786112 -0.42930827
v 0.12940966 0.06303918 -0.47883105
v 0.19134183 -1.2111653E-07 -0.4619397
v 0.06526325 0.12830226 -0.47883108
v 1.7808604E-07 0.1913416 -0.4619398
v 1.8453927E-07 0.24999988 -0.43301275
v 0.19134185 0.060295105 -0.45798773
v 0.25000006 -1.2504086E-07 -0.43301263
v 0.12940966 0.12499985 -0.46650633
v 0.065263264 0.18970461 -0.45798784
v 1.8950072E-07 0.30438057 -0.39667675
v 0.25000006 0.05651936 -0.42930815
v 0.30438077 -1.2682571E-07 -0.39667663
v 0.19134185 0.119558655 -0.44619948
v 0.12940967 0.18482175 -0.44619957
v 0.065263264 0.24786107 -0.42930827
v 1.9288552E-07 0.3535533 -0.3535535
v 0.30438077 0.051776562 -0.393283
v 0.35355344 -1.2644055E-07 -0.35355335
v 0.35355344 0.046147846 -0.35052866
v 0.2500001 0.11207178 -0.41825813
v 0.3043808 0.10266733 -0.3831602
v 0.35355344 0.091506205 -0.34150633
v 0.19134185 0.17677651 -0.42677665
v 0.3043808 0.15180144 -0.36648145
v 0.3535535 0.13529888 -0.32664073
v 0.2500001 0.16570663 -0.40005156
v 0.12940969 0.24148132 -0.41825816
v 0.3043808 0.19833818 -0.34353206
v 0.3535535 0.17677654 -0.3061862
v 0.25000012 0.21650618 -0.375
v 0.19134185 0.23096971 -0.40005153
v 0.065263264 0.30177653 -0.3932831
v 0.3043808 0.24148127 -0.3147048
v 0.3535535 0.21522951 -0.28049278
v 0.25000012 0.26360127 -0.3435321
v 0.19134185 0.2812109 -0.36648145
v 0.12940969 0.29400903 -0.38316026
v 0.06526327 0.3505286 -0.35052878
v 0.3043808 0.2804926 -0.28049284
v 0.3535535 0.24999984 -0.25000006
v 0.25000012 0.30618605 -0.30618632
v 0.19134188 0.32664058 -0.32664078
v 0.12940969 0.3415062 -0.34150642
v 1.9463572E-07 0.39667663 -0.30438074
v 0.3043808 0.31470463 -0.24148147
v 0.3535535 0.28049266 -0.21522966
v 0.25000012 0.343532 -0.26360145
v 0.19134185 0.36648136 -0.2812111
v 0.1294097 0.38316017 -0.2940092
v 0.06526327 0.393283 -0.3017767
v 1.9472141E-07 0.43301272 -0.24999997
v 0.30438083 0.34353206 -0.1983383
v 0.3535535 0.30618617 -0.17677663
v 0.25000012 0.37499994 -0.2165063
v 0.19134185 0.40005153 -0.2309698
v 0.12940969 0.41825813 -0.24148141
v 0.06526328 0.42930824 -0.24786118
v 1.931411E-07 0.46193984 -0.1913416
v 0.3043808 0.36648145 -0.15180145
v 0.3535535 0.3266407 -0.1352989
v 0.25000012 0.40005156 -0.16570665
v 0.19134188 0.42677668 -0.17677651
v 0.12940969 0.44619957 -0.18482175
v 0.06526327 0.45798784 -0.18970461
v 1.8992186E-07 0.48296297 -0.12940928
v 0.3043808 0.38316026 -0.10266725
v 0.35355344 0.34150633 -0.09150615
v 0.25000012 0.41825816 -0.1120717
v 0.19134188 0.44619957 -0.11955856
v 0.12940969 0.46650636 -0.12499976
v 0.06526327 0.47883117 -0.12830216
v 1.8511871E-07 0.49572244 -0.06526274
v 0.3043808 0.39328304 -0.051776383
v 0.35355344 0.35052863 -0.04614769
v 0.25000012 0.4293082 -0.056519166
v 0.19134185 0.4579878 -0.060294885
v 0.12940969 0.47883108 -0.063038945
v 0.065263264 0.49148145 -0.06470441
v 1.7881388E-07 0.5 4.609439E-07
v 0.3043808 0.39667663 3.9834666E-07
v 0.3535535 0.3535533 3.638673E-07
v 0.25000012 0.43301263 4.2601025E-07
v 0.19134185 0.4619397 4.4638458E-07
v 0.12940967 0.48296288 4.591212E-07
v 0.065263264 0.4957224 4.6400217E-07
v 1.7111522E-07 0.49572235 0.06526366
v 0.3043808 0.39328295 0.05177717
v 0.35355344 0.35052857 0.046148412
v 0.25000012 0.4293081 0.05652001
v 0.19134185 0.45798767 0.060295776
v 0.12940966 0.47883096 0.06303987
v 0.06526326 0.49148136 0.06470532
v 1.6215449E-07 0.4829627 0.12941016
v 0.30438077 0.38316005 0.102668025
v 0.35355344 0.34150615 0.09150684
v 0.2500001 0.41825792 0.11207252
v 0.19134183 0.4461993 0.11955942
v 0.12940966 0.4665061 0.12500064
v 0.06526324 0.4788309 0.12830305
v 1.5208502E-07 0.46193945 0.19134243
v 0.30438077 0.36648116 0.1518022
v 0.3535534 0.32664043 0.13529958
v 0.25000006 0.40005127 0.16570744
v 0.19134183 0.42677635 0.17677738
v 0.12940966 0.4461992 0.18482262
v 0.065263234 0.45798746 0.18970548
v 1.4107907E-07 0.43301222 0.25000075
v 0.30438074 0.34353167 0.19833894
v 0.25000006 0.37499958 0.21650702
v 0.25000006 0.3435315 0.2636021
v 0.06526322 0.42930773 0.24786197
v 1.2932495E-07 0.39667606 0.3043815
v 0.19134182 0.40005106 0.2309706
v 0.12940964 0.41825765 0.2414822
v 0.1913418 0.32663998 0.3266415
v 0.19134182 0.36648083 0.28121185
v 0.065263204 0.3932824 0.30177748
v 0.12940963 0.38315958 0.29400995
v 0.12940963 0.34150553 0.34150714
v 1.1702379E-07 0.3535526 0.3535542
v 0.0652632 0.3505279 0.35052946
v 0.06526319 0.30177572 0.39328375
v 1.0438603E-07 0.30437973 0.3966774
v -0.35355338 -0.35355338 -3.7930775E-08
v -0.39667663 -0.30177674 -0.039729703
v -0.39667663 -0.30438074 -4.255722E-08
v -0.35355335 -0.35052872 -0.046148017
v -0.39667663 -0.2940092 -0.07877957
v -0.35355335 -0.34150633 -0.091506384
v -0.39667663 -0.28121114 -0.116481505
v -0.3535533 -0.32664073 -0.13529907
v -0.3966766 -0.26360142 -0.15219045
v -0.3535533 -0.3061862 -0.17677677
v -0.3966766 -0.24148145 -0.18529531
v -0.3535533 -0.28049275 -0.21522973
v -0.3966766 -0.21522966 -0.21522975
v -0.3535533 -0.25 -0.25000006
v -0.3966766 -0.18529525 -0.24148154
v -0.3535533 -0.21522968 -0.28049284
v -0.3966766 -0.15219036 -0.2636015
v -0.3535533 -0.1767767 -0.30618632
v -0.39667654 -0.116481446 -0.28121123
v -0.3535533 -0.13529903 -0.32664084
v -0.39667654 -0.07877952 -0.2940093
v -0.35355327 -0.09150636 -0.34150645
v -0.39667654 -0.039729655 -0.3017768
v -0.35355327 -0.04614799 -0.35052878
v -0.39667654 5.361695E-09 -0.30438083
v -0.35355327 -1.1238254E-08 -0.3535535
v -0.35355327 -1.1238254E-08 -0.3535535
v -0.39667654 0.039729662 -0.30177683
v -0.39667654 5.361695E-09 -0.30438083
v -0.35355327 0.04614797 -0.35052884
v -0.39667654 0.07877953 -0.29400933
v -0.35355327 0.09150634 -0.34150645
v -0.39667654 0.116481476 -0.28121126
v -0.35355324 0.13529903 -0.32664087
v -0.3966765 0.15219039 -0.26360157
v -0.35355324 0.17677669 -0.30618635
v -0.3966765 0.18529525 -0.2414816
v -0.35355324 0.21522966 -0.2804929
v -0.3966765 0.21522972 -0.21522982
v -0.35355324 0.25 -0.25000018
v -0.3966765 0.24148154 -0.18529537
v -0.35355324 0.28049284 -0.2152298
v -0.3966765 0.26360157 -0.15219042
v -0.35355324 0.30618635 -0.17677675
v -0.39667654 0.2812113 -0.116481446
v -0.35355324 0.32664093 -0.135299
v -0.39667654 0.2940094 -0.078779444
v -0.35355327 0.34150657 -0.09150625
v -0.39667654 0.30177686 -0.039729495
v -0.35355327 0.35052887 -0.046147775
v -0.39667654 0.30438083 2.3804772E-07
v -0.35355324 0.35355353 2.8800585E-07
v -0.35355324 0.35355353 2.8800585E-07
v -0.39667654 0.3017768 0.039729964
v -0.39667654 0.30438083 2.3804772E-07
v -0.35355327 0.35052878 0.04614835
v -0.39667654 0.2940092 0.0787799
v -0.35355327 0.3415064 0.09150679
v -0.39667654 0.28121105 0.11648189
v -0.3535533 0.32664067 0.13529953
v -0.3966766 0.26360127 0.15219082
v -0.3535533 0.30618602 0.17677723
v -0.3966766 0.2414812 0.18529572
v -0.3535533 0.28049245 0.21523021
v -0.3966766 0.2152293 0.21523017
v -0.3535533 0.24999957 0.25000054
v -0.3966766 0.18529476 0.24148193
v -0.3535533 0.2152291 0.2804933
v -0.3966766 0.15218978 0.26360187
v -0.3535533 0.17677599 0.30618674
v -0.39667663 0.116480745 0.2812115
v -0.3535533 0.13529818 0.32664114
v -0.39667663 0.07877872 0.29400948
v -0.35355335 0.09150539 0.3415067
v -0.39667663 0.03972875 0.30177686
v -0.35355335 0.046146903 0.35052887
v -0.39667663 -9.912684E-07 0.30438074
v -0.35355335 -1.1688738E-06 0.3535534
v -0.35355335 -1.1688738E-06 0.3535534
v -0.39667663 -0.03973071 0.3017766
v -0.39667663 -9.912684E-07 0.30438074
v -0.35355335 -0.04614922 0.35052857
v -0.39667663 -0.07878063 0.2940089
v -0.35355335 -0.09150764 0.341506
v -0.39667663 -0.11648258 0.28121066
v -0.35355338 -0.13530034 0.3266402
v -0.39667666 -0.15219146 0.2636008
v -0.35355338 -0.17677799 0.30618545
v -0.39667666 -0.18529633 0.24148063
v -0.35355338 -0.21523091 0.2804918
v -0.39667666 -0.21523069 0.21522865
v -0.35355338 -0.25000116 0.24999884
v -0.39667666 -0.24148239 0.18529405
v -0.35355338 -0.28049383 0.21522829
v -0.39667666 -0.26360223 0.15218899
v -0.35355338 -0.30618715 0.17677513
v -0.39667663 -0.28121176 0.116479926
v -0.35355338 -0.32664147 0.13529725
v -0.39667663 -0.29400966 0.07877786
v -0.35355335 -0.34150687 0.09150442
v -0.39667663 -0.30177695 0.03972787
v -0.35355335 -0.35052893 0.04614591
v -0.39667663 -0.30438074 -4.255722E-08
v -0.35355338 -0.35355338 -3.7930775E-08
v 0.43301263 -0.25000006 4.645551E-08
v 0.39667663 -0.30177677 -0.039729606
v 0.39667663 -0.30438077 4.255722E-08
v 0.43301263 -0.24786128 -0.032631498
v 0.39667663 -0.29400924 -0.07877947
v 0.43301263 -0.24786147 0.032630153
v 0.39667663 -0.30177698 0.03972795
v 0.43301263 -0.24148153 -0.0647047
v 0.39667663 -0.28121117 -0.11648139
v 0.43301263 -0.24148189 0.06470346
v 0.39667663 -0.2940097 0.078777924
v 0.43301263 -0.23096995 -0.0956708
v 0.39667666 -0.26360148 -0.15219033
v 0.43301263 -0.23097047 0.09566966
v 0.39667663 -0.2812118 0.11647998
v 0.43301263 -0.21650642 -0.12499996
v 0.39667666 -0.24148151 -0.18529518
v 0.43301263 -0.21650706 0.12499893
v 0.3966766 -0.2636023 0.15218903
v 0.4330127 -0.1983384 -0.1521903
v 0.39667666 -0.21522972 -0.21522962
v 0.4330126 -0.19833915 0.15218942
v 0.3966766 -0.24148242 0.18529409
v 0.4330127 -0.17677677 -0.17677665
v 0.39667666 -0.18529531 -0.24148141
v 0.4330126 -0.1767776 0.17677587
v 0.3966766 -0.21523075 0.21522866
v 0.4330127 -0.15219043 -0.1983383
v 0.39667666 -0.15219045 -0.2636014
v 0.4330126 -0.15219133 0.19833769
v 0.3966766 -0.18529637 0.24148065
v 0.4330127 -0.12500009 -0.2165063
v 0.3966767 -0.11648155 -0.28121108
v 0.4330126 -0.12500098 0.21650584
v 0.3966766 -0.15219156 0.26360083
v 0.43301272 -0.095670946 -0.23096983
v 0.3966767 -0.07877963 -0.29400915
v 0.43301263 -0.09567187 0.23096952
v 0.39667663 -0.11648268 0.28121066
v 0.43301272 -0.064704865 -0.24148141
v 0.3966767 -0.039729774 -0.30177665
v 0.43301263 -0.064705774 0.24148124
v 0.39667663 -0.07878074 0.2940089
v 0.43301272 -0.03263166 -0.24786118
v 0.3966767 -1.2389195E-07 -0.30438069
v 0.43301263 -0.03263253 0.24786112
v 0.39667663 -0.03973083 0.3017766
v 0.43301272 -1.1922353E-07 -0.24999996
v 0.3966767 0.039729524 -0.30177668
v 0.43301263 -9.3779533E-07 0.25000003
v 0.39667663 -1.1205218E-06 0.30438074
v 0.43301272 0.03263142 -0.24786118
v 0.3966767 0.078779384 -0.29400915
v 0.43301263 0.03263067 0.24786136
v 0.39667663 0.039728608 0.30177686
v 0.43301272 0.06470463 -0.24148144
v 0.3966767 0.11648131 -0.2812111
v 0.43301263 0.064703956 0.2414817
v 0.39667663 0.078778565 0.29400948
v 0.43301272 0.09567073 -0.23096986
v 0.39667675 0.15219021 -0.26360142
v 0.43301263 0.095670134 0.23097019
v 0.39667663 0.11648059 0.2812115
v 0.43301275 0.12499987 -0.21650635
v 0.39667675 0.18529508 -0.24148147
v 0.4330127 0.12499937 0.21650672
v 0.39667666 0.1521896 0.2636019
v 0.43301275 0.15219021 -0.19833833
v 0.39667675 0.21522954 -0.21522969
v 0.4330127 0.1521898 0.19833873
v 0.39667666 0.1852946 0.24148194
v 0.43301275 0.17677657 -0.1767767
v 0.39667675 0.24148138 -0.18529524
v 0.4330127 0.17677623 0.17677712
v 0.39667666 0.21522914 0.2152302
v 0.43301275 0.19833824 -0.15219033
v 0.39667675 0.2636014 -0.1521903
v 0.4330127 0.19833796 0.15219079
v 0.39667666 0.24148104 0.18529575
v 0.43301272 0.21650629 -0.12499994
v 0.3966767 0.2812111 -0.11648134
v 0.43301272 0.21650603 0.12500043
v 0.39667666 0.2636011 0.15219085
v 0.43301272 0.23096985 -0.095670745
v 0.3966767 0.29400918 -0.07877934
v 0.43301272 0.23096965 0.09567126
v 0.3966767 0.28121087 0.11648194
v 0.43301272 0.24148141 -0.06470459
v 0.3966767 0.30177668 -0.039729398
v 0.43301272 0.24148127 0.06470513
v 0.3966767 0.29400903 0.078779966
v 0.43301272 0.24786115 -0.032631326
v 0.3966767 0.30438066 3.2316208E-07
v 0.43301272 0.24786109 0.032631874
v 0.3966767 0.3017766 0.03973004
v 0.43301272 0.24999993 2.7692747E-07
v 0.46193975 0.1767765 0.073223636
v 0.46193975 0.18482175 0.049523182
v 0.46193975 0.18970466 0.024975372
v 0.46193975 0.19134164 2.2595455E-07
v 0.46193975 0.1897047 -0.02497492
v 0.46193975 0.18482187 -0.049522743
v 0.46193975 0.16570653 0.09567119
v 0.46193975 0.17677665 -0.0732232
v 0.46193975 0.1518013 0.1164818
v 0.46193975 0.16570672 -0.095670804
v 0.46193972 0.13529865 0.13529937
v 0.46193975 0.15180148 -0.11648144
v 0.4619397 0.11648101 0.15180191
v 0.4619398 0.13529891 -0.13529903
v 0.4619397 0.09567036 0.16570711
v 0.46193975 0.11648133 -0.15180159
v 0.4619397 0.073222734 0.17677696
v 0.46193975 0.09567074 -0.16570674
v 0.4619397 0.049522247 0.18482211
v 0.46193975 0.07322318 -0.17677665
v 0.4619397 0.024974413 0.18970491
v 0.46193975 0.049522758 -0.18482187
v 0.4619397 -7.390229E-07 0.19134177
v 0.46193975 0.024974989 -0.18970472
v 0.4619397 -0.024975881 0.18970472
v 0.46193975 -1.12515146E-07 -0.19134167
v 0.4619397 -0.049523678 0.18482177
v 0.46193975 -0.024975214 -0.1897047
v 0.4619397 -0.07322411 0.17677647
v 0.46193975 -0.049522985 -0.18482184
v 0.4619397 -0.09567164 0.16570644
v 0.46193975 -0.073223405 -0.17677663
v 0.4619397 -0.11648222 0.15180112
v 0.46193975 -0.09567095 -0.16570672
v 0.46193966 -0.13529974 0.13529843
v 0.46193975 -0.11648155 -0.15180154
v 0.4619397 -0.15180224 0.116480745
v 0.46193972 -0.1352991 -0.13529897
v 0.4619397 -0.16570738 0.09567006
v 0.4619397 -0.15180168 -0.11648141
v 0.4619397 -0.17677717 0.073222406
v 0.4619397 -0.16570686 -0.09567081
v 0.4619397 -0.18482228 0.049521897
v 0.4619397 -0.17677678 -0.07322323
v 0.4619397 -0.18970498 0.024974052
v 0.4619397 -0.18482198 -0.049522817
v 0.4619397 -0.1913418 4.9558928E-08
v 0.4619397 -0.18970485 -0.024975054
v 0.48296288 -0.119559154 0.04952229
v 0.48296288 -0.12500027 0.033493
v 0.48296288 -0.12830257 0.016890638
v 0.48296288 -0.1294096 5.1814393E-08
v 0.48296288 -0.12830248 -0.016891278
v 0.48296288 -0.12500007 -0.033493593
v 0.4829629 -0.11207234 0.06470423
v 0.48296288 -0.119558886 -0.049522817
v 0.4829629 -0.10266794 0.078779064
v 0.4829629 -0.112072006 -0.06470471
v 0.4829629 -0.09150686 0.09150597
v 0.4829629 -0.10266755 -0.07877947
v 0.4829629 -0.07878007 0.102667175
v 0.4829629 -0.09150642 -0.09150629
v 0.4829629 -0.06470532 0.112071715
v 0.4829629 -0.07877961 -0.10266741
v 0.4829629 -0.049523454 0.119558655
v 0.4829629 -0.06470486 -0.11207187
v 0.4829629 -0.033494215 0.12499992
v 0.4829629 -0.04952297 -0.119558744
v 0.48296288 -0.016891882 0.1283024
v 0.4829629 -0.033493742 -0.12499994
v 0.48296288 -5.2760555E-07 0.12940958
v 0.48296294 -0.016891433 -0.12830234
v 0.48296288 0.016890835 0.12830251
v 0.48296294 -1.0388161E-07 -0.12940946
v 0.4829629 0.033493187 0.12500016
v 0.48296294 0.016891224 -0.12830235
v 0.4829629 0.04952246 0.11955901
v 0.4829629 0.033493537 -0.12499995
v 0.4829629 0.06470439 0.11207216
v 0.4829629 0.049522765 -0.11955876
v 0.4829629 0.0787792 0.10266772
v 0.4829629 0.06470465 -0.11207189
v 0.4829629 0.09150607 0.091506615
v 0.4829629 0.07877941 -0.102667436
v 0.4829629 0.10266724 0.07877978
v 0.4829629 0.09150625 -0.09150632
v 0.4829629 0.11207174 0.06470501
v 0.4829629 0.102667384 -0.07877949
v 0.48296294 0.11955865 0.04952312
v 0.4829629 0.112071864 -0.0647047
v 0.48296294 0.12499987 0.03349387
v 0.48296294 0.11955875 -0.049522795
v 0.48296294 0.1283023 0.01689153
v 0.48296294 0.12499994 -0.033493534
v 0.48296294 0.12940945 1.7111545E-07
v 0.48296294 0.12830234 -0.016891189
v 0.4957224 0.063039206 0.016891472
v 0.4957224 0.06470467 0.008518671
v 0.5 -8.1460335E-08 5.364221E-08
v 0.4957224 0.060295116 0.024975253
v 0.4957224 0.06526302 1.1334854E-07
v 0.4957224 0.05651936 0.0326317
v 0.4957224 0.06470469 -0.008518444
v 0.4957224 0.051776536 0.03972981
v 0.4957224 0.063039236 -0.016891249
v 0.4957224 0.046147797 0.046148136
v 0.4957224 0.060295172 -0.024975037
v 0.4957224 0.03972945 0.051776845
v 0.4957224 0.056519423 -0.032631494
v 0.4957224 0.03263132 0.056519642
v 0.4957224 0.051776607 -0.03972961
v 0.4957224 0.024974853 0.060295366
v 0.4957224 0.046147883 -0.046147943
v 0.4957224 0.01689106 0.063039415
v 0.4957224 0.039729558 -0.051776655
v 0.4957224 0.0085182525 0.06470484
v 0.4957224 0.032631453 -0.056519456
v 0.4957224 -3.0716072E-07 0.06526315
v 0.4957224 0.02497501 -0.060295194
v 0.4957224 -0.008518862 0.06470478
v 0.4957224 0.016891235 -0.063039266
v 0.4957224 -0.01689166 0.063039295
v 0.4957224 0.008518449 -0.06470471
v 0.4957224 -0.024975436 0.06029519
v 0.4957224 -9.347063E-08 -0.06526305
v 0.4957224 -0.032631874 0.05651941
v 0.4957224 -0.008518635 -0.06470471
v 0.4957224 -0.039729975 0.05177657
v 0.4957224 -0.016891422 -0.06303926
v 0.4957224 -0.04614828 0.04614781
v 0.4957224 -0.024975194 -0.060295183
v 0.4957224 -0.051776975 0.03972945
v 0.4957224 -0.032631636 -0.05651945
v 0.4957224 -0.05651975 0.03263131
v 0.4957224 -0.03972974 -0.05177664
v 0.4957224 -0.060295455 0.024974834
v 0.4957224 -0.04614806 -0.046147928
v 0.4957224 -0.06303949 0.016891032
v 0.4957224 -0.051776774 -0.039729603
v 0.4957224 -0.064704895 0.008518222
v 0.4957224 -0.056519583 -0.032631498
v 0.4957224 -0.06526318 5.318329E-08
v 0.4957224 -0.060295325 -0.024975048
v 0.4957224 -0.06470484 -0.008518489
v 0.4957224 -0.06303939 -0.016891276
v -0.39667663 -0.30438074 -4.255722E-08
v -0.39667663 -0.30177674 -0.039729703
v -0.43301263 -0.24786125 -0.032631602
v -0.43301263 -0.25000003 -4.645551E-08
v -0.39667663 -0.30177695 0.03972787
v -0.43301263 -0.24148148 -0.06470483
v -0.39667663 -0.2940092 -0.07877957
v -0.43301263 -0.24786143 0.03263008
v -0.39667663 -0.29400966 0.07877786
v -0.43301263 -0.23096992 -0.09567092
v -0.39667663 -0.28121114 -0.116481505
v -0.43301263 -0.24148186 0.06470339
v -0.39667663 -0.28121176 0.116479926
v -0.43301263 -0.21650636 -0.1250001
v -0.3966766 -0.26360142 -0.15219045
v -0.43301263 -0.23097041 0.09566961
v -0.39667666 -0.26360223 0.15218899
v -0.4330126 -0.19833833 -0.15219046
v -0.3966766 -0.24148145 -0.18529531
v -0.43301263 -0.21650703 0.12499889
v -0.39667666 -0.24148239 0.18529405
v -0.4330126 -0.17677669 -0.17677681
v -0.3966766 -0.21522966 -0.21522975
v -0.4330127 -0.19833909 0.15218939
v -0.39667666 -0.21523069 0.21522865
v -0.4330126 -0.15219037 -0.19833845
v -0.3966766 -0.18529525 -0.24148154
v -0.4330127 -0.17677756 0.17677589
v -0.39667666 -0.18529633 0.24148063
v -0.4330126 -0.12500001 -0.21650648
v -0.3966766 -0.15219036 -0.2636015
v -0.4330127 -0.15219125 0.19833769
v -0.39667666 -0.15219146 0.2636008
v -0.43301257 -0.09567086 -0.23097001
v -0.39667654 -0.116481446 -0.28121123
v -0.4330127 -0.12500091 0.21650587
v -0.39667663 -0.11648258 0.28121066
v -0.43301257 -0.06470475 -0.2414816
v -0.39667654 -0.07877952 -0.2940093
v -0.43301263 -0.09567179 0.23096956
v -0.39667663 -0.07878063 0.2940089
v -0.43301257 -0.032631535 -0.24786136
v -0.39667654 -0.039729655 -0.3017768
v -0.43301263 -0.06470566 0.24148126
v -0.39667663 -0.03973071 0.3017766
v -0.43301257 2.186989E-08 -0.25000015
v -0.39667654 5.361695E-09 -0.30438083
v -0.43301263 -0.0326324 0.24786115
v -0.39667663 -9.912684E-07 0.30438074
v -0.43301257 0.03263158 -0.24786136
v -0.39667654 0.039729662 -0.30177683
v -0.43301263 -7.967022E-07 0.25000006
v -0.39667663 0.03972875 0.30177686
v -0.43301257 0.0647048 -0.2414816
v -0.39667654 0.07877953 -0.29400933
v -0.43301263 0.032630827 0.2478614
v -0.39667663 0.07877872 0.29400948
v -0.43301257 0.09567091 -0.23097005
v -0.39667654 0.116481476 -0.28121126
v -0.43301263 0.06470413 0.24148174
v -0.39667663 0.116480745 0.2812115
v -0.43301255 0.12500006 -0.21650651
v -0.3966765 0.15219039 -0.26360157
v -0.43301263 0.095670305 0.23097022
v -0.3966766 0.15218978 0.26360187
v -0.43301255 0.15219042 -0.19833851
v -0.3966765 0.18529525 -0.2414816
v -0.4330126 0.12499956 0.21650675
v -0.3966766 0.18529476 0.24148193
v -0.43301255 0.17677681 -0.17677686
v -0.3966765 0.21522972 -0.21522982
v -0.4330126 0.15219 0.19833875
v -0.3966766 0.2152293 0.21523017
v -0.43301255 0.19833848 -0.15219049
v -0.3966765 0.24148154 -0.18529537
v -0.4330126 0.17677647 0.17677712
v -0.3966766 0.2414812 0.18529572
v -0.43301257 0.21650654 -0.12500009
v -0.3966765 0.26360157 -0.15219042
v -0.4330126 0.1983382 0.15219077
v -0.3966766 0.26360127 0.15219082
v -0.43301257 0.23097008 -0.09567088
v -0.39667654 0.2812113 -0.116481446
v -0.43301257 0.21650629 0.12500039
v -0.39667654 0.28121105 0.11648189
v -0.43301257 0.24148168 -0.06470472
v -0.39667654 0.2940094 -0.078779444
v -0.43301257 0.2309699 0.095671214
v -0.39667654 0.2940092 0.0787799
v -0.43301257 0.24786142 -0.03263143
v -0.39667654 0.30177686 -0.039729495
v -0.43301257 0.24148154 0.06470507
v -0.39667654 0.3017768 0.039729964
v -0.43301257 0.25000018 1.8401654E-07
v -0.39667654 0.30438083 2.3804772E-07
v -0.43301257 0.24786136 0.032631796
v -0.46193966 0.18482216 -0.04952288
v -0.46193966 0.18970498 -0.024975037
v -0.46193966 0.19134194 1.2683678E-07
v -0.46193966 0.18970495 0.02497529
v -0.46193966 0.18482204 0.049523108
v -0.46193966 0.17677678 0.07322358
v -0.46193966 0.17677692 -0.07322336
v -0.46193966 0.1657068 0.09567116
v -0.46193966 0.16570699 -0.09567097
v -0.46193966 0.15180156 0.11648179
v -0.46193966 0.15180175 -0.11648161
v -0.4619397 0.13529891 0.13529937
v -0.4619396 0.13529916 -0.13529922
v -0.46193972 0.11648125 0.15180193
v -0.46193966 0.11648156 -0.15180178
v -0.46193972 0.09567057 0.16570711
v -0.46193966 0.09567095 -0.16570698
v -0.46193972 0.073222935 0.17677698
v -0.46193966 0.07322338 -0.1767769
v -0.46193972 0.049522433 0.18482214
v -0.46193966 0.049522944 -0.1848221
v -0.46193972 0.02497458 0.18970492
v -0.46193966 0.02497516 -0.18970497
v -0.46193972 -5.885043E-07 0.1913418
v -0.46193966 3.8003893E-08 -0.1913419
v -0.46193972 -0.024975745 0.18970473
v -0.46193966 -0.024975078 -0.18970495
v -0.46193972 -0.04952356 0.1848218
v -0.46193966 -0.049522866 -0.1848221
v -0.46193972 -0.073224 0.17677647
v -0.46193966 -0.0732233 -0.17677689
v -0.46193972 -0.09567156 0.16570644
v -0.46193966 -0.09567087 -0.16570696
v -0.46193972 -0.11648215 0.15180114
v -0.46193966 -0.116481476 -0.15180174
v -0.46193975 -0.13529968 0.13529843
v -0.4619397 -0.13529906 -0.13529916
v -0.46193972 -0.1518022 0.11648074
v -0.46193972 -0.15180163 -0.11648158
v -0.46193972 -0.16570733 0.09567003
v -0.46193972 -0.16570683 -0.095670976
v -0.46193972 -0.17677715 0.073222354
v -0.46193972 -0.17677675 -0.0732234
v -0.46193972 -0.18482225 0.04952183
v -0.46193972 -0.18482196 -0.049522955
v -0.46193972 -0.18970497 0.024973972
v -0.46193972 -0.18970484 -0.024975171
v -0.46193972 -0.19134177 -4.955894E-08
v -0.48296288 -0.112072 -0.064704895
v -0.4829629 -0.119558886 -0.049522985
v -0.4829629 -0.12500007 -0.03349374
v -0.4829629 -0.1283025 -0.016891401
v -0.4829629 -0.12940961 -5.1814393E-08
v -0.4829629 -0.12830257 0.016890556
v -0.48296288 -0.10266752 -0.078779675
v -0.4829629 -0.12500027 0.033492938
v -0.48296288 -0.091506384 -0.09150652
v -0.4829629 -0.11955914 0.049522247
v -0.48296288 -0.07877955 -0.10266765
v -0.48296288 -0.11207233 0.06470421
v -0.48296288 -0.064704776 -0.11207213
v -0.48296288 -0.10266792 0.07877906
v -0.48296288 -0.04952287 -0.11955901
v -0.48296288 -0.091506824 0.09150597
v -0.48296288 -0.033493627 -0.12500021
v -0.48296288 -0.07878 0.10266718
v -0.48296282 -0.016891297 -0.12830262
v -0.48296288 -0.064705245 0.11207173
v -0.48296282 5.3487646E-08 -0.12940975
v -0.48296288 -0.049523354 0.11955869
v -0.48296282 0.016891403 -0.12830263
v -0.48296288 -0.0334941 0.12499997
v -0.48296288 0.03349374 -0.12500022
v -0.4829629 -0.016891746 0.12830244
v -0.48296288 0.04952299 -0.11955903
v -0.4829629 -3.702368E-07 0.12940963
v -0.48296288 0.06470489 -0.11207214
v -0.4829629 0.016891014 0.12830256
v -0.48296288 0.07877967 -0.10266768
v -0.48296288 0.03349339 0.12500021
v -0.48296288 0.09150652 -0.09150655
v -0.48296288 0.049522687 0.11955905
v -0.48296288 0.102667674 -0.07877968
v -0.48296288 0.064704634 0.11207219
v -0.48296288 0.11207215 -0.06470489
v -0.48296288 0.07877945 0.10266774
v -0.48296282 0.11955906 -0.049522962
v -0.48296288 0.09150634 0.091506615
v -0.48296282 0.12500025 -0.033493683
v -0.48296288 0.10266752 0.07877977
v -0.48296282 0.12830265 -0.016891314
v -0.48296288 0.11207203 0.064704984
v -0.48296282 0.12940976 6.7486816E-08
v -0.48296282 0.11955895 0.049523074
v -0.48296282 0.12830262 0.016891448
v -0.48296282 0.12500018 0.033493806
v -0.4957224 0.06470503 -0.008518575
v -0.4957224 0.06526336 6.9821326E-09
v -0.5 8.1460335E-08 -5.364221E-08
v -0.4957224 0.06303958 -0.016891403
v -0.4957224 0.064705014 0.008518587
v -0.4957224 0.0602955 -0.02497521
v -0.4957224 0.06303954 0.01689141
v -0.4957224 0.05651974 -0.03263169
v -0.4957224 0.060295448 0.024975218
v -0.4957224 0.05177692 -0.039729826
v -0.4957224 0.05651968 0.032631684
v -0.4957224 0.046148174 -0.046148174
v -0.4957224 0.05177684 0.03972982
v -0.4957224 0.03972983 -0.051776905
v -0.4957224 0.046148084 0.046148162
v -0.4957224 0.032631703 -0.056519717
v -0.4957224 0.03972972 0.051776886
v -0.4957224 0.02497524 -0.060295466
v -0.4957224 0.032631572 0.056519695
v -0.4957224 0.016891444 -0.06303954
v -0.4957224 0.024975086 0.06029543
v -0.4957224 0.008518633 -0.064705
v -0.4957224 0.016891269 0.06303949
v -0.4957224 6.80562E-08 -0.06526333
v -0.4957224 0.008518438 0.06470492
v -0.4957224 -0.008518498 -0.06470499
v -0.4957224 -1.456345E-07 0.06526323
v -0.4957224 -0.016891306 -0.06303954
v -0.4957224 -0.008518725 0.06470486
v -0.4957224 -0.0249751 -0.060295455
v -0.4957224 -0.016891545 0.06303937
v -0.4957224 -0.032631565 -0.056519706
v -0.4957224 -0.024975343 0.06029525
v -0.4957224 -0.03972969 -0.05177689
v -0.4957224 -0.032631803 0.056519464
v -0.4957224 -0.04614803 -0.046148162
v -0.4957224 -0.03972992 0.051776607
v -0.4957224 -0.051776756 -0.03972982
v -0.4957224 -0.046148248 0.04614783
v -0.4957224 -0.056519575 -0.032631695
v -0.4957224 -0.051776957 0.039729457
v -0.4957224 -0.06029533 -0.024975223
v -0.4957224 -0.056519747 0.032631297
v -0.4957224 -0.06303941 -0.016891431
v -0.4957224 -0.060295463 0.024974799
v -0.4957224 -0.064704865 -0.008518619
v -0.4957224 -0.063039504 0.016890973
v -0.4957224 -0.0652632 -5.3183292E-08
v -0.4957224 -0.06470491 0.008518138
vt 0.0121695995 0.26700264
vt 0.051710427 0.3197859
vt 0.0121695995 0.3197859
vt 0.051710427 0.26700264
vt 0.091251194 0.3197859
vt 0.091251194 0.26700264
vt 0.13079202 0.3197859
vt 0.13079202 0.26700264
vt 0.17033279 0.3197859
vt 0.17033291 0.26700264
vt 0.20987368 0.3197859
vt 0.20987368 0.26700264
vt 0.24941456 0.3197859
vt 0.24941456 0.26700264
vt 0.28895533 0.3197859
vt 0.28895533 0.26700264
vt 0.3284961 0.3197859
vt 0.3284961 0.26700264
vt 0.368037 0.3197859
vt 0.368037 0.26700264
vt 0.40757787 0.3197859
vt 0.40757787 0.26700264
vt 0.44711864 0.3197859
vt 0.44711864 0.26700264
vt 0.4866594 0.3197859
vt 0.4866594 0.26700264
vt 0.4866594 0.26700264
vt 0.44711864 0.3197859
vt 0.4866594 0.3197859
vt 0.44711864 0.26700264
vt 0.40757787 0.3197859
vt 0.40757787 0.26700264
vt 0.368037 0.3197859
vt 0.368037 0.26700264
vt 0.3284961 0.3197859
vt 0.3284961 0.26700264
vt 0.28895533 0.3197859
vt 0.28895533 0.26700264
vt 0.24941456 0.3197859
vt 0.24941456 0.26700264
vt 0.20987368 0.3197859
vt 0.20987368 0.26700264
vt 0.17033279 0.3197859
vt 0.17033291 0.26700264
vt 0.13079202 0.3197859
vt 0.13079202 0.26700264
vt 0.091251194 0.3197859
vt 0.091251194 0.26700264
vt 0.051710427 0.3197859
vt 0.051710427 0.26700264
vt 0.0121695995 0.3197859
vt 0.0121695995 0.26700264
vt 0.4866594 0.26700264
vt 0.44711864 0.3197859
vt 0.4866594 0.3197859
vt 0.44711864 0.26700264
vt 0.40757787 0.3197859
vt 0.40757787 0.26700264
vt 0.368037 0.3197859
vt 0.368037 0.26700264
vt 0.3284961 0.3197859
vt 0.3284961 0.26700264
vt 0.28895533 0.3197859
vt 0.28895533 0.26700264
vt 0.24941456 0.3197859
vt 0.24941456 0.26700264
vt 0.20987368 0.3197859
vt 0.20987368 0.26700264
vt 0.17033279 0.3197859
vt 0.17033291 0.26700264
vt 0.13079202 0.3197859
vt 0.13079202 0.26700264
vt 0.091251194 0.3197859
vt 0.091251194 0.26700264
vt 0.051710427 0.3197859
vt 0.051710427 0.26700264
vt 0.0121695995 0.3197859
vt 0.0121695995 0.26700264
vt 0.0121695995 0.26700264
vt 0.051710427 0.3197859
vt 0.0121695995 0.3197859
vt 0.051710427 0.26700264
vt 0.091251194 0.3197859
vt 0.091251194 0.26700264
vt 0.13079202 0.3197859
vt 0.13079202 0.26700264
vt 0.17033279 0.3197859
vt 0.17033291 0.26700264
vt 0.20987368 0.3197859
vt 0.20987368 0.26700264
vt 0.24941456 0.3197859
vt 0.24941456 0.26700264
vt 0.28895533 0.3197859
vt 0.28895533 0.26700264
vt 0.3284961 0.3197859
vt 0.3284961 0.26700264
vt 0.368037 0.3197859
vt 0.368037 0.26700264
vt 0.40757787 0.3197859
vt 0.40757787 0.26700264
vt 0.44711864 0.3197859
vt 0.44711864 0.26700264
vt 0.4866594 0.3197859
vt 0.4866594 0.26700264
vt 0.63804513 0.66020304
vt 0.6655608 0.66020304
vt 0.6655608 0.632127
vt 0.63804513 0.632127
vt 0.6105295 0.66020304
vt 0.6655608 0.60494214
vt 0.6105295 0.632127
vt 0.58301383 0.66020304
vt 0.63804513 0.60494214
vt 0.6655608 0.5783416
vt 0.58301383 0.632127
vt 0.5554982 0.66020304
vt 0.6105295 0.60494214
vt 0.63804513 0.5783416
vt 0.6655608 0.55210614
vt 0.5554982 0.632127
vt 0.52798253 0.66020304
vt 0.58301383 0.60494214
vt 0.6105295 0.5783416
vt 0.63804513 0.55210614
vt 0.6655608 0.5260614
vt 0.52798253 0.632127
vt 0.50101405 0.66020304
vt 0.5554982 0.60494214
vt 0.58301383 0.5783416
vt 0.6105295 0.55210614
vt 0.63804513 0.5260614
vt 0.6655608 0.50043243
vt 0.50101405 0.632127
vt 0.47349843 0.66020304
vt 0.52798253 0.60494214
vt 0.5554982 0.5783416
vt 0.58301383 0.55210614
vt 0.6105295 0.5260614
vt 0.63804513 0.50043243
vt 0.6655608 0.47480056
vt 0.47349843 0.632127
vt 0.4500411 0.66020304
vt 0.50101405 0.60494214
vt 0.52798253 0.5783416
vt 0.5554982 0.55210614
vt 0.58301383 0.5260614
vt 0.6105295 0.50043243
vt 0.63804513 0.47480056
vt 0.6655608 0.4487544
vt 0.63804513 0.4487544
vt 0.6655608 0.42251703
vt 0.6105295 0.47480056
vt 0.58301383 0.50043243
vt 0.5554982 0.5260614
vt 0.52798253 0.55210614
vt 0.63804513 0.42251703
vt 0.6655608 0.39591482
vt 0.6105295 0.4487544
vt 0.58301383 0.47480056
vt 0.5554982 0.50043243
vt 0.63804513 0.39591482
vt 0.6655608 0.36872926
vt 0.6105295 0.42251703
vt 0.58301383 0.4487544
vt 0.63804513 0.36872926
vt 0.6655608 0.34065327
vt 0.63804513 0.34065327
vt 0.6105295 0.39591482
vt 0.6105295 0.36872926
vt 0.6105295 0.34065327
vt 0.58301383 0.42251703
vt 0.5554982 0.47480056
vt 0.58301383 0.39591482
vt 0.58301383 0.36872926
vt 0.58301383 0.34065327
vt 0.5554982 0.4487544
vt 0.5554982 0.42251703
vt 0.5554982 0.39591482
vt 0.5554982 0.36872926
vt 0.5554982 0.34065327
vt 0.52798253 0.36872926
vt 0.52798253 0.34065327
vt 0.52798253 0.39591482
vt 0.52798253 0.42251703
vt 0.52798253 0.4487544
vt 0.52798253 0.47480056
vt 0.50101405 0.36872926
vt 0.50101405 0.34065327
vt 0.50101405 0.39591482
vt 0.50101405 0.42251703
vt 0.50101405 0.4487544
vt 0.47349843 0.36872926
vt 0.47349843 0.34065327
vt 0.47349843 0.39591482
vt 0.47349843 0.42251703
vt 0.4500411 0.36872926
vt 0.4500411 0.34065327
vt 0.4500411 0.39591482
vt 0.42252544 0.36872926
vt 0.42252544 0.34065327
vt 0.50101405 0.47480056
vt 0.47349843 0.4487544
vt 0.4500411 0.42251703
vt 0.42252544 0.39591482
vt 0.39679444 0.36872926
vt 0.39679444 0.34065327
vt 0.47349843 0.47480056
vt 0.4500411 0.4487544
vt 0.42252544 0.42251703
vt 0.39679444 0.39591482
vt 0.37102672 0.36872926
vt 0.37102672 0.34065327
vt 0.4500411 0.47480056
vt 0.42252544 0.4487544
vt 0.39679444 0.42251703
vt 0.37102672 0.39591482
vt 0.34351104 0.36872926
vt 0.34351104 0.34065327
vt 0.42252544 0.47480056
vt 0.39679444 0.4487544
vt 0.37102672 0.42251703
vt 0.34351104 0.39591482
vt 0.3159954 0.36872926
vt 0.3159954 0.34065327
vt 0.39679444 0.47480056
vt 0.37102672 0.4487544
vt 0.34351104 0.42251703
vt 0.3159954 0.39591482
vt 0.28847978 0.36872926
vt 0.28847978 0.34065327
vt 0.37102672 0.47480056
vt 0.34351104 0.4487544
vt 0.3159954 0.42251703
vt 0.28847978 0.39591482
vt 0.2609641 0.36872926
vt 0.2609641 0.34065327
vt 0.34351104 0.47480056
vt 0.3159954 0.4487544
vt 0.28847978 0.42251703
vt 0.2609641 0.39591482
vt 0.23344845 0.36872926
vt 0.23344845 0.34065327
vt 0.3159954 0.47480056
vt 0.28847978 0.4487544
vt 0.2609641 0.42251703
vt 0.23344845 0.39591482
vt 0.2059328 0.36872926
vt 0.2059328 0.34065327
vt 0.28847978 0.47480056
vt 0.2609641 0.4487544
vt 0.23344845 0.42251703
vt 0.2059328 0.39591482
vt 0.17841715 0.36872926
vt 0.17841715 0.34065327
vt 0.2609641 0.47480056
vt 0.23344845 0.4487544
vt 0.2059328 0.42251703
vt 0.17841715 0.39591482
vt 0.1509015 0.36872926
vt 0.1509015 0.34065327
vt 0.23344845 0.47480056
vt 0.2059328 0.4487544
vt 0.17841715 0.42251703
vt 0.1509015 0.39591482
vt 0.12338584 0.36872926
vt 0.12338584 0.34065327
vt 0.2059328 0.47480056
vt 0.17841715 0.4487544
vt 0.1509015 0.42251703
vt 0.12338584 0.39591482
vt 0.095870174 0.36872926
vt 0.095870174 0.34065327
vt 0.17841715 0.47480056
vt 0.1509015 0.4487544
vt 0.12338584 0.42251703
vt 0.095870174 0.39591482
vt 0.068354525 0.36872926
vt 0.068354525 0.34065327
vt 0.1509015 0.47480056
vt 0.12338584 0.4487544
vt 0.095870174 0.42251703
vt 0.068354525 0.39591482
vt 0.040838525 0.36872926
vt 0.040838525 0.34065327
vt 0.013322871 0.36872926
vt 0.013322871 0.34065327
vt 0.013322871 0.39591482
vt 0.040838525 0.39591482
vt 0.013322871 0.42251703
vt 0.040838525 0.42251703
vt 0.013322871 0.4487544
vt 0.068354525 0.42251703
vt 0.040838525 0.4487544
vt 0.013322871 0.47480056
vt 0.068354525 0.4487544
vt 0.040838525 0.47480056
vt 0.013322871 0.50043243
vt 0.095870174 0.4487544
vt 0.040838525 0.50043243
vt 0.013322871 0.5260614
vt 0.068354525 0.47480056
vt 0.095870174 0.47480056
vt 0.040838525 0.5260614
vt 0.013322871 0.55210614
vt 0.068354525 0.50043243
vt 0.12338584 0.47480056
vt 0.040838525 0.55210614
vt 0.013322871 0.5783416
vt 0.068354525 0.5260614
vt 0.095870174 0.50043243
vt 0.12338584 0.50043243
vt 0.040838525 0.5783416
vt 0.013322871 0.60494214
vt 0.068354525 0.55210614
vt 0.095870174 0.5260614
vt 0.1509015 0.50043243
vt 0.040838525 0.60494214
vt 0.013322871 0.632127
vt 0.068354525 0.5783416
vt 0.095870174 0.55210614
vt 0.12338584 0.5260614
vt 0.17841715 0.50043243
vt 0.040838525 0.632127
vt 0.013322871 0.66020304
vt 0.040838525 0.66020304
vt 0.068354525 0.60494214
vt 0.068354525 0.632127
vt 0.068354525 0.66020304
vt 0.095870174 0.5783416
vt 0.095870174 0.632127
vt 0.095870174 0.66020304
vt 0.095870174 0.60494214
vt 0.12338584 0.55210614
vt 0.12338584 0.632127
vt 0.12338584 0.66020304
vt 0.12338584 0.60494214
vt 0.12338584 0.5783416
vt 0.1509015 0.5260614
vt 0.1509015 0.632127
vt 0.1509015 0.66020304
vt 0.1509015 0.60494214
vt 0.1509015 0.5783416
vt 0.1509015 0.55210614
vt 0.17841715 0.5260614
vt 0.17841715 0.632127
vt 0.17841715 0.66020304
vt 0.17841715 0.60494214
vt 0.17841715 0.5783416
vt 0.17841715 0.55210614
vt 0.2059328 0.50043243
vt 0.2059328 0.632127
vt 0.2059328 0.66020304
vt 0.2059328 0.60494214
vt 0.2059328 0.5783416
vt 0.2059328 0.55210614
vt 0.2059328 0.5260614
vt 0.23344845 0.50043243
vt 0.23344845 0.632127
vt 0.23344845 0.66020304
vt 0.23344845 0.60494214
vt 0.23344845 0.5783416
vt 0.23344845 0.55210614
vt 0.23344845 0.5260614
vt 0.2609641 0.50043243
vt 0.2609641 0.632127
vt 0.2609641 0.66020304
vt 0.2609641 0.60494214
vt 0.2609641 0.5783416
vt 0.2609641 0.55210614
vt 0.2609641 0.5260614
vt 0.28847978 0.50043243
vt 0.28847978 0.632127
vt 0.28847978 0.66020304
vt 0.28847978 0.60494214
vt 0.28847978 0.5783416
vt 0.28847978 0.55210614
vt 0.28847978 0.5260614
vt 0.3159954 0.50043243
vt 0.3159954 0.632127
vt 0.3159954 0.66020304
vt 0.3159954 0.60494214
vt 0.3159954 0.5783416
vt 0.3159954 0.55210614
vt 0.3159954 0.5260614
vt 0.34351104 0.50043243
vt 0.34351104 0.632127
vt 0.34351104 0.66020304
vt 0.34351104 0.60494214
vt 0.34351104 0.5783416
vt 0.34351104 0.55210614
vt 0.34351104 0.5260614
vt 0.37102672 0.50043243
vt 0.37102672 0.632127
vt 0.37102672 0.66020304
vt 0.37102672 0.60494214
vt 0.37102672 0.5783416
vt 0.37102672 0.55210614
vt 0.37102672 0.5260614
vt 0.39679444 0.50043243
vt 0.39679444 0.632127
vt 0.39679444 0.66020304
vt 0.39679444 0.60494214
vt 0.39679444 0.5783416
vt 0.39679444 0.55210614
vt 0.39679444 0.5260614
vt 0.42252544 0.50043243
vt 0.42252544 0.632127
vt 0.42252544 0.66020304
vt 0.42252544 0.60494214
vt 0.42252544 0.5783416
vt 0.42252544 0.55210614
vt 0.42252544 0.5260614
vt 0.4500411 0.50043243
vt 0.4500411 0.632127
vt 0.4500411 0.60494214
vt 0.47349843 0.60494214
vt 0.4500411 0.5260614
vt 0.47349843 0.50043243
vt 0.4500411 0.5783416
vt 0.4500411 0.55210614
vt 0.50101405 0.5783416
vt 0.47349843 0.5783416
vt 0.47349843 0.5260614
vt 0.47349843 0.55210614
vt 0.50101405 0.55210614
vt 0.50101405 0.50043243
vt 0.50101405 0.5260614
vt 0.52798253 0.5260614
vt 0.52798253 0.50043243
vt 0.6395114 0.9895707
vt 0.66684455 0.9895707
vt 0.66684455 0.9631577
vt 0.6395114 0.9631577
vt 0.6121782 0.9895707
vt 0.66684455 0.93674475
vt 0.6121782 0.9631577
vt 0.58484507 0.9895707
vt 0.6395114 0.93674475
vt 0.66684455 0.9103318
vt 0.58484507 0.9631577
vt 0.5575118 0.9895707
vt 0.6121782 0.93674475
vt 0.6395114 0.9103318
vt 0.66684455 0.88391894
vt 0.5575118 0.9631577
vt 0.53017867 0.9895707
vt 0.58484507 0.93674475
vt 0.6121782 0.9103318
vt 0.6395114 0.88391894
vt 0.66684455 0.8575059
vt 0.53017867 0.9631577
vt 0.50284547 0.9895707
vt 0.5575118 0.93674475
vt 0.58484507 0.9103318
vt 0.6121782 0.88391894
vt 0.6395114 0.8575059
vt 0.66684455 0.83109295
vt 0.50284547 0.9631577
vt 0.4755123 0.9895707
vt 0.53017867 0.93674475
vt 0.5575118 0.9103318
vt 0.58484507 0.88391894
vt 0.6121782 0.8575059
vt 0.6395114 0.83109295
vt 0.66684455 0.80468005
vt 0.4755123 0.9631577
vt 0.44817907 0.9895707
vt 0.50284547 0.93674475
vt 0.53017867 0.9103318
vt 0.5575118 0.88391894
vt 0.58484507 0.8575059
vt 0.6121782 0.83109295
vt 0.6395114 0.80468005
vt 0.66684455 0.7782671
vt 0.6395114 0.7782671
vt 0.66684455 0.7518541
vt 0.6121782 0.80468005
vt 0.58484507 0.83109295
vt 0.5575118 0.8575059
vt 0.53017867 0.88391894
vt 0.6395114 0.7518541
vt 0.66684455 0.72544116
vt 0.6121782 0.7782671
vt 0.58484507 0.80468005
vt 0.5575118 0.83109295
vt 0.6395114 0.72544116
vt 0.66684455 0.6990282
vt 0.6121782 0.7518541
vt 0.58484507 0.7782671
vt 0.6395114 0.6990282
vt 0.66684455 0.67261523
vt 0.6395114 0.67261523
vt 0.6121782 0.72544116
vt 0.6121782 0.6990282
vt 0.6121782 0.67261523
vt 0.58484507 0.7518541
vt 0.5575118 0.80468005
vt 0.58484507 0.72544116
vt 0.58484507 0.6990282
vt 0.58484507 0.67261523
vt 0.5575118 0.7782671
vt 0.5575118 0.7518541
vt 0.5575118 0.72544116
vt 0.5575118 0.6990282
vt 0.5575118 0.67261523
vt 0.53017867 0.6990282
vt 0.53017867 0.67261523
vt 0.53017867 0.72544116
vt 0.53017867 0.7518541
vt 0.53017867 0.7782671
vt 0.53017867 0.80468005
vt 0.50284547 0.6990282
vt 0.50284547 0.67261523
vt 0.50284547 0.72544116
vt 0.50284547 0.7518541
vt 0.50284547 0.7782671
vt 0.4755123 0.6990282
vt 0.4755123 0.67261523
vt 0.4755123 0.72544116
vt 0.4755123 0.7518541
vt 0.44817907 0.6990282
vt 0.44817907 0.67261523
vt 0.44817907 0.72544116
vt 0.42084593 0.6990282
vt 0.42084593 0.67261523
vt 0.50284547 0.80468005
vt 0.4755123 0.7782671
vt 0.44817907 0.7518541
vt 0.42084593 0.72544116
vt 0.3935128 0.6990282
vt 0.3935128 0.67261523
vt 0.4755123 0.80468005
vt 0.44817907 0.7782671
vt 0.42084593 0.7518541
vt 0.3935128 0.72544116
vt 0.36617956 0.6990282
vt 0.36617956 0.67261523
vt 0.44817907 0.80468005
vt 0.42084593 0.7782671
vt 0.3935128 0.7518541
vt 0.36617956 0.72544116
vt 0.3388464 0.6990282
vt 0.3388464 0.67261523
vt 0.42084593 0.80468005
vt 0.3935128 0.7782671
vt 0.36617956 0.7518541
vt 0.3388464 0.72544116
vt 0.3115132 0.6990282
vt 0.3115132 0.67261523
vt 0.3935128 0.80468005
vt 0.36617956 0.7782671
vt 0.3388464 0.7518541
vt 0.3115132 0.72544116
vt 0.28418002 0.6990282
vt 0.28418002 0.67261523
vt 0.36617956 0.80468005
vt 0.3388464 0.7782671
vt 0.3115132 0.7518541
vt 0.28418002 0.72544116
vt 0.2568468 0.6990282
vt 0.2568468 0.67261523
vt 0.3388464 0.80468005
vt 0.3115132 0.7782671
vt 0.28418002 0.7518541
vt 0.2568468 0.72544116
vt 0.22951365 0.6990282
vt 0.22951365 0.67261523
vt 0.3115132 0.80468005
vt 0.28418002 0.7782671
vt 0.2568468 0.7518541
vt 0.22951365 0.72544116
vt 0.20218045 0.6990282
vt 0.20218045 0.67261523
vt 0.28418002 0.80468005
vt 0.2568468 0.7782671
vt 0.22951365 0.7518541
vt 0.20218045 0.72544116
vt 0.17484728 0.6990282
vt 0.17484728 0.67261523
vt 0.2568468 0.80468005
vt 0.22951365 0.7782671
vt 0.20218045 0.7518541
vt 0.17484728 0.72544116
vt 0.14751408 0.6990282
vt 0.14751408 0.67261523
vt 0.22951365 0.80468005
vt 0.20218045 0.7782671
vt 0.17484728 0.7518541
vt 0.14751408 0.72544116
vt 0.1201809 0.6990282
vt 0.1201809 0.67261523
vt 0.20218045 0.80468005
vt 0.17484728 0.7782671
vt 0.14751408 0.7518541
vt 0.1201809 0.72544116
vt 0.09284771 0.6990282
vt 0.09284771 0.67261523
vt 0.17484728 0.80468005
vt 0.14751408 0.7782671
vt 0.1201809 0.7518541
vt 0.09284771 0.72544116
vt 0.06551453 0.6990282
vt 0.06551453 0.67261523
vt 0.14751408 0.80468005
vt 0.1201809 0.7782671
vt 0.09284771 0.7518541
vt 0.06551453 0.72544116
vt 0.03818134 0.6990282
vt 0.03818134 0.67261523
vt 0.010848153 0.6990282
vt 0.010848153 0.67261523
vt 0.010848153 0.72544116
vt 0.03818134 0.72544116
vt 0.010848153 0.7518541
vt 0.03818134 0.7518541
vt 0.010848153 0.7782671
vt 0.06551453 0.7518541
vt 0.03818134 0.7782671
vt 0.010848153 0.80468005
vt 0.06551453 0.7782671
vt 0.03818134 0.80468005
vt 0.010848153 0.83109295
vt 0.09284771 0.7782671
vt 0.03818134 0.83109295
vt 0.010848153 0.8575059
vt 0.06551453 0.80468005
vt 0.09284771 0.80468005
vt 0.03818134 0.8575059
vt 0.010848153 0.88391894
vt 0.06551453 0.83109295
vt 0.1201809 0.80468005
vt 0.03818134 0.88391894
vt 0.010848153 0.9103318
vt 0.06551453 0.8575059
vt 0.09284771 0.83109295
vt 0.1201809 0.83109295
vt 0.03818134 0.9103318
vt 0.010848153 0.93674475
vt 0.06551453 0.88391894
vt 0.09284771 0.8575059
vt 0.14751408 0.83109295
vt 0.03818134 0.93674475
vt 0.010848153 0.9631577
vt 0.06551453 0.9103318
vt 0.09284771 0.88391894
vt 0.1201809 0.8575059
vt 0.17484728 0.83109295
vt 0.03818134 0.9631577
vt 0.010848153 0.9895707
vt 0.03818134 0.9895707
vt 0.06551453 0.93674475
vt 0.06551453 0.9631577
vt 0.06551453 0.9895707
vt 0.09284771 0.9103318
vt 0.09284771 0.9631577
vt 0.09284771 0.9895707
vt 0.09284771 0.93674475
vt 0.1201809 0.88391894
vt 0.1201809 0.9631577
vt 0.1201809 0.9895707
vt 0.1201809 0.93674475
vt 0.1201809 0.9103318
vt 0.14751408 0.8575059
vt 0.14751408 0.9631577
vt 0.14751408 0.9895707
vt 0.14751408 0.93674475
vt 0.14751408 0.9103318
vt 0.14751408 0.88391894
vt 0.17484728 0.8575059
vt 0.17484728 0.9631577
vt 0.17484728 0.9895707
vt 0.17484728 0.93674475
vt 0.17484728 0.9103318
vt 0.17484728 0.88391894
vt 0.20218045 0.83109295
vt 0.20218045 0.9631577
vt 0.20218045 0.9895707
vt 0.20218045 0.93674475
vt 0.20218045 0.9103318
vt 0.20218045 0.88391894
vt 0.20218045 0.8575059
vt 0.22951365 0.83109295
vt 0.22951365 0.9631577
vt 0.22951365 0.9895707
vt 0.22951365 0.93674475
vt 0.22951365 0.9103318
vt 0.22951365 0.88391894
vt 0.22951365 0.8575059
vt 0.2568468 0.83109295
vt 0.2568468 0.9631577
vt 0.2568468 0.9895707
vt 0.2568468 0.93674475
vt 0.2568468 0.9103318
vt 0.2568468 0.88391894
vt 0.2568468 0.8575059
vt 0.28418002 0.83109295
vt 0.28418002 0.9631577
vt 0.28418002 0.9895707
vt 0.28418002 0.93674475
vt 0.28418002 0.9103318
vt 0.28418002 0.88391894
vt 0.28418002 0.8575059
vt 0.3115132 0.83109295
vt 0.3115132 0.9631577
vt 0.3115132 0.9895707
vt 0.3115132 0.93674475
vt 0.3115132 0.9103318
vt 0.3115132 0.88391894
vt 0.3115132 0.8575059
vt 0.3388464 0.83109295
vt 0.3388464 0.9631577
vt 0.3388464 0.9895707
vt 0.3388464 0.93674475
vt 0.3388464 0.9103318
vt 0.3388464 0.88391894
vt 0.3388464 0.8575059
vt 0.36617956 0.83109295
vt 0.36617956 0.9631577
vt 0.36617956 0.9895707
vt 0.36617956 0.93674475
vt 0.36617956 0.9103318
vt 0.36617956 0.88391894
vt 0.36617956 0.8575059
vt 0.3935128 0.83109295
vt 0.3935128 0.9631577
vt 0.3935128 0.9895707
vt 0.3935128 0.93674475
vt 0.3935128 0.9103318
vt 0.3935128 0.88391894
vt 0.3935128 0.8575059
vt 0.42084593 0.83109295
vt 0.42084593 0.9631577
vt 0.42084593 0.9895707
vt 0.42084593 0.93674475
vt 0.42084593 0.9103318
vt 0.42084593 0.88391894
vt 0.42084593 0.8575059
vt 0.44817907 0.83109295
vt 0.44817907 0.9631577
vt 0.44817907 0.93674475
vt 0.4755123 0.93674475
vt 0.44817907 0.8575059
vt 0.4755123 0.83109295
vt 0.44817907 0.9103318
vt 0.44817907 0.88391894
vt 0.50284547 0.9103318
vt 0.4755123 0.9103318
vt 0.4755123 0.8575059
vt 0.4755123 0.88391894
vt 0.50284547 0.88391894
vt 0.50284547 0.83109295
vt 0.50284547 0.8575059
vt 0.53017867 0.8575059
vt 0.53017867 0.83109295
vt 0.4866594 0.3197859
vt 0.44711864 0.26700264
vt 0.4866594 0.26700264
vt 0.44711864 0.3197859
vt 0.40757787 0.26700264
vt 0.40757787 0.3197859
vt 0.368037 0.26700264
vt 0.368037 0.3197859
vt 0.3284961 0.26700264
vt 0.3284961 0.3197859
vt 0.28895533 0.26700264
vt 0.28895533 0.3197859
vt 0.24941456 0.26700264
vt 0.24941456 0.3197859
vt 0.20987368 0.26700264
vt 0.20987368 0.3197859
vt 0.17033291 0.26700264
vt 0.17033279 0.3197859
vt 0.13079202 0.26700264
vt 0.13079202 0.3197859
vt 0.091251194 0.26700264
vt 0.091251194 0.3197859
vt 0.051710427 0.26700264
vt 0.051710427 0.3197859
vt 0.0121695995 0.26700264
vt 0.0121695995 0.3197859
vt 0.0121695995 0.3197859
vt 0.051710427 0.26700264
vt 0.0121695995 0.26700264
vt 0.051710427 0.3197859
vt 0.091251194 0.26700264
vt 0.091251194 0.3197859
vt 0.13079202 0.26700264
vt 0.13079202 0.3197859
vt 0.17033291 0.26700264
vt 0.17033279 0.3197859
vt 0.20987368 0.26700264
vt 0.20987368 0.3197859
vt 0.24941456 0.26700264
vt 0.24941456 0.3197859
vt 0.28895533 0.26700264
vt 0.28895533 0.3197859
vt 0.3284961 0.26700264
vt 0.3284961 0.3197859
vt 0.368037 0.26700264
vt 0.368037 0.3197859
vt 0.40757787 0.26700264
vt 0.40757787 0.3197859
vt 0.44711864 0.26700264
vt 0.44711864 0.3197859
vt 0.4866594 0.26700264
vt 0.4866594 0.3197859
vt 0.0121695995 0.3197859
vt 0.051710427 0.26700264
vt 0.0121695995 0.26700264
vt 0.051710427 0.3197859
vt 0.091251194 0.26700264
vt 0.091251194 0.3197859
vt 0.13079202 0.26700264
vt 0.13079202 0.3197859
vt 0.17033291 0.26700264
vt 0.17033279 0.3197859
vt 0.20987368 0.26700264
vt 0.20987368 0.3197859
vt 0.24941456 0.26700264
vt 0.24941456 0.3197859
vt 0.28895533 0.26700264
vt 0.28895533 0.3197859
vt 0.3284961 0.26700264
vt 0.3284961 0.3197859
vt 0.368037 0.26700264
vt 0.368037 0.3197859
vt 0.40757787 0.26700264
vt 0.40757787 0.3197859
vt 0.44711864 0.26700264
vt 0.44711864 0.3197859
vt 0.4866594 0.26700264
vt 0.4866594 0.3197859
vt 0.4866594 0.3197859
vt 0.44711864 0.26700264
vt 0.4866594 0.26700264
vt 0.44711864 0.3197859
vt 0.40757787 0.26700264
vt 0.40757787 0.3197859
vt 0.368037 0.26700264
vt 0.368037 0.3197859
vt 0.3284961 0.26700264
vt 0.3284961 0.3197859
vt 0.28895533 0.26700264
vt 0.28895533 0.3197859
vt 0.24941456 0.26700264
vt 0.24941456 0.3197859
vt 0.20987368 0.26700264
vt 0.20987368 0.3197859
vt 0.17033291 0.26700264
vt 0.17033279 0.3197859
vt 0.13079202 0.26700264
vt 0.13079202 0.3197859
vt 0.091251194 0.26700264
vt 0.091251194 0.3197859
vt 0.051710427 0.26700264
vt 0.051710427 0.3197859
vt 0.0121695995 0.26700264
vt 0.0121695995 0.3197859
vt 0.80225396 0.043165315
vt 0.82620096 0.011956987
vt 0.80225396 0.010387429
vt 0.82192254 0.04445448
vt 0.8497381 0.016638838
vt 0.7825861 0.04445434
vt 0.77830815 0.011956888
vt 0.8412546 0.04829987
vt 0.87246275 0.02435287
vt 0.76325417 0.048299663
vt 0.75477076 0.016638588
vt 0.8599193 0.05463568
vt 0.89398646 0.034967083
vt 0.7445891 0.05463537
vt 0.73204565 0.024352517
vt 0.8775976 0.063353546
vt 0.9139403 0.04829987
vt 0.72691107 0.06335318
vt 0.7105222 0.03496659
vt 0.89398646 0.07430429
vt 0.9319831 0.06412308
vt 0.7105222 0.07430386
vt 0.6905682 0.048299305
vt 0.90880585 0.08730053
vt 0.9478066 0.082165994
vt 0.69570255 0.08730004
vt 0.67252517 0.064122476
vt 0.92180204 0.10211993
vt 0.9611392 0.10211993
vt 0.68270624 0.102119364
vt 0.6567019 0.08216534
vt 0.93275285 0.11850888
vt 0.9717535 0.12364339
vt 0.67175543 0.11850832
vt 0.64336896 0.10211923
vt 0.9414706 0.13618694
vt 0.9794674 0.14636818
vt 0.6630374 0.13618638
vt 0.6327547 0.123642676
vt 0.9478066 0.15485169
vt 0.9841492 0.16990536
vt 0.6567017 0.15485112
vt 0.62504053 0.14636746
vt 0.9516518 0.1741838
vt 0.98571897 0.19385237
vt 0.6528561 0.17418323
vt 0.6203586 0.16990475
vt 0.95294106 0.19385242
vt 0.9841492 0.21779938
vt 0.65156686 0.1938519
vt 0.61878884 0.19385175
vt 0.9516518 0.21352102
vt 0.9794674 0.24133657
vt 0.652856 0.2135205
vt 0.62035847 0.21779875
vt 0.9478066 0.23285307
vt 0.9717535 0.2640614
vt 0.65670145 0.23285267
vt 0.6250402 0.24133609
vt 0.9414706 0.25151783
vt 0.9611392 0.28558493
vt 0.6630372 0.2515175
vt 0.6327543 0.26406097
vt 0.93275285 0.26919597
vt 0.9478066 0.3055387
vt 0.67175496 0.26919562
vt 0.64336836 0.2855845
vt 0.92180204 0.28558493
vt 0.93198335 0.32358176
vt 0.68270564 0.28558457
vt 0.6567012 0.30553848
vt 0.90880585 0.30040425
vt 0.9139403 0.33940494
vt 0.69570196 0.300404
vt 0.6725242 0.32358146
vt 0.89398646 0.31340045
vt 0.89398646 0.35273778
vt 0.7105212 0.31340027
vt 0.6905674 0.33940476
vt 0.8775976 0.32435125
vt 0.87246275 0.363352
vt 0.7269101 0.32435113
vt 0.7105212 0.3527376
vt 0.8599193 0.33306915
vt 0.8497381 0.37106603
vt 0.74458826 0.3330691
vt 0.7320446 0.36335182
vt 0.8412546 0.33940494
vt 0.8262007 0.3757478
vt 0.763253 0.33940494
vt 0.75476956 0.37106586
vt 0.82192254 0.34325033
vt 0.8022537 0.37731743
vt 0.78258526 0.34325033
vt 0.7783067 0.3757478
vt 0.80225396 0.34453946
vt 0.7581186 0.3004042
vt 0.77240396 0.3052535
vt 0.7872002 0.3081966
vt 0.80225396 0.3091833
vt 0.8173076 0.3081966
vt 0.8321037 0.3052535
vt 0.74458826 0.29373187
vt 0.8463893 0.3004043
vt 0.7320448 0.2853505
vt 0.8599193 0.29373193
vt 0.72070265 0.27540344
vt 0.87246275 0.28535062
vt 0.7107556 0.2640612
vt 0.8838053 0.27540368
vt 0.7023742 0.25151762
vt 0.8937522 0.2640614
vt 0.69570196 0.23798734
vt 0.9021336 0.25151783
vt 0.69085276 0.22370191
vt 0.90880585 0.23798762
vt 0.6879096 0.20890579
vt 0.91365504 0.22370219
vt 0.686923 0.193852
vt 0.9165983 0.20890613
vt 0.68790984 0.17879826
vt 0.9175849 0.19385242
vt 0.690853 0.16400215
vt 0.9165983 0.1787987
vt 0.69570243 0.14971675
vt 0.91365504 0.16400254
vt 0.7023747 0.13618656
vt 0.90880585 0.1497172
vt 0.71075606 0.12364299
vt 0.9021336 0.13618694
vt 0.7207031 0.112300746
vt 0.8937522 0.12364342
vt 0.7320454 0.10235389
vt 0.8838053 0.11230113
vt 0.7445891 0.093972586
vt 0.87246275 0.10235425
vt 0.75811934 0.08730031
vt 0.8599193 0.0939729
vt 0.7724047 0.08245116
vt 0.8463893 0.08730053
vt 0.7872009 0.0795081
vt 0.8321037 0.08245132
vt 0.80225396 0.07852148
vt 0.81730783 0.07950818
vt 0.77240455 0.121788345
vt 0.7820661 0.11850875
vt 0.79207313 0.11651831
vt 0.80225396 0.11585107
vt 0.81243527 0.116518326
vt 0.8224423 0.11850888
vt 0.7632537 0.12630108
vt 0.8321037 0.121788524
vt 0.75477004 0.13196953
vt 0.8412546 0.12630126
vt 0.7470989 0.1386969
vt 0.8497381 0.1319698
vt 0.74037147 0.14636792
vt 0.85740924 0.13869713
vt 0.73470306 0.15485142
vt 0.86413646 0.14636818
vt 0.73019016 0.16400228
vt 0.8698051 0.15485172
vt 0.7269106 0.1736639
vt 0.8743179 0.1640026
vt 0.7249198 0.1836709
vt 0.8775976 0.17366415
vt 0.7242527 0.19385216
vt 0.8795881 0.1836712
vt 0.7249198 0.20403342
vt 0.88025534 0.19385242
vt 0.72691035 0.21404043
vt 0.8795881 0.20403363
vt 0.73019004 0.22370203
vt 0.8775976 0.21404065
vt 0.7347026 0.2328529
vt 0.8743179 0.22370225
vt 0.74037135 0.24133648
vt 0.8698051 0.23285307
vt 0.74709845 0.2490076
vt 0.86413646 0.24133666
vt 0.75476956 0.25573504
vt 0.85740924 0.24900778
vt 0.7632532 0.26140362
vt 0.8497381 0.25573504
vt 0.77240396 0.2659163
vt 0.8412546 0.26140362
vt 0.78206563 0.26919597
vt 0.8321037 0.2659163
vt 0.79207253 0.27118647
vt 0.8224423 0.26919603
vt 0.80225396 0.27185374
vt 0.81243503 0.27118653
vt 0.7920728 0.23184925
vt 0.7971194 0.23285307
vt 0.80225396 0.19385242
vt 0.7872002 0.23019525
vt 0.80225396 0.23318964
vt 0.78258526 0.22791938
vt 0.80738854 0.23285313
vt 0.77830684 0.22506073
vt 0.81243503 0.23184925
vt 0.7744384 0.22166796
vt 0.81730783 0.23019525
vt 0.77104545 0.21779932
vt 0.82192254 0.2279195
vt 0.7681868 0.21352096
vt 0.82620096 0.22506073
vt 0.7659111 0.20890601
vt 0.83006954 0.22166802
vt 0.7642571 0.20403351
vt 0.83346224 0.21779938
vt 0.7632532 0.19898683
vt 0.8363209 0.21352102
vt 0.7629167 0.19385229
vt 0.8385968 0.20890613
vt 0.76325333 0.18871774
vt 0.84025097 0.20403363
vt 0.7642571 0.18367106
vt 0.8412546 0.19898696
vt 0.7659111 0.17879857
vt 0.84159136 0.19385242
vt 0.7681868 0.17418368
vt 0.8412546 0.18871787
vt 0.7710457 0.16990528
vt 0.84025073 0.1836712
vt 0.7744385 0.1660367
vt 0.8385968 0.1787987
vt 0.7783071 0.16264398
vt 0.8363209 0.1741838
vt 0.7825855 0.1597853
vt 0.83346224 0.16990545
vt 0.78720045 0.15750946
vt 0.83006954 0.16603677
vt 0.792073 0.15585552
vt 0.82620096 0.1626441
vt 0.7971196 0.15485169
vt 0.82192254 0.15978537
vt 0.80225396 0.15451519
vt 0.81730783 0.15750957
vt 0.80738854 0.15485172
vt 0.81243527 0.15585561
vt 0.8022537 0.010387429
vt 0.7783067 0.011957022
vt 0.782585 0.04445448
vt 0.8022537 0.043165315
vt 0.82619953 0.011956888
vt 0.763253 0.048299827
vt 0.7547693 0.01663889
vt 0.8219212 0.04445434
vt 0.8497369 0.016638588
vt 0.74458814 0.05463568
vt 0.7320446 0.02435287
vt 0.8412535 0.048299663
vt 0.8724617 0.024352517
vt 0.7269101 0.063353546
vt 0.7105212 0.034967083
vt 0.85991836 0.05463537
vt 0.8939853 0.03496659
vt 0.7105212 0.07430429
vt 0.69056714 0.04829987
vt 0.8775965 0.06335315
vt 0.91393924 0.048299305
vt 0.6957017 0.08730053
vt 0.6725242 0.06412308
vt 0.8939855 0.07430386
vt 0.9319823 0.064122476
vt 0.6827055 0.10211993
vt 0.65670097 0.082165994
vt 0.9088049 0.08730001
vt 0.94780564 0.08216534
vt 0.6717547 0.11850884
vt 0.6433681 0.10211993
vt 0.9218013 0.102119364
vt 0.96113837 0.10211923
vt 0.66303694 0.13618694
vt 0.6327542 0.12364339
vt 0.93275213 0.11850832
vt 0.9717529 0.123642676
vt 0.65670097 0.15485169
vt 0.62504005 0.14636818
vt 0.94147015 0.13618638
vt 0.9794669 0.14636746
vt 0.65285575 0.1741838
vt 0.6203582 0.16990541
vt 0.947806 0.15485112
vt 0.98414874 0.16990475
vt 0.6515666 0.19385242
vt 0.6187886 0.19385242
vt 0.9516516 0.17418326
vt 0.9857187 0.1938518
vt 0.65285575 0.21352102
vt 0.6203582 0.21779938
vt 0.9529406 0.1938519
vt 0.984149 0.21779881
vt 0.65670097 0.23285307
vt 0.62503994 0.2413366
vt 0.9516518 0.21352059
vt 0.9794674 0.24133614
vt 0.66303694 0.2515179
vt 0.6327542 0.2640614
vt 0.94780624 0.23285267
vt 0.97175336 0.26406097
vt 0.6717547 0.26919597
vt 0.6433681 0.28558493
vt 0.9414706 0.2515175
vt 0.9611392 0.2855845
vt 0.6827055 0.28558493
vt 0.65670097 0.30553877
vt 0.93275285 0.26919568
vt 0.9478065 0.30553848
vt 0.6957016 0.30040425
vt 0.6725242 0.32358176
vt 0.92180204 0.28558463
vt 0.9319831 0.32358146
vt 0.7105212 0.31340057
vt 0.69056714 0.33940494
vt 0.9088057 0.30040407
vt 0.9139403 0.33940476
vt 0.7269101 0.3243513
vt 0.7105212 0.35273767
vt 0.89398646 0.3134004
vt 0.89398646 0.3527375
vt 0.74458826 0.33306915
vt 0.7320446 0.363352
vt 0.8775976 0.32435113
vt 0.87246275 0.36335182
vt 0.763253 0.339405
vt 0.75476956 0.37106603
vt 0.8599191 0.3330691
vt 0.849738 0.37106586
vt 0.782585 0.34325045
vt 0.7783067 0.3757478
vt 0.8412545 0.33940494
vt 0.8262007 0.3757478
vt 0.8022537 0.34453958
vt 0.8022537 0.37731743
vt 0.82192254 0.34325033
vt 0.77240384 0.30525362
vt 0.7872 0.30819672
vt 0.8022537 0.30918342
vt 0.81730735 0.30819672
vt 0.8321035 0.3052535
vt 0.8463888 0.30040425
vt 0.7581184 0.3004043
vt 0.8599191 0.29373187
vt 0.74458814 0.29373205
vt 0.87246275 0.2853505
vt 0.7320446 0.28535062
vt 0.88380504 0.27540356
vt 0.7207023 0.27540374
vt 0.8937521 0.2640612
vt 0.71075535 0.2640615
vt 0.90213335 0.25151765
vt 0.7023741 0.25151795
vt 0.9088057 0.23798737
vt 0.6957016 0.23798762
vt 0.9136549 0.22370191
vt 0.6908525 0.22370225
vt 0.91659784 0.20890579
vt 0.68790936 0.20890613
vt 0.91758466 0.193852
vt 0.68692267 0.19385242
vt 0.91659784 0.17879832
vt 0.68790936 0.1787987
vt 0.9136547 0.16400215
vt 0.6908525 0.1640026
vt 0.90880525 0.14971675
vt 0.6957016 0.1497172
vt 0.90213287 0.13618653
vt 0.7023741 0.13618694
vt 0.8937514 0.12364299
vt 0.71075535 0.12364339
vt 0.8838047 0.112300746
vt 0.7207023 0.11230113
vt 0.8724623 0.10235389
vt 0.7320446 0.10235425
vt 0.8599186 0.093972586
vt 0.74458814 0.0939729
vt 0.84638834 0.08730026
vt 0.7581184 0.0873005
vt 0.8321028 0.0824511
vt 0.77240384 0.08245126
vt 0.81730676 0.079508044
vt 0.7872 0.07950813
vt 0.8022537 0.07852148
vt 0.763253 0.1263012
vt 0.77240384 0.12178848
vt 0.7820654 0.11850884
vt 0.7920723 0.11651831
vt 0.8022537 0.11585099
vt 0.81243443 0.11651825
vt 0.7547693 0.13196972
vt 0.82244134 0.118508704
vt 0.7470983 0.1386971
vt 0.83210325 0.121788345
vt 0.74037087 0.14636818
vt 0.841254 0.12630099
vt 0.73470235 0.15485169
vt 0.84973764 0.13196948
vt 0.7301898 0.16400254
vt 0.85740876 0.13869683
vt 0.7269099 0.17366415
vt 0.8641362 0.14636786
vt 0.72491944 0.1836712
vt 0.86980474 0.15485139
vt 0.7242522 0.19385242
vt 0.8743175 0.16400228
vt 0.72491944 0.20403367
vt 0.8775971 0.1736639
vt 0.7269099 0.21404065
vt 0.87958765 0.1836709
vt 0.7301898 0.22370225
vt 0.880255 0.19385216
vt 0.73470235 0.23285319
vt 0.8795879 0.20403342
vt 0.74037087 0.2413367
vt 0.87759733 0.21404049
vt 0.7470983 0.24900784
vt 0.87431765 0.22370213
vt 0.7547693 0.2557351
vt 0.869805 0.23285301
vt 0.763253 0.26140368
vt 0.86413646 0.24133657
vt 0.77240384 0.2659164
vt 0.85740924 0.24900772
vt 0.7820654 0.26919603
vt 0.849738 0.25573504
vt 0.79207253 0.27118665
vt 0.8412545 0.26140362
vt 0.8022537 0.27185392
vt 0.8321035 0.2659163
vt 0.8124349 0.27118665
vt 0.82244205 0.26919603
vt 0.79711914 0.23285326
vt 0.8022537 0.23318976
vt 0.8022537 0.19385245
vt 0.7920723 0.2318494
vt 0.80738807 0.2328532
vt 0.7872 0.2301954
vt 0.8124349 0.2318494
vt 0.782585 0.22791958
vt 0.81730735 0.23019534
vt 0.7783067 0.22506079
vt 0.82192254 0.22791952
vt 0.7744379 0.22166814
vt 0.8262007 0.22506079
vt 0.7710452 0.21779947
vt 0.8300693 0.22166802
vt 0.76818645 0.21352112
vt 0.833462 0.21779944
vt 0.76591074 0.2089062
vt 0.83632064 0.21352102
vt 0.7642567 0.20403367
vt 0.8385966 0.20890607
vt 0.76325274 0.19898696
vt 0.8402505 0.2040336
vt 0.7629163 0.19385242
vt 0.8412545 0.19898687
vt 0.76325274 0.18871787
vt 0.8415909 0.19385232
vt 0.7642567 0.1836712
vt 0.84125423 0.18871774
vt 0.76591074 0.1787987
vt 0.8402505 0.18367106
vt 0.76818645 0.1741838
vt 0.8385966 0.17879853
vt 0.7710452 0.16990541
vt 0.83632064 0.17418362
vt 0.7744379 0.16603677
vt 0.833462 0.16990528
vt 0.7783067 0.16264401
vt 0.83006907 0.1660366
vt 0.782585 0.15978535
vt 0.8262005 0.16264394
vt 0.7872 0.15750946
vt 0.82192206 0.1597852
vt 0.7920723 0.15585552
vt 0.8173071 0.15750939
vt 0.79711914 0.15485166
vt 0.8124347 0.15585542
vt 0.8022537 0.1545151
vt 0.8073878 0.15485162
vn 0.79203904 -0.6104705 -7.373958E-07
vn 0.7057471 -0.7024028 -0.09247294
vn 0.70574707 -0.70846385 -8.5579626E-07
vn 0.7920391 -0.6052477 -0.07968236
vn 0.70574725 -0.6843234 -0.18336383
vn 0.7920391 -0.5896691 -0.15800133
vn 0.70574725 -0.65453523 -0.27111706
vn 0.79203916 -0.56400114 -0.23361653
vn 0.7057472 -0.6135476 -0.35423186
vn 0.7920391 -0.5286829 -0.305235
vn 0.70574725 -0.562062 -0.43128535
vn 0.7920391 -0.4843188 -0.3716308
vn 0.7057473 -0.5009596 -0.5009593
vn 0.79203904 -0.43166795 -0.43166766
vn 0.70574725 -0.43128547 -0.56206185
vn 0.7920391 -0.371631 -0.4843186
vn 0.7057472 -0.35423198 -0.61354744
vn 0.7920389 -0.3052355 -0.5286828
vn 0.70574725 -0.27111763 -0.654535
vn 0.79203904 -0.23361728 -0.564001
vn 0.70574725 -0.18336411 -0.6843233
vn 0.7920391 -0.15800154 -0.5896691
vn 0.7057473 -0.09247312 -0.7024026
vn 0.7920391 -0.07968243 -0.60524774
vn 0.7057473 -1.8236328E-07 -0.7084636
vn 0.7920391 -1.5129123E-07 -0.6104704
vn 0.7920391 -1.5129123E-07 -0.6104704
vn 0.7057472 0.092472896 -0.7024027
vn 0.7057473 -1.8236328E-07 -0.7084636
vn 0.7920391 0.07968226 -0.6052477
vn 0.7057473 0.18336353 -0.6843234
vn 0.79203916 0.15800115 -0.58966905
vn 0.70574737 0.27111694 -0.6545351
vn 0.7920391 0.23361638 -0.5640012
vn 0.7057473 0.35423166 -0.61354756
vn 0.7920391 0.30523485 -0.528683
vn 0.7057473 0.43128502 -0.5620622
vn 0.7920391 0.37163064 -0.48431894
vn 0.7057473 0.5009592 -0.50095963
vn 0.7920391 0.4316676 -0.43166792
vn 0.7057473 0.5620618 -0.43128547
vn 0.7920391 0.4843187 -0.37163082
vn 0.7057474 0.6135474 -0.35423172
vn 0.7920392 0.5286828 -0.30523488
vn 0.7057476 0.65453494 -0.2711168
vn 0.7920391 0.5640012 -0.23361644
vn 0.7057475 0.68432325 -0.18336324
vn 0.7920391 0.5896692 -0.15800087
vn 0.7057475 0.7024025 -0.09247246
vn 0.7920391 0.6052477 -0.079681925
vn 0.7057475 0.70846343 5.756959E-07
vn 0.79203916 0.61047024 5.444101E-07
vn 0.79203916 0.61047024 5.444101E-07
vn 0.7057474 0.7024024 0.09247403
vn 0.7057475 0.70846343 5.756959E-07
vn 0.7920391 0.6052477 0.079683155
vn 0.7057473 0.6843229 0.18336505
vn 0.79203904 0.5896689 0.15800227
vn 0.7057473 0.6545344 0.27111858
vn 0.7920389 0.5640008 0.23361814
vn 0.70574737 0.61354685 0.35423282
vn 0.7920389 0.5286823 0.30523646
vn 0.7057474 0.56206113 0.43128622
vn 0.7920391 0.48431796 0.37163177
vn 0.7057473 0.5009582 0.5009606
vn 0.7920391 0.43166685 0.43166864
vn 0.70574725 0.431284 0.56206316
vn 0.7920391 0.37162966 0.48431966
vn 0.7057473 0.35423008 0.61354846
vn 0.7920391 0.30523342 0.52868384
vn 0.7057474 0.2711152 0.65453583
vn 0.79203916 0.2336149 0.5640018
vn 0.7057473 0.18336162 0.6843238
vn 0.7920391 0.15799944 0.5896695
vn 0.7057474 0.09247062 0.70240283
vn 0.7920391 0.07968027 0.6052481
vn 0.70574737 -2.4732276E-06 0.7084636
vn 0.7920391 -2.1704932E-06 0.6104704
vn 0.7920391 -2.1704932E-06 0.6104704
vn 0.7057473 -0.092475705 0.7024023
vn 0.70574737 -2.4732276E-06 0.7084636
vn 0.7920391 -0.0796846 0.6052474
vn 0.70574725 -0.18336682 0.68432254
vn 0.7920391 -0.15800376 0.5896686
vn 0.70574725 -0.27112025 0.6545339
vn 0.7920389 -0.23361963 0.5640002
vn 0.7057473 -0.35423443 0.61354595
vn 0.7920389 -0.30523777 0.5286816
vn 0.7057474 -0.43128785 0.5620599
vn 0.7920391 -0.37163305 0.484317
vn 0.7057473 -0.5009619 0.5009569
vn 0.79203904 -0.43166983 0.43166572
vn 0.7057471 -0.56206423 0.43128258
vn 0.79203904 -0.48432052 0.3716287
vn 0.70574707 -0.6135494 0.35422885
vn 0.79203886 -0.5286845 0.30523285
vn 0.705747 -0.6545366 0.2711142
vn 0.7920389 -0.5640024 0.23361422
vn 0.7057471 -0.6843245 0.18336022
vn 0.7920391 -0.58967 0.15799814
vn 0.7057471 -0.7024031 0.092469856
vn 0.7920391 -0.60524803 0.07967963
vn 0.70574707 -0.70846385 -8.5579626E-07
vn 0.79203904 -0.6104705 -7.373958E-07
vn 0.7057473 -0.09247312 -0.7024026
vn 0.7057473 -1.8236328E-07 -0.7084636
vn 0.6074492 0 -0.79435855
vn 0.6074492 -0.10368472 -0.78756267
vn 0.70574725 -0.18336411 -0.6843233
vn 0.49882424 -1.1930655E-07 -0.8667032
vn 0.60744905 -0.20559539 -0.7672915
vn 0.70574725 -0.27111763 -0.654535
vn 0.49882412 -0.11312761 -0.8592885
vn 0.38172418 -2.2557435E-07 -0.9242763
vn 0.60744905 -0.30398804 -0.7338916
vn 0.7057472 -0.35423198 -0.61354744
vn 0.49882418 -0.2243195 -0.83717096
vn 0.3817241 -0.120642364 -0.91636896
vn 0.25814134 -1.9937332E-07 -0.9661072
vn 0.6074491 -0.39717937 -0.68793464
vn 0.70574725 -0.43128547 -0.56206185
vn 0.49882418 -0.3316731 -0.80072933
vn 0.38172403 -0.23922044 -0.89278233
vn 0.25814128 -0.12610234 -0.957842
vn 0.13017543 -1.6358636E-07 -0.9914909
vn 0.6074491 -0.4835751 -0.63020694
vn 0.7057473 -0.5009596 -0.5009593
vn 0.49882415 -0.43335164 -0.750587
vn 0.38172406 -0.35370544 -0.8539199
vn 0.25814125 -0.25004712 -0.9331879
vn 0.1301754 -0.12941556 -0.98300856
vn -0 -1.4448995E-07 -1
vn 0.607449 -0.5616965 -0.56169623
vn 0.70574725 -0.562062 -0.43128535
vn 0.49882403 -0.5276158 -0.68760175
vn 0.38172403 -0.46213827 -0.8004468
vn 0.25814122 -0.36971346 -0.8925666
vn 0.13017541 -0.25661692 -0.95770675
vn -0 -0.13052621 -0.9914449
vn -0.1301746 -1.2776451E-07 -0.991491
vn 0.60744905 -0.6302072 -0.483575
vn 0.7057472 -0.6135476 -0.35423186
vn 0.49882388 -0.612852 -0.6128516
vn 0.381724 -0.5626641 -0.73327756
vn 0.2581412 -0.4830536 -0.8366733
vn 0.1301754 -0.37942728 -0.9160182
vn -0 -0.25881925 -0.9659257
vn -0.13017465 -0.12941557 -0.9830087
vn -0.2581402 0 -0.96610737
vn -0.25814027 -0.12610237 -0.95784223
vn -0.38172352 0 -0.92427653
vn -0.13017465 -0.25661695 -0.95770687
vn -1.00307076E-07 -0.38268355 -0.9238795
vn 0.13017538 -0.4957455 -0.85865635
vn 0.25814113 -0.588129 -0.7664642
vn -0.38172358 -0.12064239 -0.91636926
vn -0.49882406 0 -0.8667033
vn -0.2581403 -0.25004706 -0.9331881
vn -0.13017467 -0.37942734 -0.9160183
vn -1.4687822E-07 -0.49999997 -0.86602545
vn -0.49882403 -0.11312751 -0.8592886
vn -0.6074492 0 -0.79435855
vn -0.3817236 -0.23922034 -0.89278257
vn -0.2581402 -0.3697133 -0.8925669
vn -0.60744923 -0.10368454 -0.78756267
vn -0.705747 -1.8236327E-07 -0.70846397
vn -0.705747 -0.09247308 -0.7024029
vn -0.49882403 -0.22431931 -0.8371711
vn -0.60744923 -0.20559506 -0.7672915
vn -0.70574707 -0.18336381 -0.6843236
vn -0.38172364 -0.3537052 -0.8539202
vn -0.13017479 -0.49574548 -0.85865647
vn -0.49882418 -0.33167294 -0.80072933
vn -0.6074491 -0.30398783 -0.7338916
vn -0.7057471 -0.2711172 -0.6545353
vn -0.2581402 -0.4830538 -0.83667356
vn -0.38172355 -0.46213835 -0.80044687
vn -0.4988243 -0.4333517 -0.7505869
vn -0.6074491 -0.39717937 -0.68793464
vn -0.705747 -0.35423192 -0.6135478
vn -0.60744923 -0.48357502 -0.6302069
vn -0.7057469 -0.43128565 -0.56206214
vn -0.49882427 -0.5276155 -0.68760175
vn -0.3817237 -0.562664 -0.73327774
vn -0.25814033 -0.5881291 -0.7664645
vn -0.13017492 -0.6035817 -0.7866026
vn -0.60744923 -0.5616963 -0.5616963
vn -0.705747 -0.50095975 -0.5009595
vn -0.49882433 -0.6128517 -0.61285156
vn -0.3817236 -0.65356225 -0.65356207
vn -0.25814041 -0.6831412 -0.683141
vn -0.6074493 -0.63020694 -0.48357478
vn -0.70574707 -0.56206214 -0.4312855
vn -0.49882433 -0.6876018 -0.5276154
vn -0.38172358 -0.73327786 -0.562664
vn -0.6074493 -0.68793446 -0.3971794
vn -0.70574707 -0.6135476 -0.354232
vn -0.49882418 -0.7505868 -0.43335176
vn -0.60744935 -0.73389137 -0.30398792
vn -0.7057471 -0.6545351 -0.27111754
vn -0.13017498 -0.7010901 -0.7010899
vn -0.25814053 -0.76646453 -0.5881289
vn -0.38172355 -0.80044687 -0.46213835
vn -0.49882412 -0.80072945 -0.33167306
vn -0.6074494 -0.76729125 -0.20559518
vn -0.70574707 -0.68432343 -0.18336412
vn -0.13017513 -0.7866027 -0.60358155
vn -0.25814065 -0.8366734 -0.4830539
vn -0.3817237 -0.8539202 -0.3537053
vn -0.4988241 -0.8371711 -0.22431938
vn -0.6074494 -0.78756255 -0.10368473
vn -0.70574707 -0.7024028 -0.0924733
vn -0.13017513 -0.85865635 -0.49574566
vn -0.25814074 -0.8925668 -0.36971316
vn -0.38172355 -0.89278257 -0.23922046
vn -0.49882418 -0.8592884 -0.11312765
vn -0.6074495 -0.7943583 -1.1376683E-06
vn -0.70574725 -0.7084637 -8.5102863E-07
vn -0.13017507 -0.9160183 -0.3794271
vn -0.25814086 -0.933188 -0.25004697
vn -0.38172358 -0.91636926 -0.1206425
vn -0.49882424 -0.8667032 -1.3171444E-06
vn -0.6074496 -0.7875629 0.10368109
vn -0.7057471 -0.7024031 0.092470065
vn -0.13017511 -0.95770675 -0.25661674
vn -0.2581408 -0.9578421 -0.12610242
vn -0.38172358 -0.92427653 -1.3152534E-06
vn -0.49882427 -0.8592889 0.11312357
vn -0.6074496 -0.7672924 0.20559059
vn -0.7057471 -0.6843245 0.18335983
vn -0.13017517 -0.9830087 -0.12941554
vn -0.25814074 -0.96610737 -1.2678707E-06
vn -0.38172355 -0.91636986 0.12063814
vn -0.49882433 -0.8371722 0.22431451
vn -0.6074494 -0.7338931 0.30398366
vn -0.70574725 -0.6545367 0.2711135
vn -0.13017523 -0.991491 -1.2943619E-06
vn -0.25814065 -0.95784265 0.126098
vn -0.38172352 -0.8927839 0.23921531
vn -0.49882424 -0.8007311 0.33166865
vn -0.6074493 -0.6879366 0.3971757
vn -0.7057471 -0.61354953 0.35422862
vn -0.13017526 -0.9830093 0.12941124
vn -0.25814065 -0.93318945 0.25004172
vn -0.38172352 -0.853922 0.3537008
vn -0.49882424 -0.75058913 0.43334782
vn -0.6074493 -0.6302092 0.48357192
vn -0.705747 -0.5620643 0.4312829
vn -0.13017522 -0.9577083 0.25661138
vn -0.25814065 -0.8925687 0.3697086
vn -0.38172352 -0.8004494 0.46213412
vn -0.4988243 -0.6876043 0.5276122
vn -0.6074492 -0.561699 0.56169355
vn -0.705747 -0.50096196 0.5009573
vn -0.13017529 -0.91602033 0.3794223
vn -0.25814068 -0.836676 0.48304936
vn -0.3817236 -0.7332806 0.5626604
vn -0.49882424 -0.61285466 0.61284876
vn -0.60744923 -0.48357764 0.63020486
vn -0.705747 -0.43128797 0.56206024
vn -0.13017523 -0.8586589 0.4957411
vn -0.25814068 -0.76646733 0.58812517
vn -0.38172364 -0.6535653 0.653559
vn -0.49882415 -0.52761847 0.68759954
vn -0.6074492 -0.39718208 0.68793297
vn -0.705747 -0.35423446 0.61354625
vn -0.1301751 -0.7866057 0.6035776
vn -0.25814065 -0.68314445 0.6831377
vn -0.38172367 -0.5626671 0.73327535
vn -0.49882418 -0.43335474 0.75058514
vn -0.6074493 -0.30399063 0.73389035
vn -0.70574707 -0.27111974 0.6545342
vn -0.13017507 -0.7010935 0.70108664
vn -0.2581407 -0.5881323 0.7664619
vn -0.3817236 -0.46214163 0.800445
vn -0.49882418 -0.33167621 0.80072796
vn -0.60744935 -0.20559789 0.76729053
vn -0.705747 -0.18336646 0.6843229
vn -0.13017514 -0.603585 0.78659993
vn -0.2581407 -0.4830572 0.8366714
vn -0.38172352 -0.35370883 0.85391873
vn -0.49882433 -0.22432236 0.83717006
vn -0.6074493 -0.10368751 0.7875623
vn -0.705747 -0.092475794 0.7024026
vn -0.6074492 -2.8680217E-06 0.7943586
vn -0.70574707 -2.4636922E-06 0.7084639
vn -0.49882418 -3.1198667E-06 0.8667032
vn -0.49882424 -0.11313057 0.85928804
vn -0.3817236 -3.3108104E-06 0.92427653
vn -0.3817236 -0.12064568 0.91636884
vn -0.2581407 -3.5481287E-06 0.96610737
vn -0.38172352 -0.23922375 0.8927817
vn -0.2581407 -0.12610586 0.9578417
vn -0.13017516 -3.6514382E-06 0.991491
vn -0.25814086 -0.25005057 0.93318707
vn -0.13017528 -0.12941912 0.98300815
vn -0 -3.6719553E-06 1
vn -0.2581408 -0.36971697 0.8925652
vn -0 -0.13052979 0.9914444
vn 0.1301749 -3.6932308E-06 0.991491
vn -0.1301753 -0.25662035 0.95770574
vn -0.13017532 -0.37943107 0.9160167
vn 0.13017493 -0.12941916 0.98300827
vn 0.25814074 -3.6496065E-06 0.96610737
vn -0 -0.2588227 0.96592486
vn -0.13017523 -0.49574912 0.85865426
vn 0.25814074 -0.12610592 0.9578417
vn 0.38172403 -3.4528389E-06 0.9242764
vn 0.13017489 -0.25662038 0.95770586
vn -1.0269533E-07 -0.38268736 0.9238779
vn -1.4807235E-07 -0.50000364 0.8660233
vn 0.38172385 -0.12064579 0.91636866
vn 0.49882412 -3.1998018E-06 0.8667033
vn 0.25814086 -0.25005046 0.93318707
vn 0.13017483 -0.37943107 0.9160167
vn -1.3016037E-07 -0.6087651 0.7933506
vn 0.49882397 -0.11313078 0.85928804
vn 0.6074492 -2.8787545E-06 0.7943586
vn 0.38172394 -0.2392237 0.8927815
vn 0.25814074 -0.36971697 0.8925652
vn 0.13017485 -0.49574926 0.85865426
vn -0 -0.7071102 0.70710325
vn 0.60744905 -0.10368761 0.7875624
vn 0.70574737 -2.4732276E-06 0.7084636
vn 0.7057473 -0.092475705 0.7024023
vn 0.49882403 -0.22432253 0.83717024
vn 0.6074491 -0.20559824 0.7672906
vn 0.70574725 -0.18336682 0.68432254
vn 0.381724 -0.35370883 0.85391855
vn 0.6074492 -0.303991 0.73389035
vn 0.70574725 -0.27112025 0.6545339
vn 0.49882403 -0.33167633 0.800728
vn 0.2581407 -0.48305738 0.8366714
vn 0.6074492 -0.3971822 0.6879331
vn 0.7057473 -0.35423443 0.61354595
vn 0.49882403 -0.43335485 0.75058514
vn 0.38172397 -0.4621416 0.80044484
vn 0.13017485 -0.60358506 0.78659993
vn 0.60744905 -0.48357773 0.6302049
vn 0.7057474 -0.43128785 0.5620599
vn 0.4988239 -0.52761877 0.6875996
vn 0.38172397 -0.56266725 0.7332751
vn 0.25814068 -0.5881324 0.7664618
vn 0.13017474 -0.70109344 0.70108664
vn 0.607449 -0.5616992 0.5616935
vn 0.7057473 -0.5009619 0.5009569
vn 0.49882394 -0.6128549 0.61284876
vn 0.381724 -0.6535653 0.65355885
vn 0.25814068 -0.68314433 0.6831378
vn -1.2299556E-07 -0.79335624 0.6087576
vn 0.60744894 -0.6302096 0.4835717
vn 0.7057471 -0.56206423 0.43128258
vn 0.49882418 -0.6876045 0.52761215
vn 0.38172412 -0.7332803 0.56266034
vn 0.25814062 -0.7664673 0.5881252
vn 0.13017471 -0.78660566 0.60357773
vn -1.456841E-07 -0.86602795 0.49999562
vn 0.60744894 -0.6879369 0.39717582
vn 0.70574707 -0.6135494 0.35422885
vn 0.49882424 -0.7505892 0.43334776
vn 0.38172412 -0.8004491 0.4621341
vn 0.25814062 -0.8366759 0.48304945
vn 0.1301747 -0.8586589 0.49574122
vn -1.050836E-07 -0.92388153 0.3826784
vn 0.6074488 -0.73389333 0.3039842
vn 0.705747 -0.6545366 0.2711142
vn 0.49882424 -0.8007311 0.33166873
vn 0.38172418 -0.85392183 0.35370058
vn 0.25814065 -0.8925688 0.36970845
vn 0.13017476 -0.91602033 0.37942228
vn -0 -0.9659273 0.25881362
vn 0.6074489 -0.7672928 0.20559101
vn 0.7057471 -0.6843245 0.18336022
vn 0.49882415 -0.8371722 0.2243147
vn 0.3817241 -0.8927837 0.23921527
vn 0.25814065 -0.93318945 0.2500416
vn 0.13017485 -0.9577083 0.25661132
vn -0 -0.9914454 0.13052188
vn 0.60744894 -0.78756326 0.10368119
vn 0.7057471 -0.7024031 0.092469856
vn 0.4988241 -0.85928893 0.11312376
vn 0.381724 -0.91636956 0.12063821
vn 0.25814065 -0.95784265 0.12609805
vn 0.13017493 -0.9830093 0.12941125
vn -0 -1 -1.3410098E-06
vn 0.60744894 -0.7943587 -1.1328983E-06
vn 0.70574707 -0.70846385 -8.5579626E-07
vn 0.49882412 -0.8667033 -1.3195305E-06
vn 0.38172403 -0.9242764 -1.2949637E-06
vn 0.2581407 -0.96610737 -1.2201169E-06
vn 0.13017493 -0.991491 -1.2645104E-06
vn -0 -0.9914449 -0.13052619
vn 0.6074489 -0.78756297 -0.10368453
vn 0.7057471 -0.7024028 -0.09247294
vn 0.49882415 -0.8592884 -0.1131274
vn 0.38172412 -0.916369 -0.12064222
vn 0.25814077 -0.9578421 -0.12610228
vn 0.1301749 -0.9830087 -0.12941554
vn -0 -0.9659258 -0.25881907
vn 0.6074488 -0.7672917 -0.20559497
vn 0.70574725 -0.6843234 -0.18336383
vn 0.49882418 -0.8371711 -0.22431907
vn 0.3817241 -0.89278233 -0.23922014
vn 0.2581407 -0.933188 -0.25004694
vn 0.13017493 -0.95770687 -0.25661677
vn 1.0150119E-07 -0.9238795 -0.38268334
vn 0.607449 -0.7338919 -0.3039877
vn 0.70574725 -0.65453523 -0.27111706
vn 0.49882412 -0.8007295 -0.33167276
vn 0.38172403 -0.85392004 -0.35370514
vn 0.2581407 -0.8925668 -0.36971322
vn 0.13017495 -0.9160183 -0.3794271
vn 1.4210171E-07 -0.86602545 -0.50000006
vn 0.60744905 -0.6879348 -0.39717928
vn 0.49882406 -0.7505871 -0.4333516
vn 0.4988239 -0.687602 -0.52761567
vn 0.13017505 -0.85865647 -0.49574557
vn 1.2538382E-07 -0.79335326 -0.6087614
vn 0.38172403 -0.8004468 -0.46213827
vn 0.25814083 -0.8366734 -0.48305368
vn 0.38172403 -0.6535622 -0.65356195
vn 0.38172406 -0.7332777 -0.5626639
vn 0.13017513 -0.7866027 -0.6035815
vn 0.25814092 -0.7664644 -0.58812886
vn 0.258141 -0.6831412 -0.6831409
vn -0 -0.7071069 -0.7071066
vn 0.1301752 -0.7010902 -0.70108986
vn 0.13017534 -0.6035818 -0.7866025
vn -1.2657799E-07 -0.60876167 -0.7933532
vn 0.7057474 0.09247062 0.70240283
vn 0.70574737 -2.4732276E-06 0.7084636
vn 0.6074492 -2.8787545E-06 0.7943586
vn 0.60744923 0.103681855 0.78756297
vn 0.7057473 0.18336162 0.6843238
vn 0.49882412 -3.1998018E-06 0.8667033
vn 0.60744923 0.20559265 0.767292
vn 0.7057474 0.2711152 0.65453583
vn 0.49882412 0.11312442 0.8592889
vn 0.38172403 -3.4528389E-06 0.9242764
vn 0.6074492 0.30398566 0.73389244
vn 0.7057473 0.35423008 0.61354846
vn 0.49882424 0.2243166 0.83717173
vn 0.3817241 0.12063907 0.91636944
vn 0.25814074 -3.6496065E-06 0.96610737
vn 0.60744923 0.3971775 0.68793565
vn 0.70574725 0.431284 0.56206316
vn 0.4988243 0.3316706 0.8007303
vn 0.38172397 0.2392175 0.8927832
vn 0.25814074 0.12609904 0.9578426
vn 0.1301749 -3.6932308E-06 0.991491
vn 0.60744923 0.48357326 0.63020813
vn 0.7057473 0.5009582 0.5009606
vn 0.49882427 0.43334958 0.75058806
vn 0.38172397 0.35370272 0.85392106
vn 0.2581407 0.25004417 0.93318874
vn 0.13017492 0.12941214 0.98300916
vn -0 -3.6719553E-06 1
vn 0.6074493 0.5616949 0.5616976
vn 0.7057474 0.56206113 0.43128622
vn 0.49882442 0.52761376 0.6876031
vn 0.38172415 0.46213612 0.80044794
vn 0.2581407 0.36971056 0.8925679
vn 0.13017504 0.25661385 0.9577075
vn -0 0.13052271 0.9914453
vn -0.13017516 -3.6514382E-06 0.991491
vn 0.6074493 0.63020605 0.48357594
vn 0.70574737 0.61354685 0.35423282
vn 0.49882433 0.6128503 0.612853
vn 0.381724 0.56266207 0.7332791
vn 0.25814074 0.48305154 0.83667475
vn 0.13017505 0.37942454 0.9160194
vn -0 0.2588161 0.9659266
vn -0.13017519 0.1294122 0.98300916
vn -0.2581407 -3.5481287E-06 0.96610737
vn -0.25814074 0.12609911 0.9578426
vn -0.3817236 -3.3108104E-06 0.92427653
vn -0.13017525 0.25661388 0.9577075
vn 1.0388946E-07 0.38268086 0.92388064
vn 0.13017504 0.4957434 0.85865766
vn 0.2581408 0.5881271 0.7664658
vn -0.38172358 0.12063921 0.9163696
vn -0.49882418 -3.1198667E-06 0.8667032
vn -0.2581407 0.2500443 0.93318874
vn -0.13017517 0.37942457 0.9160193
vn 1.4926647E-07 0.49999788 0.8660266
vn -0.4988242 0.11312459 0.8592889
vn -0.6074492 -2.8680217E-06 0.7943586
vn -0.38172343 0.23921782 0.8927833
vn -0.2581408 0.3697107 0.8925679
vn -0.60744923 0.10368202 0.787563
vn -0.70574707 -2.4636922E-06 0.7084639
vn -0.705747 0.09247071 0.7024033
vn -0.49882418 0.2243169 0.83717173
vn -0.60744923 0.20559298 0.767292
vn -0.7057469 0.18336204 0.68432415
vn -0.38172343 0.35370302 0.85392123
vn -0.13017505 0.4957434 0.85865766
vn -0.4988241 0.33167088 0.80073035
vn -0.6074491 0.30398583 0.7338924
vn -0.7057469 0.27111584 0.6545361
vn -0.25814074 0.48305148 0.83667475
vn -0.38172352 0.4621363 0.8004481
vn -0.49882406 0.43334982 0.7505881
vn -0.60744923 0.39717767 0.6879356
vn -0.70574695 0.35423055 0.61354864
vn -0.6074491 0.48357338 0.6302082
vn -0.7057469 0.43128425 0.5620633
vn -0.49882406 0.52761394 0.6876032
vn -0.3817235 0.56266224 0.7332792
vn -0.25814062 0.58812714 0.7664658
vn -0.13017501 0.6035797 0.7866041
vn -0.60744905 0.5616951 0.5616976
vn -0.705747 0.50095856 0.5009607
vn -0.49882403 0.6128504 0.61285317
vn -0.38172343 0.65356076 0.65356374
vn -0.25814044 0.6831396 0.6831426
vn -0.60744894 0.6302062 0.483576
vn -0.70574695 0.5620615 0.4312865
vn -0.49882397 0.6876011 0.5276168
vn -0.38172352 0.7332769 0.56266516
vn -0.607449 0.68793416 0.39718047
vn -0.7057469 0.6135472 0.35423297
vn -0.4988241 0.7505863 0.43335292
vn -0.607449 0.73389137 0.30398893
vn -0.70574695 0.654535 0.2711183
vn -0.130175 0.7010885 0.70109147
vn -0.25814027 0.7664636 0.5881303
vn -0.38172355 0.8004462 0.4621396
vn -0.49882412 0.800729 0.3316741
vn -0.6074489 0.76729137 0.20559609
vn -0.7057469 0.68432343 0.18336484
vn -0.13017486 0.7866017 0.6035828
vn -0.25814012 0.83667284 0.48305523
vn -0.38172343 0.8539197 0.3537065
vn -0.498824 0.8371708 0.2243202
vn -0.6074488 0.7875628 0.10368541
vn -0.7057469 0.702403 0.09247372
vn -0.1301747 0.85865563 0.49574694
vn -0.2581401 0.89256644 0.3697147
vn -0.38172355 0.89278233 0.23922148
vn -0.498824 0.8592884 0.11312845
vn -0.60744894 0.79435873 6.7258384E-07
vn -0.70574677 0.70846415 5.8880687E-07
vn -0.13017467 0.9160177 0.3794287
vn -0.25814015 0.9331879 0.25004825
vn -0.38172352 0.916369 0.12064341
vn -0.49882406 0.8667033 8.1725E-07
vn -0.6074488 0.78756297 -0.10368389
vn -0.7057468 0.70240325 -0.0924723
vn -0.13017467 0.9577065 0.25661808
vn -0.25814015 0.9578421 0.12610354
vn -0.38172358 0.92427653 8.6768546E-07
vn -0.49882403 0.8592886 -0.11312678
vn -0.6074488 0.7672917 -0.20559484
vn -0.7057468 0.68432385 -0.18336377
vn -0.13017462 0.98300856 0.12941676
vn -0.25814006 0.9661075 8.571859E-07
vn -0.38172346 0.91636944 -0.12064152
vn -0.49882406 0.8371712 -0.22431882
vn -0.60744894 0.73389167 -0.30398798
vn -0.7057467 0.6545354 -0.27111778
vn -0.13017458 0.991491 8.6330596E-07
vn -0.25814006 0.95784247 -0.12610155
vn -0.38172346 0.89278275 -0.2392198
vn -0.49882427 0.80072945 -0.33167282
vn -0.607449 0.6879348 -0.39717934
vn -0.7057469 0.61354786 -0.35423216
vn -0.13017458 0.9830088 -0.12941475
vn -0.25814003 0.9331883 -0.25004643
vn -0.3817235 0.8539203 -0.35370508
vn -0.4988242 0.750587 -0.43335158
vn -0.60744905 0.6302071 -0.48357487
vn -0.7057469 0.56206226 -0.4312855
vn -0.13017464 0.95770705 -0.2566161
vn -0.25814003 0.8925671 -0.36971304
vn -0.38172352 0.80044687 -0.4621383
vn -0.49882412 0.6876019 -0.52761555
vn -0.6074492 0.5616962 -0.5616966
vn -0.705747 0.50095934 -0.5009599
vn -0.1301747 0.9160184 -0.37942696
vn -0.25814006 0.8366737 -0.4830538
vn -0.38172355 0.7332778 -0.562664
vn -0.49882412 0.6128515 -0.61285204
vn -0.6074491 0.48357448 -0.6302073
vn -0.705747 0.4312852 -0.5620625
vn -0.13017464 0.85865647 -0.49574554
vn -0.25814003 0.76646453 -0.58812904
vn -0.38172352 0.65356195 -0.6535624
vn -0.4988241 0.5276152 -0.6876022
vn -0.60744923 0.39717916 -0.68793476
vn -0.70574695 0.35423195 -0.6135478
vn -0.13017458 0.7866027 -0.60358155
vn -0.25814006 0.68314093 -0.68314147
vn -0.38172355 0.56266356 -0.7332782
vn -0.49882406 0.4333516 -0.7505871
vn -0.6074493 0.30398774 -0.73389155
vn -0.7057468 0.2711175 -0.6545354
vn -0.13017459 0.7010899 -0.7010903
vn -0.25814012 0.58812857 -0.7664649
vn -0.38172355 0.4621382 -0.80044705
vn -0.49882406 0.33167285 -0.80072945
vn -0.6074492 0.20559506 -0.7672915
vn -0.7057469 0.18336403 -0.6843237
vn -0.13017456 0.6035813 -0.786603
vn -0.25814024 0.48305365 -0.83667374
vn -0.3817235 0.35370523 -0.8539202
vn -0.49882403 0.22431909 -0.83717114
vn -0.6074491 0.10368463 -0.7875627
vn -0.7057469 0.09247313 -0.7024029
vn -0.6074492 0 -0.79435855
vn -0.705747 -1.8236327E-07 -0.70846397
vn -0.49882406 0 -0.8667033
vn -0.49882406 0.11312746 -0.8592885
vn -0.38172352 0 -0.92427653
vn -0.38172346 0.120642215 -0.91636926
vn -0.2581402 0 -0.96610737
vn -0.38172346 0.23922014 -0.8927826
vn -0.2581402 0.12610221 -0.95784235
vn -0.1301746 -1.2776451E-07 -0.991491
vn -0.25814015 0.25004676 -0.9331882
vn -0.13017459 0.12941544 -0.9830088
vn -0 -1.4448995E-07 -1
vn -0.25814018 0.36971304 -0.892567
vn -0 0.13052605 -0.9914449
vn 0.13017543 -1.6358636E-07 -0.9914909
vn -0.1301746 0.25661653 -0.957707
vn -0.13017456 0.37942687 -0.9160185
vn 0.13017546 0.12941541 -0.9830087
vn 0.25814134 -1.9937332E-07 -0.9661072
vn -0 0.25881875 -0.9659258
vn -0.13017456 0.49574545 -0.8586565
vn 0.25814128 0.12610212 -0.957842
vn 0.38172418 -2.2557435E-07 -0.9242763
vn 0.13017549 0.2566165 -0.95770687
vn -0 0.38268313 -0.9238796
vn 1.4329582E-07 0.49999997 -0.86602545
vn 0.38172418 0.12064209 -0.91636896
vn 0.49882424 -1.1930655E-07 -0.8667032
vn 0.25814134 0.25004664 -0.933188
vn 0.13017549 0.3794268 -0.9160183
vn 1.3254862E-07 0.60876113 -0.79335356
vn 0.49882424 0.11312726 -0.8592884
vn 0.6074492 0 -0.79435855
vn 0.38172415 0.23922004 -0.89278233
vn 0.25814143 0.36971298 -0.89256674
vn 0.13017552 0.49574542 -0.85865647
vn 1.00307076E-07 0.7071065 -0.70710707
vn 0.60744905 0.1036844 -0.7875627
vn 0.7057473 -1.8236328E-07 -0.7084636
vn 0.7057472 0.092472896 -0.7024027
vn 0.49882418 0.2243189 -0.83717114
vn 0.6074492 0.20559469 -0.76729155
vn 0.7057473 0.18336353 -0.6843234
vn 0.38172424 0.35370508 -0.85392004
vn 0.6074492 0.3039876 -0.7338917
vn 0.70574737 0.27111694 -0.6545351
vn 0.49882412 0.33167282 -0.8007295
vn 0.25814146 0.4830534 -0.8366734
vn 0.60744923 0.39717916 -0.68793476
vn 0.7057473 0.35423166 -0.61354756
vn 0.49882418 0.43335143 -0.7505871
vn 0.38172412 0.46213788 -0.80044687
vn 0.13017552 0.6035811 -0.7866029
vn 0.60744923 0.48357442 -0.63020736
vn 0.7057473 0.43128502 -0.5620622
vn 0.49882418 0.527615 -0.6876023
vn 0.38172415 0.5626633 -0.7332781
vn 0.2581414 0.58812845 -0.7664646
vn 0.13017555 0.70108974 -0.7010903
vn 0.60744923 0.561696 -0.56169647
vn 0.7057473 0.5009592 -0.50095963
vn 0.49882424 0.61285144 -0.61285204
vn 0.38172415 0.6535618 -0.65356237
vn 0.2581414 0.6831406 -0.6831413
vn 1.2896625E-07 0.79335326 -0.60876155
vn 0.6074493 0.6302067 -0.48357502
vn 0.7057473 0.5620618 -0.43128547
vn 0.49882415 0.6876017 -0.5276156
vn 0.38172415 0.7332776 -0.56266385
vn 0.25814137 0.7664643 -0.58812886
vn 0.1301755 0.7866027 -0.6035815
vn 1.456841E-07 0.86602545 -0.50000006
vn 0.6074494 0.6879345 -0.39717922
vn 0.7057474 0.6135474 -0.35423172
vn 0.4988242 0.750587 -0.43335167
vn 0.3817241 0.8004468 -0.46213812
vn 0.2581413 0.8366734 -0.48305354
vn 0.13017555 0.85865635 -0.49574545
vn 1.0269533E-07 0.9238796 -0.38268316
vn 0.6074493 0.7338916 -0.3039875
vn 0.7057476 0.65453494 -0.2711168
vn 0.49882427 0.80072945 -0.33167285
vn 0.38172412 0.85392004 -0.3537051
vn 0.25814125 0.89256674 -0.369713
vn 0.1301756 0.9160183 -0.3794269
vn -0 0.96592605 -0.25881833
vn 0.6074495 0.76729137 -0.20559448
vn 0.7057475 0.68432325 -0.18336324
vn 0.49882427 0.83717114 -0.22431876
vn 0.38172412 0.89278245 -0.23921978
vn 0.25814122 0.9331881 -0.2500464
vn 0.13017552 0.957707 -0.25661612
vn -0 0.99144495 -0.13052537
vn 0.6074495 0.7875626 -0.103683814
vn 0.7057475 0.7024025 -0.09247246
vn 0.49882427 0.8592885 -0.11312664
vn 0.38172406 0.91636914 -0.12064143
vn 0.25814122 0.9578421 -0.12610146
vn 0.13017547 0.9830087 -0.12941472
vn -0 1 8.7529855E-07
vn 0.6074494 0.7943584 6.558884E-07
vn 0.7057475 0.70846343 5.756959E-07
vn 0.49882424 0.8667032 8.100915E-07
vn 0.38172406 0.9242763 8.879751E-07
vn 0.2581412 0.96610725 8.977769E-07
vn 0.13017543 0.9914909 8.931576E-07
vn -0 0.99144477 0.13052742
vn 0.6074493 0.78756243 0.10368567
vn 0.7057474 0.7024024 0.09247403
vn 0.49882427 0.85928833 0.11312864
vn 0.38172412 0.91636884 0.12064353
vn 0.25814122 0.9578418 0.12610358
vn 0.13017546 0.9830085 0.1294168
vn -0 0.9659255 0.2588204
vn 0.6074494 0.7672909 0.20559634
vn 0.7057473 0.6843229 0.18336505
vn 0.49882418 0.83717066 0.2243205
vn 0.38172412 0.8927821 0.23922157
vn 0.2581412 0.9331876 0.25004822
vn 0.13017543 0.9577064 0.25661808
vn -0 0.9238789 0.382685
vn 0.6074494 0.7338909 0.30398908
vn 0.7057473 0.6545344 0.27111858
vn 0.49882424 0.8007288 0.33167428
vn 0.38172406 0.8539194 0.35370657
vn 0.2581411 0.892566 0.36971465
vn 0.13017541 0.9160176 0.37942868
vn -1.421017E-07 0.86602455 0.5000015
vn 0.60744935 0.68793386 0.39718032
vn 0.49882418 0.7505862 0.43335295
vn 0.4988242 0.6876009 0.52761674
vn 0.13017537 0.8586556 0.49574697
vn -1.2180145E-07 0.79335237 0.60876274
vn 0.38172403 0.800446 0.46213976
vn 0.25814107 0.8366725 0.4830551
vn 0.38172397 0.6535607 0.65356344
vn 0.381724 0.7332767 0.5626651
vn 0.1301754 0.78660166 0.6035828
vn 0.25814107 0.76646334 0.5881302
vn 0.25814095 0.6831395 0.68314254
vn -0 0.7071053 0.70710826
vn 0.13017534 0.7010884 0.7010916
vn 0.13017516 0.6035797 0.7866041
vn 1.3374273E-07 0.6087595 0.79335475
vn -0.70574725 -0.7084637 -8.5102863E-07
vn -0.79203886 -0.6052479 -0.079682514
vn -0.7920389 -0.6104706 -7.3441754E-07
vn -0.70574707 -0.7024028 -0.0924733
vn -0.79203886 -0.5896694 -0.15800159
vn -0.70574707 -0.68432343 -0.18336412
vn -0.79203874 -0.5640015 -0.23361726
vn -0.7057471 -0.6545351 -0.27111754
vn -0.79203874 -0.52868307 -0.30523577
vn -0.70574707 -0.6135476 -0.354232
vn -0.79203886 -0.48431888 -0.3716311
vn -0.70574707 -0.56206214 -0.4312855
vn -0.7920389 -0.431668 -0.43166777
vn -0.705747 -0.50095975 -0.5009595
vn -0.79203886 -0.3716311 -0.4843188
vn -0.7057469 -0.43128565 -0.56206214
vn -0.79203886 -0.30523506 -0.5286832
vn -0.705747 -0.35423192 -0.6135478
vn -0.7920389 -0.23361668 -0.5640014
vn -0.7057471 -0.2711172 -0.6545353
vn -0.79203886 -0.15800133 -0.58966935
vn -0.70574707 -0.18336381 -0.6843236
vn -0.79203886 -0.07968246 -0.6052481
vn -0.705747 -0.09247308 -0.7024029
vn -0.79203886 -1.477174E-07 -0.6104707
vn -0.705747 -1.8236327E-07 -0.70846397
vn -0.705747 -1.8236327E-07 -0.70846397
vn -0.79203886 0.07968237 -0.60524803
vn -0.79203886 -1.477174E-07 -0.6104707
vn -0.7057469 0.09247313 -0.7024029
vn -0.7920388 0.1580014 -0.5896695
vn -0.7057469 0.18336403 -0.6843237
vn -0.79203874 0.23361729 -0.56400144
vn -0.7057468 0.2711175 -0.6545354
vn -0.79203874 0.30523568 -0.5286832
vn -0.70574695 0.35423195 -0.6135478
vn -0.7920388 0.37163076 -0.48431924
vn -0.705747 0.4312852 -0.5620625
vn -0.7920388 0.43166777 -0.43166828
vn -0.705747 0.50095934 -0.5009599
vn -0.7920388 0.4843189 -0.37163115
vn -0.7057469 0.56206226 -0.4312855
vn -0.7920386 0.5286831 -0.3052357
vn -0.7057469 0.61354786 -0.35423216
vn -0.79203874 0.56400144 -0.23361738
vn -0.7057467 0.6545354 -0.27111778
vn -0.79203886 0.5896696 -0.15800115
vn -0.7057468 0.68432385 -0.18336377
vn -0.79203886 0.60524815 -0.0796818
vn -0.7057468 0.70240325 -0.0924723
vn -0.7920388 0.6104708 5.47984E-07
vn -0.70574677 0.70846415 5.8880687E-07
vn -0.70574677 0.70846415 5.8880687E-07
vn -0.79203886 0.605248 0.079683
vn -0.7920388 0.6104708 5.47984E-07
vn -0.7057469 0.702403 0.09247372
vn -0.79203886 0.5896691 0.15800221
vn -0.7057469 0.68432343 0.18336484
vn -0.7920389 0.56400096 0.23361772
vn -0.70574695 0.654535 0.2711183
vn -0.7920389 0.52868265 0.30523598
vn -0.7057469 0.6135472 0.35423297
vn -0.79203886 0.48431832 0.37163177
vn -0.70574695 0.5620615 0.4312865
vn -0.79203874 0.43166712 0.431669
vn -0.705747 0.50095856 0.5009607
vn -0.79203886 0.3716299 0.48431984
vn -0.7057469 0.43128425 0.5620633
vn -0.7920388 0.30523428 0.5286838
vn -0.70574695 0.35423055 0.61354864
vn -0.79203874 0.23361588 0.56400204
vn -0.7057469 0.27111584 0.6545361
vn -0.7920388 0.1579997 0.58966994
vn -0.7057469 0.18336204 0.68432415
vn -0.79203886 0.079680294 0.60524833
vn -0.705747 0.09247071 0.7024033
vn -0.79203886 -2.1645367E-06 0.6104707
vn -0.70574707 -2.4636922E-06 0.7084639
vn -0.70574707 -2.4636922E-06 0.7084639
vn -0.79203886 -0.07968473 0.6052477
vn -0.79203886 -2.1645367E-06 0.6104707
vn -0.705747 -0.092475794 0.7024026
vn -0.79203886 -0.15800358 0.5896688
vn -0.705747 -0.18336646 0.6843229
vn -0.79203886 -0.23361893 0.5640006
vn -0.70574707 -0.27111974 0.6545342
vn -0.79203886 -0.3052374 0.528682
vn -0.705747 -0.35423446 0.61354625
vn -0.79203886 -0.37163317 0.4843173
vn -0.705747 -0.43128797 0.56206024
vn -0.79203886 -0.43166992 0.43166587
vn -0.705747 -0.50096196 0.5009573
vn -0.7920389 -0.48432073 0.37162852
vn -0.705747 -0.5620643 0.4312829
vn -0.79203904 -0.52868474 0.3052322
vn -0.7057471 -0.61354953 0.35422862
vn -0.7920389 -0.5640027 0.23361363
vn -0.70574725 -0.6545367 0.2711135
vn -0.79203886 -0.5896703 0.15799801
vn -0.7057471 -0.6843245 0.18335983
vn -0.79203886 -0.60524833 0.07967981
vn -0.7057471 -0.7024031 0.092470065
vn -0.7920389 -0.6104706 -7.3441754E-07
vn -0.70574725 -0.7084637 -8.5102863E-07
vn 0.8648457 -0.5020378 -6.798383E-07
vn 0.7920391 -0.6052477 -0.07968236
vn 0.79203904 -0.6104705 -7.373958E-07
vn 0.8648457 -0.4977429 -0.065529145
vn 0.7920391 -0.5896691 -0.15800133
vn 0.8648457 -0.49774313 0.065526925
vn 0.7920391 -0.60524803 0.07967963
vn 0.86484563 -0.48493138 -0.12993698
vn 0.79203916 -0.56400114 -0.23361653
vn 0.8648457 -0.48493207 0.12993422
vn 0.7920391 -0.58967 0.15799814
vn 0.8648457 -0.46382257 -0.1921214
vn 0.7920391 -0.5286829 -0.305235
vn 0.86484563 -0.46382368 0.19211921
vn 0.7920389 -0.5640024 0.23361422
vn 0.8648457 -0.4347776 -0.25101858
vn 0.7920391 -0.4843188 -0.3716308
vn 0.8648455 -0.43477875 0.25101712
vn 0.79203886 -0.5286845 0.30523285
vn 0.8648457 -0.39829355 -0.30562088
vn 0.79203904 -0.43166795 -0.43166766
vn 0.8648455 -0.39829478 0.30561987
vn 0.79203904 -0.48432052 0.3716287
vn 0.86484563 -0.35499468 -0.35499415
vn 0.7920391 -0.371631 -0.4843186
vn 0.86484563 -0.35499623 0.35499275
vn 0.79203904 -0.43166983 0.43166572
vn 0.86484563 -0.3056216 -0.39829338
vn 0.7920389 -0.3052355 -0.5286828
vn 0.8648455 -0.30562338 0.3982921
vn 0.7920391 -0.37163305 0.484317
vn 0.86484563 -0.2510193 -0.43477747
vn 0.79203904 -0.23361728 -0.564001
vn 0.8648455 -0.25102124 0.43477643
vn 0.7920389 -0.30523777 0.5286816
vn 0.8648457 -0.19212191 -0.4638223
vn 0.7920391 -0.15800154 -0.5896691
vn 0.86484563 -0.19212385 0.46382162
vn 0.7920389 -0.23361963 0.5640002
vn 0.8648457 -0.12993704 -0.48493126
vn 0.7920391 -0.07968243 -0.60524774
vn 0.86484563 -0.12993877 0.48493096
vn 0.7920391 -0.15800376 0.5896686
vn 0.8648457 -0.065529115 -0.49774274
vn 0.7920391 -1.5129123E-07 -0.6104704
vn 0.8648457 -0.06553091 0.49774256
vn 0.7920391 -0.0796846 0.6052474
vn 0.8648457 0 -0.50203776
vn 0.7920391 0.07968226 -0.6052477
vn 0.8648457 -1.871639E-06 0.5020379
vn 0.7920391 -2.1704932E-06 0.6104704
vn 0.8648458 0.06552899 -0.4977428
vn 0.79203916 0.15800115 -0.58966905
vn 0.86484563 0.065527394 0.4977431
vn 0.7920391 0.07968027 0.6052481
vn 0.8648457 0.12993681 -0.4849313
vn 0.7920391 0.23361638 -0.5640012
vn 0.8648457 0.1299355 0.4849317
vn 0.7920391 0.15799944 0.5896695
vn 0.8648458 0.19212106 -0.46382254
vn 0.7920391 0.30523485 -0.528683
vn 0.8648457 0.19211984 0.46382314
vn 0.79203916 0.2336149 0.5640018
vn 0.8648458 0.25101838 -0.43477756
vn 0.7920391 0.37163064 -0.48431894
vn 0.8648458 0.25101736 0.43477812
vn 0.7920391 0.30523342 0.52868384
vn 0.8648458 0.30562082 -0.39829344
vn 0.7920391 0.4316676 -0.43166792
vn 0.8648458 0.30562007 0.398294
vn 0.7920391 0.37162966 0.48431966
vn 0.8648458 0.3549941 -0.35499427
vn 0.7920391 0.4843187 -0.37163082
vn 0.8648457 0.35499334 0.35499534
vn 0.7920391 0.43166685 0.43166864
vn 0.8648459 0.39829338 -0.3056208
vn 0.7920392 0.5286828 -0.30523488
vn 0.86484563 0.39829272 0.3056224
vn 0.7920391 0.48431796 0.37163177
vn 0.8648458 0.4347774 -0.2510185
vn 0.7920391 0.5640012 -0.23361644
vn 0.8648457 0.43477693 0.25102004
vn 0.7920389 0.5286823 0.30523646
vn 0.8648458 0.46382248 -0.19212128
vn 0.7920391 0.5896692 -0.15800087
vn 0.8648457 0.46382207 0.19212237
vn 0.7920389 0.5640008 0.23361814
vn 0.8648458 0.48493132 -0.12993658
vn 0.7920391 0.6052477 -0.079681925
vn 0.8648458 0.48493105 0.1299376
vn 0.79203904 0.5896689 0.15800227
vn 0.8648457 0.49774277 -0.065528676
vn 0.79203916 0.61047024 5.444101E-07
vn 0.8648458 0.49774268 0.0655297
vn 0.7920391 0.6052477 0.079683155
vn 0.8648457 0.5020377 4.3814447E-07
vn 0.9229147 0.35569745 0.14733559
vn 0.9229147 0.3718857 0.09964704
vn 0.9229147 0.38171065 0.050253678
vn 0.9229147 0.38500446 3.2962046E-07
vn 0.9229147 0.38171083 -0.05025284
vn 0.9229147 0.37188587 -0.09964621
vn 0.9229147 0.33342314 0.19250305
vn 0.9229147 0.35569766 -0.1473349
vn 0.9229147 0.3054438 0.23437677
vn 0.9229148 0.33342344 -0.19250226
vn 0.9229147 0.2722381 0.2722404
vn 0.9229149 0.30544454 -0.23437528
vn 0.9229146 0.23437497 0.30544537
vn 0.922915 0.2722388 -0.27223894
vn 0.9229146 0.19250132 0.33342436
vn 0.9229149 0.2343751 -0.30544463
vn 0.9229146 0.14733373 0.35569844
vn 0.9229149 0.19250175 -0.3334234
vn 0.9229146 0.09964526 0.3718863
vn 0.9229148 0.14733452 -0.3556975
vn 0.9229146 0.05025171 0.38171107
vn 0.9229148 0.09964658 -0.37188554
vn 0.9229146 -1.4594929E-06 0.3850046
vn 0.9229147 0.05025325 -0.38171065
vn 0.9229146 -0.050254386 0.38171068
vn 0.9229147 0 -0.38500446
vn 0.9229146 -0.09964771 0.37188572
vn 0.9229147 -0.050253376 -0.38171053
vn 0.9229145 -0.14733662 0.3556975
vn 0.9229148 -0.099646695 -0.37188557
vn 0.9229145 -0.1925041 0.3334233
vn 0.9229148 -0.14733496 -0.35569754
vn 0.9229145 -0.23437794 0.30544373
vn 0.9229147 -0.19250232 -0.33342353
vn 0.9229145 -0.2722411 0.27223843
vn 0.9229147 -0.23437619 -0.30544424
vn 0.9229145 -0.30544573 0.23437518
vn 0.9229147 -0.27223977 -0.2722387
vn 0.9229145 -0.3334249 0.19250067
vn 0.9229146 -0.30544502 -0.23437557
vn 0.9229146 -0.35569876 0.14733274
vn 0.9229146 -0.33342394 -0.19250198
vn 0.9229146 -0.3718864 0.099644385
vn 0.9229146 -0.35569796 -0.14733465
vn 0.9229147 -0.3817109 0.05025149
vn 0.9229147 -0.37188578 -0.09964652
vn 0.9229147 -0.38500443 -5.0692535E-07
vn 0.9229147 -0.3817108 -0.050253198
vn 0.96524185 -0.24146448 0.10001573
vn 0.96524185 -0.25245327 0.067643106
vn 0.96524185 -0.25912252 0.03411298
vn 0.96524185 -0.26135838 -3.1399122E-07
vn 0.96524185 -0.25912246 -0.034114134
vn 0.96524185 -0.25245282 -0.067644574
vn 0.96524185 -0.22634396 0.13067757
vn 0.96524185 -0.24146396 -0.100016996
vn 0.96524185 -0.20735027 0.1591042
vn 0.96524185 -0.22634326 -0.13067871
vn 0.96524173 -0.18480937 0.1848075
vn 0.96524185 -0.20734963 -0.15910473
vn 0.96524185 -0.15910617 0.20734876
vn 0.96524197 -0.18480848 -0.18480778
vn 0.96524185 -0.13068019 0.2263425
vn 0.96524197 -0.15910488 -0.20734899
vn 0.96524185 -0.100018516 0.24146327
vn 0.96524197 -0.13067895 -0.22634257
vn 0.96524185 -0.06764492 0.25245267
vn 0.96524197 -0.10001734 -0.24146318
vn 0.96524185 -0.034114525 0.25912243
vn 0.96524197 -0.067645 -0.25245225
vn 0.96524185 -9.746813E-07 0.26135844
vn 0.96524197 -0.034114625 -0.25912178
vn 0.96524185 0.034112696 0.2591227
vn 0.96524197 0 -0.2613579
vn 0.96524185 0.067643195 0.25245318
vn 0.96524197 0.03411454 -0.25912178
vn 0.96524185 0.10001685 0.24146399
vn 0.96524197 0.06764494 -0.25245225
vn 0.96524185 0.13067867 0.22634338
vn 0.96524197 0.100017354 -0.24146324
vn 0.96524185 0.15910426 0.20735006
vn 0.96524197 0.13067888 -0.22634257
vn 0.96524185 0.18480735 0.18480887
vn 0.96524197 0.15910421 -0.20734933
vn 0.96524197 0.20734876 0.15910515
vn 0.9652421 0.18480773 -0.1848079
vn 0.96524197 0.22634214 0.13067982
vn 0.96524197 0.2073492 -0.15910442
vn 0.96524197 0.24146278 0.10001823
vn 0.96524197 0.22634229 -0.13067952
vn 0.96524197 0.25245225 0.06764479
vn 0.96524197 0.24146296 -0.10001776
vn 0.96524197 0.2591219 0.034114383
vn 0.96524197 0.25245237 -0.067644216
vn 0.96524197 0.26135793 2.450083E-07
vn 0.96524197 0.25912195 -0.034113836
vn 0.99108887 0.12866385 0.034475584
vn 0.99108887 0.1320631 0.017386604
vn 1 0 0
vn 0.99108887 0.123063035 0.05097503
vn 0.99108887 0.13320264 1.2779772E-07
vn 0.99108875 0.1153568 0.06660197
vn 0.99108887 0.13206312 -0.01738635
vn 0.99108875 0.105676875 0.081089
vn 0.99108887 0.12866391 -0.0344753
vn 0.99108875 0.09418851 0.094188936
vn 0.99108887 0.12306317 -0.0509748
vn 0.99108875 0.08108855 0.10567721
vn 0.99108875 0.11535689 -0.06660182
vn 0.99108875 0.0666012 0.115357324
vn 0.99108875 0.10567698 -0.08108885
vn 0.99108875 0.050974224 0.123063646
vn 0.99108875 0.09418869 -0.09418877
vn 0.99108875 0.034474693 0.12866442
vn 0.99108875 0.08108878 -0.105677076
vn 0.99108875 0.017385688 0.13206376
vn 0.99108875 0.06660147 -0.11535716
vn 0.99108875 -4.8057893E-07 0.13320327
vn 0.99108875 0.050974563 -0.12306351
vn 0.99108875 -0.017386626 0.13206366
vn 0.99108875 0.034475803 -0.12866406
vn 0.99108875 -0.03447561 0.12866421
vn 0.99108887 0.017386805 -0.1320631
vn 0.99108875 -0.050975062 0.12306329
vn 0.99108887 0 -0.13320267
vn 0.99108875 -0.06660196 0.11535687
vn 0.99108887 -0.017386837 -0.1320631
vn 0.99108875 -0.08108933 0.105676636
vn 0.99108875 -0.034475848 -0.12866406
vn 0.99108875 -0.09418918 0.09418824
vn 0.99108875 -0.050974555 -0.1230635
vn 0.99108875 -0.105677426 0.08108833
vn 0.99108875 -0.066601485 -0.11535716
vn 0.99108875 -0.115357734 0.06660058
vn 0.99108875 -0.08108888 -0.105676994
vn 0.99108875 -0.12306416 0.050973665
vn 0.99108875 -0.09418877 -0.094188735
vn 0.99108875 -0.1286647 0.03447481
vn 0.99108875 -0.105676994 -0.08108885
vn 0.99108875 -0.13206373 0.017385943
vn 0.99108875 -0.11535739 -0.0666012
vn 0.99108875 -0.13320321 -1.63165E-07
vn 0.99108875 -0.123063885 -0.050974276
vn 0.99108875 -0.1320637 -0.017386537
vn 0.99108875 -0.12866448 -0.034475565
vn -0.7920389 -0.6104706 -7.3441754E-07
vn -0.79203886 -0.6052479 -0.079682514
vn -0.86484545 -0.49774316 -0.06552913
vn -0.8648455 -0.5020381 -6.7686176E-07
vn -0.79203886 -0.60524833 0.07967981
vn -0.86484545 -0.48493162 -0.12993702
vn -0.79203886 -0.5896694 -0.15800159
vn -0.8648455 -0.4977434 0.06552693
vn -0.79203886 -0.5896703 0.15799801
vn -0.86484545 -0.46382275 -0.19212182
vn -0.79203874 -0.5640015 -0.23361726
vn -0.86484545 -0.4849324 0.12993433
vn -0.7920389 -0.5640027 0.23361363
vn -0.86484534 -0.43477768 -0.25101957
vn -0.79203874 -0.52868307 -0.30523577
vn -0.8648455 -0.46382383 0.19211902
vn -0.79203904 -0.52868474 0.3052322
vn -0.86484534 -0.3982935 -0.30562192
vn -0.79203886 -0.48431888 -0.3716311
vn -0.8648455 -0.43477917 0.25101644
vn -0.7920389 -0.48432073 0.37162852
vn -0.86484545 -0.35499448 -0.35499474
vn -0.7920389 -0.431668 -0.43166777
vn -0.86484563 -0.3982952 0.30561915
vn -0.79203886 -0.43166992 0.43166587
vn -0.8648455 -0.3056214 -0.39829355
vn -0.79203886 -0.3716311 -0.4843188
vn -0.86484563 -0.3549962 0.35499275
vn -0.79203886 -0.37163317 0.4843173
vn -0.8648455 -0.25101876 -0.43477783
vn -0.79203886 -0.30523506 -0.5286832
vn -0.8648455 -0.30562305 0.39829224
vn -0.79203886 -0.3052374 0.528682
vn -0.86484545 -0.19212143 -0.46382302
vn -0.7920389 -0.23361668 -0.5640014
vn -0.86484563 -0.2510206 0.43477675
vn -0.79203886 -0.23361893 0.5640006
vn -0.86484545 -0.1299371 -0.4849318
vn -0.79203886 -0.15800133 -0.58966935
vn -0.86484545 -0.19212322 0.46382213
vn -0.79203886 -0.15800358 0.5896688
vn -0.86484545 -0.06552917 -0.49774325
vn -0.79203886 -0.07968246 -0.6052481
vn -0.86484545 -0.12993883 0.48493123
vn -0.79203886 -0.07968473 0.6052477
vn -0.86484545 0 -0.5020383
vn -0.79203886 -1.477174E-07 -0.6104707
vn -0.86484545 -0.06553101 0.49774295
vn -0.79203886 -2.1645367E-06 0.6104707
vn -0.86484545 0.06552913 -0.4977433
vn -0.79203886 0.07968237 -0.60524803
vn -0.86484545 -1.8692577E-06 0.5020382
vn -0.79203886 0.079680294 0.60524833
vn -0.86484545 0.12993692 -0.48493183
vn -0.7920388 0.1580014 -0.5896695
vn -0.86484545 0.0655274 0.49774343
vn -0.7920388 0.1579997 0.58966994
vn -0.86484545 0.19212197 -0.46382287
vn -0.79203874 0.23361729 -0.56400144
vn -0.86484545 0.12993553 0.48493204
vn -0.79203874 0.23361588 0.56400204
vn -0.8648453 0.2510195 -0.43477792
vn -0.79203874 0.30523568 -0.5286832
vn -0.86484545 0.19212079 0.46382326
vn -0.7920388 0.30523428 0.5286838
vn -0.8648453 0.3056216 -0.39829397
vn -0.7920388 0.37163076 -0.48431924
vn -0.86484534 0.25101843 0.43477845
vn -0.79203886 0.3716299 0.48431984
vn -0.86484534 0.35499465 -0.35499495
vn -0.7920388 0.43166777 -0.43166828
vn -0.86484534 0.30562076 0.39829445
vn -0.79203874 0.43166712 0.431669
vn -0.86484534 0.3982936 -0.305622
vn -0.7920388 0.4843189 -0.37163115
vn -0.86484545 0.35499412 0.3549953
vn -0.79203886 0.48431832 0.37163177
vn -0.86484534 0.43477783 -0.25101954
vn -0.7920386 0.5286831 -0.3052357
vn -0.8648455 0.39829335 0.3056218
vn -0.7920389 0.52868265 0.30523598
vn -0.86484534 0.4638229 -0.19212179
vn -0.79203874 0.56400144 -0.23361738
vn -0.8648455 0.4347775 0.25101948
vn -0.7920389 0.56400096 0.23361772
vn -0.86484545 0.4849319 -0.12993677
vn -0.79203886 0.5896696 -0.15800115
vn -0.86484545 0.46382254 0.19212238
vn -0.79203886 0.5896691 0.15800221
vn -0.86484545 0.4977433 -0.065528706
vn -0.79203886 0.60524815 -0.0796818
vn -0.86484545 0.48493153 0.12993777
vn -0.79203886 0.605248 0.079683
vn -0.86484545 0.50203836 4.3933517E-07
vn -0.7920388 0.6104708 5.47984E-07
vn -0.86484545 0.49774322 0.06552974
vn -0.9229145 0.37188625 -0.09964635
vn -0.9229145 0.38171113 -0.050252844
vn -0.9229145 0.38500488 3.1534088E-07
vn -0.9229145 0.38171107 0.05025371
vn -0.9229145 0.371886 0.09964712
vn -0.9229145 0.35569805 0.14733543
vn -0.9229145 0.35569826 -0.14733478
vn -0.9229145 0.33342403 0.19250275
vn -0.9229144 0.33342427 -0.19250253
vn -0.9229145 0.3054449 0.23437622
vn -0.9229144 0.3054449 -0.23437683
vn -0.9229145 0.27223942 0.2722396
vn -0.9229143 0.27223986 -0.2722401
vn -0.9229145 0.23437563 0.30544516
vn -0.9229144 0.23437655 -0.3054452
vn -0.9229145 0.19250168 0.33342433
vn -0.9229143 0.1925028 -0.3334244
vn -0.9229146 0.14733405 0.35569823
vn -0.9229144 0.14733517 -0.3556985
vn -0.9229146 0.099645615 0.37188622
vn -0.9229144 0.099646375 -0.3718865
vn -0.9229145 0.050252095 0.38171113
vn -0.9229145 0.050253034 -0.3817114
vn -0.9229145 -1.4517581E-06 0.38500485
vn -0.9229145 0 -0.3850049
vn -0.9229146 -0.050254807 0.38171077
vn -0.9229145 -0.05025304 -0.38171118
vn -0.9229146 -0.09964812 0.37188554
vn -0.9229145 -0.09964646 -0.37188646
vn -0.9229147 -0.1473362 0.35569724
vn -0.9229145 -0.14733496 -0.3556984
vn -0.9229147 -0.19250344 0.33342284
vn -0.9229145 -0.19250244 -0.3334241
vn -0.9229147 -0.23437685 0.30544364
vn -0.9229145 -0.23437598 -0.30544505
vn -0.9229148 -0.27224046 0.27223784
vn -0.9229145 -0.27223906 -0.27224004
vn -0.9229147 -0.30544597 0.23437402
vn -0.9229145 -0.30544448 -0.23437648
vn -0.9229146 -0.33342475 0.19250065
vn -0.9229146 -0.33342373 -0.19250272
vn -0.9229146 -0.35569876 0.14733319
vn -0.9229146 -0.35569796 -0.14733514
vn -0.9229145 -0.3718867 0.0996445
vn -0.9229145 -0.37188613 -0.09964662
vn -0.9229145 -0.38171124 0.05025152
vn -0.9229145 -0.38171116 -0.050253227
vn -0.9229145 -0.38500482 -4.9740555E-07
vn -0.96524185 -0.22634265 -0.13067967
vn -0.96524185 -0.24146327 -0.10001794
vn -0.96524185 -0.25245264 -0.067644514
vn -0.96524185 -0.25912228 -0.03411411
vn -0.96524185 -0.26135817 -2.9971886E-07
vn -0.96524185 -0.25912237 0.034112923
vn -0.96524185 -0.20734929 -0.15910502
vn -0.96524185 -0.25245303 0.06764306
vn -0.96524185 -0.18480808 -0.1848087
vn -0.96524197 -0.24146377 0.10001668
vn -0.96524173 -0.159105 -0.20734991
vn -0.96524185 -0.22634324 0.13067847
vn -0.96524173 -0.13067946 -0.22634335
vn -0.96524185 -0.20735022 0.15910362
vn -0.96524173 -0.10001769 -0.24146405
vn -0.96524197 -0.18480894 0.18480718
vn -0.96524173 -0.06764407 -0.25245324
vn -0.96524197 -0.1591055 0.2073488
vn -0.96524173 -0.034113616 -0.25912297
vn -0.96524185 -0.13068004 0.2263423
vn -0.96524173 0 -0.26135877
vn -0.96524185 -0.10001849 0.2414631
vn -0.96524173 0.03411358 -0.25912297
vn -0.96524185 -0.067646004 0.2524523
vn -0.96524173 0.06764403 -0.25245336
vn -0.96524185 -0.034115586 0.259122
vn -0.96524173 0.100017644 -0.24146408
vn -0.96524185 -9.651661E-07 0.26135823
vn -0.96524173 0.13067937 -0.22634335
vn -0.96524185 0.034113787 0.2591223
vn -0.96524173 0.15910529 -0.20734987
vn -0.96524185 0.06764427 0.2524528
vn -0.9652416 0.18480863 -0.18480872
vn -0.96524185 0.10001679 0.24146378
vn -0.96524173 0.2073498 -0.15910539
vn -0.96524185 0.13067856 0.2263432
vn -0.96524173 0.22634359 -0.1306789
vn -0.96524185 0.15910451 0.20734967
vn -0.96524173 0.2414643 -0.10001716
vn -0.96524185 0.18480827 0.18480843
vn -0.96524173 0.25245327 -0.06764445
vn -0.96524173 0.20734967 0.1591053
vn -0.96524173 0.25912285 -0.034113914
vn -0.96524173 0.22634335 0.13067925
vn -0.96524173 0.26135877 2.2092374E-07
vn -0.96524173 0.24146418 0.100017555
vn -0.96524173 0.2591228 0.03411451
vn -0.96524173 0.25245312 0.06764499
vn -0.99108875 0.13206396 -0.017386427
vn -0.99108875 0.13320354 1.2475138E-07
vn -1 0 0
vn -0.99108875 0.12866475 -0.03447551
vn -0.99108875 0.13206393 0.01738671
vn -0.99108875 0.123064116 -0.050974395
vn -0.99108875 0.12866469 0.034475792
vn -0.99108875 0.11535759 -0.06660132
vn -0.99108875 0.12306402 0.050974596
vn -0.99108875 0.105677225 -0.08108898
vn -0.99108875 0.11535748 0.066601485
vn -0.99108875 0.094188884 -0.09418894
vn -0.99108875 0.105677076 0.08108918
vn -0.99108875 0.08108892 -0.10567725
vn -0.99108875 0.094188705 0.09418912
vn -0.99108875 0.066601574 -0.115357354
vn -0.99108875 0.08108873 0.1056774
vn -0.99108875 0.05097463 -0.1230637
vn -0.99108875 0.06660133 0.11535753
vn -0.99108875 0.034475144 -0.12866455
vn -0.99108875 0.050974313 0.123063855
vn -0.99108875 0.017386127 -0.13206393
vn -0.99108875 0.03447548 0.12866442
vn -0.99108875 0 -0.1332035
vn -0.99108875 0.017386416 0.1320634
vn -0.99108875 -0.017386157 -0.13206391
vn -0.99108875 -4.9008935E-07 0.13320294
vn -0.99108875 -0.03447519 -0.12866455
vn -0.99108875 -0.017387334 0.13206327
vn -0.99108875 -0.050974663 -0.12306369
vn -0.99108875 -0.034476362 0.12866415
vn -0.99108875 -0.06660162 -0.11535736
vn -0.99108875 -0.05097518 0.123063505
vn -0.99108875 -0.081089 -0.105677195
vn -0.99108875 -0.066602096 0.11535708
vn -0.99108875 -0.094188906 -0.0941889
vn -0.99108875 -0.08108947 0.105676875
vn -0.99108875 -0.10567721 -0.08108898
vn -0.99108875 -0.09418935 0.09418846
vn -0.99108875 -0.115357116 -0.06660194
vn -0.99108875 -0.10567758 0.08108846
vn -0.99108875 -0.12306335 -0.0509749
vn -0.99108875 -0.11535746 0.06660131
vn -0.99108875 -0.12866412 -0.03447547
vn -0.99108875 -0.1230636 0.050974265
vn -0.99108875 -0.13206334 -0.01738648
vn -0.99108875 -0.12866431 0.034474712
vn -0.99108875 -0.13320284 -1.5090532E-07
vn -0.99108875 -0.13206333 0.01738587
g Fireball_Body_5_0
f 3/3/3 2/2/2 1/1/1
f 2/2/2 4/4/4 1/1/1
f 2/2/2 5/5/5 4/4/4
f 5/5/5 6/6/6 4/4/4
f 5/5/5 7/7/7 6/6/6
f 7/7/7 8/8/8 6/6/6
f 7/7/7 9/9/9 8/8/8
f 9/9/9 10/10/10 8/8/8
f 9/9/9 11/11/11 10/10/10
f 11/11/11 12/12/12 10/10/10
f 11/11/11 13/13/13 12/12/12
f 13/13/13 14/14/14 12/12/12
f 13/13/13 15/15/15 14/14/14
f 15/15/15 16/16/16 14/14/14
f 15/15/15 17/17/17 16/16/16
f 17/17/17 18/18/18 16/16/16
f 17/17/17 19/19/19 18/18/18
f 19/19/19 20/20/20 18/18/18
f 19/19/19 21/21/21 20/20/20
f 21/21/21 22/22/22 20/20/20
f 21/21/21 23/23/23 22/22/22
f 23/23/23 24/24/24 22/22/22
f 23/23/23 25/25/25 24/24/24
f 25/25/25 26/26/26 24/24/24
f 29/29/29 28/28/28 27/27/27
f 28/28/28 30/30/30 27/27/27
f 28/28/28 31/31/31 30/30/30
f 31/31/31 32/32/32 30/30/30
f 31/31/31 33/33/33 32/32/32
f 33/33/33 34/34/34 32/32/32
f 33/33/33 35/35/35 34/34/34
f 35/35/35 36/36/36 34/34/34
f 35/35/35 37/37/37 36/36/36
f 37/37/37 38/38/38 36/36/36
f 37/37/37 39/39/39 38/38/38
f 39/39/39 40/40/40 38/38/38
f 39/39/39 41/41/41 40/40/40
f 41/41/41 42/42/42 40/40/40
f 41/41/41 43/43/43 42/42/42
f 43/43/43 44/44/44 42/42/42
f 43/43/43 45/45/45 44/44/44
f 45/45/45 46/46/46 44/44/44
f 45/45/45 47/47/47 46/46/46
f 47/47/47 48/48/48 46/46/46
f 47/47/47 49/49/49 48/48/48
f 49/49/49 50/50/50 48/48/48
f 49/49/49 51/51/51 50/50/50
f 51/51/51 52/52/52 50/50/50
f 55/55/55 54/54/54 53/53/53
f 54/54/54 56/56/56 53/53/53
f 54/54/54 57/57/57 56/56/56
f 57/57/57 58/58/58 56/56/56
f 57/57/57 59/59/59 58/58/58
f 59/59/59 60/60/60 58/58/58
f 59/59/59 61/61/61 60/60/60
f 61/61/61 62/62/62 60/60/60
f 61/61/61 63/63/63 62/62/62
f 63/63/63 64/64/64 62/62/62
f 63/63/63 65/65/65 64/64/64
f 65/65/65 66/66/66 64/64/64
f 65/65/65 67/67/67 66/66/66
f 67/67/67 68/68/68 66/66/66
f 67/67/67 69/69/69 68/68/68
f 69/69/69 70/70/70 68/68/68
f 69/69/69 71/71/71 70/70/70
f 71/71/71 72/72/72 70/70/70
f 71/71/71 73/73/73 72/72/72
f 73/73/73 74/74/74 72/72/72
f 73/73/73 75/75/75 74/74/74
f 75/75/75 76/76/76 74/74/74
f 75/75/75 77/77/77 76/76/76
f 77/77/77 78/78/78 76/76/76
f 81/81/81 80/80/80 79/79/79
f 80/80/80 82/82/82 79/79/79
f 80/80/80 83/83/83 82/82/82
f 83/83/83 84/84/84 82/82/82
f 83/83/83 85/85/85 84/84/84
f 85/85/85 86/86/86 84/84/84
f 85/85/85 87/87/87 86/86/86
f 87/87/87 88/88/88 86/86/86
f 87/87/87 89/89/89 88/88/88
f 89/89/89 90/90/90 88/88/88
f 89/89/89 91/91/91 90/90/90
f 91/91/91 92/92/92 90/90/90
f 91/91/91 93/93/93 92/92/92
f 93/93/93 94/94/94 92/92/92
f 93/93/93 95/95/95 94/94/94
f 95/95/95 96/96/96 94/94/94
f 95/95/95 97/97/97 96/96/96
f 97/97/97 98/98/98 96/96/96
f 97/97/97 99/99/99 98/98/98
f 99/99/99 100/100/100 98/98/98
f 99/99/99 101/101/101 100/100/100
f 101/101/101 102/102/102 100/100/100
f 101/101/101 103/103/103 102/102/102
f 103/103/103 104/104/104 102/102/102
f 107/107/107 106/106/106 105/105/105
f 108/108/108 107/107/107 105/105/105
f 108/108/108 105/105/105 109/109/109
f 110/110/110 107/107/107 108/108/108
f 111/111/111 108/108/108 109/109/109
f 111/111/111 109/109/109 112/112/112
f 113/113/113 110/110/110 108/108/108
f 113/113/113 108/108/108 111/111/111
f 114/114/114 110/110/110 113/113/113
f 115/115/115 111/111/111 112/112/112
f 115/115/115 112/112/112 116/116/116
f 117/117/117 113/113/113 111/111/111
f 117/117/117 111/111/111 115/115/115
f 118/118/118 114/114/114 113/113/113
f 118/118/118 113/113/113 117/117/117
f 119/119/119 114/114/114 118/118/118
f 120/120/120 115/115/115 116/116/116
f 120/120/120 116/116/116 121/121/121
f 122/122/122 117/117/117 115/115/115
f 122/122/122 115/115/115 120/120/120
f 123/123/123 118/118/118 117/117/117
f 123/123/123 117/117/117 122/122/122
f 124/124/124 119/119/119 118/118/118
f 124/124/124 118/118/118 123/123/123
f 125/125/125 119/119/119 124/124/124
f 126/126/126 120/120/120 121/121/121
f 126/126/126 121/121/121 127/127/127
f 128/128/128 122/122/122 120/120/120
f 128/128/128 120/120/120 126/126/126
f 129/129/129 123/123/123 122/122/122
f 129/129/129 122/122/122 128/128/128
f 130/130/130 124/124/124 123/123/123
f 130/130/130 123/123/123 129/129/129
f 131/131/131 125/125/125 124/124/124
f 131/131/131 124/124/124 130/130/130
f 132/132/132 125/125/125 131/131/131
f 133/133/133 126/126/126 127/127/127
f 133/133/133 127/127/127 134/134/134
f 135/135/135 128/128/128 126/126/126
f 135/135/135 126/126/126 133/133/133
f 136/136/136 129/129/129 128/128/128
f 136/136/136 128/128/128 135/135/135
f 137/137/137 130/130/130 129/129/129
f 137/137/137 129/129/129 136/136/136
f 138/138/138 131/131/131 130/130/130
f 138/138/138 130/130/130 137/137/137
f 139/139/139 132/132/132 131/131/131
f 139/139/139 131/131/131 138/138/138
f 140/140/140 132/132/132 139/139/139
f 141/141/141 133/133/133 134/134/134
f 141/141/141 134/134/134 142/142/142
f 143/143/143 135/135/135 133/133/133
f 143/143/143 133/133/133 141/141/141
f 144/144/144 136/136/136 135/135/135
f 144/144/144 135/135/135 143/143/143
f 145/145/145 137/137/137 136/136/136
f 145/145/145 136/136/136 144/144/144
f 146/146/146 138/138/138 137/137/137
f 146/146/146 137/137/137 145/145/145
f 147/147/147 139/139/139 138/138/138
f 147/147/147 138/138/138 146/146/146
f 148/148/148 140/140/140 139/139/139
f 148/148/148 139/139/139 147/147/147
f 149/149/149 140/140/140 148/148/148
f 150/150/150 149/149/149 148/148/148
f 151/151/151 149/149/149 150/150/150
f 152/152/152 148/148/148 147/147/147
f 150/150/150 148/148/148 152/152/152
f 153/153/153 147/147/147 146/146/146
f 152/152/152 147/147/147 153/153/153
f 154/154/154 146/146/146 145/145/145
f 153/153/153 146/146/146 154/154/154
f 155/155/155 145/145/145 144/144/144
f 154/154/154 145/145/145 155/155/155
f 156/156/156 151/151/151 150/150/150
f 157/157/157 151/151/151 156/156/156
f 158/158/158 150/150/150 152/152/152
f 156/156/156 150/150/150 158/158/158
f 159/159/159 152/152/152 153/153/153
f 158/158/158 152/152/152 159/159/159
f 160/160/160 153/153/153 154/154/154
f 159/159/159 153/153/153 160/160/160
f 161/161/161 157/157/157 156/156/156
f 162/162/162 157/157/157 161/161/161
f 163/163/163 156/156/156 158/158/158
f 161/161/161 156/156/156 163/163/163
f 164/164/164 158/158/158 159/159/159
f 163/163/163 158/158/158 164/164/164
f 165/165/165 162/162/162 161/161/161
f 166/166/166 162/162/162 165/165/165
f 167/167/167 166/166/166 165/165/165
f 168/168/168 161/161/161 163/163/163
f 165/165/165 161/161/161 168/168/168
f 167/167/167 165/165/165 169/169/169
f 169/169/169 165/165/165 168/168/168
f 170/170/170 167/167/167 169/169/169
f 168/168/168 163/163/163 171/171/171
f 171/171/171 163/163/163 164/164/164
f 164/164/164 159/159/159 172/172/172
f 172/172/172 159/159/159 160/160/160
f 169/169/169 168/168/168 173/173/173
f 173/173/173 168/168/168 171/171/171
f 170/170/170 169/169/169 174/174/174
f 174/174/174 169/169/169 173/173/173
f 175/175/175 170/170/170 174/174/174
f 171/171/171 164/164/164 176/176/176
f 176/176/176 164/164/164 172/172/172
f 173/173/173 171/171/171 177/177/177
f 177/177/177 171/171/171 176/176/176
f 174/174/174 173/173/173 178/178/178
f 178/178/178 173/173/173 177/177/177
f 175/175/175 174/174/174 179/179/179
f 179/179/179 174/174/174 178/178/178
f 180/180/180 175/175/175 179/179/179
f 180/180/180 179/179/179 181/181/181
f 182/182/182 180/180/180 181/181/181
f 179/179/179 178/178/178 183/183/183
f 181/181/181 179/179/179 183/183/183
f 178/178/178 177/177/177 184/184/184
f 183/183/183 178/178/178 184/184/184
f 177/177/177 176/176/176 185/185/185
f 184/184/184 177/177/177 185/185/185
f 176/176/176 172/172/172 186/186/186
f 185/185/185 176/176/176 186/186/186
f 182/182/182 181/181/181 187/187/187
f 188/188/188 182/182/182 187/187/187
f 181/181/181 183/183/183 189/189/189
f 187/187/187 181/181/181 189/189/189
f 183/183/183 184/184/184 190/190/190
f 189/189/189 183/183/183 190/190/190
f 184/184/184 185/185/185 191/191/191
f 190/190/190 184/184/184 191/191/191
f 188/188/188 187/187/187 192/192/192
f 193/193/193 188/188/188 192/192/192
f 187/187/187 189/189/189 194/194/194
f 192/192/192 187/187/187 194/194/194
f 189/189/189 190/190/190 195/195/195
f 194/194/194 189/189/189 195/195/195
f 193/193/193 192/192/192 196/196/196
f 197/197/197 193/193/193 196/196/196
f 192/192/192 194/194/194 198/198/198
f 196/196/196 192/192/192 198/198/198
f 197/197/197 196/196/196 199/199/199
f 200/200/200 197/197/197 199/199/199
f 191/191/191 185/185/185 201/201/201
f 185/185/185 186/186/186 201/201/201
f 190/190/190 191/191/191 202/202/202
f 195/195/195 190/190/190 202/202/202
f 194/194/194 195/195/195 203/203/203
f 198/198/198 194/194/194 203/203/203
f 196/196/196 198/198/198 204/204/204
f 199/199/199 196/196/196 204/204/204
f 200/200/200 199/199/199 205/205/205
f 206/206/206 200/200/200 205/205/205
f 191/191/191 201/201/201 207/207/207
f 202/202/202 191/191/191 207/207/207
f 195/195/195 202/202/202 208/208/208
f 203/203/203 195/195/195 208/208/208
f 198/198/198 203/203/203 209/209/209
f 204/204/204 198/198/198 209/209/209
f 199/199/199 204/204/204 210/210/210
f 205/205/205 199/199/199 210/210/210
f 206/206/206 205/205/205 211/211/211
f 212/212/212 206/206/206 211/211/211
f 202/202/202 207/207/207 213/213/213
f 208/208/208 202/202/202 213/213/213
f 203/203/203 208/208/208 214/214/214
f 209/209/209 203/203/203 214/214/214
f 204/204/204 209/209/209 215/215/215
f 210/210/210 204/204/204 215/215/215
f 205/205/205 210/210/210 216/216/216
f 211/211/211 205/205/205 216/216/216
f 212/212/212 211/211/211 217/217/217
f 218/218/218 212/212/212 217/217/217
f 208/208/208 213/213/213 219/219/219
f 214/214/214 208/208/208 219/219/219
f 209/209/209 214/214/214 220/220/220
f 215/215/215 209/209/209 220/220/220
f 210/210/210 215/215/215 221/221/221
f 216/216/216 210/210/210 221/221/221
f 211/211/211 216/216/216 222/222/222
f 217/217/217 211/211/211 222/222/222
f 218/218/218 217/217/217 223/223/223
f 224/224/224 218/218/218 223/223/223
f 214/214/214 219/219/219 225/225/225
f 220/220/220 214/214/214 225/225/225
f 215/215/215 220/220/220 226/226/226
f 221/221/221 215/215/215 226/226/226
f 216/216/216 221/221/221 227/227/227
f 222/222/222 216/216/216 227/227/227
f 217/217/217 222/222/222 228/228/228
f 223/223/223 217/217/217 228/228/228
f 224/224/224 223/223/223 229/229/229
f 230/230/230 224/224/224 229/229/229
f 220/220/220 225/225/225 231/231/231
f 226/226/226 220/220/220 231/231/231
f 221/221/221 226/226/226 232/232/232
f 227/227/227 221/221/221 232/232/232
f 222/222/222 227/227/227 233/233/233
f 228/228/228 222/222/222 233/233/233
f 223/223/223 228/228/228 234/234/234
f 229/229/229 223/223/223 234/234/234
f 230/230/230 229/229/229 235/235/235
f 236/236/236 230/230/230 235/235/235
f 226/226/226 231/231/231 237/237/237
f 232/232/232 226/226/226 237/237/237
f 227/227/227 232/232/232 238/238/238
f 233/233/233 227/227/227 238/238/238
f 228/228/228 233/233/233 239/239/239
f 234/234/234 228/228/228 239/239/239
f 229/229/229 234/234/234 240/240/240
f 235/235/235 229/229/229 240/240/240
f 236/236/236 235/235/235 241/241/241
f 242/242/242 236/236/236 241/241/241
f 232/232/232 237/237/237 243/243/243
f 238/238/238 232/232/232 243/243/243
f 233/233/233 238/238/238 244/244/244
f 239/239/239 233/233/233 244/244/244
f 234/234/234 239/239/239 245/245/245
f 240/240/240 234/234/234 245/245/245
f 235/235/235 240/240/240 246/246/246
f 241/241/241 235/235/235 246/246/246
f 242/242/242 241/241/241 247/247/247
f 248/248/248 242/242/242 247/247/247
f 238/238/238 243/243/243 249/249/249
f 244/244/244 238/238/238 249/249/249
f 239/239/239 244/244/244 250/250/250
f 245/245/245 239/239/239 250/250/250
f 240/240/240 245/245/245 251/251/251
f 246/246/246 240/240/240 251/251/251
f 241/241/241 246/246/246 252/252/252
f 247/247/247 241/241/241 252/252/252
f 248/248/248 247/247/247 253/253/253
f 254/254/254 248/248/248 253/253/253
f 244/244/244 249/249/249 255/255/255
f 250/250/250 244/244/244 255/255/255
f 245/245/245 250/250/250 256/256/256
f 251/251/251 245/245/245 256/256/256
f 246/246/246 251/251/251 257/257/257
f 252/252/252 246/246/246 257/257/257
f 247/247/247 252/252/252 258/258/258
f 253/253/253 247/247/247 258/258/258
f 254/254/254 253/253/253 259/259/259
f 260/260/260 254/254/254 259/259/259
f 250/250/250 255/255/255 261/261/261
f 256/256/256 250/250/250 261/261/261
f 251/251/251 256/256/256 262/262/262
f 257/257/257 251/251/251 262/262/262
f 252/252/252 257/257/257 263/263/263
f 258/258/258 252/252/252 263/263/263
f 253/253/253 258/258/258 264/264/264
f 259/259/259 253/253/253 264/264/264
f 260/260/260 259/259/259 265/265/265
f 266/266/266 260/260/260 265/265/265
f 256/256/256 261/261/261 267/267/267
f 262/262/262 256/256/256 267/267/267
f 257/257/257 262/262/262 268/268/268
f 263/263/263 257/257/257 268/268/268
f 258/258/258 263/263/263 269/269/269
f 264/264/264 258/258/258 269/269/269
f 259/259/259 264/264/264 270/270/270
f 265/265/265 259/259/259 270/270/270
f 266/266/266 265/265/265 271/271/271
f 272/272/272 266/266/266 271/271/271
f 262/262/262 267/267/267 273/273/273
f 268/268/268 262/262/262 273/273/273
f 263/263/263 268/268/268 274/274/274
f 269/269/269 263/263/263 274/274/274
f 264/264/264 269/269/269 275/275/275
f 270/270/270 264/264/264 275/275/275
f 265/265/265 270/270/270 276/276/276
f 271/271/271 265/265/265 276/276/276
f 272/272/272 271/271/271 277/277/277
f 278/278/278 272/272/272 277/277/277
f 268/268/268 273/273/273 279/279/279
f 274/274/274 268/268/268 279/279/279
f 269/269/269 274/274/274 280/280/280
f 275/275/275 269/269/269 280/280/280
f 270/270/270 275/275/275 281/281/281
f 276/276/276 270/270/270 281/281/281
f 271/271/271 276/276/276 282/282/282
f 277/277/277 271/271/271 282/282/282
f 278/278/278 277/277/277 283/283/283
f 284/284/284 278/278/278 283/283/283
f 284/284/284 283/283/283 285/285/285
f 286/286/286 284/284/284 285/285/285
f 285/285/285 283/283/283 287/287/287
f 283/283/283 277/277/277 288/288/288
f 283/283/283 288/288/288 287/287/287
f 277/277/277 282/282/282 288/288/288
f 287/287/287 288/288/288 289/289/289
f 288/288/288 290/290/290 289/289/289
f 288/288/288 282/282/282 290/290/290
f 289/289/289 290/290/290 291/291/291
f 282/282/282 276/276/276 292/292/292
f 282/282/282 292/292/292 290/290/290
f 276/276/276 281/281/281 292/292/292
f 290/290/290 293/293/293 291/291/291
f 290/290/290 292/292/292 293/293/293
f 291/291/291 293/293/293 294/294/294
f 292/292/292 281/281/281 295/295/295
f 292/292/292 295/295/295 293/293/293
f 293/293/293 296/296/296 294/294/294
f 293/293/293 295/295/295 296/296/296
f 294/294/294 296/296/296 297/297/297
f 281/281/281 298/298/298 295/295/295
f 281/281/281 275/275/275 298/298/298
f 275/275/275 280/280/280 298/298/298
f 296/296/296 299/299/299 297/297/297
f 297/297/297 299/299/299 300/300/300
f 295/295/295 301/301/301 296/296/296
f 295/295/295 298/298/298 301/301/301
f 296/296/296 301/301/301 299/299/299
f 298/298/298 280/280/280 302/302/302
f 298/298/298 302/302/302 301/301/301
f 299/299/299 303/303/303 300/300/300
f 300/300/300 303/303/303 304/304/304
f 301/301/301 305/305/305 299/299/299
f 301/301/301 302/302/302 305/305/305
f 299/299/299 305/305/305 303/303/303
f 280/280/280 306/306/306 302/302/302
f 280/280/280 274/274/274 306/306/306
f 274/274/274 279/279/279 306/306/306
f 303/303/303 307/307/307 304/304/304
f 304/304/304 307/307/307 308/308/308
f 305/305/305 309/309/309 303/303/303
f 303/303/303 309/309/309 307/307/307
f 302/302/302 310/310/310 305/305/305
f 302/302/302 306/306/306 310/310/310
f 305/305/305 310/310/310 309/309/309
f 306/306/306 279/279/279 311/311/311
f 306/306/306 311/311/311 310/310/310
f 307/307/307 312/312/312 308/308/308
f 308/308/308 312/312/312 313/313/313
f 309/309/309 314/314/314 307/307/307
f 307/307/307 314/314/314 312/312/312
f 310/310/310 315/315/315 309/309/309
f 310/310/310 311/311/311 315/315/315
f 309/309/309 315/315/315 314/314/314
f 279/279/279 316/316/316 311/311/311
f 279/279/279 273/273/273 316/316/316
f 312/312/312 317/317/317 313/313/313
f 313/313/313 317/317/317 318/318/318
f 314/314/314 319/319/319 312/312/312
f 312/312/312 319/319/319 317/317/317
f 315/315/315 320/320/320 314/314/314
f 314/314/314 320/320/320 319/319/319
f 311/311/311 321/321/321 315/315/315
f 311/311/311 316/316/316 321/321/321
f 315/315/315 321/321/321 320/320/320
f 273/273/273 322/322/322 316/316/316
f 273/273/273 267/267/267 322/322/322
f 317/317/317 323/323/323 318/318/318
f 318/318/318 323/323/323 324/324/324
f 323/323/323 325/325/325 324/324/324
f 319/319/319 326/326/326 317/317/317
f 317/317/317 326/326/326 323/323/323
f 323/323/323 327/327/327 325/325/325
f 326/326/326 327/327/327 323/323/323
f 327/327/327 328/328/328 325/325/325
f 320/320/320 329/329/329 319/319/319
f 319/319/319 329/329/329 326/326/326
f 327/327/327 330/330/330 328/328/328
f 330/330/330 331/331/331 328/328/328
f 326/326/326 332/332/332 327/327/327
f 329/329/329 332/332/332 326/326/326
f 332/332/332 330/330/330 327/327/327
f 320/320/320 333/333/333 329/329/329
f 321/321/321 333/333/333 320/320/320
f 330/330/330 334/334/334 331/331/331
f 334/334/334 335/335/335 331/331/331
f 332/332/332 336/336/336 330/330/330
f 336/336/336 334/334/334 330/330/330
f 329/329/329 337/337/337 332/332/332
f 333/333/333 337/337/337 329/329/329
f 337/337/337 336/336/336 332/332/332
f 321/321/321 338/338/338 333/333/333
f 316/316/316 338/338/338 321/321/321
f 316/316/316 322/322/322 338/338/338
f 334/334/334 339/339/339 335/335/335
f 339/339/339 340/340/340 335/335/335
f 336/336/336 341/341/341 334/334/334
f 341/341/341 339/339/339 334/334/334
f 337/337/337 342/342/342 336/336/336
f 342/342/342 341/341/341 336/336/336
f 333/333/333 343/343/343 337/337/337
f 338/338/338 343/343/343 333/333/333
f 343/343/343 342/342/342 337/337/337
f 322/322/322 344/344/344 338/338/338
f 338/338/338 344/344/344 343/343/343
f 339/339/339 345/345/345 340/340/340
f 345/345/345 346/346/346 340/340/340
f 341/341/341 347/347/347 339/339/339
f 347/347/347 345/345/345 339/339/339
f 342/342/342 348/348/348 341/341/341
f 348/348/348 347/347/347 341/341/341
f 343/343/343 349/349/349 342/342/342
f 344/344/344 349/349/349 343/343/343
f 349/349/349 348/348/348 342/342/342
f 322/322/322 350/350/350 344/344/344
f 267/267/267 350/350/350 322/322/322
f 267/267/267 261/261/261 350/350/350
f 345/345/345 351/351/351 346/346/346
f 351/351/351 352/352/352 346/346/346
f 347/347/347 353/353/353 345/345/345
f 353/353/353 351/351/351 345/345/345
f 348/348/348 354/354/354 347/347/347
f 354/354/354 353/353/353 347/347/347
f 349/349/349 355/355/355 348/348/348
f 355/355/355 354/354/354 348/348/348
f 344/344/344 356/356/356 349/349/349
f 350/350/350 356/356/356 344/344/344
f 356/356/356 355/355/355 349/349/349
f 261/261/261 357/357/357 350/350/350
f 350/350/350 357/357/357 356/356/356
f 261/261/261 255/255/255 357/357/357
f 351/351/351 358/358/358 352/352/352
f 358/358/358 359/359/359 352/352/352
f 353/353/353 360/360/360 351/351/351
f 360/360/360 358/358/358 351/351/351
f 354/354/354 361/361/361 353/353/353
f 361/361/361 360/360/360 353/353/353
f 355/355/355 362/362/362 354/354/354
f 362/362/362 361/361/361 354/354/354
f 356/356/356 363/363/363 355/355/355
f 357/357/357 363/363/363 356/356/356
f 363/363/363 362/362/362 355/355/355
f 255/255/255 364/364/364 357/357/357
f 357/357/357 364/364/364 363/363/363
f 255/255/255 249/249/249 364/364/364
f 358/358/358 365/365/365 359/359/359
f 365/365/365 366/366/366 359/359/359
f 360/360/360 367/367/367 358/358/358
f 367/367/367 365/365/365 358/358/358
f 361/361/361 368/368/368 360/360/360
f 368/368/368 367/367/367 360/360/360
f 362/362/362 369/369/369 361/361/361
f 369/369/369 368/368/368 361/361/361
f 363/363/363 370/370/370 362/362/362
f 364/364/364 370/370/370 363/363/363
f 370/370/370 369/369/369 362/362/362
f 249/249/249 371/371/371 364/364/364
f 364/364/364 371/371/371 370/370/370
f 249/249/249 243/243/243 371/371/371
f 365/365/365 372/372/372 366/366/366
f 372/372/372 373/373/373 366/366/366
f 367/367/367 374/374/374 365/365/365
f 374/374/374 372/372/372 365/365/365
f 368/368/368 375/375/375 367/367/367
f 375/375/375 374/374/374 367/367/367
f 369/369/369 376/376/376 368/368/368
f 376/376/376 375/375/375 368/368/368
f 370/370/370 377/377/377 369/369/369
f 371/371/371 377/377/377 370/370/370
f 377/377/377 376/376/376 369/369/369
f 243/243/243 378/378/378 371/371/371
f 371/371/371 378/378/378 377/377/377
f 243/243/243 237/237/237 378/378/378
f 372/372/372 379/379/379 373/373/373
f 379/379/379 380/380/380 373/373/373
f 374/374/374 381/381/381 372/372/372
f 381/381/381 379/379/379 372/372/372
f 375/375/375 382/382/382 374/374/374
f 382/382/382 381/381/381 374/374/374
f 376/376/376 383/383/383 375/375/375
f 383/383/383 382/382/382 375/375/375
f 377/377/377 384/384/384 376/376/376
f 378/378/378 384/384/384 377/377/377
f 384/384/384 383/383/383 376/376/376
f 237/237/237 385/385/385 378/378/378
f 378/378/378 385/385/385 384/384/384
f 237/237/237 231/231/231 385/385/385
f 379/379/379 386/386/386 380/380/380
f 386/386/386 387/387/387 380/380/380
f 381/381/381 388/388/388 379/379/379
f 388/388/388 386/386/386 379/379/379
f 382/382/382 389/389/389 381/381/381
f 389/389/389 388/388/388 381/381/381
f 383/383/383 390/390/390 382/382/382
f 390/390/390 389/389/389 382/382/382
f 384/384/384 391/391/391 383/383/383
f 385/385/385 391/391/391 384/384/384
f 391/391/391 390/390/390 383/383/383
f 231/231/231 392/392/392 385/385/385
f 385/385/385 392/392/392 391/391/391
f 231/231/231 225/225/225 392/392/392
f 386/386/386 393/393/393 387/387/387
f 393/393/393 394/394/394 387/387/387
f 388/388/388 395/395/395 386/386/386
f 395/395/395 393/393/393 386/386/386
f 389/389/389 396/396/396 388/388/388
f 396/396/396 395/395/395 388/388/388
f 390/390/390 397/397/397 389/389/389
f 397/397/397 396/396/396 389/389/389
f 391/391/391 398/398/398 390/390/390
f 392/392/392 398/398/398 391/391/391
f 398/398/398 397/397/397 390/390/390
f 225/225/225 399/399/399 392/392/392
f 392/392/392 399/399/399 398/398/398
f 225/225/225 219/219/219 399/399/399
f 393/393/393 400/400/400 394/394/394
f 400/400/400 401/401/401 394/394/394
f 395/395/395 402/402/402 393/393/393
f 402/402/402 400/400/400 393/393/393
f 396/396/396 403/403/403 395/395/395
f 403/403/403 402/402/402 395/395/395
f 397/397/397 404/404/404 396/396/396
f 404/404/404 403/403/403 396/396/396
f 398/398/398 405/405/405 397/397/397
f 399/399/399 405/405/405 398/398/398
f 405/405/405 404/404/404 397/397/397
f 219/219/219 406/406/406 399/399/399
f 399/399/399 406/406/406 405/405/405
f 219/219/219 213/213/213 406/406/406
f 400/400/400 407/407/407 401/401/401
f 407/407/407 408/408/408 401/401/401
f 402/402/402 409/409/409 400/400/400
f 409/409/409 407/407/407 400/400/400
f 403/403/403 410/410/410 402/402/402
f 410/410/410 409/409/409 402/402/402
f 404/404/404 411/411/411 403/403/403
f 411/411/411 410/410/410 403/403/403
f 405/405/405 412/412/412 404/404/404
f 406/406/406 412/412/412 405/405/405
f 412/412/412 411/411/411 404/404/404
f 213/213/213 413/413/413 406/406/406
f 406/406/406 413/413/413 412/412/412
f 213/213/213 207/207/207 413/413/413
f 407/407/407 414/414/414 408/408/408
f 414/414/414 142/142/142 408/408/408
f 414/414/414 141/141/141 142/142/142
f 409/409/409 415/415/415 407/407/407
f 415/415/415 414/414/414 407/407/407
f 416/416/416 141/141/141 414/414/414
f 415/415/415 416/416/416 414/414/414
f 416/416/416 143/143/143 141/141/141
f 412/412/412 417/417/417 411/411/411
f 413/413/413 417/417/417 412/412/412
f 207/207/207 418/418/418 413/413/413
f 413/413/413 418/418/418 417/417/417
f 207/207/207 201/201/201 418/418/418
f 419/419/419 415/415/415 409/409/409
f 410/410/410 419/419/419 409/409/409
f 411/411/411 420/420/420 410/410/410
f 417/417/417 420/420/420 411/411/411
f 420/420/420 419/419/419 410/410/410
f 421/421/421 143/143/143 416/416/416
f 421/421/421 144/144/144 143/143/143
f 155/155/155 144/144/144 421/421/421
f 422/422/422 416/416/416 415/415/415
f 419/419/419 422/422/422 415/415/415
f 422/422/422 421/421/421 416/416/416
f 418/418/418 423/423/423 417/417/417
f 417/417/417 423/423/423 420/420/420
f 420/420/420 424/424/424 419/419/419
f 424/424/424 422/422/422 419/419/419
f 423/423/423 424/424/424 420/420/420
f 425/425/425 421/421/421 422/422/422
f 425/425/425 155/155/155 421/421/421
f 424/424/424 425/425/425 422/422/422
f 418/418/418 426/426/426 423/423/423
f 201/201/201 426/426/426 418/418/418
f 201/201/201 186/186/186 426/426/426
f 423/423/423 427/427/427 424/424/424
f 427/427/427 425/425/425 424/424/424
f 426/426/426 427/427/427 423/423/423
f 428/428/428 155/155/155 425/425/425
f 427/427/427 428/428/428 425/425/425
f 428/428/428 154/154/154 155/155/155
f 160/160/160 154/154/154 428/428/428
f 186/186/186 429/429/429 426/426/426
f 426/426/426 429/429/429 427/427/427
f 429/429/429 428/428/428 427/427/427
f 429/429/429 160/160/160 428/428/428
f 186/186/186 172/172/172 429/429/429
f 172/172/172 160/160/160 429/429/429
f 432/432/432 431/431/431 430/430/430
f 433/433/433 432/432/432 430/430/430
f 433/433/433 430/430/430 434/434/434
f 435/435/435 432/432/432 433/433/433
f 436/436/436 433/433/433 434/434/434
f 436/436/436 434/434/434 437/437/437
f 438/438/438 435/435/435 433/433/433
f 438/438/438 433/433/433 436/436/436
f 439/439/439 435/435/435 438/438/438
f 440/440/440 436/436/436 437/437/437
f 440/440/440 437/437/437 441/441/441
f 442/442/442 438/438/438 436/436/436
f 442/442/442 436/436/436 440/440/440
f 443/443/443 439/439/439 438/438/438
f 443/443/443 438/438/438 442/442/442
f 444/444/444 439/439/439 443/443/443
f 445/445/445 440/440/440 441/441/441
f 445/445/445 441/441/441 446/446/446
f 447/447/447 442/442/442 440/440/440
f 447/447/447 440/440/440 445/445/445
f 448/448/448 443/443/443 442/442/442
f 448/448/448 442/442/442 447/447/447
f 449/449/449 444/444/444 443/443/443
f 449/449/449 443/443/443 448/448/448
f 450/450/450 444/444/444 449/449/449
f 451/451/451 445/445/445 446/446/446
f 451/451/451 446/446/446 452/452/452
f 453/453/453 447/447/447 445/445/445
f 453/453/453 445/445/445 451/451/451
f 454/454/454 448/448/448 447/447/447
f 454/454/454 447/447/447 453/453/453
f 455/455/455 449/449/449 448/448/448
f 455/455/455 448/448/448 454/454/454
f 456/456/456 450/450/450 449/449/449
f 456/456/456 449/449/449 455/455/455
f 457/457/457 450/450/450 456/456/456
f 458/458/458 451/451/451 452/452/452
f 458/458/458 452/452/452 459/459/459
f 460/460/460 453/453/453 451/451/451
f 460/460/460 451/451/451 458/458/458
f 461/461/461 454/454/454 453/453/453
f 461/461/461 453/453/453 460/460/460
f 462/462/462 455/455/455 454/454/454
f 462/462/462 454/454/454 461/461/461
f 463/463/463 456/456/456 455/455/455
f 463/463/463 455/455/455 462/462/462
f 464/464/464 457/457/457 456/456/456
f 464/464/464 456/456/456 463/463/463
f 465/465/465 457/457/457 464/464/464
f 466/466/466 458/458/458 459/459/459
f 466/466/466 459/459/459 467/467/467
f 468/468/468 460/460/460 458/458/458
f 468/468/468 458/458/458 466/466/466
f 469/469/469 461/461/461 460/460/460
f 469/469/469 460/460/460 468/468/468
f 470/470/470 462/462/462 461/461/461
f 470/470/470 461/461/461 469/469/469
f 471/471/471 463/463/463 462/462/462
f 471/471/471 462/462/462 470/470/470
f 472/472/472 464/464/464 463/463/463
f 472/472/472 463/463/463 471/471/471
f 473/473/473 465/465/465 464/464/464
f 473/473/473 464/464/464 472/472/472
f 474/474/474 465/465/465 473/473/473
f 475/475/475 474/474/474 473/473/473
f 476/476/476 474/474/474 475/475/475
f 477/477/477 473/473/473 472/472/472
f 475/475/475 473/473/473 477/477/477
f 478/478/478 472/472/472 471/471/471
f 477/477/477 472/472/472 478/478/478
f 479/479/479 471/471/471 470/470/470
f 478/478/478 471/471/471 479/479/479
f 480/480/480 470/470/470 469/469/469
f 479/479/479 470/470/470 480/480/480
f 481/481/481 476/476/476 475/475/475
f 482/482/482 476/476/476 481/481/481
f 483/483/483 475/475/475 477/477/477
f 481/481/481 475/475/475 483/483/483
f 484/484/484 477/477/477 478/478/478
f 483/483/483 477/477/477 484/484/484
f 485/485/485 478/478/478 479/479/479
f 484/484/484 478/478/478 485/485/485
f 486/486/486 482/482/482 481/481/481
f 487/487/487 482/482/482 486/486/486
f 488/488/488 481/481/481 483/483/483
f 486/486/486 481/481/481 488/488/488
f 489/489/489 483/483/483 484/484/484
f 488/488/488 483/483/483 489/489/489
f 490/490/490 487/487/487 486/486/486
f 491/491/491 487/487/487 490/490/490
f 492/492/492 491/491/491 490/490/490
f 493/493/493 486/486/486 488/488/488
f 490/490/490 486/486/486 493/493/493
f 492/492/492 490/490/490 494/494/494
f 494/494/494 490/490/490 493/493/493
f 495/495/495 492/492/492 494/494/494
f 493/493/493 488/488/488 496/496/496
f 496/496/496 488/488/488 489/489/489
f 489/489/489 484/484/484 497/497/497
f 497/497/497 484/484/484 485/485/485
f 494/494/494 493/493/493 498/498/498
f 498/498/498 493/493/493 496/496/496
f 495/495/495 494/494/494 499/499/499
f 499/499/499 494/494/494 498/498/498
f 500/500/500 495/495/495 499/499/499
f 496/496/496 489/489/489 501/501/501
f 501/501/501 489/489/489 497/497/497
f 498/498/498 496/496/496 502/502/502
f 502/502/502 496/496/496 501/501/501
f 499/499/499 498/498/498 503/503/503
f 503/503/503 498/498/498 502/502/502
f 500/500/500 499/499/499 504/504/504
f 504/504/504 499/499/499 503/503/503
f 505/505/505 500/500/500 504/504/504
f 505/505/505 504/504/504 506/506/506
f 507/507/507 505/505/505 506/506/506
f 504/504/504 503/503/503 508/508/508
f 506/506/506 504/504/504 508/508/508
f 503/503/503 502/502/502 509/509/509
f 508/508/508 503/503/503 509/509/509
f 502/502/502 501/501/501 510/510/510
f 509/509/509 502/502/502 510/510/510
f 501/501/501 497/497/497 511/511/511
f 510/510/510 501/501/501 511/511/511
f 507/507/507 506/506/506 512/512/512
f 513/513/513 507/507/507 512/512/512
f 506/506/506 508/508/508 514/514/514
f 512/512/512 506/506/506 514/514/514
f 508/508/508 509/509/509 515/515/515
f 514/514/514 508/508/508 515/515/515
f 509/509/509 510/510/510 516/516/516
f 515/515/515 509/509/509 516/516/516
f 513/513/513 512/512/512 517/517/517
f 518/518/518 513/513/513 517/517/517
f 512/512/512 514/514/514 519/519/519
f 517/517/517 512/512/512 519/519/519
f 514/514/514 515/515/515 520/520/520
f 519/519/519 514/514/514 520/520/520
f 518/518/518 517/517/517 521/521/521
f 522/522/522 518/518/518 521/521/521
f 517/517/517 519/519/519 523/523/523
f 521/521/521 517/517/517 523/523/523
f 522/522/522 521/521/521 524/524/524
f 525/525/525 522/522/522 524/524/524
f 516/516/516 510/510/510 526/526/526
f 510/510/510 511/511/511 526/526/526
f 515/515/515 516/516/516 527/527/527
f 520/520/520 515/515/515 527/527/527
f 519/519/519 520/520/520 528/528/528
f 523/523/523 519/519/519 528/528/528
f 521/521/521 523/523/523 529/529/529
f 524/524/524 521/521/521 529/529/529
f 525/525/525 524/524/524 530/530/530
f 531/531/531 525/525/525 530/530/530
f 516/516/516 526/526/526 532/532/532
f 527/527/527 516/516/516 532/532/532
f 520/520/520 527/527/527 533/533/533
f 528/528/528 520/520/520 533/533/533
f 523/523/523 528/528/528 534/534/534
f 529/529/529 523/523/523 534/534/534
f 524/524/524 529/529/529 535/535/535
f 530/530/530 524/524/524 535/535/535
f 531/531/531 530/530/530 536/536/536
f 537/537/537 531/531/531 536/536/536
f 527/527/527 532/532/532 538/538/538
f 533/533/533 527/527/527 538/538/538
f 528/528/528 533/533/533 539/539/539
f 534/534/534 528/528/528 539/539/539
f 529/529/529 534/534/534 540/540/540
f 535/535/535 529/529/529 540/540/540
f 530/530/530 535/535/535 541/541/541
f 536/536/536 530/530/530 541/541/541
f 537/537/537 536/536/536 542/542/542
f 543/543/543 537/537/537 542/542/542
f 533/533/533 538/538/538 544/544/544
f 539/539/539 533/533/533 544/544/544
f 534/534/534 539/539/539 545/545/545
f 540/540/540 534/534/534 545/545/545
f 535/535/535 540/540/540 546/546/546
f 541/541/541 535/535/535 546/546/546
f 536/536/536 541/541/541 547/547/547
f 542/542/542 536/536/536 547/547/547
f 543/543/543 542/542/542 548/548/548
f 549/549/549 543/543/543 548/548/548
f 539/539/539 544/544/544 550/550/550
f 545/545/545 539/539/539 550/550/550
f 540/540/540 545/545/545 551/551/551
f 546/546/546 540/540/540 551/551/551
f 541/541/541 546/546/546 552/552/552
f 547/547/547 541/541/541 552/552/552
f 542/542/542 547/547/547 553/553/553
f 548/548/548 542/542/542 553/553/553
f 549/549/549 548/548/548 554/554/554
f 555/555/555 549/549/549 554/554/554
f 545/545/545 550/550/550 556/556/556
f 551/551/551 545/545/545 556/556/556
f 546/546/546 551/551/551 557/557/557
f 552/552/552 546/546/546 557/557/557
f 547/547/547 552/552/552 558/558/558
f 553/553/553 547/547/547 558/558/558
f 548/548/548 553/553/553 559/559/559
f 554/554/554 548/548/548 559/559/559
f 555/555/555 554/554/554 560/560/560
f 561/561/561 555/555/555 560/560/560
f 551/551/551 556/556/556 562/562/562
f 557/557/557 551/551/551 562/562/562
f 552/552/552 557/557/557 563/563/563
f 558/558/558 552/552/552 563/563/563
f 553/553/553 558/558/558 564/564/564
f 559/559/559 553/553/553 564/564/564
f 554/554/554 559/559/559 565/565/565
f 560/560/560 554/554/554 565/565/565
f 561/561/561 560/560/560 566/566/566
f 567/567/567 561/561/561 566/566/566
f 557/557/557 562/562/562 568/568/568
f 563/563/563 557/557/557 568/568/568
f 558/558/558 563/563/563 569/569/569
f 564/564/564 558/558/558 569/569/569
f 559/559/559 564/564/564 570/570/570
f 565/565/565 559/559/559 570/570/570
f 560/560/560 565/565/565 571/571/571
f 566/566/566 560/560/560 571/571/571
f 567/567/567 566/566/566 572/572/572
f 573/573/573 567/567/567 572/572/572
f 563/563/563 568/568/568 574/574/574
f 569/569/569 563/563/563 574/574/574
f 564/564/564 569/569/569 575/575/575
f 570/570/570 564/564/564 575/575/575
f 565/565/565 570/570/570 576/576/576
f 571/571/571 565/565/565 576/576/576
f 566/566/566 571/571/571 577/577/577
f 572/572/572 566/566/566 577/577/577
f 573/573/573 572/572/572 578/578/578
f 579/579/579 573/573/573 578/578/578
f 569/569/569 574/574/574 580/580/580
f 575/575/575 569/569/569 580/580/580
f 570/570/570 575/575/575 581/581/581
f 576/576/576 570/570/570 581/581/581
f 571/571/571 576/576/576 582/582/582
f 577/577/577 571/571/571 582/582/582
f 572/572/572 577/577/577 583/583/583
f 578/578/578 572/572/572 583/583/583
f 579/579/579 578/578/578 584/584/584
f 585/585/585 579/579/579 584/584/584
f 575/575/575 580/580/580 586/586/586
f 581/581/581 575/575/575 586/586/586
f 576/576/576 581/581/581 587/587/587
f 582/582/582 576/576/576 587/587/587
f 577/577/577 582/582/582 588/588/588
f 583/583/583 577/577/577 588/588/588
f 578/578/578 583/583/583 589/589/589
f 584/584/584 578/578/578 589/589/589
f 585/585/585 584/584/584 590/590/590
f 591/591/591 585/585/585 590/590/590
f 581/581/581 586/586/586 592/592/592
f 587/587/587 581/581/581 592/592/592
f 582/582/582 587/587/587 593/593/593
f 588/588/588 582/582/582 593/593/593
f 583/583/583 588/588/588 594/594/594
f 589/589/589 583/583/583 594/594/594
f 584/584/584 589/589/589 595/595/595
f 590/590/590 584/584/584 595/595/595
f 591/591/591 590/590/590 596/596/596
f 597/597/597 591/591/591 596/596/596
f 587/587/587 592/592/592 598/598/598
f 593/593/593 587/587/587 598/598/598
f 588/588/588 593/593/593 599/599/599
f 594/594/594 588/588/588 599/599/599
f 589/589/589 594/594/594 600/600/600
f 595/595/595 589/589/589 600/600/600
f 590/590/590 595/595/595 601/601/601
f 596/596/596 590/590/590 601/601/601
f 597/597/597 596/596/596 602/602/602
f 603/603/603 597/597/597 602/602/602
f 593/593/593 598/598/598 604/604/604
f 599/599/599 593/593/593 604/604/604
f 594/594/594 599/599/599 605/605/605
f 600/600/600 594/594/594 605/605/605
f 595/595/595 600/600/600 606/606/606
f 601/601/601 595/595/595 606/606/606
f 596/596/596 601/601/601 607/607/607
f 602/602/602 596/596/596 607/607/607
f 603/603/603 602/602/602 608/608/608
f 609/609/609 603/603/603 608/608/608
f 609/609/609 608/608/608 610/610/610
f 611/611/611 609/609/609 610/610/610
f 610/610/610 608/608/608 612/612/612
f 608/608/608 602/602/602 613/613/613
f 608/608/608 613/613/613 612/612/612
f 602/602/602 607/607/607 613/613/613
f 612/612/612 613/613/613 614/614/614
f 613/613/613 615/615/615 614/614/614
f 613/613/613 607/607/607 615/615/615
f 614/614/614 615/615/615 616/616/616
f 607/607/607 601/601/601 617/617/617
f 607/607/607 617/617/617 615/615/615
f 601/601/601 606/606/606 617/617/617
f 615/615/615 618/618/618 616/616/616
f 615/615/615 617/617/617 618/618/618
f 616/616/616 618/618/618 619/619/619
f 617/617/617 606/606/606 620/620/620
f 617/617/617 620/620/620 618/618/618
f 618/618/618 621/621/621 619/619/619
f 618/618/618 620/620/620 621/621/621
f 619/619/619 621/621/621 622/622/622
f 606/606/606 623/623/623 620/620/620
f 606/606/606 600/600/600 623/623/623
f 600/600/600 605/605/605 623/623/623
f 621/621/621 624/624/624 622/622/622
f 622/622/622 624/624/624 625/625/625
f 620/620/620 626/626/626 621/621/621
f 620/620/620 623/623/623 626/626/626
f 621/621/621 626/626/626 624/624/624
f 623/623/623 605/605/605 627/627/627
f 623/623/623 627/627/627 626/626/626
f 624/624/624 628/628/628 625/625/625
f 625/625/625 628/628/628 629/629/629
f 626/626/626 630/630/630 624/624/624
f 626/626/626 627/627/627 630/630/630
f 624/624/624 630/630/630 628/628/628
f 605/605/605 631/631/631 627/627/627
f 605/605/605 599/599/599 631/631/631
f 599/599/599 604/604/604 631/631/631
f 628/628/628 632/632/632 629/629/629
f 629/629/629 632/632/632 633/633/633
f 630/630/630 634/634/634 628/628/628
f 628/628/628 634/634/634 632/632/632
f 627/627/627 635/635/635 630/630/630
f 627/627/627 631/631/631 635/635/635
f 630/630/630 635/635/635 634/634/634
f 631/631/631 604/604/604 636/636/636
f 631/631/631 636/636/636 635/635/635
f 632/632/632 637/637/637 633/633/633
f 633/633/633 637/637/637 638/638/638
f 634/634/634 639/639/639 632/632/632
f 632/632/632 639/639/639 637/637/637
f 635/635/635 640/640/640 634/634/634
f 635/635/635 636/636/636 640/640/640
f 634/634/634 640/640/640 639/639/639
f 604/604/604 641/641/641 636/636/636
f 604/604/604 598/598/598 641/641/641
f 637/637/637 642/642/642 638/638/638
f 638/638/638 642/642/642 643/643/643
f 639/639/639 644/644/644 637/637/637
f 637/637/637 644/644/644 642/642/642
f 640/640/640 645/645/645 639/639/639
f 639/639/639 645/645/645 644/644/644
f 636/636/636 646/646/646 640/640/640
f 636/636/636 641/641/641 646/646/646
f 640/640/640 646/646/646 645/645/645
f 598/598/598 647/647/647 641/641/641
f 598/598/598 592/592/592 647/647/647
f 642/642/642 648/648/648 643/643/643
f 643/643/643 648/648/648 649/649/649
f 648/648/648 650/650/650 649/649/649
f 644/644/644 651/651/651 642/642/642
f 642/642/642 651/651/651 648/648/648
f 648/648/648 652/652/652 650/650/650
f 651/651/651 652/652/652 648/648/648
f 652/652/652 653/653/653 650/650/650
f 645/645/645 654/654/654 644/644/644
f 644/644/644 654/654/654 651/651/651
f 652/652/652 655/655/655 653/653/653
f 655/655/655 656/656/656 653/653/653
f 651/651/651 657/657/657 652/652/652
f 654/654/654 657/657/657 651/651/651
f 657/657/657 655/655/655 652/652/652
f 645/645/645 658/658/658 654/654/654
f 646/646/646 658/658/658 645/645/645
f 655/655/655 659/659/659 656/656/656
f 659/659/659 660/660/660 656/656/656
f 657/657/657 661/661/661 655/655/655
f 661/661/661 659/659/659 655/655/655
f 654/654/654 662/662/662 657/657/657
f 658/658/658 662/662/662 654/654/654
f 662/662/662 661/661/661 657/657/657
f 646/646/646 663/663/663 658/658/658
f 641/641/641 663/663/663 646/646/646
f 641/641/641 647/647/647 663/663/663
f 659/659/659 664/664/664 660/660/660
f 664/664/664 665/665/665 660/660/660
f 661/661/661 666/666/666 659/659/659
f 666/666/666 664/664/664 659/659/659
f 662/662/662 667/667/667 661/661/661
f 667/667/667 666/666/666 661/661/661
f 658/658/658 668/668/668 662/662/662
f 663/663/663 668/668/668 658/658/658
f 668/668/668 667/667/667 662/662/662
f 647/647/647 669/669/669 663/663/663
f 663/663/663 669/669/669 668/668/668
f 664/664/664 670/670/670 665/665/665
f 670/670/670 671/671/671 665/665/665
f 666/666/666 672/672/672 664/664/664
f 672/672/672 670/670/670 664/664/664
f 667/667/667 673/673/673 666/666/666
f 673/673/673 672/672/672 666/666/666
f 668/668/668 674/674/674 667/667/667
f 669/669/669 674/674/674 668/668/668
f 674/674/674 673/673/673 667/667/667
f 647/647/647 675/675/675 669/669/669
f 592/592/592 675/675/675 647/647/647
f 592/592/592 586/586/586 675/675/675
f 670/670/670 676/676/676 671/671/671
f 676/676/676 677/677/677 671/671/671
f 672/672/672 678/678/678 670/670/670
f 678/678/678 676/676/676 670/670/670
f 673/673/673 679/679/679 672/672/672
f 679/679/679 678/678/678 672/672/672
f 674/674/674 680/680/680 673/673/673
f 680/680/680 679/679/679 673/673/673
f 669/669/669 681/681/681 674/674/674
f 675/675/675 681/681/681 669/669/669
f 681/681/681 680/680/680 674/674/674
f 586/586/586 682/682/682 675/675/675
f 675/675/675 682/682/682 681/681/681
f 586/586/586 580/580/580 682/682/682
f 676/676/676 683/683/683 677/677/677
f 683/683/683 684/684/684 677/677/677
f 678/678/678 685/685/685 676/676/676
f 685/685/685 683/683/683 676/676/676
f 679/679/679 686/686/686 678/678/678
f 686/686/686 685/685/685 678/678/678
f 680/680/680 687/687/687 679/679/679
f 687/687/687 686/686/686 679/679/679
f 681/681/681 688/688/688 680/680/680
f 682/682/682 688/688/688 681/681/681
f 688/688/688 687/687/687 680/680/680
f 580/580/580 689/689/689 682/682/682
f 682/682/682 689/689/689 688/688/688
f 580/580/580 574/574/574 689/689/689
f 683/683/683 690/690/690 684/684/684
f 690/690/690 691/691/691 684/684/684
f 685/685/685 692/692/692 683/683/683
f 692/692/692 690/690/690 683/683/683
f 686/686/686 693/693/693 685/685/685
f 693/693/693 692/692/692 685/685/685
f 687/687/687 694/694/694 686/686/686
f 694/694/694 693/693/693 686/686/686
f 688/688/688 695/695/695 687/687/687
f 689/689/689 695/695/695 688/688/688
f 695/695/695 694/694/694 687/687/687
f 574/574/574 696/696/696 689/689/689
f 689/689/689 696/696/696 695/695/695
f 574/574/574 568/568/568 696/696/696
f 690/690/690 697/697/697 691/691/691
f 697/697/697 698/698/698 691/691/691
f 692/692/692 699/699/699 690/690/690
f 699/699/699 697/697/697 690/690/690
f 693/693/693 700/700/700 692/692/692
f 700/700/700 699/699/699 692/692/692
f 694/694/694 701/701/701 693/693/693
f 701/701/701 700/700/700 693/693/693
f 695/695/695 702/702/702 694/694/694
f 696/696/696 702/702/702 695/695/695
f 702/702/702 701/701/701 694/694/694
f 568/568/568 703/703/703 696/696/696
f 696/696/696 703/703/703 702/702/702
f 568/568/568 562/562/562 703/703/703
f 697/697/697 704/704/704 698/698/698
f 704/704/704 705/705/705 698/698/698
f 699/699/699 706/706/706 697/697/697
f 706/706/706 704/704/704 697/697/697
f 700/700/700 707/707/707 699/699/699
f 707/707/707 706/706/706 699/699/699
f 701/701/701 708/708/708 700/700/700
f 708/708/708 707/707/707 700/700/700
f 702/702/702 709/709/709 701/701/701
f 703/703/703 709/709/709 702/702/702
f 709/709/709 708/708/708 701/701/701
f 562/562/562 710/710/710 703/703/703
f 703/703/703 710/710/710 709/709/709
f 562/562/562 556/556/556 710/710/710
f 704/704/704 711/711/711 705/705/705
f 711/711/711 712/712/712 705/705/705
f 706/706/706 713/713/713 704/704/704
f 713/713/713 711/711/711 704/704/704
f 707/707/707 714/714/714 706/706/706
f 714/714/714 713/713/713 706/706/706
f 708/708/708 715/715/715 707/707/707
f 715/715/715 714/714/714 707/707/707
f 709/709/709 716/716/716 708/708/708
f 710/710/710 716/716/716 709/709/709
f 716/716/716 715/715/715 708/708/708
f 556/556/556 717/717/717 710/710/710
f 710/710/710 717/717/717 716/716/716
f 556/556/556 550/550/550 717/717/717
f 711/711/711 718/718/718 712/712/712
f 718/718/718 719/719/719 712/712/712
f 713/713/713 720/720/720 711/711/711
f 720/720/720 718/718/718 711/711/711
f 714/714/714 721/721/721 713/713/713
f 721/721/721 720/720/720 713/713/713
f 715/715/715 722/722/722 714/714/714
f 722/722/722 721/721/721 714/714/714
f 716/716/716 723/723/723 715/715/715
f 717/717/717 723/723/723 716/716/716
f 723/723/723 722/722/722 715/715/715
f 550/550/550 724/724/724 717/717/717
f 717/717/717 724/724/724 723/723/723
f 550/550/550 544/544/544 724/724/724
f 718/718/718 725/725/725 719/719/719
f 725/725/725 726/726/726 719/719/719
f 720/720/720 727/727/727 718/718/718
f 727/727/727 725/725/725 718/718/718
f 721/721/721 728/728/728 720/720/720
f 728/728/728 727/727/727 720/720/720
f 722/722/722 729/729/729 721/721/721
f 729/729/729 728/728/728 721/721/721
f 723/723/723 730/730/730 722/722/722
f 724/724/724 730/730/730 723/723/723
f 730/730/730 729/729/729 722/722/722
f 544/544/544 731/731/731 724/724/724
f 724/724/724 731/731/731 730/730/730
f 544/544/544 538/538/538 731/731/731
f 725/725/725 732/732/732 726/726/726
f 732/732/732 733/733/733 726/726/726
f 727/727/727 734/734/734 725/725/725
f 734/734/734 732/732/732 725/725/725
f 728/728/728 735/735/735 727/727/727
f 735/735/735 734/734/734 727/727/727
f 729/729/729 736/736/736 728/728/728
f 736/736/736 735/735/735 728/728/728
f 730/730/730 737/737/737 729/729/729
f 731/731/731 737/737/737 730/730/730
f 737/737/737 736/736/736 729/729/729
f 538/538/538 738/738/738 731/731/731
f 731/731/731 738/738/738 737/737/737
f 538/538/538 532/532/532 738/738/738
f 732/732/732 739/739/739 733/733/733
f 739/739/739 467/467/467 733/733/733
f 739/739/739 466/466/466 467/467/467
f 734/734/734 740/740/740 732/732/732
f 740/740/740 739/739/739 732/732/732
f 741/741/741 466/466/466 739/739/739
f 740/740/740 741/741/741 739/739/739
f 741/741/741 468/468/468 466/466/466
f 737/737/737 742/742/742 736/736/736
f 738/738/738 742/742/742 737/737/737
f 532/532/532 743/743/743 738/738/738
f 738/738/738 743/743/743 742/742/742
f 532/532/532 526/526/526 743/743/743
f 744/744/744 740/740/740 734/734/734
f 735/735/735 744/744/744 734/734/734
f 736/736/736 745/745/745 735/735/735
f 742/742/742 745/745/745 736/736/736
f 745/745/745 744/744/744 735/735/735
f 746/746/746 468/468/468 741/741/741
f 746/746/746 469/469/469 468/468/468
f 480/480/480 469/469/469 746/746/746
f 747/747/747 741/741/741 740/740/740
f 744/744/744 747/747/747 740/740/740
f 747/747/747 746/746/746 741/741/741
f 743/743/743 748/748/748 742/742/742
f 742/742/742 748/748/748 745/745/745
f 745/745/745 749/749/749 744/744/744
f 749/749/749 747/747/747 744/744/744
f 748/748/748 749/749/749 745/745/745
f 750/750/750 746/746/746 747/747/747
f 750/750/750 480/480/480 746/746/746
f 749/749/749 750/750/750 747/747/747
f 743/743/743 751/751/751 748/748/748
f 526/526/526 751/751/751 743/743/743
f 526/526/526 511/511/511 751/751/751
f 748/748/748 752/752/752 749/749/749
f 752/752/752 750/750/750 749/749/749
f 751/751/751 752/752/752 748/748/748
f 753/753/753 480/480/480 750/750/750
f 752/752/752 753/753/753 750/750/750
f 753/753/753 479/479/479 480/480/480
f 485/485/485 479/479/479 753/753/753
f 511/511/511 754/754/754 751/751/751
f 751/751/751 754/754/754 752/752/752
f 754/754/754 753/753/753 752/752/752
f 754/754/754 485/485/485 753/753/753
f 511/511/511 497/497/497 754/754/754
f 497/497/497 485/485/485 754/754/754
f 757/757/757 756/756/756 755/755/755
f 756/756/756 758/758/758 755/755/755
f 756/756/756 759/759/759 758/758/758
f 759/759/759 760/760/760 758/758/758
f 759/759/759 761/761/761 760/760/760
f 761/761/761 762/762/762 760/760/760
f 761/761/761 763/763/763 762/762/762
f 763/763/763 764/764/764 762/762/762
f 763/763/763 765/765/765 764/764/764
f 765/765/765 766/766/766 764/764/764
f 765/765/765 767/767/767 766/766/766
f 767/767/767 768/768/768 766/766/766
f 767/767/767 769/769/769 768/768/768
f 769/769/769 770/770/770 768/768/768
f 769/769/769 771/771/771 770/770/770
f 771/771/771 772/772/772 770/770/770
f 771/771/771 773/773/773 772/772/772
f 773/773/773 774/774/774 772/772/772
f 773/773/773 775/775/775 774/774/774
f 775/775/775 776/776/776 774/774/774
f 775/775/775 777/777/777 776/776/776
f 777/777/777 778/778/778 776/776/776
f 777/777/777 779/779/779 778/778/778
f 779/779/779 780/780/780 778/778/778
f 783/783/783 782/782/782 781/781/781
f 782/782/782 784/784/784 781/781/781
f 782/782/782 785/785/785 784/784/784
f 785/785/785 786/786/786 784/784/784
f 785/785/785 787/787/787 786/786/786
f 787/787/787 788/788/788 786/786/786
f 787/787/787 789/789/789 788/788/788
f 789/789/789 790/790/790 788/788/788
f 789/789/789 791/791/791 790/790/790
f 791/791/791 792/792/792 790/790/790
f 791/791/791 793/793/793 792/792/792
f 793/793/793 794/794/794 792/792/792
f 793/793/793 795/795/795 794/794/794
f 795/795/795 796/796/796 794/794/794
f 795/795/795 797/797/797 796/796/796
f 797/797/797 798/798/798 796/796/796
f 797/797/797 799/799/799 798/798/798
f 799/799/799 800/800/800 798/798/798
f 799/799/799 801/801/801 800/800/800
f 801/801/801 802/802/802 800/800/800
f 801/801/801 803/803/803 802/802/802
f 803/803/803 804/804/804 802/802/802
f 803/803/803 805/805/805 804/804/804
f 805/805/805 806/806/806 804/804/804
f 809/809/809 808/808/808 807/807/807
f 808/808/808 810/810/810 807/807/807
f 808/808/808 811/811/811 810/810/810
f 811/811/811 812/812/812 810/810/810
f 811/811/811 813/813/813 812/812/812
f 813/813/813 814/814/814 812/812/812
f 813/813/813 815/815/815 814/814/814
f 815/815/815 816/816/816 814/814/814
f 815/815/815 817/817/817 816/816/816
f 817/817/817 818/818/818 816/816/816
f 817/817/817 819/819/819 818/818/818
f 819/819/819 820/820/820 818/818/818
f 819/819/819 821/821/821 820/820/820
f 821/821/821 822/822/822 820/820/820
f 821/821/821 823/823/823 822/822/822
f 823/823/823 824/824/824 822/822/822
f 823/823/823 825/825/825 824/824/824
f 825/825/825 826/826/826 824/824/824
f 825/825/825 827/827/827 826/826/826
f 827/827/827 828/828/828 826/826/826
f 827/827/827 829/829/829 828/828/828
f 829/829/829 830/830/830 828/828/828
f 829/829/829 831/831/831 830/830/830
f 831/831/831 832/832/832 830/830/830
f 835/835/835 834/834/834 833/833/833
f 834/834/834 836/836/836 833/833/833
f 834/834/834 837/837/837 836/836/836
f 837/837/837 838/838/838 836/836/836
f 837/837/837 839/839/839 838/838/838
f 839/839/839 840/840/840 838/838/838
f 839/839/839 841/841/841 840/840/840
f 841/841/841 842/842/842 840/840/840
f 841/841/841 843/843/843 842/842/842
f 843/843/843 844/844/844 842/842/842
f 843/843/843 845/845/845 844/844/844
f 845/845/845 846/846/846 844/844/844
f 845/845/845 847/847/847 846/846/846
f 847/847/847 848/848/848 846/846/846
f 847/847/847 849/849/849 848/848/848
f 849/849/849 850/850/850 848/848/848
f 849/849/849 851/851/851 850/850/850
f 851/851/851 852/852/852 850/850/850
f 851/851/851 853/853/853 852/852/852
f 853/853/853 854/854/854 852/852/852
f 853/853/853 855/855/855 854/854/854
f 855/855/855 856/856/856 854/854/854
f 855/855/855 857/857/857 856/856/856
f 857/857/857 858/858/858 856/856/856
f 861/861/861 860/860/860 859/859/859
f 860/860/860 862/862/862 859/859/859
f 860/860/860 863/863/863 862/862/862
f 861/861/861 859/859/859 864/864/864
f 865/865/865 861/861/861 864/864/864
f 863/863/863 866/866/866 862/862/862
f 863/863/863 867/867/867 866/866/866
f 865/865/865 864/864/864 868/868/868
f 869/869/869 865/865/865 868/868/868
f 867/867/867 870/870/870 866/866/866
f 867/867/867 871/871/871 870/870/870
f 869/869/869 868/868/868 872/872/872
f 873/873/873 869/869/869 872/872/872
f 871/871/871 874/874/874 870/870/870
f 871/871/871 875/875/875 874/874/874
f 873/873/873 872/872/872 876/876/876
f 877/877/877 873/873/873 876/876/876
f 875/875/875 878/878/878 874/874/874
f 875/875/875 879/879/879 878/878/878
f 877/877/877 876/876/876 880/880/880
f 881/881/881 877/877/877 880/880/880
f 879/879/879 882/882/882 878/878/878
f 879/879/879 883/883/883 882/882/882
f 881/881/881 880/880/880 884/884/884
f 885/885/885 881/881/881 884/884/884
f 883/883/883 886/886/886 882/882/882
f 883/883/883 887/887/887 886/886/886
f 885/885/885 884/884/884 888/888/888
f 889/889/889 885/885/885 888/888/888
f 887/887/887 890/890/890 886/886/886
f 887/887/887 891/891/891 890/890/890
f 889/889/889 888/888/888 892/892/892
f 893/893/893 889/889/889 892/892/892
f 891/891/891 894/894/894 890/890/890
f 891/891/891 895/895/895 894/894/894
f 893/893/893 892/892/892 896/896/896
f 897/897/897 893/893/893 896/896/896
f 895/895/895 898/898/898 894/894/894
f 895/895/895 899/899/899 898/898/898
f 897/897/897 896/896/896 900/900/900
f 901/901/901 897/897/897 900/900/900
f 899/899/899 902/902/902 898/898/898
f 899/899/899 903/903/903 902/902/902
f 901/901/901 900/900/900 904/904/904
f 905/905/905 901/901/901 904/904/904
f 903/903/903 906/906/906 902/902/902
f 903/903/903 907/907/907 906/906/906
f 905/905/905 904/904/904 908/908/908
f 909/909/909 905/905/905 908/908/908
f 907/907/907 910/910/910 906/906/906
f 907/907/907 911/911/911 910/910/910
f 909/909/909 908/908/908 912/912/912
f 913/913/913 909/909/909 912/912/912
f 911/911/911 914/914/914 910/910/910
f 911/911/911 915/915/915 914/914/914
f 913/913/913 912/912/912 916/916/916
f 917/917/917 913/913/913 916/916/916
f 915/915/915 918/918/918 914/914/914
f 915/915/915 919/919/919 918/918/918
f 917/917/917 916/916/916 920/920/920
f 921/921/921 917/917/917 920/920/920
f 919/919/919 922/922/922 918/918/918
f 919/919/919 923/923/923 922/922/922
f 921/921/921 920/920/920 924/924/924
f 925/925/925 921/921/921 924/924/924
f 923/923/923 926/926/926 922/922/922
f 923/923/923 927/927/927 926/926/926
f 925/925/925 924/924/924 928/928/928
f 929/929/929 925/925/925 928/928/928
f 927/927/927 930/930/930 926/926/926
f 927/927/927 931/931/931 930/930/930
f 929/929/929 928/928/928 932/932/932
f 933/933/933 929/929/929 932/932/932
f 931/931/931 934/934/934 930/930/930
f 931/931/931 935/935/935 934/934/934
f 933/933/933 932/932/932 936/936/936
f 937/937/937 933/933/933 936/936/936
f 935/935/935 938/938/938 934/934/934
f 935/935/935 939/939/939 938/938/938
f 937/937/937 936/936/936 940/940/940
f 941/941/941 937/937/937 940/940/940
f 939/939/939 942/942/942 938/938/938
f 939/939/939 943/943/943 942/942/942
f 941/941/941 940/940/940 944/944/944
f 945/945/945 941/941/941 944/944/944
f 943/943/943 946/946/946 942/942/942
f 943/943/943 947/947/947 946/946/946
f 945/945/945 944/944/944 948/948/948
f 949/949/949 945/945/945 948/948/948
f 947/947/947 950/950/950 946/946/946
f 947/947/947 951/951/951 950/950/950
f 949/949/949 948/948/948 952/952/952
f 953/953/953 949/949/949 952/952/952
f 951/951/951 953/953/953 954/954/954
f 951/951/951 954/954/954 950/950/950
f 953/953/953 952/952/952 954/954/954
f 944/944/944 940/940/940 955/955/955
f 948/948/948 944/944/944 956/956/956
f 944/944/944 955/955/955 956/956/956
f 952/952/952 948/948/948 957/957/957
f 948/948/948 956/956/956 957/957/957
f 954/954/954 952/952/952 958/958/958
f 952/952/952 957/957/957 958/958/958
f 950/950/950 954/954/954 959/959/959
f 954/954/954 958/958/958 959/959/959
f 946/946/946 950/950/950 960/960/960
f 950/950/950 959/959/959 960/960/960
f 940/940/940 961/961/961 955/955/955
f 940/940/940 936/936/936 961/961/961
f 946/946/946 960/960/960 962/962/962
f 942/942/942 946/946/946 962/962/962
f 936/936/936 963/963/963 961/961/961
f 936/936/936 932/932/932 963/963/963
f 942/942/942 962/962/962 964/964/964
f 938/938/938 942/942/942 964/964/964
f 932/932/932 965/965/965 963/963/963
f 932/932/932 928/928/928 965/965/965
f 938/938/938 964/964/964 966/966/966
f 934/934/934 938/938/938 966/966/966
f 928/928/928 967/967/967 965/965/965
f 928/928/928 924/924/924 967/967/967
f 934/934/934 966/966/966 968/968/968
f 930/930/930 934/934/934 968/968/968
f 924/924/924 969/969/969 967/967/967
f 924/924/924 920/920/920 969/969/969
f 930/930/930 968/968/968 970/970/970
f 926/926/926 930/930/930 970/970/970
f 920/920/920 971/971/971 969/969/969
f 920/920/920 916/916/916 971/971/971
f 926/926/926 970/970/970 972/972/972
f 922/922/922 926/926/926 972/972/972
f 916/916/916 973/973/973 971/971/971
f 916/916/916 912/912/912 973/973/973
f 922/922/922 972/972/972 974/974/974
f 918/918/918 922/922/922 974/974/974
f 912/912/912 975/975/975 973/973/973
f 912/912/912 908/908/908 975/975/975
f 918/918/918 974/974/974 976/976/976
f 914/914/914 918/918/918 976/976/976
f 908/908/908 977/977/977 975/975/975
f 908/908/908 904/904/904 977/977/977
f 914/914/914 976/976/976 978/978/978
f 910/910/910 914/914/914 978/978/978
f 904/904/904 979/979/979 977/977/977
f 904/904/904 900/900/900 979/979/979
f 910/910/910 978/978/978 980/980/980
f 906/906/906 910/910/910 980/980/980
f 900/900/900 981/981/981 979/979/979
f 900/900/900 896/896/896 981/981/981
f 906/906/906 980/980/980 982/982/982
f 902/902/902 906/906/906 982/982/982
f 896/896/896 983/983/983 981/981/981
f 896/896/896 892/892/892 983/983/983
f 902/902/902 982/982/982 984/984/984
f 898/898/898 902/902/902 984/984/984
f 892/892/892 985/985/985 983/983/983
f 892/892/892 888/888/888 985/985/985
f 898/898/898 984/984/984 986/986/986
f 894/894/894 898/898/898 986/986/986
f 888/888/888 987/987/987 985/985/985
f 888/888/888 884/884/884 987/987/987
f 894/894/894 986/986/986 988/988/988
f 890/890/890 894/894/894 988/988/988
f 884/884/884 989/989/989 987/987/987
f 884/884/884 880/880/880 989/989/989
f 890/890/890 988/988/988 990/990/990
f 886/886/886 890/890/890 990/990/990
f 880/880/880 991/991/991 989/989/989
f 880/880/880 876/876/876 991/991/991
f 886/886/886 990/990/990 992/992/992
f 882/882/882 886/886/886 992/992/992
f 876/876/876 993/993/993 991/991/991
f 876/876/876 872/872/872 993/993/993
f 882/882/882 992/992/992 994/994/994
f 878/878/878 882/882/882 994/994/994
f 872/872/872 995/995/995 993/993/993
f 872/872/872 868/868/868 995/995/995
f 878/878/878 994/994/994 996/996/996
f 874/874/874 878/878/878 996/996/996
f 868/868/868 997/997/997 995/995/995
f 868/868/868 864/864/864 997/997/997
f 874/874/874 996/996/996 998/998/998
f 870/870/870 874/874/874 998/998/998
f 864/864/864 999/999/999 997/997/997
f 864/864/864 859/859/859 999/999/999
f 870/870/870 998/998/998 1000/1000/1000
f 866/866/866 870/870/870 1000/1000/1000
f 859/859/859 1001/1001/1001 999/999/999
f 859/859/859 862/862/862 1001/1001/1001
f 862/862/862 866/866/866 1002/1002/1002
f 866/866/866 1000/1000/1000 1002/1002/1002
f 862/862/862 1002/1002/1002 1001/1001/1001
f 995/995/995 997/997/997 1003/1003/1003
f 997/997/997 999/999/999 1004/1004/1004
f 997/997/997 1004/1004/1004 1003/1003/1003
f 999/999/999 1001/1001/1001 1005/1005/1005
f 999/999/999 1005/1005/1005 1004/1004/1004
f 1001/1001/1001 1002/1002/1002 1006/1006/1006
f 1001/1001/1001 1006/1006/1006 1005/1005/1005
f 1002/1002/1002 1000/1000/1000 1007/1007/1007
f 1002/1002/1002 1007/1007/1007 1006/1006/1006
f 1000/1000/1000 998/998/998 1008/1008/1008
f 1000/1000/1000 1008/1008/1008 1007/1007/1007
f 995/995/995 1003/1003/1003 1009/1009/1009
f 993/993/993 995/995/995 1009/1009/1009
f 998/998/998 1010/1010/1010 1008/1008/1008
f 998/998/998 996/996/996 1010/1010/1010
f 993/993/993 1009/1009/1009 1011/1011/1011
f 991/991/991 993/993/993 1011/1011/1011
f 996/996/996 1012/1012/1012 1010/1010/1010
f 996/996/996 994/994/994 1012/1012/1012
f 991/991/991 1011/1011/1011 1013/1013/1013
f 989/989/989 991/991/991 1013/1013/1013
f 994/994/994 1014/1014/1014 1012/1012/1012
f 994/994/994 992/992/992 1014/1014/1014
f 989/989/989 1013/1013/1013 1015/1015/1015
f 987/987/987 989/989/989 1015/1015/1015
f 992/992/992 1016/1016/1016 1014/1014/1014
f 992/992/992 990/990/990 1016/1016/1016
f 987/987/987 1015/1015/1015 1017/1017/1017
f 985/985/985 987/987/987 1017/1017/1017
f 990/990/990 1018/1018/1018 1016/1016/1016
f 990/990/990 988/988/988 1018/1018/1018
f 985/985/985 1017/1017/1017 1019/1019/1019
f 983/983/983 985/985/985 1019/1019/1019
f 988/988/988 1020/1020/1020 1018/1018/1018
f 988/988/988 986/986/986 1020/1020/1020
f 983/983/983 1019/1019/1019 1021/1021/1021
f 981/981/981 983/983/983 1021/1021/1021
f 986/986/986 1022/1022/1022 1020/1020/1020
f 986/986/986 984/984/984 1022/1022/1022
f 981/981/981 1021/1021/1021 1023/1023/1023
f 979/979/979 981/981/981 1023/1023/1023
f 984/984/984 1024/1024/1024 1022/1022/1022
f 984/984/984 982/982/982 1024/1024/1024
f 979/979/979 1023/1023/1023 1025/1025/1025
f 977/977/977 979/979/979 1025/1025/1025
f 982/982/982 1026/1026/1026 1024/1024/1024
f 982/982/982 980/980/980 1026/1026/1026
f 977/977/977 1025/1025/1025 1027/1027/1027
f 975/975/975 977/977/977 1027/1027/1027
f 980/980/980 1028/1028/1028 1026/1026/1026
f 980/980/980 978/978/978 1028/1028/1028
f 975/975/975 1027/1027/1027 1029/1029/1029
f 973/973/973 975/975/975 1029/1029/1029
f 978/978/978 1030/1030/1030 1028/1028/1028
f 978/978/978 976/976/976 1030/1030/1030
f 973/973/973 1029/1029/1029 1031/1031/1031
f 971/971/971 973/973/973 1031/1031/1031
f 976/976/976 1032/1032/1032 1030/1030/1030
f 976/976/976 974/974/974 1032/1032/1032
f 971/971/971 1031/1031/1031 1033/1033/1033
f 969/969/969 971/971/971 1033/1033/1033
f 974/974/974 1034/1034/1034 1032/1032/1032
f 974/974/974 972/972/972 1034/1034/1034
f 969/969/969 1033/1033/1033 1035/1035/1035
f 967/967/967 969/969/969 1035/1035/1035
f 972/972/972 1036/1036/1036 1034/1034/1034
f 972/972/972 970/970/970 1036/1036/1036
f 967/967/967 1035/1035/1035 1037/1037/1037
f 965/965/965 967/967/967 1037/1037/1037
f 970/970/970 1038/1038/1038 1036/1036/1036
f 970/970/970 968/968/968 1038/1038/1038
f 965/965/965 1037/1037/1037 1039/1039/1039
f 963/963/963 965/965/965 1039/1039/1039
f 968/968/968 1040/1040/1040 1038/1038/1038
f 968/968/968 966/966/966 1040/1040/1040
f 963/963/963 1039/1039/1039 1041/1041/1041
f 961/961/961 963/963/963 1041/1041/1041
f 966/966/966 1042/1042/1042 1040/1040/1040
f 966/966/966 964/964/964 1042/1042/1042
f 961/961/961 1041/1041/1041 1043/1043/1043
f 955/955/955 961/961/961 1043/1043/1043
f 964/964/964 1044/1044/1044 1042/1042/1042
f 964/964/964 962/962/962 1044/1044/1044
f 955/955/955 1043/1043/1043 1045/1045/1045
f 956/956/956 955/955/955 1045/1045/1045
f 962/962/962 1046/1046/1046 1044/1044/1044
f 962/962/962 960/960/960 1046/1046/1046
f 956/956/956 1045/1045/1045 1047/1047/1047
f 957/957/957 956/956/956 1047/1047/1047
f 960/960/960 1048/1048/1048 1046/1046/1046
f 960/960/960 959/959/959 1048/1048/1048
f 957/957/957 1047/1047/1047 1049/1049/1049
f 958/958/958 957/957/957 1049/1049/1049
f 959/959/959 958/958/958 1050/1050/1050
f 959/959/959 1050/1050/1050 1048/1048/1048
f 958/958/958 1049/1049/1049 1050/1050/1050
f 1045/1045/1045 1043/1043/1043 1051/1051/1051
f 1047/1047/1047 1045/1045/1045 1052/1052/1052
f 1045/1045/1045 1051/1051/1051 1052/1052/1052
f 1052/1052/1052 1051/1051/1051 1053/1053/1053
f 1043/1043/1043 1054/1054/1054 1051/1051/1051
f 1051/1051/1051 1054/1054/1054 1053/1053/1053
f 1043/1043/1043 1041/1041/1041 1054/1054/1054
f 1047/1047/1047 1052/1052/1052 1055/1055/1055
f 1049/1049/1049 1047/1047/1047 1055/1055/1055
f 1055/1055/1055 1052/1052/1052 1053/1053/1053
f 1041/1041/1041 1056/1056/1056 1054/1054/1054
f 1054/1054/1054 1056/1056/1056 1053/1053/1053
f 1041/1041/1041 1039/1039/1039 1056/1056/1056
f 1049/1049/1049 1055/1055/1055 1057/1057/1057
f 1050/1050/1050 1049/1049/1049 1057/1057/1057
f 1057/1057/1057 1055/1055/1055 1053/1053/1053
f 1039/1039/1039 1058/1058/1058 1056/1056/1056
f 1056/1056/1056 1058/1058/1058 1053/1053/1053
f 1039/1039/1039 1037/1037/1037 1058/1058/1058
f 1050/1050/1050 1057/1057/1057 1059/1059/1059
f 1059/1059/1059 1057/1057/1057 1053/1053/1053
f 1058/1058/1058 1060/1060/1060 1053/1053/1053
f 1037/1037/1037 1060/1060/1060 1058/1058/1058
f 1061/1061/1061 1059/1059/1059 1053/1053/1053
f 1048/1048/1048 1050/1050/1050 1059/1059/1059
f 1048/1048/1048 1059/1059/1059 1061/1061/1061
f 1037/1037/1037 1035/1035/1035 1060/1060/1060
f 1046/1046/1046 1048/1048/1048 1061/1061/1061
f 1035/1035/1035 1062/1062/1062 1060/1060/1060
f 1060/1060/1060 1062/1062/1062 1053/1053/1053
f 1035/1035/1035 1033/1033/1033 1062/1062/1062
f 1046/1046/1046 1061/1061/1061 1063/1063/1063
f 1063/1063/1063 1061/1061/1061 1053/1053/1053
f 1044/1044/1044 1046/1046/1046 1063/1063/1063
f 1033/1033/1033 1064/1064/1064 1062/1062/1062
f 1062/1062/1062 1064/1064/1064 1053/1053/1053
f 1033/1033/1033 1031/1031/1031 1064/1064/1064
f 1044/1044/1044 1063/1063/1063 1065/1065/1065
f 1065/1065/1065 1063/1063/1063 1053/1053/1053
f 1042/1042/1042 1044/1044/1044 1065/1065/1065
f 1031/1031/1031 1066/1066/1066 1064/1064/1064
f 1064/1064/1064 1066/1066/1066 1053/1053/1053
f 1031/1031/1031 1029/1029/1029 1066/1066/1066
f 1067/1067/1067 1065/1065/1065 1053/1053/1053
f 1042/1042/1042 1065/1065/1065 1067/1067/1067
f 1066/1066/1066 1068/1068/1068 1053/1053/1053
f 1029/1029/1029 1068/1068/1068 1066/1066/1066
f 1069/1069/1069 1067/1067/1067 1053/1053/1053
f 1040/1040/1040 1042/1042/1042 1067/1067/1067
f 1040/1040/1040 1067/1067/1067 1069/1069/1069
f 1029/1029/1029 1027/1027/1027 1068/1068/1068
f 1038/1038/1038 1040/1040/1040 1069/1069/1069
f 1027/1027/1027 1070/1070/1070 1068/1068/1068
f 1068/1068/1068 1070/1070/1070 1053/1053/1053
f 1027/1027/1027 1025/1025/1025 1070/1070/1070
f 1038/1038/1038 1069/1069/1069 1071/1071/1071
f 1071/1071/1071 1069/1069/1069 1053/1053/1053
f 1036/1036/1036 1038/1038/1038 1071/1071/1071
f 1025/1025/1025 1072/1072/1072 1070/1070/1070
f 1070/1070/1070 1072/1072/1072 1053/1053/1053
f 1025/1025/1025 1023/1023/1023 1072/1072/1072
f 1036/1036/1036 1071/1071/1071 1073/1073/1073
f 1073/1073/1073 1071/1071/1071 1053/1053/1053
f 1034/1034/1034 1036/1036/1036 1073/1073/1073
f 1023/1023/1023 1074/1074/1074 1072/1072/1072
f 1072/1072/1072 1074/1074/1074 1053/1053/1053
f 1023/1023/1023 1021/1021/1021 1074/1074/1074
f 1075/1075/1075 1073/1073/1073 1053/1053/1053
f 1034/1034/1034 1073/1073/1073 1075/1075/1075
f 1074/1074/1074 1076/1076/1076 1053/1053/1053
f 1021/1021/1021 1076/1076/1076 1074/1074/1074
f 1077/1077/1077 1075/1075/1075 1053/1053/1053
f 1032/1032/1032 1034/1034/1034 1075/1075/1075
f 1032/1032/1032 1075/1075/1075 1077/1077/1077
f 1021/1021/1021 1019/1019/1019 1076/1076/1076
f 1030/1030/1030 1032/1032/1032 1077/1077/1077
f 1019/1019/1019 1078/1078/1078 1076/1076/1076
f 1076/1076/1076 1078/1078/1078 1053/1053/1053
f 1019/1019/1019 1017/1017/1017 1078/1078/1078
f 1030/1030/1030 1077/1077/1077 1079/1079/1079
f 1079/1079/1079 1077/1077/1077 1053/1053/1053
f 1028/1028/1028 1030/1030/1030 1079/1079/1079
f 1017/1017/1017 1080/1080/1080 1078/1078/1078
f 1078/1078/1078 1080/1080/1080 1053/1053/1053
f 1017/1017/1017 1015/1015/1015 1080/1080/1080
f 1028/1028/1028 1079/1079/1079 1081/1081/1081
f 1081/1081/1081 1079/1079/1079 1053/1053/1053
f 1026/1026/1026 1028/1028/1028 1081/1081/1081
f 1015/1015/1015 1082/1082/1082 1080/1080/1080
f 1080/1080/1080 1082/1082/1082 1053/1053/1053
f 1015/1015/1015 1013/1013/1013 1082/1082/1082
f 1083/1083/1083 1081/1081/1081 1053/1053/1053
f 1026/1026/1026 1081/1081/1081 1083/1083/1083
f 1082/1082/1082 1084/1084/1084 1053/1053/1053
f 1013/1013/1013 1084/1084/1084 1082/1082/1082
f 1085/1085/1085 1083/1083/1083 1053/1053/1053
f 1024/1024/1024 1026/1026/1026 1083/1083/1083
f 1024/1024/1024 1083/1083/1083 1085/1085/1085
f 1013/1013/1013 1011/1011/1011 1084/1084/1084
f 1022/1022/1022 1024/1024/1024 1085/1085/1085
f 1011/1011/1011 1086/1086/1086 1084/1084/1084
f 1084/1084/1084 1086/1086/1086 1053/1053/1053
f 1011/1011/1011 1009/1009/1009 1086/1086/1086
f 1022/1022/1022 1085/1085/1085 1087/1087/1087
f 1087/1087/1087 1085/1085/1085 1053/1053/1053
f 1020/1020/1020 1022/1022/1022 1087/1087/1087
f 1009/1009/1009 1088/1088/1088 1086/1086/1086
f 1086/1086/1086 1088/1088/1088 1053/1053/1053
f 1009/1009/1009 1003/1003/1003 1088/1088/1088
f 1020/1020/1020 1087/1087/1087 1089/1089/1089
f 1089/1089/1089 1087/1087/1087 1053/1053/1053
f 1018/1018/1018 1020/1020/1020 1089/1089/1089
f 1003/1003/1003 1090/1090/1090 1088/1088/1088
f 1088/1088/1088 1090/1090/1090 1053/1053/1053
f 1003/1003/1003 1004/1004/1004 1090/1090/1090
f 1091/1091/1091 1089/1089/1089 1053/1053/1053
f 1018/1018/1018 1089/1089/1089 1091/1091/1091
f 1090/1090/1090 1092/1092/1092 1053/1053/1053
f 1004/1004/1004 1092/1092/1092 1090/1090/1090
f 1093/1093/1093 1091/1091/1091 1053/1053/1053
f 1016/1016/1016 1018/1018/1018 1091/1091/1091
f 1016/1016/1016 1091/1091/1091 1093/1093/1093
f 1004/1004/1004 1005/1005/1005 1092/1092/1092
f 1014/1014/1014 1016/1016/1016 1093/1093/1093
f 1005/1005/1005 1094/1094/1094 1092/1092/1092
f 1092/1092/1092 1094/1094/1094 1053/1053/1053
f 1005/1005/1005 1006/1006/1006 1094/1094/1094
f 1014/1014/1014 1093/1093/1093 1095/1095/1095
f 1095/1095/1095 1093/1093/1093 1053/1053/1053
f 1012/1012/1012 1014/1014/1014 1095/1095/1095
f 1006/1006/1006 1096/1096/1096 1094/1094/1094
f 1094/1094/1094 1096/1096/1096 1053/1053/1053
f 1006/1006/1006 1007/1007/1007 1096/1096/1096
f 1012/1012/1012 1095/1095/1095 1097/1097/1097
f 1097/1097/1097 1095/1095/1095 1053/1053/1053
f 1010/1010/1010 1012/1012/1012 1097/1097/1097
f 1007/1007/1007 1098/1098/1098 1096/1096/1096
f 1096/1096/1096 1098/1098/1098 1053/1053/1053
f 1007/1007/1007 1008/1008/1008 1098/1098/1098
f 1099/1099/1099 1097/1097/1097 1053/1053/1053
f 1010/1010/1010 1097/1097/1097 1099/1099/1099
f 1098/1098/1098 1099/1099/1099 1053/1053/1053
f 1008/1008/1008 1099/1099/1099 1098/1098/1098
f 1008/1008/1008 1010/1010/1010 1099/1099/1099
f 1102/1102/1102 1101/1101/1101 1100/1100/1100
f 1103/1103/1103 1102/1102/1102 1100/1100/1100
f 1103/1103/1103 1100/1100/1100 1104/1104/1104
f 1102/1102/1102 1105/1105/1105 1101/1101/1101
f 1105/1105/1105 1106/1106/1106 1101/1101/1101
f 1107/1107/1107 1103/1103/1103 1104/1104/1104
f 1107/1107/1107 1104/1104/1104 1108/1108/1108
f 1105/1105/1105 1109/1109/1109 1106/1106/1106
f 1109/1109/1109 1110/1110/1110 1106/1106/1106
f 1111/1111/1111 1107/1107/1107 1108/1108/1108
f 1111/1111/1111 1108/1108/1108 1112/1112/1112
f 1109/1109/1109 1113/1113/1113 1110/1110/1110
f 1113/1113/1113 1114/1114/1114 1110/1110/1110
f 1115/1115/1115 1111/1111/1111 1112/1112/1112
f 1115/1115/1115 1112/1112/1112 1116/1116/1116
f 1113/1113/1113 1117/1117/1117 1114/1114/1114
f 1117/1117/1117 1118/1118/1118 1114/1114/1114
f 1119/1119/1119 1115/1115/1115 1116/1116/1116
f 1119/1119/1119 1116/1116/1116 1120/1120/1120
f 1117/1117/1117 1121/1121/1121 1118/1118/1118
f 1121/1121/1121 1122/1122/1122 1118/1118/1118
f 1123/1123/1123 1119/1119/1119 1120/1120/1120
f 1123/1123/1123 1120/1120/1120 1124/1124/1124
f 1121/1121/1121 1125/1125/1125 1122/1122/1122
f 1125/1125/1125 1126/1126/1126 1122/1122/1122
f 1127/1127/1127 1123/1123/1123 1124/1124/1124
f 1127/1127/1127 1124/1124/1124 1128/1128/1128
f 1125/1125/1125 1129/1129/1129 1126/1126/1126
f 1129/1129/1129 1130/1130/1130 1126/1126/1126
f 1131/1131/1131 1127/1127/1127 1128/1128/1128
f 1131/1131/1131 1128/1128/1128 1132/1132/1132
f 1129/1129/1129 1133/1133/1133 1130/1130/1130
f 1133/1133/1133 1134/1134/1134 1130/1130/1130
f 1135/1135/1135 1131/1131/1131 1132/1132/1132
f 1135/1135/1135 1132/1132/1132 1136/1136/1136
f 1133/1133/1133 1137/1137/1137 1134/1134/1134
f 1137/1137/1137 1138/1138/1138 1134/1134/1134
f 1139/1139/1139 1135/1135/1135 1136/1136/1136
f 1139/1139/1139 1136/1136/1136 1140/1140/1140
f 1137/1137/1137 1141/1141/1141 1138/1138/1138
f 1141/1141/1141 1142/1142/1142 1138/1138/1138
f 1143/1143/1143 1139/1139/1139 1140/1140/1140
f 1143/1143/1143 1140/1140/1140 1144/1144/1144
f 1141/1141/1141 1145/1145/1145 1142/1142/1142
f 1145/1145/1145 1146/1146/1146 1142/1142/1142
f 1147/1147/1147 1143/1143/1143 1144/1144/1144
f 1147/1147/1147 1144/1144/1144 1148/1148/1148
f 1145/1145/1145 1149/1149/1149 1146/1146/1146
f 1149/1149/1149 1150/1150/1150 1146/1146/1146
f 1151/1151/1151 1147/1147/1147 1148/1148/1148
f 1151/1151/1151 1148/1148/1148 1152/1152/1152
f 1149/1149/1149 1153/1153/1153 1150/1150/1150
f 1153/1153/1153 1154/1154/1154 1150/1150/1150
f 1155/1155/1155 1151/1151/1151 1152/1152/1152
f 1155/1155/1155 1152/1152/1152 1156/1156/1156
f 1153/1153/1153 1157/1157/1157 1154/1154/1154
f 1157/1157/1157 1158/1158/1158 1154/1154/1154
f 1159/1159/1159 1155/1155/1155 1156/1156/1156
f 1159/1159/1159 1156/1156/1156 1160/1160/1160
f 1157/1157/1157 1161/1161/1161 1158/1158/1158
f 1161/1161/1161 1162/1162/1162 1158/1158/1158
f 1163/1163/1163 1159/1159/1159 1160/1160/1160
f 1163/1163/1163 1160/1160/1160 1164/1164/1164
f 1161/1161/1161 1165/1165/1165 1162/1162/1162
f 1165/1165/1165 1166/1166/1166 1162/1162/1162
f 1167/1167/1167 1163/1163/1163 1164/1164/1164
f 1167/1167/1167 1164/1164/1164 1168/1168/1168
f 1165/1165/1165 1169/1169/1169 1166/1166/1166
f 1169/1169/1169 1170/1170/1170 1166/1166/1166
f 1171/1171/1171 1167/1167/1167 1168/1168/1168
f 1171/1171/1171 1168/1168/1168 1172/1172/1172
f 1169/1169/1169 1173/1173/1173 1170/1170/1170
f 1173/1173/1173 1174/1174/1174 1170/1170/1170
f 1175/1175/1175 1171/1171/1171 1172/1172/1172
f 1175/1175/1175 1172/1172/1172 1176/1176/1176
f 1173/1173/1173 1177/1177/1177 1174/1174/1174
f 1177/1177/1177 1178/1178/1178 1174/1174/1174
f 1179/1179/1179 1175/1175/1175 1176/1176/1176
f 1179/1179/1179 1176/1176/1176 1180/1180/1180
f 1177/1177/1177 1181/1181/1181 1178/1178/1178
f 1181/1181/1181 1182/1182/1182 1178/1178/1178
f 1183/1183/1183 1179/1179/1179 1180/1180/1180
f 1183/1183/1183 1180/1180/1180 1184/1184/1184
f 1181/1181/1181 1185/1185/1185 1182/1182/1182
f 1185/1185/1185 1186/1186/1186 1182/1182/1182
f 1187/1187/1187 1183/1183/1183 1184/1184/1184
f 1187/1187/1187 1184/1184/1184 1188/1188/1188
f 1185/1185/1185 1189/1189/1189 1186/1186/1186
f 1189/1189/1189 1190/1190/1190 1186/1186/1186
f 1191/1191/1191 1187/1187/1187 1188/1188/1188
f 1191/1191/1191 1188/1188/1188 1192/1192/1192
f 1189/1189/1189 1193/1193/1193 1190/1190/1190
f 1193/1193/1193 1194/1194/1194 1190/1190/1190
f 1195/1195/1195 1192/1192/1192 1194/1194/1194
f 1195/1195/1195 1191/1191/1191 1192/1192/1192
f 1193/1193/1193 1195/1195/1195 1194/1194/1194
f 1196/1196/1196 1185/1185/1185 1181/1181/1181
f 1197/1197/1197 1189/1189/1189 1185/1185/1185
f 1196/1196/1196 1197/1197/1197 1185/1185/1185
f 1198/1198/1198 1193/1193/1193 1189/1189/1189
f 1197/1197/1197 1198/1198/1198 1189/1189/1189
f 1199/1199/1199 1195/1195/1195 1193/1193/1193
f 1198/1198/1198 1199/1199/1199 1193/1193/1193
f 1200/1200/1200 1191/1191/1191 1195/1195/1195
f 1199/1199/1199 1200/1200/1200 1195/1195/1195
f 1201/1201/1201 1187/1187/1187 1191/1191/1191
f 1200/1200/1200 1201/1201/1201 1191/1191/1191
f 1202/1202/1202 1196/1196/1196 1181/1181/1181
f 1202/1202/1202 1181/1181/1181 1177/1177/1177
f 1201/1201/1201 1203/1203/1203 1187/1187/1187
f 1203/1203/1203 1183/1183/1183 1187/1187/1187
f 1204/1204/1204 1202/1202/1202 1177/1177/1177
f 1204/1204/1204 1177/1177/1177 1173/1173/1173
f 1203/1203/1203 1205/1205/1205 1183/1183/1183
f 1205/1205/1205 1179/1179/1179 1183/1183/1183
f 1206/1206/1206 1204/1204/1204 1173/1173/1173
f 1206/1206/1206 1173/1173/1173 1169/1169/1169
f 1205/1205/1205 1207/1207/1207 1179/1179/1179
f 1207/1207/1207 1175/1175/1175 1179/1179/1179
f 1208/1208/1208 1206/1206/1206 1169/1169/1169
f 1208/1208/1208 1169/1169/1169 1165/1165/1165
f 1207/1207/1207 1209/1209/1209 1175/1175/1175
f 1209/1209/1209 1171/1171/1171 1175/1175/1175
f 1210/1210/1210 1208/1208/1208 1165/1165/1165
f 1210/1210/1210 1165/1165/1165 1161/1161/1161
f 1209/1209/1209 1211/1211/1211 1171/1171/1171
f 1211/1211/1211 1167/1167/1167 1171/1171/1171
f 1212/1212/1212 1210/1210/1210 1161/1161/1161
f 1212/1212/1212 1161/1161/1161 1157/1157/1157
f 1211/1211/1211 1213/1213/1213 1167/1167/1167
f 1213/1213/1213 1163/1163/1163 1167/1167/1167
f 1214/1214/1214 1212/1212/1212 1157/1157/1157
f 1214/1214/1214 1157/1157/1157 1153/1153/1153
f 1213/1213/1213 1215/1215/1215 1163/1163/1163
f 1215/1215/1215 1159/1159/1159 1163/1163/1163
f 1216/1216/1216 1214/1214/1214 1153/1153/1153
f 1216/1216/1216 1153/1153/1153 1149/1149/1149
f 1215/1215/1215 1217/1217/1217 1159/1159/1159
f 1217/1217/1217 1155/1155/1155 1159/1159/1159
f 1218/1218/1218 1216/1216/1216 1149/1149/1149
f 1218/1218/1218 1149/1149/1149 1145/1145/1145
f 1217/1217/1217 1219/1219/1219 1155/1155/1155
f 1219/1219/1219 1151/1151/1151 1155/1155/1155
f 1220/1220/1220 1218/1218/1218 1145/1145/1145
f 1220/1220/1220 1145/1145/1145 1141/1141/1141
f 1219/1219/1219 1221/1221/1221 1151/1151/1151
f 1221/1221/1221 1147/1147/1147 1151/1151/1151
f 1222/1222/1222 1220/1220/1220 1141/1141/1141
f 1222/1222/1222 1141/1141/1141 1137/1137/1137
f 1221/1221/1221 1223/1223/1223 1147/1147/1147
f 1223/1223/1223 1143/1143/1143 1147/1147/1147
f 1224/1224/1224 1222/1222/1222 1137/1137/1137
f 1224/1224/1224 1137/1137/1137 1133/1133/1133
f 1223/1223/1223 1225/1225/1225 1143/1143/1143
f 1225/1225/1225 1139/1139/1139 1143/1143/1143
f 1226/1226/1226 1224/1224/1224 1133/1133/1133
f 1226/1226/1226 1133/1133/1133 1129/1129/1129
f 1225/1225/1225 1227/1227/1227 1139/1139/1139
f 1227/1227/1227 1135/1135/1135 1139/1139/1139
f 1228/1228/1228 1226/1226/1226 1129/1129/1129
f 1228/1228/1228 1129/1129/1129 1125/1125/1125
f 1227/1227/1227 1229/1229/1229 1135/1135/1135
f 1229/1229/1229 1131/1131/1131 1135/1135/1135
f 1230/1230/1230 1228/1228/1228 1125/1125/1125
f 1230/1230/1230 1125/1125/1125 1121/1121/1121
f 1229/1229/1229 1231/1231/1231 1131/1131/1131
f 1231/1231/1231 1127/1127/1127 1131/1131/1131
f 1232/1232/1232 1230/1230/1230 1121/1121/1121
f 1232/1232/1232 1121/1121/1121 1117/1117/1117
f 1231/1231/1231 1233/1233/1233 1127/1127/1127
f 1233/1233/1233 1123/1123/1123 1127/1127/1127
f 1234/1234/1234 1232/1232/1232 1117/1117/1117
f 1234/1234/1234 1117/1117/1117 1113/1113/1113
f 1233/1233/1233 1235/1235/1235 1123/1123/1123
f 1235/1235/1235 1119/1119/1119 1123/1123/1123
f 1236/1236/1236 1234/1234/1234 1113/1113/1113
f 1236/1236/1236 1113/1113/1113 1109/1109/1109
f 1235/1235/1235 1237/1237/1237 1119/1119/1119
f 1237/1237/1237 1115/1115/1115 1119/1119/1119
f 1238/1238/1238 1236/1236/1236 1109/1109/1109
f 1238/1238/1238 1109/1109/1109 1105/1105/1105
f 1237/1237/1237 1239/1239/1239 1115/1115/1115
f 1239/1239/1239 1111/1111/1111 1115/1115/1115
f 1240/1240/1240 1238/1238/1238 1105/1105/1105
f 1240/1240/1240 1105/1105/1105 1102/1102/1102
f 1239/1239/1239 1241/1241/1241 1111/1111/1111
f 1241/1241/1241 1107/1107/1107 1111/1111/1111
f 1242/1242/1242 1240/1240/1240 1102/1102/1102
f 1242/1242/1242 1102/1102/1102 1103/1103/1103
f 1243/1243/1243 1103/1103/1103 1107/1107/1107
f 1241/1241/1241 1243/1243/1243 1107/1107/1107
f 1243/1243/1243 1242/1242/1242 1103/1103/1103
f 1244/1244/1244 1236/1236/1236 1238/1238/1238
f 1245/1245/1245 1238/1238/1238 1240/1240/1240
f 1245/1245/1245 1244/1244/1244 1238/1238/1238
f 1246/1246/1246 1240/1240/1240 1242/1242/1242
f 1246/1246/1246 1245/1245/1245 1240/1240/1240
f 1247/1247/1247 1242/1242/1242 1243/1243/1243
f 1247/1247/1247 1246/1246/1246 1242/1242/1242
f 1248/1248/1248 1243/1243/1243 1241/1241/1241
f 1248/1248/1248 1247/1247/1247 1243/1243/1243
f 1249/1249/1249 1241/1241/1241 1239/1239/1239
f 1249/1249/1249 1248/1248/1248 1241/1241/1241
f 1244/1244/1244 1250/1250/1250 1236/1236/1236
f 1250/1250/1250 1234/1234/1234 1236/1236/1236
f 1251/1251/1251 1249/1249/1249 1239/1239/1239
f 1251/1251/1251 1239/1239/1239 1237/1237/1237
f 1250/1250/1250 1252/1252/1252 1234/1234/1234
f 1252/1252/1252 1232/1232/1232 1234/1234/1234
f 1253/1253/1253 1251/1251/1251 1237/1237/1237
f 1253/1253/1253 1237/1237/1237 1235/1235/1235
f 1252/1252/1252 1254/1254/1254 1232/1232/1232
f 1254/1254/1254 1230/1230/1230 1232/1232/1232
f 1255/1255/1255 1253/1253/1253 1235/1235/1235
f 1255/1255/1255 1235/1235/1235 1233/1233/1233
f 1254/1254/1254 1256/1256/1256 1230/1230/1230
f 1256/1256/1256 1228/1228/1228 1230/1230/1230
f 1257/1257/1257 1255/1255/1255 1233/1233/1233
f 1257/1257/1257 1233/1233/1233 1231/1231/1231
f 1256/1256/1256 1258/1258/1258 1228/1228/1228
f 1258/1258/1258 1226/1226/1226 1228/1228/1228
f 1259/1259/1259 1257/1257/1257 1231/1231/1231
f 1259/1259/1259 1231/1231/1231 1229/1229/1229
f 1258/1258/1258 1260/1260/1260 1226/1226/1226
f 1260/1260/1260 1224/1224/1224 1226/1226/1226
f 1261/1261/1261 1259/1259/1259 1229/1229/1229
f 1261/1261/1261 1229/1229/1229 1227/1227/1227
f 1260/1260/1260 1262/1262/1262 1224/1224/1224
f 1262/1262/1262 1222/1222/1222 1224/1224/1224
f 1263/1263/1263 1261/1261/1261 1227/1227/1227
f 1263/1263/1263 1227/1227/1227 1225/1225/1225
f 1262/1262/1262 1264/1264/1264 1222/1222/1222
f 1264/1264/1264 1220/1220/1220 1222/1222/1222
f 1265/1265/1265 1263/1263/1263 1225/1225/1225
f 1265/1265/1265 1225/1225/1225 1223/1223/1223
f 1264/1264/1264 1266/1266/1266 1220/1220/1220
f 1266/1266/1266 1218/1218/1218 1220/1220/1220
f 1267/1267/1267 1265/1265/1265 1223/1223/1223
f 1267/1267/1267 1223/1223/1223 1221/1221/1221
f 1266/1266/1266 1268/1268/1268 1218/1218/1218
f 1268/1268/1268 1216/1216/1216 1218/1218/1218
f 1269/1269/1269 1267/1267/1267 1221/1221/1221
f 1269/1269/1269 1221/1221/1221 1219/1219/1219
f 1268/1268/1268 1270/1270/1270 1216/1216/1216
f 1270/1270/1270 1214/1214/1214 1216/1216/1216
f 1271/1271/1271 1269/1269/1269 1219/1219/1219
f 1271/1271/1271 1219/1219/1219 1217/1217/1217
f 1270/1270/1270 1272/1272/1272 1214/1214/1214
f 1272/1272/1272 1212/1212/1212 1214/1214/1214
f 1273/1273/1273 1271/1271/1271 1217/1217/1217
f 1273/1273/1273 1217/1217/1217 1215/1215/1215
f 1272/1272/1272 1274/1274/1274 1212/1212/1212
f 1274/1274/1274 1210/1210/1210 1212/1212/1212
f 1275/1275/1275 1273/1273/1273 1215/1215/1215
f 1275/1275/1275 1215/1215/1215 1213/1213/1213
f 1274/1274/1274 1276/1276/1276 1210/1210/1210
f 1276/1276/1276 1208/1208/1208 1210/1210/1210
f 1277/1277/1277 1275/1275/1275 1213/1213/1213
f 1277/1277/1277 1213/1213/1213 1211/1211/1211
f 1276/1276/1276 1278/1278/1278 1208/1208/1208
f 1278/1278/1278 1206/1206/1206 1208/1208/1208
f 1279/1279/1279 1277/1277/1277 1211/1211/1211
f 1279/1279/1279 1211/1211/1211 1209/1209/1209
f 1278/1278/1278 1280/1280/1280 1206/1206/1206
f 1280/1280/1280 1204/1204/1204 1206/1206/1206
f 1281/1281/1281 1279/1279/1279 1209/1209/1209
f 1281/1281/1281 1209/1209/1209 1207/1207/1207
f 1280/1280/1280 1282/1282/1282 1204/1204/1204
f 1282/1282/1282 1202/1202/1202 1204/1204/1204
f 1283/1283/1283 1281/1281/1281 1207/1207/1207
f 1283/1283/1283 1207/1207/1207 1205/1205/1205
f 1282/1282/1282 1284/1284/1284 1202/1202/1202
f 1284/1284/1284 1196/1196/1196 1202/1202/1202
f 1285/1285/1285 1283/1283/1283 1205/1205/1205
f 1285/1285/1285 1205/1205/1205 1203/1203/1203
f 1284/1284/1284 1286/1286/1286 1196/1196/1196
f 1286/1286/1286 1197/1197/1197 1196/1196/1196
f 1287/1287/1287 1285/1285/1285 1203/1203/1203
f 1287/1287/1287 1203/1203/1203 1201/1201/1201
f 1286/1286/1286 1288/1288/1288 1197/1197/1197
f 1288/1288/1288 1198/1198/1198 1197/1197/1197
f 1289/1289/1289 1287/1287/1287 1201/1201/1201
f 1289/1289/1289 1201/1201/1201 1200/1200/1200
f 1288/1288/1288 1290/1290/1290 1198/1198/1198
f 1290/1290/1290 1199/1199/1199 1198/1198/1198
f 1291/1291/1291 1200/1200/1200 1199/1199/1199
f 1291/1291/1291 1289/1289/1289 1200/1200/1200
f 1290/1290/1290 1291/1291/1291 1199/1199/1199
f 1292/1292/1292 1286/1286/1286 1284/1284/1284
f 1293/1293/1293 1288/1288/1288 1286/1286/1286
f 1292/1292/1292 1293/1293/1293 1286/1286/1286
f 1293/1293/1293 1292/1292/1292 1294/1294/1294
f 1295/1295/1295 1292/1292/1292 1284/1284/1284
f 1292/1292/1292 1295/1295/1295 1294/1294/1294
f 1295/1295/1295 1284/1284/1284 1282/1282/1282
f 1293/1293/1293 1296/1296/1296 1288/1288/1288
f 1296/1296/1296 1290/1290/1290 1288/1288/1288
f 1296/1296/1296 1293/1293/1293 1294/1294/1294
f 1297/1297/1297 1295/1295/1295 1282/1282/1282
f 1295/1295/1295 1297/1297/1297 1294/1294/1294
f 1297/1297/1297 1282/1282/1282 1280/1280/1280
f 1296/1296/1296 1298/1298/1298 1290/1290/1290
f 1298/1298/1298 1291/1291/1291 1290/1290/1290
f 1298/1298/1298 1296/1296/1296 1294/1294/1294
f 1299/1299/1299 1297/1297/1297 1280/1280/1280
f 1297/1297/1297 1299/1299/1299 1294/1294/1294
f 1299/1299/1299 1280/1280/1280 1278/1278/1278
f 1298/1298/1298 1300/1300/1300 1291/1291/1291
f 1300/1300/1300 1298/1298/1298 1294/1294/1294
f 1299/1299/1299 1301/1301/1301 1294/1294/1294
f 1301/1301/1301 1299/1299/1299 1278/1278/1278
f 1302/1302/1302 1300/1300/1300 1294/1294/1294
f 1300/1300/1300 1289/1289/1289 1291/1291/1291
f 1300/1300/1300 1302/1302/1302 1289/1289/1289
f 1301/1301/1301 1278/1278/1278 1276/1276/1276
f 1302/1302/1302 1287/1287/1287 1289/1289/1289
f 1303/1303/1303 1301/1301/1301 1276/1276/1276
f 1301/1301/1301 1303/1303/1303 1294/1294/1294
f 1303/1303/1303 1276/1276/1276 1274/1274/1274
f 1302/1302/1302 1304/1304/1304 1287/1287/1287
f 1304/1304/1304 1302/1302/1302 1294/1294/1294
f 1304/1304/1304 1285/1285/1285 1287/1287/1287
f 1305/1305/1305 1303/1303/1303 1274/1274/1274
f 1303/1303/1303 1305/1305/1305 1294/1294/1294
f 1305/1305/1305 1274/1274/1274 1272/1272/1272
f 1304/1304/1304 1306/1306/1306 1285/1285/1285
f 1306/1306/1306 1304/1304/1304 1294/1294/1294
f 1306/1306/1306 1283/1283/1283 1285/1285/1285
f 1307/1307/1307 1305/1305/1305 1272/1272/1272
f 1305/1305/1305 1307/1307/1307 1294/1294/1294
f 1307/1307/1307 1272/1272/1272 1270/1270/1270
f 1306/1306/1306 1308/1308/1308 1283/1283/1283
f 1308/1308/1308 1306/1306/1306 1294/1294/1294
f 1307/1307/1307 1309/1309/1309 1294/1294/1294
f 1309/1309/1309 1307/1307/1307 1270/1270/1270
f 1310/1310/1310 1308/1308/1308 1294/1294/1294
f 1308/1308/1308 1281/1281/1281 1283/1283/1283
f 1308/1308/1308 1310/1310/1310 1281/1281/1281
f 1309/1309/1309 1270/1270/1270 1268/1268/1268
f 1310/1310/1310 1279/1279/1279 1281/1281/1281
f 1311/1311/1311 1309/1309/1309 1268/1268/1268
f 1309/1309/1309 1311/1311/1311 1294/1294/1294
f 1311/1311/1311 1268/1268/1268 1266/1266/1266
f 1310/1310/1310 1312/1312/1312 1279/1279/1279
f 1312/1312/1312 1310/1310/1310 1294/1294/1294
f 1312/1312/1312 1277/1277/1277 1279/1279/1279
f 1313/1313/1313 1311/1311/1311 1266/1266/1266
f 1311/1311/1311 1313/1313/1313 1294/1294/1294
f 1313/1313/1313 1266/1266/1266 1264/1264/1264
f 1312/1312/1312 1314/1314/1314 1277/1277/1277
f 1314/1314/1314 1312/1312/1312 1294/1294/1294
f 1314/1314/1314 1275/1275/1275 1277/1277/1277
f 1315/1315/1315 1313/1313/1313 1264/1264/1264
f 1313/1313/1313 1315/1315/1315 1294/1294/1294
f 1315/1315/1315 1264/1264/1264 1262/1262/1262
f 1314/1314/1314 1316/1316/1316 1275/1275/1275
f 1316/1316/1316 1314/1314/1314 1294/1294/1294
f 1315/1315/1315 1317/1317/1317 1294/1294/1294
f 1317/1317/1317 1315/1315/1315 1262/1262/1262
f 1318/1318/1318 1316/1316/1316 1294/1294/1294
f 1316/1316/1316 1273/1273/1273 1275/1275/1275
f 1316/1316/1316 1318/1318/1318 1273/1273/1273
f 1317/1317/1317 1262/1262/1262 1260/1260/1260
f 1318/1318/1318 1271/1271/1271 1273/1273/1273
f 1319/1319/1319 1317/1317/1317 1260/1260/1260
f 1317/1317/1317 1319/1319/1319 1294/1294/1294
f 1319/1319/1319 1260/1260/1260 1258/1258/1258
f 1318/1318/1318 1320/1320/1320 1271/1271/1271
f 1320/1320/1320 1318/1318/1318 1294/1294/1294
f 1320/1320/1320 1269/1269/1269 1271/1271/1271
f 1321/1321/1321 1319/1319/1319 1258/1258/1258
f 1319/1319/1319 1321/1321/1321 1294/1294/1294
f 1321/1321/1321 1258/1258/1258 1256/1256/1256
f 1320/1320/1320 1322/1322/1322 1269/1269/1269
f 1322/1322/1322 1320/1320/1320 1294/1294/1294
f 1322/1322/1322 1267/1267/1267 1269/1269/1269
f 1323/1323/1323 1321/1321/1321 1256/1256/1256
f 1321/1321/1321 1323/1323/1323 1294/1294/1294
f 1323/1323/1323 1256/1256/1256 1254/1254/1254
f 1322/1322/1322 1324/1324/1324 1267/1267/1267
f 1324/1324/1324 1322/1322/1322 1294/1294/1294
f 1323/1323/1323 1325/1325/1325 1294/1294/1294
f 1325/1325/1325 1323/1323/1323 1254/1254/1254
f 1326/1326/1326 1324/1324/1324 1294/1294/1294
f 1324/1324/1324 1265/1265/1265 1267/1267/1267
f 1324/1324/1324 1326/1326/1326 1265/1265/1265
f 1325/1325/1325 1254/1254/1254 1252/1252/1252
f 1326/1326/1326 1263/1263/1263 1265/1265/1265
f 1327/1327/1327 1325/1325/1325 1252/1252/1252
f 1325/1325/1325 1327/1327/1327 1294/1294/1294
f 1327/1327/1327 1252/1252/1252 1250/1250/1250
f 1326/1326/1326 1328/1328/1328 1263/1263/1263
f 1328/1328/1328 1326/1326/1326 1294/1294/1294
f 1328/1328/1328 1261/1261/1261 1263/1263/1263
f 1329/1329/1329 1327/1327/1327 1250/1250/1250
f 1327/1327/1327 1329/1329/1329 1294/1294/1294
f 1329/1329/1329 1250/1250/1250 1244/1244/1244
f 1328/1328/1328 1330/1330/1330 1261/1261/1261
f 1330/1330/1330 1328/1328/1328 1294/1294/1294
f 1330/1330/1330 1259/1259/1259 1261/1261/1261
f 1331/1331/1331 1329/1329/1329 1244/1244/1244
f 1329/1329/1329 1331/1331/1331 1294/1294/1294
f 1331/1331/1331 1244/1244/1244 1245/1245/1245
f 1330/1330/1330 1332/1332/1332 1259/1259/1259
f 1332/1332/1332 1330/1330/1330 1294/1294/1294
f 1331/1331/1331 1333/1333/1333 1294/1294/1294
f 1333/1333/1333 1331/1331/1331 1245/1245/1245
f 1334/1334/1334 1332/1332/1332 1294/1294/1294
f 1332/1332/1332 1257/1257/1257 1259/1259/1259
f 1332/1332/1332 1334/1334/1334 1257/1257/1257
f 1333/1333/1333 1245/1245/1245 1246/1246/1246
f 1334/1334/1334 1255/1255/1255 1257/1257/1257
f 1335/1335/1335 1333/1333/1333 1246/1246/1246
f 1333/1333/1333 1335/1335/1335 1294/1294/1294
f 1335/1335/1335 1246/1246/1246 1247/1247/1247
f 1334/1334/1334 1336/1336/1336 1255/1255/1255
f 1336/1336/1336 1334/1334/1334 1294/1294/1294
f 1336/1336/1336 1253/1253/1253 1255/1255/1255
f 1337/1337/1337 1335/1335/1335 1247/1247/1247
f 1335/1335/1335 1337/1337/1337 1294/1294/1294
f 1337/1337/1337 1247/1247/1247 1248/1248/1248
f 1336/1336/1336 1338/1338/1338 1253/1253/1253
f 1338/1338/1338 1336/1336/1336 1294/1294/1294
f 1338/1338/1338 1251/1251/1251 1253/1253/1253
f 1339/1339/1339 1337/1337/1337 1248/1248/1248
f 1337/1337/1337 1339/1339/1339 1294/1294/1294
f 1339/1339/1339 1248/1248/1248 1249/1249/1249
f 1340/1340/1340 1249/1249/1249 1251/1251/1251
f 1338/1338/1338 1340/1340/1340 1251/1251/1251
f 1340/1340/1340 1338/1338/1338 1294/1294/1294
f 1340/1340/1340 1339/1339/1339 1249/1249/1249
f 1339/1339/1339 1340/1340/1340 1294/1294/1294
