g Pushball_2
v -0.45497546 0.00037572917 -0.21648598
v -0.41691926 -0.0012246042 -0.2831832
v -0.40911573 0.07998944 -0.28322643
v -0.45079142 0.08168115 -0.20962913
v -0.3855024 0.15843871 -0.28328168
v -0.43864352 0.1598409 -0.1892065
v -0.34713677 0.23053072 -0.28334683
v -0.3882336 0.25660688 -0.19274984
v -0.41900417 0.23183905 -0.15601216
v -0.29544646 0.29374865 -0.28341922
v -0.39263564 0.2949014 -0.111334614
v -0.3306905 0.32739386 -0.19273748
v -0.23242013 0.34566474 -0.2834961
v -0.35090357 0.34740618 -0.098207876
v -0.36055952 0.34660348 -0.056904823
v -0.2604482 0.38559115 -0.19272538
v -0.16048115 0.38428634 -0.2835746
v -0.27636656 0.4091592 -0.0982017
v -0.32401636 0.38496372 0.005172012
v -0.18020752 0.4289654 -0.19271402
v -0.08239504 0.40813196 -0.28365147
v -0.2816419 0.41697028 0.0030707726
v -0.28441676 0.4085187 0.0724997
v -0.1912209 0.45518276 -0.09819584
v -0.09305255 0.45585307 -0.19270377
v -0.0011609663 0.41628826 -0.283724
v -0.19487701 0.46388698 9.671637E-06
v -0.098739 0.4837122 -0.09819057
v -0.0015380188 0.46522722 -0.19269519
v -0.19104548 0.45476758 0.098125435
v -0.24328615 0.41637802 0.14248462
v -0.20220587 0.40825608 0.21243595
v -0.10062659 0.49296144 9.130018E-06
v -0.17828785 0.42439464 0.2020046
v -0.16275147 0.38448048 0.27967092
v -0.09864814 0.48327094 0.098119125
v -0.0016319827 0.49365795 -0.09818614
v 0.090028465 0.45641708 -0.1926868
v 0.080100596 0.40844378 -0.28378928
v -0.09288463 0.45503786 0.19237691
v -0.0016632108 0.5030969 8.679615E-06
v 0.09552962 0.48430806 -0.098181576
v 0.17733642 0.43007156 -0.19268087
v 0.15826923 0.38490143 -0.28384486
v -0.083561555 0.40936702 0.27917695
v -0.1264339 0.3459771 0.3416145
v -0.0016305109 0.49320763 0.09811382
v 0.09735572 0.49356782 8.760991E-06
v 0.18817241 0.4563518 -0.098178245
v 0.25782767 0.38720554 -0.19267721
v 0.23034371 0.34656623 -0.28388864
v -0.073441 0.35979214 0.3428154
v -0.09464132 0.2942329 0.395899
v 0.095441796 0.48386648 0.09810944
v 0.19176956 0.46507674 8.951087E-06
v 0.2735817 0.41086596 -0.09817616
v 0.3284126 0.3294656 -0.19267611
v 0.29355708 0.29491082 -0.28391883
v -0.06049716 0.29975468 0.39841858
v -0.068587355 0.23123746 0.44045228
v -0.00076922716 0.23275895 0.44493607
v -0.04926528 0.15940632 0.4735755
v -0.0010236955 0.30971885 0.39536428
v 0.27880254 0.41870758 0.0030688855
v 0.34847963 0.34959775 -0.098175354
v 0.38638163 0.25906852 -0.19267763
v 0.34553587 0.23183854 -0.28393453
v 0.38791382 0.30078736 -0.111262806
v 0.3555677 0.35158095 -0.05618759
v 0.4147672 0.23848471 -0.15665144
v 0.3189787 0.38891885 0.006445789
v 0.43508866 0.16706753 -0.19059679
v 0.38416222 0.15991877 -0.2839348
v 0.44809046 0.085654825 -0.21178271
v 0.40802035 0.08520843 -0.28391987
v 0.45326778 0.0056816903 -0.21938641
v 0.41619223 0.0046082176 -0.28389063
v 0.27955803 0.4113762 0.07422133
v 0.18799987 0.45593572 0.0981065
v 0.2388235 0.4181034 0.14452939
v 0.19834083 0.40885654 0.2146669
v 0.1754446 0.4254912 0.20196949
v 0.15966223 0.38400415 0.28194457
v 0.08986619 0.4556011 0.19235934
v 0.08084688 0.40987736 0.27915415
v 0.12426937 0.34451193 0.34378484
v -0.001535213 0.46439534 0.19236748
v -0.001381043 0.41778705 0.27916476
v -0.0012166703 0.3682677 0.34165213
v 0.07105708 0.36024413 0.34279072
v 0.09351572 0.2919033 0.39782253
v 0.058511 0.30013058 0.39839512
v 0.06857591 0.2282004 0.44199356
v 0.050401542 0.15584607 0.47461215
v -0.00051792973 0.15676443 0.47698697
v 0.0009792916 0.08064281 0.49554554
v -0.037411496 0.08148926 0.49400643
v -0.033477854 -0.00028888715 0.50096613
v 0.039685972 0.077610925 0.49443397
v 0.0016168801 -0.00065376516 0.5020697
v 0.036838107 -0.00045006338 0.5007024
v -0.45497546 0.00037572917 -0.21648598
v -0.408759 -0.08232166 -0.28315338
v -0.41691926 -0.0012246042 -0.2831832
v -0.4510323 -0.08093512 -0.20950903
v -0.38489577 -0.1604385 -0.28313848
v -0.43911386 -0.15911028 -0.18896729
v -0.3462463 -0.23239864 -0.283139
v -0.38640013 -0.25959843 -0.19280419
v -0.41968188 -0.23113078 -0.15565656
v -0.29429626 -0.295434 -0.28315485
v -0.39348957 -0.29421794 -0.11086771
v -0.3283344 -0.32999602 -0.19280668
v -0.23104343 -0.3471197 -0.28318542
v -0.3484112 -0.35017508 -0.09824472
v -0.36155123 -0.34594238 -0.056335367
v -0.25764632 -0.38770851 -0.1928067
v -0.15892097 -0.38546762 -0.28322956
v -0.27340057 -0.4114166 -0.09824499
v -0.32510257 -0.38431737 0.0058306004
v -0.17705508 -0.43051597 -0.19280438
v -0.080703005 -0.4090034 -0.28328553
v -0.27862167 -0.4192742 0.0030735633
v -0.28555182 -0.40787572 0.07322854
v -0.1878812 -0.4568413 -0.09824395
v -0.08966103 -0.45677227 -0.19279966
v 0.00060158595 -0.416823 -0.28335112
v -0.1914753 -0.4655815 1.1195624E-05
v -0.0951431 -0.48470235 -0.0982416
v 0.0019678043 -0.46546587 -0.19279288
v -0.1877087 -0.45642394 0.09817643
v -0.24442445 -0.4157245 0.14325914
v -0.20330338 -0.40757746 0.2132267
v -0.09696296 -0.4939753 1.0746547E-05
v -0.17516728 -0.42592657 0.20210022
v -0.16376841 -0.3837643 0.28044355
v -0.09505551 -0.48425958 0.098173216
v 0.0020880948 -0.49392644 -0.09823816
v 0.09351151 -0.45595667 -0.19278261
v 0.0818659 -0.40862727 -0.28342384
v -0.08949904 -0.45595428 0.19247529
v 0.002128063 -0.5033756 1.0327464E-05
v 0.09922851 -0.4838342 -0.09823259
v 0.18065718 -0.42892778 -0.19277106
v 0.15996525 -0.3847335 -0.28350088
v -0.08051173 -0.4101705 0.27930483
v -0.12733516 -0.3452147 0.34233287
v 0.0020862517 -0.4934753 0.09816897
v 0.10112638 -0.4930898 1.0377141E-05
v 0.19170159 -0.45515114 -0.09822631
v 0.26084894 -0.38541746 -0.19275838
v 0.23189756 -0.3460625 -0.28357923
v -0.07075671 -0.36047795 0.34295353
v -0.09539744 -0.29342082 0.396527
v 0.0991373 -0.4833924 0.09816349
v 0.1953681 -0.46385747 1.0473466E-05
v 0.2767948 -0.40897915 -0.09821941
v 0.3310057 -0.32710138 -0.19274515
v 0.2948987 -0.29410362 -0.28365588
v -0.05825658 -0.3003011 0.3985518
v -0.06917471 -0.23037814 0.44095674
v 0.0009845314 -0.23281747 0.44505152
v -0.04966647 -0.15850826 0.47392857
v 0.0013100405 -0.3098234 0.39550072
v 0.2820794 -0.41678813 0.00307167
v 0.3512389 -0.3470966 -0.098212115
v 0.3884333 -0.25622362 -0.19273186
v 0.34654954 -0.23085552 -0.28372803
v 0.3963286 -0.28803235 -0.1160401
v 0.36544666 -0.3406345 -0.061781086
v 0.42138734 -0.2242377 -0.16041818
v 0.3299356 -0.3800228 0.00026092157
v 0.43965325 -0.15170704 -0.19319814
v 0.384867 -0.15875073 -0.2837927
v 0.45041886 -0.07423743 -0.21311107
v 0.4083816 -0.076379776 -0.28384763
v 0.45326778 0.0056816903 -0.21938641
v 0.41619223 0.0046082176 -0.28389063
v 0.29116705 -0.40468967 0.06769015
v 0.19152573 -0.4547356 0.09815741
v 0.25063586 -0.4136978 0.13790666
v 0.2099024 -0.40671465 0.20820764
v 0.17872827 -0.42435747 0.20206492
v 0.17053184 -0.38402343 0.27589205
v 0.09334285 -0.45514044 0.1924577
v 0.083970405 -0.40944195 0.27928194
v 0.13403441 -0.3465092 0.33836395
v 0.0019643283 -0.4646324 0.1924678
v 0.0017671651 -0.4179786 0.27929512
v 0.001558315 -0.3684158 0.3417929
v 0.07379843 -0.35984117 0.3429288
v 0.10180736 -0.29562384 0.39323193
v 0.060790543 -0.29978022 0.3985283
v 0.07508227 -0.23332772 0.4383992
v 0.05487904 -0.16201448 0.47214273
v 0.00066316855 -0.1567903 0.47707018
v 0.0022143808 -0.08189479 0.4953824
v 0.041967254 -0.08441873 0.49317706
v 0.036838107 -0.00045006338 0.5007024
v -0.037614938 -0.08056575 0.49418813
v 0.0016168801 -0.00065376516 0.5020697
v -0.033477854 -0.00028888715 0.50096613
v -0.27251315 0.34664014 0.24131685
v -0.16275147 0.38448048 0.27967092
v -0.23901962 0.32617906 0.2983247
v -0.20220587 0.40825608 0.21243595
v -0.30741712 0.3538175 0.18196104
v -0.24328615 0.41637802 0.14248462
v -0.34239316 0.3474243 0.1225338
v -0.28441676 0.4085187 0.0724997
v -0.37609637 0.32769445 0.06532006
v -0.32401636 0.38496372 0.005172012
v -0.23901962 0.32617906 0.2983247
v -0.16275147 0.38448048 0.27967092
v -0.1264339 0.3459771 0.3416145
v -0.20822018 0.2932293 0.35080022
v -0.09464132 0.2942329 0.395899
v -0.18129294 0.2490622 0.39673567
v -0.068587355 0.23123746 0.44045228
v -0.15926684 0.19537562 0.4343759
v -0.04926528 0.15940632 0.4735755
v -0.14298262 0.13422887 0.462284
v -0.14298262 0.13422887 0.462284
v -0.04926528 0.15940632 0.4735755
v -0.037411496 0.08148926 0.49400643
v -0.13306178 0.06796403 0.479395
v -0.033477854 -0.00028888715 0.50096613
v -0.12988299 -0.0008829237 0.48505574
v -0.037614938 -0.08056575 0.49418813
v -0.133568 -0.06967798 0.47904944
v -0.04966647 -0.15850826 0.47392857
v -0.14397724 -0.13578847 0.4616034
v -0.14397724 -0.13578847 0.4616034
v -0.04966647 -0.15850826 0.47392857
v -0.06917471 -0.23037814 0.44095674
v -0.16071472 -0.19668266 0.43338168
v -0.09539744 -0.29342082 0.396527
v -0.18314253 -0.25002554 0.39545944
v -0.12733516 -0.3452147 0.34233287
v -0.21040478 -0.29376793 0.34928414
v -0.16376841 -0.3837643 0.28044355
v -0.24145943 -0.3262249 0.29662037
v -0.24145943 -0.3262249 0.29662037
v -0.16376841 -0.3837643 0.28044355
v -0.20330338 -0.40757746 0.2132267
v -0.27511764 -0.3461415 0.23948455
v -0.24442445 -0.4157245 0.14325914
v -0.3100884 -0.3527416 0.18006776
v -0.28555182 -0.40787572 0.07322854
v -0.34624448 -0.3441537 0.12174423
v -0.32510257 -0.38431737 0.0058306004
v -0.37956008 -0.32407466 0.064762644
v -0.37956008 -0.32407466 0.064762644
v -0.32510257 -0.38431737 0.0058306004
v -0.36155123 -0.34594238 -0.056335367
v -0.4106314 -0.2908949 0.012886493
v -0.39348957 -0.29421794 -0.11086771
v -0.43651915 -0.24843764 -0.035223525
v -0.41968188 -0.23113078 -0.15565656
v -0.4586443 -0.1946826 -0.07303236
v -0.43911386 -0.15911028 -0.18896729
v -0.47500643 -0.13339782 -0.10107382
v -0.47500643 -0.13339782 -0.10107382
v -0.43911386 -0.15911028 -0.18896729
v -0.4510323 -0.08093512 -0.20950903
v -0.48497218 -0.06694627 -0.118262544
v -0.45497546 0.00037572917 -0.21648598
v -0.4881562 0.002107623 -0.1239337
v -0.45079142 0.08168115 -0.20962913
v -0.48443574 0.07109821 -0.11786874
v -0.43864352 0.1598409 -0.1892065
v -0.47395584 0.13736318 -0.10030409
v -0.47395584 0.13736318 -0.10030409
v -0.43864352 0.1598409 -0.1892065
v -0.41900417 0.23183905 -0.15601216
v -0.45712334 0.19834727 -0.07192159
v -0.39263564 0.2949014 -0.111334614
v -0.43459034 0.25170174 -0.03382111
v -0.36055952 0.34660348 -0.056904823
v -0.40722907 0.2953756 0.012522947
v -0.32401636 0.38496372 0.005172012
v -0.37609637 0.32769445 0.06532006
v -0.31313726 0.24892502 0.30418527
v -0.23901962 0.32617906 0.2983247
v -0.20822018 0.2932293 0.35080022
v -0.28856242 0.22489063 0.34439793
v -0.2659377 0.19258796 0.3802115
v -0.18129294 0.2490622 0.39673567
v -0.24534887 0.1531276 0.4106877
v -0.15926684 0.19537562 0.4343759
v -0.22971652 0.10632494 0.43380776
v -0.14298262 0.13422887 0.462284
v -0.21308723 0.055484295 0.45138478
v -0.22971652 0.10632494 0.43380776
v -0.14298262 0.13422887 0.462284
v -0.13306178 0.06796403 0.479395
v -0.20276268 -0.0005481448 0.45947167
v -0.12988299 -0.0008829237 0.48505574
v -0.19635966 -0.059526302 0.45841488
v -0.133568 -0.06967798 0.47904944
v -0.196039 -0.119327106 0.44678673
v -0.14397724 -0.13578847 0.4616034
v -0.20124601 -0.17769419 0.42459744
v -0.196039 -0.119327106 0.44678673
v -0.14397724 -0.13578847 0.4616034
v -0.16071472 -0.19668266 0.43338168
v -0.21381195 -0.2310047 0.39163068
v -0.18314253 -0.25002554 0.39545944
v -0.2316223 -0.2774337 0.34921575
v -0.21040478 -0.29376793 0.34928414
v -0.25495842 -0.31383938 0.2986722
v -0.24145943 -0.3262249 0.29662037
v -0.28331894 -0.3374236 0.24233267
v -0.25495842 -0.31383938 0.2986722
v -0.24145943 -0.3262249 0.29662037
v -0.27511764 -0.3461415 0.23948455
v -0.31424183 -0.34775722 0.1825286
v -0.3100884 -0.3527416 0.18006776
v -0.34624448 -0.3441537 0.12174423
v -0.4106314 -0.2908949 0.012886493
v -0.43651915 -0.24843764 -0.035223525
v -0.44015554 -0.24298011 -0.026724637
v -0.4586443 -0.1946826 -0.07303236
v -0.46335772 -0.18813314 -0.058833335
v -0.47500643 -0.13339782 -0.10107382
v -0.48090205 -0.12680446 -0.07901848
v -0.48090205 -0.12680446 -0.07901848
v -0.47500643 -0.13339782 -0.10107382
v -0.48497218 -0.06694627 -0.118262544
v -0.49200326 -0.062415123 -0.0873574
v -0.4881562 0.002107623 -0.1239337
v -0.49674767 0.0020237202 -0.08248293
v -0.48443574 0.07109821 -0.11786874
v -0.4950031 0.063306615 -0.06690231
v -0.47395584 0.13736318 -0.10030409
v -0.4875015 0.11879006 -0.04079809
v -0.4875015 0.11879006 -0.04079809
v -0.47395584 0.13736318 -0.10030409
v -0.45712334 0.19834727 -0.07192159
v -0.47474155 0.16703671 -0.007624157
v -0.43459034 0.25170174 -0.03382111
v -0.45766446 0.20686482 0.031348825
v -0.40722907 0.2953756 0.012522947
v -0.4373985 0.23697805 0.075104706
v -0.41475773 0.25736117 0.121401936
v -0.37609637 0.32769445 0.06532006
v -0.41475773 0.25736117 0.121401936
v -0.37609637 0.32769445 0.06532006
v -0.34239316 0.3474243 0.1225338
v -0.3898235 0.26968107 0.16789483
v -0.36425066 0.27186522 0.21487886
v -0.30741712 0.3538175 0.18196104
v -0.33844146 0.26487368 0.26067233
v -0.27251315 0.34664014 0.24131685
v -0.31313726 0.24892502 0.30418527
v -0.23901962 0.32617906 0.2983247
v -0.07026579 0.3461321 -0.35953566
v -0.0013173531 0.35302874 -0.35966763
v -0.0011609663 0.41628826 -0.283724
v -0.08239504 0.40813196 -0.28365147
v -0.1365463 0.32591832 -0.3593949
v -0.16048115 0.38428634 -0.2835746
v -0.19761378 0.29316196 -0.35925096
v -0.23242013 0.34566474 -0.2834961
v -0.25112054 0.24911994 -0.35910928
v -0.29544646 0.29374865 -0.28341922
v -0.0013173531 0.35302874 -0.35966763
v 0.080100596 0.40844378 -0.28378928
v -0.0011609663 0.41628826 -0.283724
v 0.06764998 0.34634456 -0.35978583
v 0.15826923 0.38490143 -0.28384486
v 0.13398762 0.32633725 -0.35988557
v 0.23034371 0.34656623 -0.28388864
v 0.1951481 0.2937759 -0.35996312
v 0.29355708 0.29491082 -0.28391883
v 0.24878299 0.24991117 -0.36001542
v 0.24878299 0.24991117 -0.36001542
v 0.34553587 0.23183854 -0.28393453
v 0.29355708 0.29491082 -0.28391883
v 0.29283255 0.19642764 -0.36004043
v 0.38416222 0.15991877 -0.2839348
v 0.32560492 0.13537894 -0.3600372
v 0.40802035 0.08520843 -0.28391987
v 0.3458411 0.0691093 -0.36000592
v 0.41619223 0.0046082176 -0.28389063
v 0.35276264 0.000163418 -0.35994777
v 0.35276264 0.000163418 -0.35994777
v 0.4083816 -0.076379776 -0.28384763
v 0.41619223 0.0046082176 -0.28389063
v 0.34610265 -0.068810664 -0.35986513
v 0.384867 -0.15875073 -0.2837927
v 0.32611516 -0.13516328 -0.35976097
v 0.34654954 -0.23085552 -0.28372803
v 0.29356655 -0.19634484 -0.35963959
v 0.2948987 -0.29410362 -0.28365588
v 0.24970552 -0.2500037 -0.35950553
v 0.24970552 -0.2500037 -0.35950553
v 0.23189756 -0.3460625 -0.28357923
v 0.2948987 -0.29410362 -0.28365588
v 0.19621605 -0.29407656 -0.35936394
v 0.15996525 -0.3847335 -0.28350088
v 0.13515276 -0.32686812 -0.35922036
v 0.0818659 -0.40862727 -0.28342384
v 0.06853703 -0.34551498 -0.36068758
v 0.00060158595 -0.416823 -0.28335112
v -0.00011388365 -0.35255188 -0.36041507
v -0.00011388365 -0.35255188 -0.36041507
v -0.080703005 -0.4090034 -0.28328553
v 0.00060158595 -0.416823 -0.28335112
v -0.06871587 -0.34537318 -0.36083692
v -0.15892097 -0.38546762 -0.28322956
v -0.13547938 -0.32737008 -0.35873184
v -0.23104343 -0.3471197 -0.28318542
v -0.19667383 -0.29479897 -0.35865468
v -0.29429626 -0.295434 -0.28315485
v -0.25033635 -0.25091243 -0.3586025
v -0.25033635 -0.25091243 -0.3586025
v -0.3462463 -0.23239864 -0.283139
v -0.29429626 -0.295434 -0.28315485
v -0.29440314 -0.19739799 -0.35857734
v -0.38489577 -0.1604385 -0.28313848
v -0.32717958 -0.13631415 -0.35858023
v -0.408759 -0.08232166 -0.28315338
v -0.34740603 -0.070010476 -0.35861102
v -0.41691926 -0.0012246042 -0.2831832
v -0.35430568 -0.0010368786 -0.35866854
v -0.35430568 -0.0010368786 -0.35866854
v -0.40911573 0.07998944 -0.28322643
v -0.41691926 -0.0012246042 -0.2831832
v -0.3476147 0.067954436 -0.35875064
v -0.3855024 0.15843871 -0.28328168
v -0.32759207 0.13431117 -0.35885417
v -0.34713677 0.23053072 -0.28334683
v -0.29500934 0.1954831 -0.3589753
v -0.29544646 0.29374865 -0.28341922
v -0.25112054 0.24911994 -0.35910928
v -0.0013081729 0.2689499 -0.42642197
v 0.06764998 0.34634456 -0.35978583
v -0.0013173531 0.35302874 -0.35966763
v 0.051522885 0.26512992 -0.4256868
v 0.10317088 0.25181416 -0.42437127
v 0.13398762 0.32633725 -0.35988557
v 0.15241309 0.22969325 -0.42207283
v 0.1951481 0.2937759 -0.35996312
v 0.19634095 0.19733785 -0.42028123
v 0.24878299 0.24991117 -0.36001542
v 0.24878299 0.24991117 -0.36001542
v 0.19634095 0.19733785 -0.42028123
v 0.2378958 0.1595914 -0.4147914
v 0.29283255 0.19642764 -0.36004043
v 0.27095976 0.112615995 -0.40988746
v 0.32560492 0.13537894 -0.3600372
v 0.29604644 0.059080847 -0.40369496
v 0.3458411 0.0691093 -0.36000592
v 0.31017843 4.576328E-05 -0.3973554
v 0.35276264 0.000163418 -0.35994777
v 0.35276264 0.000163418 -0.35994777
v 0.31017843 4.576328E-05 -0.3973554
v 0.31274644 -0.062283516 -0.3904012
v 0.34610265 -0.068810664 -0.35986513
v 0.30131623 -0.124990344 -0.38431078
v 0.32611516 -0.13516328 -0.35976097
v 0.27723494 -0.18551879 -0.3779426
v 0.29356655 -0.19634484 -0.35963959
v 0.24021067 -0.24058151 -0.37221986
v 0.24970552 -0.2500037 -0.35950553
v 0.24970552 -0.2500037 -0.35950553
v 0.24021067 -0.24058151 -0.37221986
v 0.1912593 -0.28672102 -0.3679053
v 0.19621605 -0.29407656 -0.35936394
v 0.13323146 -0.3222808 -0.36406487
v 0.13515276 -0.32686812 -0.35922036
v 0.06853703 -0.34551498 -0.36068758
v -0.06871587 -0.34537318 -0.36083692
v -0.13255262 -0.32024294 -0.36620122
v -0.13547938 -0.32737008 -0.35873184
v -0.19667383 -0.29479897 -0.35865468
v -0.19015498 -0.28498662 -0.369954
v -0.25033635 -0.25091243 -0.3586025
v -0.23816063 -0.23868221 -0.3749174
v -0.23816063 -0.23868221 -0.3749174
v -0.29440314 -0.19739799 -0.35857734
v -0.25033635 -0.25091243 -0.3586025
v -0.27494556 -0.18434608 -0.38036925
v -0.32717958 -0.13631415 -0.35858023
v -0.29830384 -0.12430662 -0.38707432
v -0.34740603 -0.070010476 -0.35861102
v -0.30891982 -0.06231545 -0.3936365
v -0.35430568 -0.0010368786 -0.35866854
v -0.30625242 -0.0010059857 -0.40058857
v -0.30625242 -0.0010059857 -0.40058857
v -0.3476147 0.067954436 -0.35875064
v -0.35430568 -0.0010368786 -0.35866854
v -0.292711 0.0570531 -0.40659842
v -0.32759207 0.13431117 -0.35885417
v -0.26927856 0.110164374 -0.41182694
v -0.29500934 0.1954831 -0.3589753
v -0.23677905 0.1565698 -0.4167258
v -0.19736017 0.19534251 -0.420854
v -0.25112054 0.24911994 -0.35910928
v -0.19736017 0.19534251 -0.420854
v -0.19761378 0.29316196 -0.35925096
v -0.25112054 0.24911994 -0.35910928
v -0.15356755 0.22721457 -0.4230884
v -0.10513058 0.2500406 -0.42500177
v -0.1365463 0.32591832 -0.3593949
v -0.053944707 0.2640578 -0.42608523
v -0.07026579 0.3461321 -0.35953566
v -0.0013081729 0.2689499 -0.42642197
v -0.0013173531 0.35302874 -0.35966763
v 0.27047446 0.34814116 0.24117045
v 0.23761234 0.3270514 0.29829547
v 0.15966223 0.38400415 0.28194457
v 0.19834083 0.40885654 0.2146669
v 0.30486676 0.35597724 0.1816225
v 0.2388235 0.4181034 0.14452939
v 0.3394704 0.35024896 0.12193563
v 0.27955803 0.4113762 0.07422133
v 0.37295505 0.33116582 0.0644044
v 0.3189787 0.38891885 0.006445789
v 0.23761234 0.3270514 0.29829547
v 0.12426937 0.34451193 0.34378484
v 0.15966223 0.38400415 0.28194457
v 0.20754002 0.29352602 0.35080796
v 0.09351572 0.2919033 0.39782253
v 0.18140832 0.24885753 0.39669812
v 0.06857591 0.2282004 0.44199356
v 0.1602163 0.19476281 0.43421134
v 0.050401542 0.15584607 0.47461215
v 0.14477335 0.13331689 0.46191445
v 0.14477335 0.13331689 0.46191445
v 0.039685972 0.077610925 0.49443397
v 0.050401542 0.15584607 0.47461215
v 0.13566943 0.06687398 0.47874936
v 0.036838107 -0.00045006338 0.5007024
v 0.13325225 -0.0020220159 0.48407292
v 0.041967254 -0.08441873 0.49317706
v 0.1376146 -0.07073392 0.47768083
v 0.05487904 -0.16201448 0.47214273
v 0.14859082 -0.13663091 0.45981553
v 0.14859082 -0.13663091 0.45981553
v 0.07508227 -0.23332772 0.4383992
v 0.05487904 -0.16201448 0.47214273
v 0.16576277 -0.19718823 0.4311575
v 0.10180736 -0.29562384 0.39323193
v 0.18847537 -0.25008297 0.39279982
v 0.13403441 -0.3465092 0.33836395
v 0.215861 -0.29328272 0.34620756
v 0.17053184 -0.38402343 0.27589205
v 0.24687222 -0.3251237 0.29316267
v 0.24687222 -0.3251237 0.29316267
v 0.2099024 -0.40671465 0.20820764
v 0.17053184 -0.38402343 0.27589205
v 0.28032094 -0.344375 0.235697
v 0.25063586 -0.4136978 0.13790666
v 0.3149239 -0.35028732 0.1760151
v 0.29116705 -0.40468967 0.06769015
v 0.3505576 -0.34100986 0.11750109
v 0.3299356 -0.3800228 0.00026092157
v 0.38323957 -0.32028437 0.060412567
v 0.38323957 -0.32028437 0.060412567
v 0.36544666 -0.3406345 -0.061781086
v 0.3299356 -0.3800228 0.00026092157
v 0.41357547 -0.28651598 0.008515062
v 0.3963286 -0.28803235 -0.1160401
v 0.43865985 -0.2435517 -0.039530635
v 0.42138734 -0.2242377 -0.16041818
v 0.45993742 -0.18939076 -0.07719267
v 0.43965325 -0.15170704 -0.19319814
v 0.47544602 -0.12781805 -0.10501175
v 0.47544602 -0.12781805 -0.10501175
v 0.45041886 -0.07423743 -0.21311107
v 0.43965325 -0.15170704 -0.19319814
v 0.48458588 -0.061206914 -0.12191203
v 0.45326778 0.0056816903 -0.21938641
v 0.48700368 0.007873101 -0.1272405
v 0.44809046 0.085654825 -0.21178271
v 0.4826066 0.076756686 -0.120792046
v 0.43508866 0.16706753 -0.19059679
v 0.4715654 0.14278698 -0.10281773
v 0.4715654 0.14278698 -0.10281773
v 0.4147672 0.23848471 -0.15665144
v 0.43508866 0.16706753 -0.19059679
v 0.4543083 0.20341896 -0.07401457
v 0.38791382 0.30078736 -0.111262806
v 0.4315033 0.25631824 -0.035497736
v 0.3555677 0.35158095 -0.05618759
v 0.404032 0.2994518 0.011243471
v 0.3189787 0.38891885 0.006445789
v 0.37295505 0.33116582 0.0644044
v 0.312535 0.2505516 0.3032155
v 0.20754002 0.29352602 0.35080796
v 0.23761234 0.3270514 0.29829547
v 0.2885087 0.2260659 0.34346703
v 0.26648614 0.19335634 0.37926528
v 0.18140832 0.24885753 0.39669812
v 0.24653502 0.15353844 0.40967697
v 0.1602163 0.19476281 0.43421134
v 0.23156267 0.10646822 0.43266076
v 0.14477335 0.13331689 0.46191445
v 0.14477335 0.13331689 0.46191445
v 0.23156267 0.10646822 0.43266076
v 0.21559735 0.055377863 0.45008966
v 0.13566943 0.06687398 0.47874936
v 0.20592134 -0.00078944565 0.45795774
v 0.13325225 -0.0020220159 0.48407292
v 0.20013179 -0.059814315 0.45664003
v 0.1376146 -0.07073392 0.47768083
v 0.20035653 -0.11954332 0.4447043
v 0.14859082 -0.13663091 0.45981553
v 0.14859082 -0.13663091 0.45981553
v 0.20035653 -0.11954332 0.4447043
v 0.20601761 -0.17772561 0.42217675
v 0.16576277 -0.19718823 0.4311575
v 0.2189057 -0.23071763 0.38884714
v 0.18847537 -0.25008297 0.39279982
v 0.23689707 -0.27672365 0.34607038
v 0.215861 -0.29328272 0.34620756
v 0.26024884 -0.31260622 0.29518124
v 0.24687222 -0.3251237 0.29316267
v 0.24687222 -0.3251237 0.29316267
v 0.26024884 -0.31260622 0.29518124
v 0.28844616 -0.33558562 0.23853108
v 0.28032094 -0.344375 0.235697
v 0.31903967 -0.3452723 0.17847167
v 0.3149239 -0.35028732 0.1760151
v 0.3505576 -0.34100986 0.11750109
v 0.41357547 -0.28651598 0.008515062
v 0.44229513 -0.23810141 -0.031032048
v 0.43865985 -0.2435517 -0.039530635
v 0.45993742 -0.18939076 -0.07719267
v 0.46467686 -0.18286727 -0.06299834
v 0.47544602 -0.12781805 -0.10501175
v 0.48142076 -0.121279076 -0.082972884
v 0.48142076 -0.121279076 -0.082972884
v 0.48458588 -0.061206914 -0.12191203
v 0.47544602 -0.12781805 -0.10501175
v 0.49177802 -0.056763273 -0.091046475
v 0.48700368 0.007873101 -0.1272405
v 0.4958766 0.007665535 -0.085869595
v 0.4826066 0.076756686 -0.120792046
v 0.49360043 0.068816386 -0.06996421
v 0.4715654 0.14278698 -0.10281773
v 0.4857074 0.12405696 -0.043531343
v 0.4857074 0.12405696 -0.043531343
v 0.4543083 0.20341896 -0.07401457
v 0.4715654 0.14278698 -0.10281773
v 0.47268632 0.1719745 -0.01003349
v 0.4315033 0.25631824 -0.035497736
v 0.45548037 0.21140449 0.02924734
v 0.404032 0.2994518 0.011243471
v 0.43522322 0.24106835 0.07328159
v 0.41271222 0.2609704 0.11982358
v 0.37295505 0.33116582 0.0644044
v 0.41271222 0.2609704 0.11982358
v 0.3394704 0.35024896 0.12193563
v 0.37295505 0.33116582 0.0644044
v 0.38799465 0.272789 0.1665371
v 0.36274737 0.27446768 0.21369529
v 0.30486676 0.35597724 0.1816225
v 0.33735058 0.26697823 0.25961939
v 0.27047446 0.34814116 0.24117045
v 0.312535 0.2505516 0.3032155
v 0.23761234 0.3270514 0.29829547
v -0.32046625 0.106035136 0.37214035
v -0.2659377 0.19258796 0.3802115
v -0.24534887 0.1531276 0.4106877
v -0.22971652 0.10632494 0.43380776
v -0.33238065 0.13503541 0.3517973
v -0.28856242 0.22489063 0.34439793
v -0.34694472 0.15888508 0.326975
v -0.31313726 0.24892502 0.30418527
v -0.36360055 0.17666745 0.2986242
v -0.33844146 0.26487368 0.26067233
v -0.3978268 0.08141063 0.29620978
v -0.3904012 0.06925952 0.3088626
v -0.43371475 0.0008566888 0.25427225
v -0.406318 0.09046757 0.28176004
v -0.38432613 0.05448122 0.319233
v -0.3116578 0.07299763 0.38722494
v -0.4155489 0.096081905 0.26606783
v -0.38170952 0.18769762 0.26783177
v -0.40057686 0.19154926 0.23577955
v -0.36425066 0.27186522 0.21487886
v -0.4251651 0.098037235 0.24973604
v -0.3798347 0.037643444 0.32692313
v -0.43479726 0.09625766 0.23339164
v -0.3770991 0.019392604 0.33163807
v -0.44407517 0.09081054 0.21766283
v -0.41947836 0.18807116 0.20369755
v -0.3898235 0.26968107 0.16789483
v -0.43768752 0.17739348 0.17281915
v -0.41475773 0.25736117 0.121401936
v -0.30629247 0.0371902 0.39647356
v -0.45264202 0.08190448 0.20315458
v -0.45450366 0.1599235 0.1443323
v -0.2239277 0.053585567 0.4463551
v -0.21308723 0.055484295 0.45138478
v -0.2214332 -0.00045705875 0.45079845
v -0.20276268 -0.0005481448 0.45947167
v -0.3045757 -1.4171061E-05 0.39953226
v -0.22433074 -0.054458067 0.44608194
v -0.19635966 -0.059526302 0.45841488
v -0.37622428 0.0004292893 0.3331969
v -0.23250999 -0.10634899 0.43238488
v -0.196039 -0.119327106 0.44678673
v -0.30657348 -0.037189126 0.3962835
v -0.24565923 -0.15414114 0.41022947
v -0.20124601 -0.17769419 0.42459744
v -0.3772439 -0.018518647 0.33153975
v -0.3122095 -0.07290933 0.38685128
v -0.26327646 -0.19600102 0.38046148
v -0.21381195 -0.2310047 0.39163068
v -0.38011882 -0.036723863 0.3267302
v -0.32126832 -0.10580456 0.3715961
v -0.2846883 -0.23032045 0.34421885
v -0.2316223 -0.2774337 0.34921575
v -0.38473895 -0.053487446 0.31895244
v -0.33340356 -0.13461228 0.3511014
v -0.39092717 -0.068165526 0.3085047
v -0.39844605 -0.08019411 0.29578763
v -0.40700698 -0.08911063 0.2812895
v -0.34815043 -0.15822546 0.3261521
v -0.30907536 -0.25577822 0.3028882
v -0.25495842 -0.31383938 0.2986722
v -0.3649439 -0.17573567 0.29770395
v -0.3355032 -0.27139106 0.25805327
v -0.28331894 -0.3374236 0.24233267
v -0.38313994 -0.1864677 0.26684824
v -0.3629578 -0.2765526 0.21143438
v -0.31424183 -0.34775722 0.1825286
v -0.41628155 -0.09457183 0.2655666
v -0.39038438 -0.27105713 0.16482261
v -0.34624448 -0.3441537 0.12174423
v -0.40204 -0.19000599 0.23476924
v -0.4167276 -0.25510895 0.120011196
v -0.37956008 -0.32407466 0.064762644
v -0.4106314 -0.2908949 0.012886493
v -0.42591333 -0.09636706 0.24922286
v -0.4209179 -0.18621114 0.20269965
v -0.44097266 -0.22931555 0.07872644
v -0.44015554 -0.24298011 -0.026724637
v -0.43553227 -0.09442641 0.23288646
v -0.43904752 -0.17522578 0.17187275
v -0.4621845 -0.19466512 0.042560518
v -0.46335772 -0.18813314 -0.058833335
v -0.44476858 -0.08882368 0.21718538
v -0.455731 -0.15746945 0.14347523
v -0.47954422 -0.15248859 0.012909544
v -0.48090205 -0.12680446 -0.07901848
v -0.45326704 -0.07977349 0.20272347
v -0.47032565 -0.1336231 0.11860111
v -0.4607005 -0.06762324 0.19005725
v -0.46678305 -0.052839804 0.17967416
v -0.47128034 -0.035991546 0.17197403
v -0.4822688 -0.104602866 0.09820917
v -0.49238127 -0.10440934 -0.009081087
v -0.49200326 -0.062415123 -0.0873574
v -0.49109986 -0.07152515 0.08308588
v -0.5001997 -0.052279904 -0.022561615
v -0.49674767 0.0020237202 -0.08248293
v -0.49647826 -0.03566342 0.073814645
v -0.5026973 0.0018898853 -0.027011272
v -0.4950031 0.063306615 -0.06690231
v -0.47401932 -0.017726582 0.16725329
v -0.4997779 0.056011036 -0.022258734
v -0.4875015 0.11879006 -0.04079809
v -0.49819642 0.0016010503 0.070753045
v -0.49155506 0.10799687 -0.008488679
v -0.47474155 0.16703671 -0.007624157
v -0.47489446 0.0012522782 0.16569369
v -0.4961883 0.038832877 0.074018806
v -0.4783473 0.1558442 0.013765501
v -0.45766446 0.20686482 0.031348825
v -0.47387213 0.020214973 0.16735524
v -0.49053168 0.07459795 0.08348558
v -0.46066543 0.19771115 0.043643
v -0.4373985 0.23697805 0.075104706
v -0.47099185 0.038431775 0.17217381
v -0.48144507 0.10751927 0.09878752
v -0.43919265 0.2319884 0.07998937
v -0.46927935 0.13633022 0.11933392
v -0.4663645 0.05520208 0.1799637
v -0.46016836 0.06988105 0.1904249
v 0.10317088 0.25181416 -0.42437127
v 0.10487431 0.158364 -0.46711195
v 0.15241309 0.22969325 -0.42207283
v 0.19634095 0.19733785 -0.42028123
v 0.07183513 0.17595269 -0.46707052
v 0.051522885 0.26512992 -0.4256868
v 0.03599956 0.18675882 -0.46701756
v -0.0013081729 0.2689499 -0.42642197
v -0.0012558973 0.19036703 -0.46695513
v -0.053944707 0.2640578 -0.42608523
v 0.017831523 0.09485174 -0.4950366
v 0.036092184 0.089345776 -0.49506348
v -0.0010052007 -0.00061535323 -0.5044087
v -0.0011524921 0.09668968 -0.49500504
v 0.052927975 0.08038335 -0.4950845
v 0.1338478 0.13466845 -0.4671403
v -0.020130407 0.09478888 -0.49496984
v -0.038500074 0.18663846 -0.46688566
v -0.07430163 0.1757161 -0.46681195
v -0.10513058 0.2500406 -0.42500177
v -0.038372844 0.08922234 -0.49493256
v 0.06769193 0.06830892 -0.49509895
v -0.05517925 0.08020377 -0.4948945
v 0.079816826 0.053586323 -0.49510625
v -0.06990348 0.06807955 -0.4948571
v -0.107285745 0.15801887 -0.46673658
v -0.15356755 0.22721457 -0.4230884
v -0.13618436 0.13422634 -0.46666265
v -0.19736017 0.19534251 -0.420854
v 0.15764265 0.105776355 -0.46715447
v -0.0819796 0.053315602 -0.49482197
v -0.15988664 0.10525243 -0.46659294
v 0.22955258 0.15399677 -0.4215755
v 0.2378958 0.1595914 -0.4147914
v 0.25527316 0.1060822 -0.42157382
v 0.27095976 0.112615995 -0.40988746
v 0.17534487 0.07279754 -0.46715385
v 0.27115384 0.05407013 -0.42155072
v 0.29604644 0.059080847 -0.40369496
v 0.08883684 0.036781292 -0.49510616
v 0.18627395 0.036998745 -0.46713862
v 0.2765843 -4.1659398E-05 -0.42150667
v 0.31017843 4.576328E-05 -0.3973554
v 0.09440519 0.018539371 -0.4950986
v 0.1900099 -0.00024481534 -0.46710917
v 0.27135482 -0.05417475 -0.4214437
v 0.31274644 -0.062283516 -0.3904012
v 0.096308075 -0.00043840992 -0.49508393
v 0.18640888 -0.037502266 -0.46706682
v 0.25566548 -0.10624936 -0.4213641
v 0.30131623 -0.124990344 -0.38431078
v 0.0944721 -0.019422967 -0.49506262
v 0.17560855 -0.07334228 -0.46701315
v 0.23011802 -0.1542645 -0.42127103
v 0.27723494 -0.18551879 -0.3779426
v 0.08896775 -0.037684795 -0.49503568
v 0.08000637 -0.054522082 -0.495004
v 0.06793235 -0.069287695 -0.49496877
v 0.15802355 -0.1063874 -0.46695027
v 0.19569293 -0.19637461 -0.42116803
v 0.24021067 -0.24058151 -0.37221986
v 0.13432918 -0.13536774 -0.46688047
v 0.1537123 -0.2309608 -0.4210592
v 0.1912593 -0.28672102 -0.3679053
v 0.10543541 -0.15916915 -0.46680662
v 0.10578878 -0.25669277 -0.42094842
v 0.13323146 -0.3222808 -0.36406487
v 0.05320932 -0.0814142 -0.4949314
v 0.0724524 -0.1768765 -0.4667314
v 0.053763833 -0.27258044 -0.42084023
v 0.06853703 -0.34551498 -0.36068758
v 0.036403235 -0.09043543 -0.49489343
v 0.036647573 -0.18780865 -0.4666578
v -0.0003629193 -0.27801216 -0.42073867
v -0.00011388365 -0.35255188 -0.36041507
v -0.06871587 -0.34537318 -0.36083692
v 0.018159792 -0.096004486 -0.49485618
v -0.054510675 -0.27277806 -0.42064753
v -0.13255262 -0.32024294 -0.36620122
v -0.000602981 -0.19154502 -0.46658853
v -0.106597416 -0.25707886 -0.42057034
v -0.19015498 -0.28498662 -0.369954
v -0.00081982306 -0.09790728 -0.4948211
v -0.037867334 -0.1879415 -0.46652636
v -0.15462029 -0.23151752 -0.42051008
v -0.23816063 -0.23868221 -0.3749174
v -0.019806128 -0.09607057 -0.49478957
v -0.07371296 -0.1771364 -0.4664736
v -0.038069375 -0.09056486 -0.49476272
v -0.05490762 -0.08160171 -0.49474174
v -0.06967359 -0.06952557 -0.49472725
v -0.106761724 -0.15954478 -0.46643227
v -0.19673258 -0.19707672 -0.42046905
v -0.27494556 -0.18434608 -0.38036925
v -0.13574305 -0.13584287 -0.466404
v -0.231315 -0.1550809 -0.4204488
v -0.29830384 -0.12430662 -0.38707432
v -0.15954275 -0.10694187 -0.46638983
v -0.25703785 -0.10714492 -0.42045012
v -0.30891982 -0.06231545 -0.3936365
v -0.08179971 -0.054800626 -0.49471995
v -0.27291253 -0.055112243 -0.42047298
v -0.30625242 -0.0010059857 -0.40058857
v -0.17724586 -0.07395299 -0.46639028
v -0.27832943 -0.0009836202 -0.4205165
v -0.292711 0.0570531 -0.40659842
v -0.09081989 -0.037993018 -0.49472004
v -0.18817212 -0.038144503 -0.46640533
v -0.27308106 0.05315978 -0.42057908
v -0.26927856 0.110164374 -0.41182694
v -0.096387535 -0.019748608 -0.4947275
v -0.1919017 -0.0008930908 -0.46643445
v -0.25737026 0.105236754 -0.4206583
v -0.23677905 0.1565698 -0.4167258
v -0.09828866 -0.000768814 -0.49474218
v -0.1882917 0.036369212 -0.46647656
v -0.23180206 0.15324587 -0.42075107
v -0.17748134 0.07221016 -0.46653008
v -0.096450366 0.01821696 -0.49476334
v -0.09094342 0.036479063 -0.4947903
v 0.26648614 0.19335634 0.37926528
v 0.32182974 0.1074409 0.37034726
v 0.24653502 0.15353844 0.40967697
v 0.23156267 0.10646822 0.43266076
v 0.33328995 0.13665877 0.35007638
v 0.2885087 0.2260659 0.34346703
v 0.3474203 0.16077796 0.32528225
v 0.312535 0.2505516 0.3032155
v 0.36367926 0.1788715 0.2969149
v 0.33735058 0.26697823 0.25961939
v 0.39885882 0.08402402 0.29375678
v 0.39165503 0.07173561 0.30639434
v 0.43526655 0.0040995968 0.25115857
v 0.40714708 0.09323987 0.27929938
v 0.38581216 0.056846876 0.31672716
v 0.31347865 0.074246116 0.38531813
v 0.4162017 0.099028714 0.26357704
v 0.3814435 0.19024292 0.26606217
v 0.40003115 0.19445297 0.23390825
v 0.36274737 0.27446768 0.21369529
v 0.42567495 0.10116747 0.24719375
v 0.38155437 0.039929762 0.32435858
v 0.435203 0.09957336 0.23077847
v 0.37904504 0.021633808 0.32899597
v 0.44441962 0.09430667 0.21496218
v 0.4187289 0.19133712 0.20168711
v 0.38799465 0.272789 0.1665371
v 0.43681794 0.18101197 0.17063744
v 0.41271222 0.2609704 0.11982358
v 0.3085566 0.03834799 0.3944157
v 0.45297056 0.08556919 0.20035315
v 0.45360264 0.16387162 0.14195357
v 0.22641675 0.053618945 0.44497177
v 0.21559735 0.055377863 0.45008966
v 0.2245206 -0.00045748203 0.44914997
v 0.20592134 -0.00078944565 0.45795774
v 0.307252 0.001123268 0.39729148
v 0.2279493 -0.054388475 0.44413108
v 0.20013179 -0.059814315 0.45664003
v 0.37838048 0.0026614063 0.33046147
v 0.30961514 -0.03600052 0.39383492
v 0.23657219 -0.10610741 0.43010625
v 0.20035653 -0.11954332 0.4447043
v 0.37958625 -0.01625915 0.32869858
v 0.31555566 -0.07159961 0.38417798
v 0.2500603 -0.15363146 0.40761057
v 0.20601761 -0.17772561 0.42217675
v 0.38261595 -0.034401454 0.32377493
v 0.3248464 -0.10430808 0.36869004
v 0.2678982 -0.19513692 0.3775035
v 0.2189057 -0.23071763 0.38884714
v 0.3873537 -0.05106893 0.31587926
v 0.33713174 -0.1328703 0.34796375
v 0.2894036 -0.229029 0.3409365
v 0.23689707 -0.27672365 0.34607038
v 0.3936176 -0.065621346 0.30531436
v 0.4011675 -0.07749948 0.2924855
v 0.40971342 -0.08624658 0.27788523
v 0.35194108 -0.15618865 0.32279316
v 0.3137531 -0.25400287 0.29930955
v 0.26024884 -0.31260622 0.29518124
v 0.36870664 -0.17336594 0.29414296
v 0.34001327 -0.26909447 0.25421834
v 0.28844616 -0.33558562 0.23853108
v 0.38678533 -0.18373999 0.2631123
v 0.36717612 -0.27371785 0.20739332
v 0.31903967 -0.3452723 0.17847167
v 0.41892743 -0.09152593 0.26207387
v 0.40548292 -0.18690935 0.23089261
v 0.3941979 -0.26768896 0.1606338
v 0.3505576 -0.34100986 0.11750109
v 0.42845544 -0.09313398 0.24565896
v 0.42408094 -0.18274911 0.198722
v 0.4200391 -0.25123346 0.11573867
v 0.38323957 -0.32028437 0.060412567
v 0.41357547 -0.28651598 0.008515062
v 0.43793136 -0.09100807 0.2292712
v 0.4437041 -0.22497895 0.074437045
v 0.44229513 -0.23810141 -0.031032048
v 0.44186407 -0.17141637 0.16783758
v 0.46428066 -0.18993187 0.038321193
v 0.46467686 -0.18286727 -0.06299834
v 0.44699097 -0.08522925 0.21354069
v 0.4581478 -0.15334438 0.1394281
v 0.48097476 -0.14743881 0.0087846685
v 0.48142076 -0.121279076 -0.082972884
v 0.45528567 -0.07601898 0.19907235
v 0.47230503 -0.12922646 0.11458774
v 0.46249637 -0.0637309 0.18642278
v 0.4683458 -0.048837196 0.17607884
v 0.47260845 -0.031910464 0.16843866
v 0.4837901 -0.0999893 0.09427372
v 0.4931418 -0.09913511 -0.013032253
v 0.49177802 -0.056763273 -0.091046475
v 0.4921602 -0.06675762 0.07926917
v 0.500312 -0.046881527 -0.026287084
v 0.4958766 0.007665535 -0.085869595
v 0.49709275 -0.030810583 0.07015263
v 0.5022084 0.0073079523 -0.030468164
v 0.49360043 0.068816386 -0.06996421
v 0.47512043 -0.013601783 0.16379635
v 0.49875826 0.061344385 -0.02541469
v 0.4857074 0.12405696 -0.043531343
v 0.49839738 0.006467546 0.06727555
v 0.49009532 0.11314521 -0.011322821
v 0.47268632 0.1719745 -0.01003349
v 0.47578502 0.0053844284 0.16233057
v 0.49602413 0.04364124 0.07074847
v 0.4765548 0.16071501 0.011262029
v 0.45548037 0.21140449 0.02924734
v 0.47457668 0.024317935 0.16409773
v 0.49006462 0.07927902 0.08043711
v 0.45866013 0.20222327 0.041466888
v 0.43522322 0.24106835 0.07328159
v 0.47154194 0.042470228 0.16902962
v 0.4807491 0.11200915 0.09596727
v 0.43710208 0.23607457 0.0781254
v 0.4684369 0.14057258 0.116739735
v 0.4667978 0.059143275 0.17693625
v 0.46052688 0.07369604 0.18751314
vt 0.9864657 0.035327323
vt 0.9599038 0.0082398085
vt 0.9278728 0.034194097
vt 0.9570206 0.06420011
vt 0.8937217 0.057086207
vt 0.93002427 0.09744661
vt 0.8574769 0.07679189
vt 0.88064057 0.122593105
vt 0.90635026 0.13102259
vt 0.8199939 0.093600646
vt 0.8856567 0.16637446
vt 0.8396857 0.1404095
vt 0.7816287 0.1079579
vt 0.8566806 0.18528129
vt 0.8673473 0.20264009
vt 0.7983757 0.15518112
vt 0.7428174 0.12039854
vt 0.8126725 0.19965425
vt 0.8511672 0.23988868
vt 0.7572706 0.16767608
vt 0.7038786 0.13130629
vt 0.82535785 0.24615814
vt 0.83662945 0.27767485
vt 0.76942515 0.2114836
vt 0.7164738 0.17848042
vt 0.6649983 0.14084566
vt 0.78020185 0.25510693
vt 0.72714317 0.22182666
vt 0.675484 0.18798469
vt 0.7890709 0.2995727
vt 0.8228954 0.3157968
vt 0.8104556 0.3537795
vt 0.7370055 0.2644714
vt 0.7959955 0.35036242
vt 0.7999618 0.39213985
vt 0.7455975 0.3072999
vt 0.68494743 0.23126654
vt 0.63427126 0.19645815
vt 0.625709 0.14841749
vt 0.75348824 0.35104293
vt 0.6942337 0.27370375
vt 0.64264846 0.24029912
vt 0.5927117 0.20364837
vt 0.5858138 0.1547472
vt 0.76012605 0.39613068
vt 0.79103404 0.43125975
vt 0.7033539 0.316073
vt 0.65145963 0.28320682
vt 0.59991086 0.2485071
vt 0.550184 0.20941308
vt 0.5454098 0.1596088
vt 0.76431286 0.43427867
vt 0.78409135 0.4706995
vt 0.6613711 0.32571447
vt 0.6082601 0.2926457
vt 0.55569685 0.2557448
vt 0.506539 0.21318308
vt 0.5046242 0.16252391
vt 0.76715094 0.4740218
vt 0.77996606 0.5103966
vt 0.74749446 0.5188993
vt 0.77908665 0.5504354
vt 0.7381445 0.4757524
vt 0.5635305 0.30328238
vt 0.5097837 0.2609949
vt 0.4619555 0.2140268
vt 0.46353257 0.16282603
vt 0.4784941 0.25641292
vt 0.5098786 0.28196692
vt 0.44527352 0.23263712
vt 0.539778 0.30929852
vt 0.41005304 0.21168831
vt 0.42247146 0.15996243
vt 0.37073767 0.1941269
vt 0.38140243 0.15347885
vt 0.33209896 0.17989628
vt 0.34162873 0.14323147
vt 0.5683785 0.33783132
vt 0.61866343 0.33674377
vt 0.59644216 0.36700678
vt 0.62319607 0.39657736
vt 0.63348496 0.38576788
vt 0.64836127 0.427378
vt 0.67238945 0.36872685
vt 0.68509585 0.4124663
vt 0.67243165 0.45942056
vt 0.7127066 0.3588791
vt 0.7222247 0.40254968
vt 0.73013127 0.43886667
vt 0.6971487 0.44888586
vt 0.6947337 0.49264044
vt 0.71103746 0.48619217
vt 0.7145567 0.5273153
vt 0.73154783 0.5635808
vt 0.7559986 0.5582034
vt 0.7639435 0.5957178
vt 0.7825521 0.5901627
vt 0.78900313 0.6298736
vt 0.7453178 0.60123795
vt 0.77229494 0.63505924
vt 0.7555742 0.6401241
vt 0.33209896 0.17989628
vt 0.38140243 0.15347885
vt 0.34162873 0.14323147
vt 0.37073767 0.1941269
vt 0.42173678 0.15985803
vt 0.40556866 0.21237066
vt 0.46283168 0.16272381
vt 0.46135104 0.2139347
vt 0.440836 0.23333272
vt 0.5038428 0.1624569
vt 0.4741316 0.25711548
vt 0.50591874 0.2130873
vt 0.54462457 0.15960802
vt 0.5091291 0.26086965
vt 0.50570965 0.2827082
vt 0.5495401 0.20933174
vt 0.5849846 0.15483862
vt 0.55503 0.2556375
vt 0.5357322 0.31002265
vt 0.59202677 0.20356417
vt 0.62475437 0.14861369
vt 0.56280833 0.3031315
vt 0.5646304 0.33856612
vt 0.5992125 0.24841112
vt 0.6335289 0.19629717
vt 0.6640029 0.14042564
vt 0.6075394 0.29253206
vt 0.6419295 0.24022058
vt 0.67483944 0.187953
vt 0.61793274 0.3366489
vt 0.59294707 0.3677037
vt 0.62010676 0.39724413
vt 0.65069455 0.283113
vt 0.63265723 0.38572785
vt 0.64569575 0.42795786
vt 0.66066706 0.32564408
vt 0.6842595 0.23127584
vt 0.7160105 0.1783398
vt 0.7032222 0.13095424
vt 0.6716388 0.36872724
vt 0.6934283 0.2737484
vt 0.7265638 0.22194938
vt 0.7569019 0.16756794
vt 0.742306 0.12020664
vt 0.68429965 0.41254213
vt 0.6702438 0.45986524
vt 0.70274276 0.31608987
vt 0.73624694 0.2646536
vt 0.7687711 0.21144193
vt 0.7980256 0.15507567
vt 0.78110486 0.10789642
vt 0.6963359 0.44905144
vt 0.6930943 0.49292958
vt 0.74494874 0.3074127
vt 0.7795714 0.25512505
vt 0.81211406 0.19956511
vt 0.83923095 0.14024162
vt 0.8193762 0.0935762
vt 0.71023947 0.4864693
vt 0.71352315 0.5274321
vt 0.74681824 0.519266
vt 0.7311685 0.5635526
vt 0.73742443 0.4760017
vt 0.82486683 0.2461372
vt 0.85627335 0.18506038
vt 0.88016665 0.12240335
vt 0.8568119 0.07675931
vt 0.88719165 0.16333315
vt 0.8691255 0.1998383
vt 0.90759563 0.12783085
vt 0.8532189 0.23742473
vt 0.93101656 0.09413316
vt 0.8930085 0.05704601
vt 0.9570206 0.06420011
vt 0.9278728 0.034194097
vt 0.9864657 0.035327323
vt 0.9599038 0.0082398085
vt 0.8388312 0.27553797
vt 0.7884489 0.29966038
vt 0.8252543 0.31391054
vt 0.8128208 0.35214964
vt 0.7953524 0.35047665
vt 0.80236006 0.3907233
vt 0.7528235 0.3511393
vt 0.75944346 0.39624733
vt 0.7933827 0.43002328
vt 0.7120201 0.35893077
vt 0.7214986 0.4026497
vt 0.7293972 0.43903175
vt 0.7636374 0.434438
vt 0.7863116 0.46964836
vt 0.7665025 0.47425336
vt 0.78196585 0.5095141
vt 0.78080326 0.5497068
vt 0.755398 0.5586859
vt 0.7639435 0.5957178
vt 0.7825521 0.5901627
vt 0.78900313 0.6298736
vt 0.7453178 0.60123795
vt 0.77229494 0.63505924
vt 0.7555742 0.6401241
vt 0.35792714 0.10419458
vt 0.472144 0.014255583
vt 0.472144 0.10419458
vt 0.35792714 0.014255583
vt 0.24371028 0.10419458
vt 0.24371028 0.014255583
vt 0.12949347 0.10419458
vt 0.12949347 0.014255583
vt 0.015276611 0.10419458
vt 0.015276611 0.014255583
vt 0.472144 0.10419458
vt 0.472144 0.014255583
vt 0.35792714 0.014255583
vt 0.35792714 0.10419458
vt 0.24371028 0.014255583
vt 0.24371028 0.10419458
vt 0.12949347 0.014255583
vt 0.12949347 0.10419458
vt 0.015276611 0.014255583
vt 0.015276611 0.10419458
vt 0.472144 0.10419458
vt 0.472144 0.014255583
vt 0.35792714 0.014255583
vt 0.35792714 0.10419458
vt 0.24371028 0.014255583
vt 0.24371028 0.10419458
vt 0.12949347 0.014255583
vt 0.12949347 0.10419458
vt 0.015276611 0.014255583
vt 0.015276611 0.10419458
vt 0.015276611 0.10419458
vt 0.015276611 0.014255583
vt 0.12949347 0.014255583
vt 0.12949347 0.10419458
vt 0.24371028 0.014255583
vt 0.24371028 0.10419458
vt 0.35792714 0.014255583
vt 0.35792714 0.10419458
vt 0.472144 0.014255583
vt 0.472144 0.10419458
vt 0.015276611 0.10419458
vt 0.015276611 0.014255583
vt 0.12949347 0.014255583
vt 0.12949347 0.10419458
vt 0.24371028 0.014255583
vt 0.24371028 0.10419458
vt 0.35792714 0.014255583
vt 0.35792714 0.10419458
vt 0.472144 0.014255583
vt 0.472144 0.10419458
vt 0.472144 0.10419458
vt 0.472144 0.014255583
vt 0.35792714 0.014255583
vt 0.35792714 0.10419458
vt 0.24371028 0.014255583
vt 0.24371028 0.10419458
vt 0.12949347 0.014255583
vt 0.12949347 0.10419458
vt 0.015276611 0.014255583
vt 0.015276611 0.10419458
vt 0.472144 0.10419458
vt 0.472144 0.014255583
vt 0.35792714 0.014255583
vt 0.35792714 0.10419458
vt 0.24371028 0.014255583
vt 0.24371028 0.10419458
vt 0.12949347 0.014255583
vt 0.12949347 0.10419458
vt 0.015276611 0.014255583
vt 0.015276611 0.10419458
vt 0.015276611 0.10419458
vt 0.015276611 0.014255583
vt 0.12949347 0.014255583
vt 0.12949347 0.10419458
vt 0.24371028 0.014255583
vt 0.24371028 0.10419458
vt 0.35792714 0.014255583
vt 0.35792714 0.10419458
vt 0.472144 0.014255583
vt 0.472144 0.10419458
vt 0.9837251 0.8950881
vt 0.9837251 0.9850271
vt 0.8695082 0.9850271
vt 0.8695082 0.8950881
vt 0.75529134 0.8950881
vt 0.75529134 0.9850271
vt 0.64107454 0.8950881
vt 0.64107454 0.9850271
vt 0.5268577 0.8950881
vt 0.5268577 0.9850271
vt 0.8695082 0.8950881
vt 0.9837251 0.8950881
vt 0.9837251 0.9850271
vt 0.8695082 0.9850271
vt 0.75529134 0.8950881
vt 0.75529134 0.9850271
vt 0.64107454 0.8950881
vt 0.64107454 0.9850271
vt 0.5268577 0.8950881
vt 0.5268577 0.9850271
vt 0.8695082 0.8950881
vt 0.9837251 0.8950881
vt 0.9837251 0.9850271
vt 0.8695082 0.9850271
vt 0.75529134 0.8950881
vt 0.75529134 0.9850271
vt 0.64107454 0.8950881
vt 0.64107454 0.9850271
vt 0.5268577 0.8950881
vt 0.5268577 0.9850271
vt 0.8695082 0.8950881
vt 0.9837251 0.8950881
vt 0.9837251 0.9850271
vt 0.8695082 0.9850271
vt 0.75529134 0.8950881
vt 0.75529134 0.9850271
vt 0.64107454 0.9400576
vt 0.64107454 0.9400576
vt 0.75529134 0.9850271
vt 0.75529134 0.8950881
vt 0.8695082 0.9850271
vt 0.8695082 0.8950881
vt 0.9837251 0.9850271
vt 0.9837251 0.8950881
vt 0.5268577 0.8950881
vt 0.5268577 0.9850271
vt 0.6410745 0.9850271
vt 0.6410745 0.8950881
vt 0.75529134 0.9850271
vt 0.75529134 0.8950881
vt 0.8695082 0.9850271
vt 0.8695082 0.8950881
vt 0.9837251 0.9850271
vt 0.9837251 0.8950881
vt 0.5268577 0.8950881
vt 0.5268577 0.9850271
vt 0.64107454 0.9850271
vt 0.64107454 0.8950881
vt 0.75529134 0.9850271
vt 0.75529134 0.8950881
vt 0.8695082 0.9850271
vt 0.8695082 0.8950881
vt 0.9837251 0.8950881
vt 0.9837251 0.9850271
vt 0.5268577 0.8950881
vt 0.5268577 0.9850271
vt 0.64107454 0.9850271
vt 0.64107454 0.8950881
vt 0.75529134 0.8950881
vt 0.75529134 0.9850271
vt 0.8695082 0.8950881
vt 0.8695082 0.9850271
vt 0.9837251 0.8950881
vt 0.9837251 0.9850271
vt 0.35792714 0.10419458
vt 0.472144 0.10419458
vt 0.472144 0.014255583
vt 0.35792714 0.014255583
vt 0.24371028 0.10419458
vt 0.24371028 0.014255583
vt 0.12949347 0.10419458
vt 0.12949347 0.014255583
vt 0.015276611 0.10419458
vt 0.015276611 0.014255583
vt 0.472144 0.10419458
vt 0.35792714 0.014255583
vt 0.472144 0.014255583
vt 0.35792714 0.10419458
vt 0.24371028 0.014255583
vt 0.24371028 0.10419458
vt 0.12949347 0.014255583
vt 0.12949347 0.10419458
vt 0.015276611 0.014255583
vt 0.015276611 0.10419458
vt 0.472144 0.10419458
vt 0.35792714 0.014255583
vt 0.472144 0.014255583
vt 0.35792714 0.10419458
vt 0.24371028 0.014255583
vt 0.24371028 0.10419458
vt 0.12949347 0.014255583
vt 0.12949347 0.10419458
vt 0.015276611 0.014255583
vt 0.015276611 0.10419458
vt 0.015276611 0.10419458
vt 0.12949347 0.014255583
vt 0.015276611 0.014255583
vt 0.12949347 0.10419458
vt 0.24371028 0.014255583
vt 0.24371028 0.10419458
vt 0.35792714 0.014255583
vt 0.35792714 0.10419458
vt 0.472144 0.014255583
vt 0.472144 0.10419458
vt 0.015276611 0.10419458
vt 0.12949347 0.014255583
vt 0.015276611 0.014255583
vt 0.12949347 0.10419458
vt 0.24371028 0.014255583
vt 0.24371028 0.10419458
vt 0.35792714 0.014255583
vt 0.35792714 0.10419458
vt 0.472144 0.014255583
vt 0.472144 0.10419458
vt 0.472144 0.10419458
vt 0.35792714 0.014255583
vt 0.472144 0.014255583
vt 0.35792714 0.10419458
vt 0.24371028 0.014255583
vt 0.24371028 0.10419458
vt 0.12949347 0.014255583
vt 0.12949347 0.10419458
vt 0.015276611 0.014255583
vt 0.015276611 0.10419458
vt 0.472144 0.10419458
vt 0.35792714 0.014255583
vt 0.472144 0.014255583
vt 0.35792714 0.10419458
vt 0.24371028 0.014255583
vt 0.24371028 0.10419458
vt 0.12949347 0.014255583
vt 0.12949347 0.10419458
vt 0.015276611 0.014255583
vt 0.015276611 0.10419458
vt 0.015276611 0.10419458
vt 0.12949347 0.014255583
vt 0.015276611 0.014255583
vt 0.12949347 0.10419458
vt 0.24371028 0.014255583
vt 0.24371028 0.10419458
vt 0.35792714 0.014255583
vt 0.35792714 0.10419458
vt 0.472144 0.014255583
vt 0.472144 0.10419458
vt 0.9837251 0.8950881
vt 0.8695082 0.9850271
vt 0.9837251 0.9850271
vt 0.8695082 0.8950881
vt 0.75529134 0.8950881
vt 0.75529134 0.9850271
vt 0.64107454 0.8950881
vt 0.64107454 0.9850271
vt 0.5268577 0.8950881
vt 0.5268577 0.9850271
vt 0.9837251 0.9850271
vt 0.9837251 0.8950881
vt 0.8695082 0.8950881
vt 0.8695082 0.9850271
vt 0.75529134 0.8950881
vt 0.75529134 0.9850271
vt 0.64107454 0.8950881
vt 0.64107454 0.9850271
vt 0.5268577 0.8950881
vt 0.5268577 0.9850271
vt 0.9837251 0.9850271
vt 0.9837251 0.8950881
vt 0.8695082 0.8950881
vt 0.8695082 0.9850271
vt 0.75529134 0.8950881
vt 0.75529134 0.9850271
vt 0.64107454 0.8950881
vt 0.64107454 0.9850271
vt 0.5268577 0.8950881
vt 0.5268577 0.9850271
vt 0.9837251 0.9850271
vt 0.9837251 0.8950881
vt 0.8695082 0.8950881
vt 0.8695082 0.9850271
vt 0.75529134 0.8950881
vt 0.75529134 0.9850271
vt 0.64107454 0.9400576
vt 0.64107454 0.9400576
vt 0.75529134 0.8950881
vt 0.75529134 0.9850271
vt 0.8695082 0.9850271
vt 0.8695082 0.8950881
vt 0.9837251 0.9850271
vt 0.9837251 0.8950881
vt 0.5268577 0.8950881
vt 0.6410745 0.9850271
vt 0.5268577 0.9850271
vt 0.6410745 0.8950881
vt 0.75529134 0.9850271
vt 0.75529134 0.8950881
vt 0.8695082 0.9850271
vt 0.8695082 0.8950881
vt 0.9837251 0.9850271
vt 0.9837251 0.8950881
vt 0.5268577 0.8950881
vt 0.64107454 0.9850271
vt 0.5268577 0.9850271
vt 0.64107454 0.8950881
vt 0.75529134 0.9850271
vt 0.75529134 0.8950881
vt 0.8695082 0.9850271
vt 0.8695082 0.8950881
vt 0.9837251 0.8950881
vt 0.9837251 0.9850271
vt 0.5268577 0.8950881
vt 0.64107454 0.9850271
vt 0.5268577 0.9850271
vt 0.64107454 0.8950881
vt 0.75529134 0.8950881
vt 0.75529134 0.9850271
vt 0.8695082 0.8950881
vt 0.8695082 0.9850271
vt 0.9837251 0.8950881
vt 0.9837251 0.9850271
vt 0.35792714 0.10419458
vt 0.472144 0.10419458
vt 0.472144 0.014255583
vt 0.35792714 0.014255583
vt 0.24371028 0.10419458
vt 0.24371028 0.014255583
vt 0.12949347 0.10419458
vt 0.12949347 0.014255583
vt 0.015276611 0.10419458
vt 0.015276611 0.014255583
vt 0.472144 0.10419458
vt 0.35792714 0.014255583
vt 0.472144 0.014255583
vt 0.35792714 0.10419458
vt 0.24371028 0.014255583
vt 0.24371028 0.10419458
vt 0.12949347 0.014255583
vt 0.12949347 0.10419458
vt 0.015276611 0.014255583
vt 0.015276611 0.10419458
vt 0.472144 0.10419458
vt 0.35792714 0.014255583
vt 0.472144 0.014255583
vt 0.35792714 0.10419458
vt 0.24371028 0.014255583
vt 0.24371028 0.10419458
vt 0.12949347 0.014255583
vt 0.12949347 0.10419458
vt 0.015276611 0.014255583
vt 0.015276611 0.10419458
vt 0.015276611 0.10419458
vt 0.12949347 0.014255583
vt 0.015276611 0.014255583
vt 0.12949347 0.10419458
vt 0.24371028 0.014255583
vt 0.24371028 0.10419458
vt 0.35792714 0.014255583
vt 0.35792714 0.10419458
vt 0.472144 0.014255583
vt 0.472144 0.10419458
vt 0.015276611 0.10419458
vt 0.12949347 0.014255583
vt 0.015276611 0.014255583
vt 0.12949347 0.10419458
vt 0.24371028 0.014255583
vt 0.24371028 0.10419458
vt 0.35792714 0.014255583
vt 0.35792714 0.10419458
vt 0.472144 0.014255583
vt 0.472144 0.10419458
vt 0.472144 0.10419458
vt 0.35792714 0.014255583
vt 0.472144 0.014255583
vt 0.35792714 0.10419458
vt 0.24371028 0.014255583
vt 0.24371028 0.10419458
vt 0.12949347 0.014255583
vt 0.12949347 0.10419458
vt 0.015276611 0.014255583
vt 0.015276611 0.10419458
vt 0.472144 0.10419458
vt 0.35792714 0.014255583
vt 0.472144 0.014255583
vt 0.35792714 0.10419458
vt 0.24371028 0.014255583
vt 0.24371028 0.10419458
vt 0.12949347 0.014255583
vt 0.12949347 0.10419458
vt 0.015276611 0.014255583
vt 0.015276611 0.10419458
vt 0.015276611 0.10419458
vt 0.12949347 0.014255583
vt 0.015276611 0.014255583
vt 0.12949347 0.10419458
vt 0.24371028 0.014255583
vt 0.24371028 0.10419458
vt 0.35792714 0.014255583
vt 0.35792714 0.10419458
vt 0.472144 0.014255583
vt 0.472144 0.10419458
vt 0.9837251 0.8950881
vt 0.8695082 0.9850271
vt 0.9837251 0.9850271
vt 0.8695082 0.8950881
vt 0.75529134 0.8950881
vt 0.75529134 0.9850271
vt 0.64107454 0.8950881
vt 0.64107454 0.9850271
vt 0.5268577 0.8950881
vt 0.5268577 0.9850271
vt 0.9837251 0.9850271
vt 0.9837251 0.8950881
vt 0.8695082 0.8950881
vt 0.8695082 0.9850271
vt 0.75529134 0.8950881
vt 0.75529134 0.9850271
vt 0.64107454 0.8950881
vt 0.64107454 0.9850271
vt 0.5268577 0.8950881
vt 0.5268577 0.9850271
vt 0.9837251 0.9850271
vt 0.9837251 0.8950881
vt 0.8695082 0.8950881
vt 0.8695082 0.9850271
vt 0.75529134 0.8950881
vt 0.75529134 0.9850271
vt 0.64107454 0.8950881
vt 0.64107454 0.9850271
vt 0.5268577 0.8950881
vt 0.5268577 0.9850271
vt 0.9837251 0.9850271
vt 0.9837251 0.8950881
vt 0.8695082 0.8950881
vt 0.8695082 0.9850271
vt 0.75529134 0.8950881
vt 0.75529134 0.9850271
vt 0.64107454 0.9400576
vt 0.64107454 0.9400576
vt 0.75529134 0.8950881
vt 0.75529134 0.9850271
vt 0.8695082 0.9850271
vt 0.8695082 0.8950881
vt 0.9837251 0.9850271
vt 0.9837251 0.8950881
vt 0.5268577 0.8950881
vt 0.6410745 0.9850271
vt 0.5268577 0.9850271
vt 0.6410745 0.8950881
vt 0.75529134 0.9850271
vt 0.75529134 0.8950881
vt 0.8695082 0.9850271
vt 0.8695082 0.8950881
vt 0.9837251 0.9850271
vt 0.9837251 0.8950881
vt 0.5268577 0.8950881
vt 0.64107454 0.9850271
vt 0.5268577 0.9850271
vt 0.64107454 0.8950881
vt 0.75529134 0.9850271
vt 0.75529134 0.8950881
vt 0.8695082 0.9850271
vt 0.8695082 0.8950881
vt 0.9837251 0.8950881
vt 0.9837251 0.9850271
vt 0.5268577 0.8950881
vt 0.64107454 0.9850271
vt 0.5268577 0.9850271
vt 0.64107454 0.8950881
vt 0.75529134 0.8950881
vt 0.75529134 0.9850271
vt 0.8695082 0.8950881
vt 0.8695082 0.9850271
vt 0.9837251 0.8950881
vt 0.9837251 0.9850271
vt 0.26914138 0.7756888
vt 0.27009225 0.8534622
vt 0.22910908 0.8352139
vt 0.19267264 0.8082694
vt 0.29654723 0.79031974
vt 0.31298795 0.8644811
vt 0.3262849 0.79933244
vt 0.35682878 0.8676743
vt 0.35721713 0.8023774
vt 0.40049812 0.8636733
vt 0.34143144 0.72302943
vt 0.32627022 0.71844476
vt 0.3571099 0.6437393
vt 0.3571977 0.72457033
vt 0.31229544 0.71099263
vt 0.24511473 0.7560027
vt 0.37296414 0.72300667
vt 0.38815856 0.7993333
vt 0.4179216 0.7903109
vt 0.44299072 0.8521466
vt 0.38812518 0.7183973
vt 0.3000424 0.7009602
vt 0.40209824 0.7109174
vt 0.28998077 0.6887323
vt 0.41434544 0.7008534
vt 0.4453625 0.7756514
vt 0.48326126 0.833364
vt 0.46942323 0.75591236
vt 0.51974785 0.80708104
vt 0.22538492 0.73201627
vt 0.4243948 0.68859106
vt 0.4891745 0.7318489
vt 0.16503905 0.77227336
vt 0.15850723 0.7766309
vt 0.14370976 0.73238295
vt 0.13137457 0.73747903
vt 0.21070522 0.7046477
vt 0.13056533 0.6890982
vt 0.11088067 0.692993
vt 0.28249568 0.67477816
vt 0.12611178 0.6440888
vt 0.09941416 0.6440612
vt 0.20163687 0.6749435
vt 0.13053058 0.5990905
vt 0.09745033 0.5924637
vt 0.27787417 0.6596324
vt 0.19852756 0.6440391
vt 0.14370361 0.5558378
vt 0.10701611 0.5405708
vt 0.27629364 0.64387554
vt 0.20149845 0.61311656
vt 0.16506499 0.5159964
vt 0.12698081 0.4904461
vt 0.27781522 0.6281118
vt 0.21043903 0.5833593
vt 0.28238142 0.6129456
vt 0.289818 0.5989589
vt 0.2998408 0.5866893
vt 0.22501072 0.5559079
vt 0.19378762 0.48109883
vt 0.15749823 0.4447981
vt 0.24465977 0.53181666
vt 0.228687 0.4524848
vt 0.1978942 0.4065376
vt 0.26863682 0.5120128
vt 0.26849395 0.4312504
vt 0.24588723 0.3770277
vt 0.31206626 0.57660836
vt 0.31171978 0.418155
vt 0.299841 0.3591308
vt 0.2960251 0.4972611
vt 0.35670424 0.41363186
vt 0.3565955 0.353144
vt 0.41321033 0.35959178
vt 0.32602572 0.56910473
vt 0.32577527 0.4881336
vt 0.40171766 0.4179775
vt 0.46643525 0.37899777
vt 0.34118342 0.56446785
vt 0.3567447 0.4849872
vt 0.44492352 0.4310307
vt 0.51399255 0.40845144
vt 0.35695714 0.56287783
vt 0.38774163 0.48794872
vt 0.48470014 0.45229393
vt 0.553534 0.4470449
vt 0.37274027 0.5643969
vt 0.41757143 0.49690884
vt 0.38792533 0.56896824
vt 0.4019274 0.5764168
vt 0.41420686 0.5864566
vt 0.44508225 0.5115265
vt 0.5196402 0.48095077
vt 0.5837499 0.4922103
vt 0.46921104 0.5312405
vt 0.5483173 0.5158989
vt 0.6028647 0.542016
vt 0.48902458 0.55529183
vt 0.56962925 0.55579096
vt 0.61153805 0.593361
vt 0.4242903 0.5987012
vt 0.582758 0.5990879
vt 0.6093506 0.64412105
vt 0.5037567 0.5827524
vt 0.5872001 0.6441191
vt 0.59826195 0.6922057
vt 0.43178898 0.6126793
vt 0.51283824 0.61256176
vt 0.5827852 0.6891472
vt 0.5790256 0.73619086
vt 0.43641382 0.6278524
vt 0.5159196 0.64356834
vt 0.56968355 0.7323441
vt 0.552286 0.77474654
vt 0.43798703 0.6436356
vt 0.5128839 0.6745747
vt 0.54839855 0.772163
vt 0.5038513 0.7043844
vt 0.43644863 0.65942115
vt 0.43185854 0.674601
vt 0.27009225 0.8534622
vt 0.26914138 0.7756888
vt 0.22910908 0.8352139
vt 0.19267264 0.8082694
vt 0.29654723 0.79031974
vt 0.31298795 0.8644811
vt 0.3262849 0.79933244
vt 0.35682878 0.8676743
vt 0.35721713 0.8023774
vt 0.40049812 0.8636733
vt 0.34143144 0.72302943
vt 0.32627022 0.71844476
vt 0.3571099 0.6437393
vt 0.3571977 0.72457033
vt 0.31229544 0.71099263
vt 0.24511473 0.7560027
vt 0.37296414 0.72300667
vt 0.38815856 0.7993333
vt 0.4179216 0.7903109
vt 0.44299072 0.8521466
vt 0.38812518 0.7183973
vt 0.3000424 0.7009602
vt 0.40209824 0.7109174
vt 0.28998077 0.6887323
vt 0.41434544 0.7008534
vt 0.4453625 0.7756514
vt 0.48326126 0.833364
vt 0.46942323 0.75591236
vt 0.51974785 0.80708104
vt 0.22538492 0.73201627
vt 0.4243948 0.68859106
vt 0.4891745 0.7318489
vt 0.16503905 0.77227336
vt 0.15850723 0.7766309
vt 0.14370976 0.73238295
vt 0.13137457 0.73747903
vt 0.21070522 0.7046477
vt 0.13056533 0.6890982
vt 0.11088067 0.692993
vt 0.28249568 0.67477816
vt 0.20163687 0.6749435
vt 0.12611178 0.6440888
vt 0.09941416 0.6440612
vt 0.27787417 0.6596324
vt 0.19852756 0.6440391
vt 0.13053058 0.5990905
vt 0.09745033 0.5924637
vt 0.27629364 0.64387554
vt 0.20149845 0.61311656
vt 0.14370361 0.5558378
vt 0.10701611 0.5405708
vt 0.27781522 0.6281118
vt 0.21043903 0.5833593
vt 0.16506499 0.5159964
vt 0.12698081 0.4904461
vt 0.28238142 0.6129456
vt 0.289818 0.5989589
vt 0.2998408 0.5866893
vt 0.22501072 0.5559079
vt 0.19378762 0.48109883
vt 0.15749823 0.4447981
vt 0.24465977 0.53181666
vt 0.228687 0.4524848
vt 0.1978942 0.4065376
vt 0.26863682 0.5120128
vt 0.26849395 0.4312504
vt 0.24588723 0.3770277
vt 0.31206626 0.57660836
vt 0.2960251 0.4972611
vt 0.31171978 0.418155
vt 0.299841 0.3591308
vt 0.32602572 0.56910473
vt 0.32577527 0.4881336
vt 0.35670424 0.41363186
vt 0.3565955 0.353144
vt 0.41321033 0.35959178
vt 0.34118342 0.56446785
vt 0.40171766 0.4179775
vt 0.46643525 0.37899777
vt 0.3567447 0.4849872
vt 0.44492352 0.4310307
vt 0.51399255 0.40845144
vt 0.35695714 0.56287783
vt 0.38774163 0.48794872
vt 0.48470014 0.45229393
vt 0.553534 0.4470449
vt 0.37274027 0.5643969
vt 0.41757143 0.49690884
vt 0.38792533 0.56896824
vt 0.4019274 0.5764168
vt 0.41420686 0.5864566
vt 0.44508225 0.5115265
vt 0.5196402 0.48095077
vt 0.5837499 0.4922103
vt 0.46921104 0.5312405
vt 0.5483173 0.5158989
vt 0.6028647 0.542016
vt 0.48902458 0.55529183
vt 0.56962925 0.55579096
vt 0.61153805 0.593361
vt 0.4242903 0.5987012
vt 0.582758 0.5990879
vt 0.6093506 0.64412105
vt 0.5037567 0.5827524
vt 0.5872001 0.6441191
vt 0.59826195 0.6922057
vt 0.43178898 0.6126793
vt 0.51283824 0.61256176
vt 0.5827852 0.6891472
vt 0.5790256 0.73619086
vt 0.43641382 0.6278524
vt 0.5159196 0.64356834
vt 0.56968355 0.7323441
vt 0.552286 0.77474654
vt 0.43798703 0.6436356
vt 0.5128839 0.6745747
vt 0.54839855 0.772163
vt 0.5038513 0.7043844
vt 0.43644863 0.65942115
vt 0.43185854 0.674601
vt 0.27009225 0.8534622
vt 0.26914138 0.7756888
vt 0.22910908 0.8352139
vt 0.19267264 0.8082694
vt 0.29654723 0.79031974
vt 0.31298795 0.8644811
vt 0.3262849 0.79933244
vt 0.35682878 0.8676743
vt 0.35721713 0.8023774
vt 0.40049812 0.8636733
vt 0.34143144 0.72302943
vt 0.32627022 0.71844476
vt 0.3571099 0.6437393
vt 0.3571977 0.72457033
vt 0.31229544 0.71099263
vt 0.24511473 0.7560027
vt 0.37296414 0.72300667
vt 0.38815856 0.7993333
vt 0.4179216 0.7903109
vt 0.44299072 0.8521466
vt 0.38812518 0.7183973
vt 0.3000424 0.7009602
vt 0.40209824 0.7109174
vt 0.28998077 0.6887323
vt 0.41434544 0.7008534
vt 0.4453625 0.7756514
vt 0.48326126 0.833364
vt 0.46942323 0.75591236
vt 0.51974785 0.80708104
vt 0.22538492 0.73201627
vt 0.4243948 0.68859106
vt 0.4891745 0.7318489
vt 0.16503905 0.77227336
vt 0.15850723 0.7766309
vt 0.14370976 0.73238295
vt 0.13137457 0.73747903
vt 0.21070522 0.7046477
vt 0.13056533 0.6890982
vt 0.11088067 0.692993
vt 0.28249568 0.67477816
vt 0.20163687 0.6749435
vt 0.12611178 0.6440888
vt 0.09941416 0.6440612
vt 0.27787417 0.6596324
vt 0.19852756 0.6440391
vt 0.13053058 0.5990905
vt 0.09745033 0.5924637
vt 0.27629364 0.64387554
vt 0.20149845 0.61311656
vt 0.14370361 0.5558378
vt 0.10701611 0.5405708
vt 0.27781522 0.6281118
vt 0.21043903 0.5833593
vt 0.16506499 0.5159964
vt 0.12698081 0.4904461
vt 0.28238142 0.6129456
vt 0.289818 0.5989589
vt 0.2998408 0.5866893
vt 0.22501072 0.5559079
vt 0.19378762 0.48109883
vt 0.15749823 0.4447981
vt 0.24465977 0.53181666
vt 0.228687 0.4524848
vt 0.1978942 0.4065376
vt 0.26863682 0.5120128
vt 0.26849395 0.4312504
vt 0.24588723 0.3770277
vt 0.31206626 0.57660836
vt 0.2960251 0.4972611
vt 0.31171978 0.418155
vt 0.299841 0.3591308
vt 0.32602572 0.56910473
vt 0.32577527 0.4881336
vt 0.35670424 0.41363186
vt 0.3565955 0.353144
vt 0.41321033 0.35959178
vt 0.34118342 0.56446785
vt 0.40171766 0.4179775
vt 0.46643525 0.37899777
vt 0.3567447 0.4849872
vt 0.44492352 0.4310307
vt 0.51399255 0.40845144
vt 0.35695714 0.56287783
vt 0.38774163 0.48794872
vt 0.48470014 0.45229393
vt 0.553534 0.4470449
vt 0.37274027 0.5643969
vt 0.41757143 0.49690884
vt 0.38792533 0.56896824
vt 0.4019274 0.5764168
vt 0.41420686 0.5864566
vt 0.44508225 0.5115265
vt 0.5196402 0.48095077
vt 0.5837499 0.4922103
vt 0.46921104 0.5312405
vt 0.5483173 0.5158989
vt 0.6028647 0.542016
vt 0.48902458 0.55529183
vt 0.56962925 0.55579096
vt 0.61153805 0.593361
vt 0.4242903 0.5987012
vt 0.582758 0.5990879
vt 0.6093506 0.64412105
vt 0.5037567 0.5827524
vt 0.5872001 0.6441191
vt 0.59826195 0.6922057
vt 0.43178898 0.6126793
vt 0.51283824 0.61256176
vt 0.5827852 0.6891472
vt 0.5790256 0.73619086
vt 0.43641382 0.6278524
vt 0.5159196 0.64356834
vt 0.56968355 0.7323441
vt 0.552286 0.77474654
vt 0.43798703 0.6436356
vt 0.5128839 0.6745747
vt 0.54839855 0.772163
vt 0.5038513 0.7043844
vt 0.43644863 0.65942115
vt 0.43185854 0.674601
vn -0.9071105 0.0011345288 -0.42089096
vn -0.8239908 -0.0018658016 -0.56660014
vn -0.8103445 0.1621399 -0.56307405
vn -0.8965676 0.16512883 -0.41097343
vn -0.7685338 0.31809977 -0.5551292
vn -0.8674519 0.32102478 -0.3800923
vn -0.6951924 0.45801628 -0.5540114
vn -0.75968707 0.5130932 -0.39951333
vn -0.84214324 0.45052427 -0.29634893
vn -0.58930176 0.5860569 -0.55611223
vn -0.7862642 0.5792322 -0.21512458
vn -0.65155095 0.65366834 -0.38496634
vn -0.46361038 0.6896603 -0.556268
vn -0.6823931 0.69787145 -0.21752064
vn -0.7168639 0.6915524 -0.088664494
vn -0.5171561 0.7666848 -0.38045228
vn -0.3201325 0.7667492 -0.5564268
vn -0.5454949 0.8151546 -0.19482872
vn -0.6571918 0.7536549 0.010152644
vn -0.35766456 0.8528243 -0.3804824
vn -0.16428728 0.8144328 -0.556515
vn -0.5416779 0.84055907 -0.006748585
vn -0.56265277 0.81226605 0.15377113
vn -0.38021722 0.9048966 -0.19130352
vn -0.18415135 0.9062884 -0.38043353
vn -0.0021472764 0.830781 -0.55659527
vn -0.385667 0.9226379 0.00056755234
vn -0.19560036 0.9617719 -0.19166431
vn -0.0027383412 0.9248247 -0.3803837
vn -0.37207672 0.9080819 0.19221382
vn -0.49075156 0.82160753 0.2900414
vn -0.41921294 0.8009472 0.42748585
vn -0.19929989 0.97993577 0.0023031784
vn -0.3226684 0.8642232 0.38600954
vn -0.32559428 0.76350826 0.55771285
vn -0.19672172 0.960372 0.19744924
vn -0.0030007532 0.9814586 -0.19165075
vn 0.17876904 0.9073416 -0.3804902
vn 0.1600504 0.8150854 -0.5567941
vn -0.1847084 0.9056433 0.38169757
vn -0.0030622487 0.9999927 0.0023021665
vn 0.18970668 0.9629553 -0.19164683
vn 0.35256183 0.8548967 -0.38059396
vn 0.31606713 0.7680378 -0.5569735
vn -0.1639794 0.821296 0.546428
vn -0.268348 0.6810516 0.6812916
vn -0.0029980838 0.9805829 0.19608222
vn 0.19328527 0.9811399 0.0023023137
vn 0.37464476 0.90722513 -0.1912694
vn 0.51251197 0.7697171 -0.380614
vn 0.45982707 0.69154996 -0.55706173
vn -0.13925117 0.72059095 0.6792333
vn -0.21863738 0.57603145 0.7876456
vn 0.19083694 0.96156275 0.19742958
vn 0.37974817 0.9250899 0.00031322928
vn 0.539911 0.81882113 -0.195008
vn 0.6471296 0.6577197 -0.38552332
vn 0.5859245 0.588478 -0.55712295
vn -0.109149024 0.5987716 0.7934476
vn -0.14643842 0.45534497 0.87818944
vn 9.469058E-05 0.46680492 0.8843604
vn -0.12024443 0.31491098 0.9414735
vn -0.0010513688 0.6133359 0.7898215
vn 0.53533417 0.8446151 -0.006536672
vn 0.6789894 0.7008845 -0.21848156
vn 0.75501513 0.51891613 -0.40084684
vn 0.6914972 0.46142814 -0.55580187
vn 0.7788744 0.588906 -0.21574135
vn 0.70774525 0.7009518 -0.088108204
vn 0.83535165 0.46411943 -0.29458576
vn 0.6489421 0.76072454 0.013124928
vn 0.8623853 0.33208704 -0.38211238
vn 0.7652726 0.32292187 -0.5568476
vn 0.89400464 0.17475192 -0.41257423
vn 0.8085269 0.17094225 -0.5630835
vn 0.90486383 0.012536862 -0.42551637
vn 0.8223885 0.005986616 -0.56889474
vn 0.5542718 0.8175851 0.15600435
vn 0.36632615 0.91039944 0.19229658
vn 0.48322067 0.82459813 0.29416952
vn 0.41020972 0.80278563 0.4327393
vn 0.31656286 0.8668401 0.3851962
vn 0.3204753 0.7631982 0.56109196
vn 0.17947517 0.9065776 0.38197598
vn 0.15957503 0.8220292 0.5466295
vn 0.26461425 0.6786079 0.68517935
vn -0.0028104642 0.92399716 0.3823891
vn -0.0025221866 0.83710253 0.5470403
vn -0.002179391 0.7338811 0.67927456
vn 0.13568023 0.72118604 0.67932445
vn 0.21472345 0.5715502 0.79197496
vn 0.10575937 0.59938556 0.79344314
vn 0.1465261 0.4505781 0.88063014
vn 0.12237218 0.30852255 0.9433127
vn 0.000688984 0.31701243 0.9484212
vn 0.0015809548 0.16192679 0.9868015
vn -0.10303009 0.15977044 0.98176277
vn -0.09603831 -7.6608005E-05 0.99537766
vn 0.107046776 0.15319172 0.9823814
vn 0.0036133416 -0.0018147297 0.9999919
vn 0.10326134 -0.0025134021 0.99465114
vn -0.9071105 0.0011345288 -0.42089096
vn -0.8099469 -0.16561523 -0.5626346
vn -0.8239908 -0.0018658016 -0.56660014
vn -0.89705384 -0.16297874 -0.41077036
vn -0.76786417 -0.32150483 -0.5540932
vn -0.8680371 -0.31953618 -0.3800107
vn -0.69392633 -0.46102342 -0.5531037
vn -0.7573923 -0.51738405 -0.398335
vn -0.8427434 -0.4476042 -0.2990551
vn -0.58680016 -0.5890668 -0.5555769
vn -0.7870943 -0.57857335 -0.21385844
vn -0.64766437 -0.6578405 -0.3844175
vn -0.4606165 -0.6921693 -0.5556385
vn -0.6764535 -0.7045525 -0.21451505
vn -0.71916115 -0.6892944 -0.087637745
vn -0.5118705 -0.7702607 -0.38037762
vn -0.31626052 -0.7686341 -0.5560404
vn -0.54056686 -0.81857646 -0.1942163
vn -0.65864545 -0.7523812 0.010423002
vn -0.35170314 -0.8553368 -0.38039967
vn -0.16020714 -0.8152379 -0.5565256
vn -0.53710246 -0.84349275 -0.0063971374
vn -0.56492513 -0.810551 0.15448812
vn -0.37357724 -0.90763825 -0.19139701
vn -0.17771833 -0.907609 -0.38034463
vn 0.0015944039 -0.8306653 -0.5567699
vn -0.37970617 -0.9251059 0.0014705205
vn -0.18845074 -0.96317863 -0.19176356
vn 0.003931767 -0.92485756 -0.3802934
vn -0.36723566 -0.90983623 0.1932253
vn -0.4925551 -0.8208428 0.28914803
vn -0.4211649 -0.8001 0.42715344
vn -0.1920171 -0.98138887 0.0023062949
vn -0.3192894 -0.86468655 0.38777766
vn -0.3263401 -0.7623308 0.5588863
vn -0.18958305 -0.961785 0.19755478
vn 0.0043928805 -0.9814337 -0.19175184
vn 0.18541169 -0.90604407 -0.38040316
vn 0.16348846 -0.8144718 -0.5566931
vn -0.17848554 -0.9065737 0.38244882
vn 0.0044711973 -0.99998736 0.0023052932
vn 0.19705732 -0.96145815 -0.19174613
vn 0.3589072 -0.85228884 -0.380512
vn 0.31937042 -0.7669999 -0.5565193
vn -0.1594621 -0.8217511 0.5470803
vn -0.26873028 -0.68018377 0.68200743
vn 0.004389223 -0.9805562 0.19618937
vn 0.20077668 -0.97963434 0.0023055125
vn 0.38165617 -0.9042781 -0.19136283
vn 0.518297 -0.7658704 -0.38054034
vn 0.46320176 -0.6898021 -0.55643266
vn -0.1359534 -0.7211559 0.67930174
vn -0.21835336 -0.5747223 0.78867996
vn 0.19817744 -0.960055 0.19753522
vn 0.38798517 -0.9216643 0.0015308452
vn 0.5476588 -0.81371087 -0.19479308
vn 0.6526033 -0.65257764 -0.38503426
vn 0.5888213 -0.5860887 -0.5565875
vn -0.10606078 -0.5990497 0.7936564
vn -0.14688602 -0.4538957 0.8788647
vn 0.0031036895 -0.46616524 0.8846922
vn -0.12054383 -0.31341296 0.94193494
vn 0.0028341864 -0.61282325 0.790215
vn 0.5447562 -0.8385667 -0.006825575
vn 0.68110645 -0.7003985 -0.2133914
vn 0.7610533 -0.5111614 -0.39938945
vn 0.6951577 -0.45756686 -0.554426
vn 0.79244125 -0.56814384 -0.22192186
vn 0.72821534 -0.67859083 -0.09600508
vn 0.8460495 -0.43241882 -0.31179184
vn 0.6678633 -0.7442836 -0.00062453013
vn 0.86911666 -0.30632484 -0.3883315
vn 0.7686851 -0.31545174 -0.55642927
vn 0.89556503 -0.15024304 -0.4187963
vn 0.8089017 -0.1559041 -0.56689674
vn 0.90486383 0.012536862 -0.42551637
vn 0.8223885 0.005986616 -0.56889474
vn 0.57611614 -0.8042356 0.14592955
vn 0.37498945 -0.9067438 0.19286963
vn 0.50420284 -0.8175271 0.2782605
vn 0.4369166 -0.7979247 0.41523492
vn 0.32867172 -0.8604224 0.3894202
vn 0.3386742 -0.76200974 0.5519428
vn 0.18640642 -0.90508956 0.3821852
vn 0.1671002 -0.8203479 0.5469066
vn 0.28066453 -0.6827825 0.6745632
vn 0.004150149 -0.92391115 0.38258463
vn 0.0037833492 -0.8369318 0.54729396
vn 0.0033483119 -0.7336206 0.67955106
vn 0.1434703 -0.7201157 0.67885906
vn 0.23148479 -0.5795634 0.78135854
vn 0.113749236 -0.597695 0.79361314
vn 0.15747286 -0.45816305 0.87480795
vn 0.12962061 -0.32003996 0.938495
vn 0.003213955 -0.31757516 0.94822764
vn 0.0052740965 -0.16279024 0.98664665
vn 0.112104274 -0.16498983 0.97990364
vn 0.10326134 -0.0025134021 0.99465114
vn -0.10291771 -0.1580018 0.9820608
vn 0.0036133416 -0.0018147297 0.9999919
vn -0.09603831 -7.6608005E-05 0.99537766
vn -0.54117393 0.6892617 0.4817149
vn -0.32559428 0.76350826 0.55771285
vn -0.47501296 0.6487723 0.59452254
vn -0.41921294 0.8009472 0.42748585
vn -0.60973495 0.70413464 0.36389247
vn -0.49075156 0.82160753 0.2900414
vn -0.6783597 0.69258267 0.24526988
vn -0.56265277 0.81226605 0.15377113
vn -0.7442116 0.65508467 0.1304344
vn -0.6571918 0.7536549 0.010152644
vn -0.47501296 0.6487723 0.59452254
vn -0.32559428 0.76350826 0.55771285
vn -0.268348 0.6810516 0.6812916
vn -0.41354012 0.5840893 0.6984441
vn -0.21863738 0.57603145 0.7876456
vn -0.35897133 0.4974576 0.7897312
vn -0.14643842 0.45534497 0.87818944
vn -0.31347954 0.39150906 0.86513084
vn -0.12024443 0.31491098 0.9414735
vn -0.27864015 0.2711247 0.92133117
vn -0.27864015 0.2711247 0.92133117
vn -0.12024443 0.31491098 0.9414735
vn -0.10303009 0.15977044 0.98176277
vn -0.25510088 0.13977282 0.9567586
vn -0.09603831 -7.6608005E-05 0.99537766
vn -0.24419698 0.0014544813 0.96972454
vn -0.10291771 -0.1580018 0.9820608
vn -0.24696565 -0.1381496 0.959126
vn -0.12054383 -0.31341296 0.94193494
vn -0.26310426 -0.27375853 0.9251121
vn -0.26310426 -0.27375853 0.9251121
vn -0.12054383 -0.31341296 0.94193494
vn -0.14688602 -0.4538957 0.8788647
vn -0.29259318 -0.40017283 0.8684762
vn -0.21835336 -0.5747223 0.78867996
vn -0.33440822 -0.51206094 0.79117936
vn -0.26873028 -0.68018377 0.68200743
vn -0.3868958 -0.6047641 0.6961121
vn -0.3263401 -0.7623308 0.5588863
vn -0.4480561 -0.6744666 0.5868054
vn -0.4480561 -0.6744666 0.5868054
vn -0.3263401 -0.7623308 0.5588863
vn -0.4211649 -0.8001 0.42715344
vn -0.5155946 -0.71795666 0.4676541
vn -0.4925551 -0.8208428 0.28914803
vn -0.5868895 -0.73339754 0.34305793
vn -0.56492513 -0.810551 0.15448812
vn -0.6844055 -0.6883595 0.24031292
vn -0.65864545 -0.7523812 0.010423002
vn -0.75063616 -0.6483173 0.12739743
vn -0.75063616 -0.6483173 0.12739743
vn -0.65864545 -0.7523812 0.010423002
vn -0.71916115 -0.6892944 -0.087637745
vn -0.8116971 -0.5835818 0.024083098
vn -0.7870943 -0.57857335 -0.21385844
vn -0.8501869 -0.5163186 -0.10294277
vn -0.8427434 -0.4476042 -0.2990551
vn -0.8972849 -0.40327308 -0.17958443
vn -0.8680371 -0.31953618 -0.3800107
vn -0.9322971 -0.2752412 -0.23465775
vn -0.9322971 -0.2752412 -0.23465775
vn -0.8680371 -0.31953618 -0.3800107
vn -0.89705384 -0.16297874 -0.41077036
vn -0.95407784 -0.13712241 -0.2663326
vn -0.9071105 0.0011345288 -0.42089096
vn -0.96186584 0.0053585162 -0.27346903
vn -0.8965676 0.16512883 -0.41097343
vn -0.95549774 0.14641537 -0.2560987
vn -0.8674519 0.32102478 -0.3800923
vn -0.9354083 0.2803975 -0.21538012
vn -0.9354083 0.2803975 -0.21538012
vn -0.8674519 0.32102478 -0.3800923
vn -0.84214324 0.45052427 -0.29634893
vn -0.90259016 0.4022069 -0.15349482
vn -0.7862642 0.5792322 -0.21512458
vn -0.85845125 0.50768495 -0.07292088
vn -0.7168639 0.6915524 -0.088664494
vn -0.80490804 0.59294695 0.023172954
vn -0.6571918 0.7536549 0.010152644
vn -0.7442116 0.65508467 0.1304344
vn -0.61324877 0.50564784 0.60683304
vn -0.47501296 0.6487723 0.59452254
vn -0.41354012 0.5840893 0.6984441
vn -0.56425387 0.45596474 0.6882686
vn -0.520592 0.38872772 0.76018065
vn -0.35897133 0.4974576 0.7897312
vn -0.48196954 0.30747205 0.8204672
vn -0.31347954 0.39150906 0.86513084
vn -0.45395133 0.21463461 0.8647892
vn -0.27864015 0.2711247 0.92133117
vn -0.3869182 0.11966863 0.914316
vn -0.45395133 0.21463461 0.8647892
vn -0.27864015 0.2711247 0.92133117
vn -0.25510088 0.13977282 0.9567586
vn -0.37417415 0.0011231854 0.9273578
vn -0.24419698 0.0014544813 0.96972454
vn -0.37103626 -0.11976432 0.92086303
vn -0.24696565 -0.1381496 0.959126
vn -0.38018554 -0.23935437 0.8934027
vn -0.26310426 -0.27375853 0.9251121
vn -0.40064892 -0.35251448 0.84570324
vn -0.38018554 -0.23935437 0.8934027
vn -0.26310426 -0.27375853 0.9251121
vn -0.29259318 -0.40017283 0.8684762
vn -0.43364227 -0.4537951 0.7784757
vn -0.33440822 -0.51206094 0.79117936
vn -0.47622007 -0.5392266 0.6945855
vn -0.3868958 -0.6047641 0.6961121
vn -0.5274947 -0.60432893 0.59710616
vn -0.4480561 -0.6744666 0.5868054
vn -0.58599186 -0.6453994 0.48997247
vn -0.5274947 -0.60432893 0.59710616
vn -0.4480561 -0.6744666 0.5868054
vn -0.5155946 -0.71795666 0.4676541
vn -0.6484444 -0.6610468 0.3775408
vn -0.5868895 -0.73339754 0.34305793
vn -0.6844055 -0.6883595 0.24031292
vn -0.8116971 -0.5835818 0.024083098
vn -0.8501869 -0.5163186 -0.10294277
vn -0.885194 -0.4647787 -0.020311136
vn -0.8972849 -0.40327308 -0.17958443
vn -0.9279824 -0.36228493 -0.08716797
vn -0.9322971 -0.2752412 -0.23465775
vn -0.9600257 -0.24650204 -0.13261707
vn -0.9600257 -0.24650204 -0.13261707
vn -0.9322971 -0.2752412 -0.23465775
vn -0.95407784 -0.13712241 -0.2663326
vn -0.9800069 -0.122700356 -0.15662427
vn -0.96186584 0.0053585162 -0.27346903
vn -0.98756635 0.0036861587 -0.15715922
vn -0.95549774 0.14641537 -0.2560987
vn -0.98244953 0.1273198 -0.13631763
vn -0.9354083 0.2803975 -0.21538012
vn -0.9655119 0.24260063 -0.09450717
vn -0.9655119 0.24260063 -0.09450717
vn -0.9354083 0.2803975 -0.21538012
vn -0.90259016 0.4022069 -0.15349482
vn -0.93762934 0.34579447 -0.035741672
vn -0.85845125 0.50768495 -0.07292088
vn -0.9002922 0.4336597 0.03759033
vn -0.80490804 0.59294695 0.023172954
vn -0.85537463 0.5032408 0.12281227
vn -0.821528 0.5164009 0.24170618
vn -0.7442116 0.65508467 0.1304344
vn -0.821528 0.5164009 0.24170618
vn -0.7442116 0.65508467 0.1304344
vn -0.6783597 0.69258267 0.24526988
vn -0.770948 0.5433602 0.3322633
vn -0.71800184 0.550369 0.42610723
vn -0.60973495 0.70413464 0.36389247
vn -0.66473526 0.53780556 0.5185482
vn -0.54117393 0.6892617 0.4817149
vn -0.61324877 0.50564784 0.60683304
vn -0.47501296 0.6487723 0.59452254
vn -0.13895623 0.68862015 -0.7116836
vn -0.0025245228 0.7021755 -0.71199936
vn -0.0021472764 0.830781 -0.55659527
vn -0.16428728 0.8144328 -0.556515
vn -0.2704875 0.64927316 -0.7108312
vn -0.3201325 0.7667492 -0.5564268
vn -0.39236233 0.5852852 -0.70957243
vn -0.46361038 0.6896603 -0.556268
vn -0.49980474 0.49921498 -0.7077992
vn -0.58930176 0.5860569 -0.55611223
vn -0.0025245228 0.7021755 -0.71199936
vn 0.1600504 0.8150854 -0.5567941
vn -0.0021472764 0.830781 -0.55659527
vn 0.13409753 0.6894806 -0.7117826
vn 0.31606713 0.7680378 -0.5569735
vn 0.26600346 0.6508957 -0.71103936
vn 0.45982707 0.69154996 -0.55706173
vn 0.38854438 0.5873199 -0.709992
vn 0.5859245 0.588478 -0.55712295
vn 0.49643996 0.5018315 -0.7083167
vn 0.49643996 0.5018315 -0.7083167
vn 0.6914972 0.46142814 -0.55580187
vn 0.5859245 0.588478 -0.55712295
vn 0.5866355 0.39705083 -0.7058396
vn 0.7652726 0.32292187 -0.5568476
vn 0.6547586 0.27670765 -0.7033662
vn 0.8085269 0.17094225 -0.5630835
vn 0.6990095 0.14299938 -0.7006689
vn 0.8223885 0.005986616 -0.56889474
vn 0.71836746 0.0017263915 -0.6956618
vn 0.71836746 0.0017263915 -0.6956618
vn 0.8089017 -0.1559041 -0.56689674
vn 0.8223885 0.005986616 -0.56889474
vn 0.70991987 -0.13851482 -0.69052684
vn 0.7686851 -0.31545174 -0.55642927
vn 0.6719007 -0.27493295 -0.68772185
vn 0.6951577 -0.45756686 -0.554426
vn 0.6061926 -0.40383014 -0.6851656
vn 0.5888213 -0.5860887 -0.5565875
vn 0.51749855 -0.51665974 -0.6820982
vn 0.51749855 -0.51665974 -0.6820982
vn 0.46320176 -0.6898021 -0.55643266
vn 0.5888213 -0.5860887 -0.5565875
vn 0.40785852 -0.6097807 -0.6795725
vn 0.31937042 -0.7669999 -0.5565193
vn 0.2813068 -0.6795302 -0.677573
vn 0.16348846 -0.8144718 -0.5566931
vn 0.13646631 -0.69142914 -0.70943826
vn 0.0015944039 -0.8306653 -0.5567699
vn 0.00019325997 -0.7050811 -0.70912665
vn 0.00019325997 -0.7050811 -0.70912665
vn -0.16020714 -0.8152379 -0.5565256
vn 0.0015944039 -0.8306653 -0.5567699
vn -0.13553551 -0.69175845 -0.70929575
vn -0.31626052 -0.7686341 -0.5560404
vn -0.28044188 -0.6795097 -0.677952
vn -0.4606165 -0.6921693 -0.5556385
vn -0.4070791 -0.6100832 -0.6797684
vn -0.58680016 -0.5890668 -0.5555769
vn -0.516738 -0.5173197 -0.6821746
vn -0.516738 -0.5173197 -0.6821746
vn -0.69392633 -0.46102342 -0.5531037
vn -0.58680016 -0.5890668 -0.5555769
vn -0.60555106 -0.40489215 -0.68510616
vn -0.76786417 -0.32150483 -0.5540932
vn -0.6700578 -0.27753064 -0.6884761
vn -0.8099469 -0.16561523 -0.5626346
vn -0.7079596 -0.14054543 -0.6921274
vn -0.8239908 -0.0018658016 -0.56660014
vn -0.7182193 0.0004356537 -0.6958167
vn -0.7182193 0.0004356537 -0.6958167
vn -0.8103445 0.1621399 -0.56307405
vn -0.8239908 -0.0018658016 -0.56660014
vn -0.7010663 0.13983512 -0.69925123
vn -0.7685338 0.31809977 -0.5551292
vn -0.65744495 0.27268332 -0.7024315
vn -0.6951924 0.45801628 -0.5540114
vn -0.58921516 0.39402243 -0.70538765
vn -0.58930176 0.5860569 -0.55611223
vn -0.49980474 0.49921498 -0.7077992
vn -0.0023709766 0.54637325 -0.8375384
vn 0.13409753 0.6894806 -0.7117826
vn -0.0025245228 0.7021755 -0.71199936
vn 0.10464898 0.53755367 -0.83671063
vn 0.20845212 0.5082744 -0.83558655
vn 0.26600346 0.6508957 -0.71103936
vn 0.3061183 0.46114647 -0.83284783
vn 0.38854438 0.5873199 -0.709992
vn 0.3906284 0.39585662 -0.8310879
vn 0.49643996 0.5018315 -0.7083167
vn 0.49643996 0.5018315 -0.7083167
vn 0.3906284 0.39585662 -0.8310879
vn 0.4983867 0.33809668 -0.79831153
vn 0.5866355 0.39705083 -0.7058396
vn 0.5608396 0.23553894 -0.79371303
vn 0.6547586 0.27670765 -0.7033662
vn 0.6041348 0.12237143 -0.7874303
vn 0.6990095 0.14299938 -0.7006689
vn 0.6244597 0.00095835084 -0.78105646
vn 0.71836746 0.0017263915 -0.6956618
vn 0.71836746 0.0017263915 -0.6956618
vn 0.6244597 0.00095835084 -0.78105646
vn 0.6208554 -0.123509616 -0.77413434
vn 0.70991987 -0.13851482 -0.69052684
vn 0.5912104 -0.2459896 -0.7680881
vn 0.6719007 -0.27493295 -0.68772185
vn 0.53765786 -0.3612635 -0.7618482
vn 0.6061926 -0.40383014 -0.6851656
vn 0.46133777 -0.4639928 -0.75622624
vn 0.51749855 -0.51665974 -0.6820982
vn 0.51749855 -0.51665974 -0.6820982
vn 0.46133777 -0.4639928 -0.75622624
vn 0.36465347 -0.54916084 -0.7519643
vn 0.40785852 -0.6097807 -0.6795725
vn 0.2520758 -0.61339444 -0.74846846
vn 0.2813068 -0.6795302 -0.677573
vn 0.13646631 -0.69142914 -0.70943826
vn -0.13553551 -0.69175845 -0.70929575
vn -0.25089857 -0.6117263 -0.7502272
vn -0.28044188 -0.6795097 -0.677952
vn -0.4070791 -0.6100832 -0.6797684
vn -0.36372328 -0.5480059 -0.7532562
vn -0.516738 -0.5173197 -0.6821746
vn -0.45967904 -0.46280956 -0.7579595
vn -0.45967904 -0.46280956 -0.7579595
vn -0.60555106 -0.40489215 -0.68510616
vn -0.516738 -0.5173197 -0.6821746
vn -0.5360953 -0.36071375 -0.7632087
vn -0.6700578 -0.27753064 -0.6884761
vn -0.5890986 -0.24596485 -0.7697169
vn -0.7079596 -0.14054543 -0.6921274
vn -0.61816645 -0.12411154 -0.77618724
vn -0.7182193 0.0004356537 -0.6958167
vn -0.6218481 -0.0006010269 -0.7831377
vn -0.6218481 -0.0006010269 -0.7831377
vn -0.7010663 0.13983512 -0.69925123
vn -0.7182193 0.0004356537 -0.6958167
vn -0.602279 0.11962904 -0.78927106
vn -0.65744495 0.27268332 -0.7024315
vn -0.5607811 0.2325067 -0.7946478
vn -0.58921516 0.39402243 -0.70538765
vn -0.499193 0.3340466 -0.79951185
vn -0.39410055 0.39265126 -0.83096915
vn -0.49980474 0.49921498 -0.7077992
vn -0.39410055 0.39265126 -0.83096915
vn -0.39236233 0.5852852 -0.70957243
vn -0.49980474 0.49921498 -0.7077992
vn -0.30901334 0.4578652 -0.83358866
vn -0.21242398 0.50627095 -0.83580244
vn -0.2704875 0.64927316 -0.7108312
vn -0.10915588 0.53623074 -0.8369837
vn -0.13895623 0.68862015 -0.7116836
vn -0.0023709766 0.54637325 -0.8375384
vn -0.0025245228 0.7021755 -0.71199936
vn 0.537307 0.69218147 0.48185685
vn 0.47240183 0.65035796 0.59487075
vn 0.3204753 0.7631982 0.56109196
vn 0.41020972 0.80278563 0.4327393
vn 0.60485005 0.70844835 0.36367208
vn 0.48322067 0.82459813 0.29416952
vn 0.6727334 0.6983043 0.24454191
vn 0.5542718 0.8175851 0.15600435
vn 0.7381498 0.6621741 0.12907435
vn 0.6489421 0.76072454 0.013124928
vn 0.47240183 0.65035796 0.59487075
vn 0.26461425 0.6786079 0.68517935
vn 0.3204753 0.7631982 0.56109196
vn 0.41238 0.58444434 0.69883305
vn 0.21472345 0.5715502 0.79197496
vn 0.35940728 0.49672887 0.7899917
vn 0.1465261 0.4505781 0.88063014
vn 0.31560567 0.38988367 0.86509174
vn 0.12237218 0.30852255 0.9433127
vn 0.28247616 0.26882508 0.92083675
vn 0.28247616 0.26882508 0.92083675
vn 0.107046776 0.15319172 0.9823814
vn 0.12237218 0.30852255 0.9433127
vn 0.2609847 0.13749218 0.9555013
vn 0.10326134 -0.0025134021 0.99465114
vn 0.2512684 -0.0014392305 0.96791637
vn 0.112104274 -0.16498983 0.97990364
vn 0.25511733 -0.1404564 0.9566541
vn 0.12962061 -0.32003996 0.938495
vn 0.272899 -0.27614245 0.92155933
vn 0.272899 -0.27614245 0.92155933
vn 0.15747286 -0.45816305 0.87480795
vn 0.12962061 -0.32003996 0.938495
vn 0.30336034 -0.40187794 0.86398304
vn 0.23148479 -0.5795634 0.78135854
vn 0.34584108 -0.51283044 0.78574735
vn 0.28066453 -0.6827825 0.6745632
vn 0.3986558 -0.6043769 0.689784
vn 0.3386742 -0.76200974 0.5519428
vn 0.45978808 -0.6727458 0.579662
vn 0.45978808 -0.6727458 0.579662
vn 0.4369166 -0.7979247 0.41523492
vn 0.3386742 -0.76200974 0.5519428
vn 0.526938 -0.71477944 0.4598116
vn 0.50420284 -0.8175271 0.2782605
vn 0.5974991 -0.7286951 0.3346617
vn 0.57611614 -0.8042356 0.14592955
vn 0.6937587 -0.68198395 0.23150969
vn 0.6678633 -0.7442836 -0.00062453013
vn 0.7587233 -0.6405609 0.118408605
vn 0.7587233 -0.6405609 0.118408605
vn 0.72821534 -0.67859083 -0.09600508
vn 0.6678633 -0.7442836 -0.00062453013
vn 0.81830883 -0.5745805 0.015096963
vn 0.79244125 -0.56814384 -0.22192186
vn 0.8551461 -0.50620407 -0.111724876
vn 0.8460495 -0.43241882 -0.31179184
vn 0.90044194 -0.3922562 -0.18798763
vn 0.86911666 -0.30632484 -0.3883315
vn 0.9336605 -0.26387474 -0.2421741
vn 0.9336605 -0.26387474 -0.2421741
vn 0.89556503 -0.15024304 -0.4187963
vn 0.86911666 -0.30632484 -0.3883315
vn 0.95383036 -0.12531406 -0.27295437
vn 0.90486383 0.012536862 -0.42551637
vn 0.9597306 0.01812042 -0.28033686
vn 0.89400464 0.17475192 -0.41257423
vn 0.9515773 0.15808925 -0.26364443
vn 0.8623853 0.33208704 -0.38211238
vn 0.93086404 0.29054165 -0.2215346
vn 0.93086404 0.29054165 -0.2215346
vn 0.83535165 0.46411943 -0.29458576
vn 0.8623853 0.33208704 -0.38211238
vn 0.89717543 0.41272146 -0.15728082
vn 0.7788744 0.588906 -0.21574135
vn 0.85248876 0.51721597 -0.075833015
vn 0.70774525 0.7009518 -0.088108204
vn 0.79873025 0.6013199 0.021078702
vn 0.6489421 0.76072454 0.013124928
vn 0.7381498 0.6621741 0.12907435
vn 0.61243534 0.50878835 0.60502684
vn 0.41238 0.58444434 0.69883305
vn 0.47240183 0.65035796 0.59487075
vn 0.56456083 0.45819974 0.68653053
vn 0.522131 0.39016458 0.7583869
vn 0.35940728 0.49672887 0.7899917
vn 0.48480174 0.3082235 0.8185142
vn 0.31560567 0.38988367 0.86509174
vn 0.45808002 0.21489334 0.86254483
vn 0.28247616 0.26882508 0.92083675
vn 0.28247616 0.26882508 0.92083675
vn 0.45808002 0.21489334 0.86254483
vn 0.39242405 0.11899824 0.9120541
vn 0.2609847 0.13749218 0.9555013
vn 0.38101822 0.00028191655 0.92456746
vn 0.2512684 -0.0014392305 0.96791637
vn 0.3791025 -0.120575696 0.9174654
vn 0.25511733 -0.1404564 0.9566541
vn 0.38930863 -0.2398973 0.8893189
vn 0.272899 -0.27614245 0.92155933
vn 0.272899 -0.27614245 0.92155933
vn 0.38930863 -0.2398973 0.8893189
vn 0.41061464 -0.35256523 0.84088844
vn 0.30336034 -0.40187794 0.86398304
vn 0.44418305 -0.45311984 0.7729062
vn 0.34584108 -0.51283044 0.78574735
vn 0.48704764 -0.5376373 0.688281
vn 0.3986558 -0.6043769 0.689784
vn 0.53829515 -0.60166425 0.5901174
vn 0.45978808 -0.6727458 0.579662
vn 0.45978808 -0.6727458 0.579662
vn 0.53829515 -0.60166425 0.5901174
vn 0.596439 -0.64153695 0.48238036
vn 0.526938 -0.71477944 0.4598116
vn 0.65822834 -0.6559239 0.36945805
vn 0.5974991 -0.7286951 0.3346617
vn 0.6937587 -0.68198395 0.23150969
vn 0.81830883 -0.5745805 0.015096963
vn 0.88995486 -0.4551342 -0.028864665
vn 0.8551461 -0.50620407 -0.111724876
vn 0.90044194 -0.3922562 -0.18798763
vn 0.93116236 -0.351889 -0.09544964
vn 0.9336605 -0.26387474 -0.2421741
vn 0.9616441 -0.23559067 -0.14049125
vn 0.9616441 -0.23559067 -0.14049125
vn 0.95383036 -0.12531406 -0.27295437
vn 0.9336605 -0.26387474 -0.2421741
vn 0.9801406 -0.111518905 -0.1639751
vn 0.9597306 0.01812042 -0.28033686
vn 0.98636484 0.014882192 -0.16389938
vn 0.9515773 0.15808925 -0.26364443
vn 0.98010343 0.13828774 -0.14238612
vn 0.93086404 0.29054165 -0.2215346
vn 0.9622669 0.25311422 -0.099877514
vn 0.9622669 0.25311422 -0.099877514
vn 0.89717543 0.41272146 -0.15728082
vn 0.93086404 0.29054165 -0.2215346
vn 0.9337408 0.3556617 -0.04040877
vn 0.85248876 0.51721597 -0.075833015
vn 0.8960304 0.44271922 0.033605274
vn 0.79873025 0.6013199 0.021078702
vn 0.851019 0.511366 0.11946294
vn 0.8178947 0.5235576 0.23861179
vn 0.7381498 0.6621741 0.12907435
vn 0.8178947 0.5235576 0.23861179
vn 0.6727334 0.6983043 0.24454191
vn 0.7381498 0.6621741 0.12907435
vn 0.7677067 0.549519 0.32962912
vn 0.7153837 0.55549854 0.4238485
vn 0.60485005 0.70844835 0.36367208
vn 0.66293347 0.54191744 0.5165702
vn 0.537307 0.69218147 0.48185685
vn 0.61243534 0.50878835 0.60502684
vn 0.47240183 0.65035796 0.59487075
vn -0.63235444 0.21168998 0.7451948
vn -0.520592 0.38872772 0.76018065
vn -0.48196954 0.30747205 0.8204672
vn -0.45395133 0.21463461 0.8647892
vn -0.65755004 0.26919407 0.7036779
vn -0.56425387 0.45596474 0.6882686
vn -0.6877683 0.31658596 0.6532596
vn -0.61324877 0.50564784 0.60683304
vn -0.72168756 0.35197437 0.5960547
vn -0.66473526 0.53780556 0.5185482
vn -0.78761643 0.1668816 0.5931364
vn -0.77241725 0.14200509 0.61903656
vn -0.86160606 0.0019791916 0.5075736
vn -0.8049983 0.18542552 0.5635557
vn -0.7599825 0.11175239 0.640264
vn -0.6142422 0.14723773 0.7752597
vn -0.823894 0.19692264 0.53143215
vn -0.7581206 0.37433115 0.5339751
vn -0.79579914 0.38278875 0.4692296
vn -0.71800184 0.550369 0.42610723
vn -0.84357834 0.20092902 0.49799916
vn -0.75078946 0.07728394 0.65600497
vn -0.86329705 0.19728987 0.46453735
vn -0.7451898 0.03992335 0.6656563
vn -0.8822913 0.18614176 0.4323346
vn -0.83343995 0.3769429 0.40409404
vn -0.770948 0.5433602 0.3322633
vn -0.869215 0.3568354 0.34224805
vn -0.821528 0.5164009 0.24170618
vn -0.6038368 0.07587459 0.79348856
vn -0.8998305 0.1679117 0.4026297
vn -0.9025051 0.32241008 0.28554544
vn -0.4789493 0.10057707 0.87206185
vn -0.3869182 0.11966863 0.914316
vn -0.470464 -0.0015739378 0.88241774
vn -0.37417415 0.0011231854 0.9273578
vn -0.6005092 0.00022487828 0.7996178
vn -0.47164387 -0.10459037 0.8755644
vn -0.37103626 -0.11976432 0.92086303
vn -0.7433991 0.001105021 0.6688472
vn -0.48285586 -0.20525067 0.8513062
vn -0.38018554 -0.23935437 0.8934027
vn -0.6045326 -0.07465741 0.7930742
vn -0.5039448 -0.29933834 0.8102075
vn -0.40064892 -0.35251448 0.84570324
vn -0.7454858 -0.0376822 0.66545546
vn -0.6158839 -0.1466096 0.7740754
vn -0.53439945 -0.38300437 0.7534752
vn -0.43364227 -0.4537951 0.7784757
vn -0.7513696 -0.07494892 0.6556115
vn -0.6341294 -0.21287277 0.74334717
vn -0.57296544 -0.45280907 0.68313575
vn -0.47622007 -0.5392266 0.6945855
vn -0.7608257 -0.109266035 0.6396914
vn -0.6585716 -0.27090278 0.70206493
vn -0.77349186 -0.13931558 0.61830544
vn -0.78888226 -0.16394217 0.5922733
vn -0.8064057 -0.18219902 0.5625952
vn -0.6882748 -0.3184703 0.6518086
vn -0.6181181 -0.5053316 0.60213786
vn -0.5274947 -0.60432893 0.59710616
vn -0.7221006 -0.35374522 0.59450406
vn -0.66830075 -0.5383157 0.5134104
vn -0.58599186 -0.6453994 0.48997247
vn -0.7587521 -0.375367 0.5323484
vn -0.7213526 -0.55045193 0.4203011
vn -0.6484444 -0.6610468 0.3775408
vn -0.8253914 -0.19338277 0.53040755
vn -0.7746653 -0.5409357 0.32753977
vn -0.6844055 -0.6883595 0.24031292
vn -0.7968226 -0.38249797 0.4677276
vn -0.8265702 -0.509706 0.23870799
vn -0.75063616 -0.6483173 0.12739743
vn -0.8116971 -0.5835818 0.024083098
vn -0.84510946 -0.19706234 0.49694714
vn -0.834849 -0.37485662 0.40312475
vn -0.87460077 -0.45835033 0.15807755
vn -0.885194 -0.4647787 -0.020311136
vn -0.86480105 -0.19309315 0.46350202
vn -0.8713691 -0.3527303 0.34102365
vn -0.91724235 -0.3883417 0.08863987
vn -0.9279824 -0.36228493 -0.08716797
vn -0.8837103 -0.18162645 0.43135592
vn -0.9049765 -0.31696358 0.28381607
vn -0.9524193 -0.30308264 0.03222553
vn -0.9600257 -0.24650204 -0.13261707
vn -0.9011101 -0.16310011 0.4017448
vn -0.9343765 -0.26892766 0.23370582
vn -0.91633 -0.13822576 0.37580994
vn -0.9287837 -0.107959315 0.35454985
vn -0.93799204 -0.073464416 0.3387831
vn -0.9584357 -0.21046774 0.19262458
vn -0.9782347 -0.20734794 -0.007986969
vn -0.9800069 -0.122700356 -0.15662427
vn -0.97622573 -0.1438341 0.16215764
vn -0.9940553 -0.10450039 -0.030554732
vn -0.98756635 0.0036861587 -0.15715922
vn -0.9870603 -0.071591325 0.14348039
vn -0.9993987 0.0012452133 -0.034650262
vn -0.98244953 0.1273198 -0.13631763
vn -0.9436 -0.03606798 0.3291171
vn -0.9942002 0.10556865 -0.020525046
vn -0.9655119 0.24260063 -0.09450717
vn -0.99052167 0.003478628 0.13731307
vn -0.9788714 0.20418738 0.0108722
vn -0.93762934 0.34579447 -0.035741672
vn -0.9453918 0.002791319 0.325924
vn -0.9864762 0.0784819 0.14389288
vn -0.9542117 0.29350704 0.05773653
vn -0.9002922 0.4336597 0.03759033
vn -0.94329846 0.041615695 0.3293268
vn -0.9750811 0.15052971 0.16296522
vn -0.9214148 0.37030393 0.11777034
vn -0.85537463 0.5032408 0.12281227
vn -0.93740076 0.078912795 0.33919427
vn -0.9567766 0.21684782 0.1937927
vn -0.8817916 0.4323299 0.18850562
vn -0.93226945 0.27488485 0.23518518
vn -0.9279261 0.113247424 0.3551454
vn -0.9152399 0.14329837 0.37656564
vn 0.20845212 0.5082744 -0.83558655
vn 0.21304227 0.31759605 -0.92398363
vn 0.3061183 0.46114647 -0.83284783
vn 0.3906284 0.39585662 -0.8310879
vn 0.14585288 0.3517649 -0.9246558
vn 0.10464898 0.53755367 -0.83671063
vn 0.073173136 0.37261638 -0.92509604
vn -0.0023709766 0.54637325 -0.8375384
vn -0.001954 0.37937865 -0.9252394
vn -0.10915588 0.53623074 -0.8369837
vn 0.036812473 0.19449578 -0.98021233
vn 0.07419507 0.1832235 -0.9802674
vn -0.0017528979 -0.0009456284 -0.9999981
vn -0.0020521833 0.19825847 -0.9801476
vn 0.10866191 0.16487531 -0.9803105
vn 0.2705084 0.27176693 -0.9235626
vn -0.04090286 0.19436815 -0.9800755
vn -0.077050194 0.37198478 -0.9250354
vn -0.14942878 0.3506305 -0.9245157
vn -0.21242398 0.50627095 -0.83580244
vn -0.07824773 0.18297236 -0.9799992
vn 0.13888577 0.14015718 -0.98034006
vn -0.11265618 0.1645092 -0.97992104
vn 0.16370705 0.11001812 -0.980355
vn -0.14279893 0.13969012 -0.97984445
vn -0.21652266 0.31596544 -0.92373365
vn -0.30901334 0.4578652 -0.83358866
vn -0.27457112 0.26962894 -0.92299026
vn -0.39410055 0.39265126 -0.83096915
vn 0.31763574 0.21405953 -0.92373484
vn -0.1675213 0.10946606 -0.9797723
vn -0.32179663 0.21231508 -0.92269677
vn 0.42906287 0.2880047 -0.85612977
vn 0.4983867 0.33809668 -0.79831153
vn 0.48100168 0.19884665 -0.85387206
vn 0.5608396 0.23553894 -0.79371303
vn 0.35348386 0.1469377 -0.92382824
vn 0.51504034 0.10121117 -0.85116965
vn 0.6041348 0.12237143 -0.7874303
vn 0.18217316 0.07561508 -0.9803547
vn 0.37549916 0.07482563 -0.9237974
vn 0.5295966 -0.0020547437 -0.84824705
vn 0.6244597 0.00095835084 -0.78105646
vn 0.19357283 0.03827 -0.9803392
vn 0.3830252 -0.00019687269 -0.9237379
vn 0.5235555 -0.10682718 -0.84526783
vn 0.6208554 -0.123509616 -0.77413434
vn 0.19746895 -0.00058193936 -0.980309
vn 0.37577185 -0.07524668 -0.9236523
vn 0.49662903 -0.2090386 -0.8424147
vn 0.5912104 -0.2459896 -0.7680881
vn 0.19371116 -0.039445966 -0.98026526
vn 0.3540168 -0.14744145 -0.92354375
vn 0.4496908 -0.3045806 -0.83964807
vn 0.53765786 -0.3612635 -0.7618482
vn 0.1824435 -0.07683024 -0.9802099
vn 0.16409765 -0.111301124 -0.98014486
vn 0.13937984 -0.1415305 -0.9800726
vn 0.3185944 -0.21400738 -0.9234168
vn 0.3844864 -0.3890069 -0.8371641
vn 0.46133777 -0.4639928 -0.75622624
vn 0.2708657 -0.27238497 -0.9232758
vn 0.3032105 -0.4589543 -0.8351193
vn 0.36465347 -0.54916084 -0.7519643
vn 0.21266311 -0.32033008 -0.92312676
vn 0.20903997 -0.5116769 -0.83336014
vn 0.2520758 -0.61339444 -0.74846846
vn 0.10924002 -0.16635561 -0.97999614
vn 0.1462228 -0.3560004 -0.92297494
vn 0.106652655 -0.54435 -0.83205074
vn 0.13646631 -0.69142914 -0.70943826
vn 0.074834995 -0.18482457 -0.9799182
vn 0.074098006 -0.37802237 -0.92282635
vn -0.00034584393 -0.55540836 -0.83157766
vn 0.00019325997 -0.7050811 -0.70912665
vn -0.13553551 -0.69175845 -0.70929575
vn 0.03748589 -0.19622669 -0.9798418
vn -0.106795795 -0.5444169 -0.8319885
vn -0.25089857 -0.6117263 -0.7502272
vn -0.00093917554 -0.3855495 -0.9226867
vn -0.20904724 -0.51144826 -0.8334986
vn -0.36372328 -0.5480059 -0.7532562
vn -0.0013698369 -0.20012291 -0.9797698
vn -0.0760039 -0.3782909 -0.9225614
vn -0.30336607 -0.45862228 -0.8352452
vn -0.45967904 -0.46280956 -0.7579595
vn -0.040239878 -0.19636303 -0.97970515
vn -0.14821105 -0.35652557 -0.92245495
vn -0.077628806 -0.18509221 -0.97965026
vn -0.11210089 -0.16674237 -0.9796072
vn -0.14233121 -0.14201923 -0.9795777
vn -0.2147844 -0.32108924 -0.92237157
vn -0.38450256 -0.38890654 -0.8372034
vn -0.5360953 -0.36071375 -0.7632087
vn -0.27316406 -0.27334455 -0.92231447
vn -0.4497218 -0.3047898 -0.83955556
vn -0.5890986 -0.24596485 -0.7697169
vn -0.321106 -0.21512641 -0.9222861
vn -0.4965144 -0.20977686 -0.8422986
vn -0.61816645 -0.12411154 -0.77618724
vn -0.16715577 -0.11187362 -0.97956276
vn -0.52337795 -0.10790868 -0.84524035
vn -0.6218481 -0.0006010269 -0.7831377
vn -0.35676724 -0.14867312 -0.9222871
vn -0.52959543 -0.003516615 -0.84824306
vn -0.602279 0.11962904 -0.78927106
vn -0.1856226 -0.077462986 -0.97956306
vn -0.37877655 -0.07654074 -0.9223176
vn -0.5155728 0.09933744 -0.851068
vn -0.5607811 0.2325067 -0.7946478
vn -0.19702065 -0.040112674 -0.97957844
vn -0.38628882 -0.001501934 -0.92237663
vn -0.482432 0.19668588 -0.8535655
vn -0.499193 0.3340466 -0.79951185
vn -0.20091197 -0.0012565171 -0.9796085
vn -0.37901634 0.07355837 -0.92246175
vn -0.43186158 0.2853762 -0.85560274
vn -0.35723963 0.14575544 -0.92256993
vn -0.197148 0.03761232 -0.979652
vn -0.18587348 0.074997686 -0.97970724
vn 0.522131 0.39016458 0.7583869
vn 0.63557285 0.2144231 0.741667
vn 0.48480174 0.3082235 0.8185142
vn 0.45808002 0.21489334 0.86254483
vn 0.6598592 0.27238208 0.70028126
vn 0.56456083 0.45819974 0.68653053
vn 0.68920755 0.32032838 0.6499096
vn 0.61243534 0.50878835 0.60502684
vn 0.7223311 0.35634768 0.592667
vn 0.66293347 0.54191744 0.5165702
vn 0.7901264 0.17203505 0.58830637
vn 0.77538085 0.14687802 0.6141754
vn 0.86518127 0.008423448 0.5013884
vn 0.80709237 0.19090378 0.5587107
vn 0.763421 0.116397835 0.6353267
vn 0.61835754 0.14965019 0.77151716
vn 0.8256273 0.20275737 0.5265254
vn 0.7580681 0.37939122 0.53046674
vn 0.79517573 0.38856825 0.46552145
vn 0.7153837 0.55549854 0.4238485
vn 0.8450202 0.20713906 0.49298522
vn 0.7547054 0.08176531 0.6509487
vn 0.8645263 0.20387892 0.4593776
vn 0.74956936 0.044314127 0.6604409
vn 0.8833948 0.19310023 0.42699665
vn 0.83239126 0.3834489 0.40011448
vn 0.7677067 0.549519 0.32962912
vn 0.8679133 0.36403933 0.3379374
vn 0.8178947 0.5235576 0.23861179
vn 0.6088339 0.07811055 0.7894428
vn 0.9009002 0.17521587 0.39708722
vn 0.9011368 0.3302686 0.2808471
vn 0.4843139 0.10109195 0.8690342
vn 0.39242405 0.11899824 0.9120541
vn 0.47697508 -0.0011710433 0.8789161
vn 0.38101822 0.00028191655 0.92456746
vn 0.60634345 0.002420987 0.7951991
vn 0.4791852 -0.104110144 0.8715174
vn 0.3791025 -0.120575696 0.9174654
vn 0.74820864 0.0054779127 0.6634409
vn 0.6111029 -0.07235986 0.78823674
vn 0.49127585 -0.20449668 0.8466576
vn 0.38930863 -0.2398973 0.8893189
vn 0.75067663 -0.03325576 0.6598323
vn 0.62306786 -0.1440689 0.7687851
vn 0.51305145 -0.29811966 0.80492413
vn 0.41061464 -0.35256523 0.84088844
vn 0.7568775 -0.07039522 0.6497545
vn 0.6417808 -0.20995586 0.7375879
vn 0.54396856 -0.38114256 0.74754846
vn 0.44418305 -0.45311984 0.7729062
vn 0.76657456 -0.1045152 0.6335929
vn 0.6665257 -0.2674916 0.6958389
vn 0.58275115 -0.45014903 0.6765848
vn 0.48704764 -0.5376373 0.688281
vn 0.7793957 -0.13430713 0.6119672
vn 0.7948501 -0.15862566 0.58570576
vn 0.81234384 -0.1765364 0.5558167
vn 0.6963551 -0.31446552 0.6451363
vn 0.62785906 -0.50175077 0.59501195
vn 0.53829515 -0.60166425 0.5901174
vn 0.73012567 -0.34907016 0.58742374
vn 0.67773306 -0.5337255 0.5057814
vn 0.596439 -0.64153695 0.48238036
vn 0.7665414 -0.36997035 0.52491546
vn 0.73022324 -0.5448057 0.41226298
vn 0.65822834 -0.6559239 0.36945805
vn 0.8312057 -0.1873475 0.5234482
vn 0.80420446 -0.37635782 0.46001074
vn 0.78274643 -0.53424096 0.31920955
vn 0.6937587 -0.68198395 0.23150969
vn 0.8507114 -0.19064327 0.48984218
vn 0.84166735 -0.3679804 0.39520445
vn 0.8336604 -0.5020085 0.23021226
vn 0.7587233 -0.6405609 0.118408605
vn 0.81830883 -0.5745805 0.015096963
vn 0.8701101 -0.18629465 0.45629242
vn 0.88054794 -0.4497449 0.14954878
vn 0.88995486 -0.4551342 -0.028864665
vn 0.8774896 -0.34515366 0.33298764
vn 0.92193216 -0.37895554 0.08021189
vn 0.93116236 -0.351889 -0.09544964
vn 0.8886578 -0.17446662 0.42408577
vn 0.9102923 -0.30875024 0.2757556
vn 0.95578796 -0.29307368 0.02402659
vn 0.9616441 -0.23559067 -0.14049125
vn 0.90564126 -0.15561147 0.39446056
vn 0.9388111 -0.26016724 0.22571394
vn 0.9204041 -0.13045608 0.3685614
vn 0.9323803 -0.099963866 0.347382
vn 0.9411086 -0.06530701 0.33173746
vn 0.96194744 -0.20127027 0.18478997
vn 0.980294 -0.1969075 -0.015843675
vn 0.9801406 -0.111518905 -0.1639751
vn 0.97880894 -0.13432613 0.1545623
vn 0.9948638 -0.093830824 -0.03797097
vn 0.98636484 0.014882192 -0.16389938
vn 0.9887454 -0.061911013 0.13619682
vn 0.9990652 0.011934712 -0.04154765
vn 0.98010343 0.13828774 -0.14238612
vn 0.94625163 -0.027821567 0.3222325
vn 0.99287766 0.116073415 -0.026847947
vn 0.9622669 0.25311422 -0.099877514
vn 0.9913737 0.0131857265 0.13040093
vn 0.9767506 0.2143167 0.0051555964
vn 0.9337408 0.3556617 -0.04040877
vn 0.9476123 0.011050595 0.3192316
vn 0.9865927 0.08807197 0.13739806
vn 0.951507 0.30309102 0.052635036
vn 0.8960304 0.44271922 0.033605274
vn 0.94513786 0.04981611 0.32285088
vn 0.9745874 0.15986381 0.15691724
vn 0.9183559 0.37920013 0.113268435
vn 0.851019 0.511366 0.11946294
vn 0.9389241 0.08698168 0.33295015
vn 0.95582175 0.22579648 0.18820418
vn 0.87861323 0.44042313 0.18457095
vn 0.93101925 0.28333566 0.23005253
vn 0.92921054 0.12111614 0.34913996
vn 0.9163708 0.1509099 0.37079746
g Pushball_2_0
f 3/3/3 2/2/2 1/1/1
f 4/4/4 3/3/3 1/1/1
f 5/5/5 3/3/3 4/4/4
f 6/6/6 5/5/5 4/4/4
f 7/7/7 5/5/5 6/6/6
f 8/8/8 7/7/7 6/6/6
f 8/8/8 6/6/6 9/9/9
f 10/10/10 7/7/7 8/8/8
f 9/9/9 11/11/11 8/8/8
f 12/12/12 10/10/10 8/8/8
f 12/12/12 8/8/8 11/11/11
f 13/13/13 10/10/10 12/12/12
f 14/14/14 12/12/12 11/11/11
f 14/14/14 11/11/11 15/15/15
f 16/16/16 13/13/13 12/12/12
f 16/16/16 12/12/12 14/14/14
f 17/17/17 13/13/13 16/16/16
f 18/18/18 14/14/14 15/15/15
f 18/18/18 16/16/16 14/14/14
f 18/18/18 15/15/15 19/19/19
f 20/20/20 17/17/17 16/16/16
f 20/20/20 16/16/16 18/18/18
f 21/21/21 17/17/17 20/20/20
f 22/22/22 18/18/18 19/19/19
f 22/22/22 19/19/19 23/23/23
f 24/24/24 20/20/20 18/18/18
f 24/24/24 18/18/18 22/22/22
f 25/25/25 21/21/21 20/20/20
f 25/25/25 20/20/20 24/24/24
f 26/26/26 21/21/21 25/25/25
f 27/27/27 22/22/22 23/23/23
f 27/27/27 24/24/24 22/22/22
f 28/28/28 25/25/25 24/24/24
f 28/28/28 24/24/24 27/27/27
f 29/29/29 26/26/26 25/25/25
f 29/29/29 25/25/25 28/28/28
f 30/30/30 27/27/27 23/23/23
f 30/30/30 23/23/23 31/31/31
f 30/30/30 31/31/31 32/32/32
f 33/33/33 28/28/28 27/27/27
f 33/33/33 27/27/27 30/30/30
f 34/34/34 30/30/30 32/32/32
f 35/35/35 34/34/34 32/32/32
f 36/36/36 30/30/30 34/34/34
f 36/36/36 33/33/33 30/30/30
f 37/37/37 28/28/28 33/33/33
f 37/37/37 29/29/29 28/28/28
f 26/26/26 29/29/29 38/38/38
f 39/39/39 26/26/26 38/38/38
f 40/40/40 34/34/34 35/35/35
f 40/40/40 36/36/36 34/34/34
f 41/41/41 33/33/33 36/36/36
f 41/41/41 37/37/37 33/33/33
f 29/29/29 37/37/37 42/42/42
f 38/38/38 29/29/29 42/42/42
f 39/39/39 38/38/38 43/43/43
f 44/44/44 39/39/39 43/43/43
f 45/45/45 40/40/40 35/35/35
f 45/45/45 35/35/35 46/46/46
f 47/47/47 36/36/36 40/40/40
f 47/47/47 41/41/41 36/36/36
f 37/37/37 41/41/41 48/48/48
f 42/42/42 37/37/37 48/48/48
f 38/38/38 42/42/42 49/49/49
f 43/43/43 38/38/38 49/49/49
f 44/44/44 43/43/43 50/50/50
f 51/51/51 44/44/44 50/50/50
f 52/52/52 45/45/45 46/46/46
f 52/52/52 46/46/46 53/53/53
f 41/41/41 47/47/47 54/54/54
f 48/48/48 41/41/41 54/54/54
f 42/42/42 48/48/48 55/55/55
f 49/49/49 42/42/42 55/55/55
f 43/43/43 49/49/49 56/56/56
f 50/50/50 43/43/43 56/56/56
f 51/51/51 50/50/50 57/57/57
f 58/58/58 51/51/51 57/57/57
f 59/59/59 52/52/52 53/53/53
f 59/59/59 53/53/53 60/60/60
f 59/59/59 60/60/60 61/61/61
f 61/61/61 60/60/60 62/62/62
f 52/52/52 59/59/59 63/63/63
f 63/63/63 59/59/59 61/61/61
f 49/49/49 55/55/55 64/64/64
f 56/56/56 49/49/49 64/64/64
f 50/50/50 56/56/56 65/65/65
f 57/57/57 50/50/50 65/65/65
f 58/58/58 57/57/57 66/66/66
f 67/67/67 58/58/58 66/66/66
f 57/57/57 65/65/65 68/68/68
f 66/66/66 57/57/57 68/68/68
f 68/68/68 65/65/65 69/69/69
f 65/65/65 56/56/56 69/69/69
f 68/68/68 70/70/70 66/66/66
f 71/71/71 69/69/69 56/56/56
f 64/64/64 71/71/71 56/56/56
f 72/72/72 66/66/66 70/70/70
f 67/67/67 66/66/66 72/72/72
f 73/73/73 67/67/67 72/72/72
f 73/73/73 72/72/72 74/74/74
f 75/75/75 73/73/73 74/74/74
f 75/75/75 74/74/74 76/76/76
f 77/77/77 75/75/75 76/76/76
f 71/71/71 64/64/64 78/78/78
f 64/64/64 55/55/55 78/78/78
f 55/55/55 79/79/79 78/78/78
f 78/78/78 79/79/79 80/80/80
f 55/55/55 48/48/48 79/79/79
f 80/80/80 79/79/79 81/81/81
f 48/48/48 54/54/54 79/79/79
f 79/79/79 82/82/82 81/81/81
f 79/79/79 54/54/54 82/82/82
f 82/82/82 83/83/83 81/81/81
f 54/54/54 84/84/84 82/82/82
f 82/82/82 84/84/84 83/83/83
f 54/54/54 47/47/47 84/84/84
f 84/84/84 85/85/85 83/83/83
f 83/83/83 85/85/85 86/86/86
f 47/47/47 87/87/87 84/84/84
f 84/84/84 87/87/87 85/85/85
f 87/87/87 47/47/47 40/40/40
f 87/87/87 40/40/40 45/45/45
f 88/88/88 87/87/87 45/45/45
f 87/87/87 88/88/88 85/85/85
f 88/88/88 45/45/45 89/89/89
f 88/88/88 89/89/89 85/85/85
f 45/45/45 52/52/52 89/89/89
f 89/89/89 52/52/52 63/63/63
f 85/85/85 90/90/90 86/86/86
f 89/89/89 90/90/90 85/85/85
f 89/89/89 63/63/63 90/90/90
f 86/86/86 90/90/90 91/91/91
f 63/63/63 92/92/92 90/90/90
f 90/90/90 92/92/92 91/91/91
f 91/91/91 92/92/92 93/93/93
f 63/63/63 61/61/61 92/92/92
f 61/61/61 93/93/93 92/92/92
f 93/93/93 61/61/61 94/94/94
f 61/61/61 95/95/95 94/94/94
f 95/95/95 61/61/61 62/62/62
f 95/95/95 96/96/96 94/94/94
f 95/95/95 62/62/62 96/96/96
f 62/62/62 97/97/97 96/96/96
f 97/97/97 98/98/98 96/96/96
f 96/96/96 99/99/99 94/94/94
f 98/98/98 100/100/100 96/96/96
f 96/96/96 100/100/100 99/99/99
f 100/100/100 101/101/101 99/99/99
f 104/104/104 103/103/103 102/102/102
f 103/103/103 105/105/105 102/102/102
f 103/103/103 106/106/106 105/105/105
f 106/106/106 107/107/107 105/105/105
f 106/106/106 108/108/108 107/107/107
f 108/108/108 109/109/109 107/107/107
f 107/107/107 109/109/109 110/110/110
f 108/108/108 111/111/111 109/109/109
f 112/112/112 110/110/110 109/109/109
f 111/111/111 113/113/113 109/109/109
f 109/109/109 113/113/113 112/112/112
f 111/111/111 114/114/114 113/113/113
f 113/113/113 115/115/115 112/112/112
f 112/112/112 115/115/115 116/116/116
f 114/114/114 117/117/117 113/113/113
f 113/113/113 117/117/117 115/115/115
f 114/114/114 118/118/118 117/117/117
f 115/115/115 119/119/119 116/116/116
f 117/117/117 119/119/119 115/115/115
f 120/120/120 116/116/116 119/119/119
f 118/118/118 121/121/121 117/117/117
f 117/117/117 121/121/121 119/119/119
f 118/118/118 122/122/122 121/121/121
f 123/123/123 120/120/120 119/119/119
f 120/120/120 123/123/123 124/124/124
f 121/121/121 125/125/125 119/119/119
f 119/119/119 125/125/125 123/123/123
f 122/122/122 126/126/126 121/121/121
f 121/121/121 126/126/126 125/125/125
f 122/122/122 127/127/127 126/126/126
f 123/123/123 128/128/128 124/124/124
f 125/125/125 128/128/128 123/123/123
f 126/126/126 129/129/129 125/125/125
f 125/125/125 129/129/129 128/128/128
f 127/127/127 130/130/130 126/126/126
f 126/126/126 130/130/130 129/129/129
f 128/128/128 131/131/131 124/124/124
f 124/124/124 131/131/131 132/132/132
f 132/132/132 131/131/131 133/133/133
f 129/129/129 134/134/134 128/128/128
f 128/128/128 134/134/134 131/131/131
f 131/131/131 135/135/135 133/133/133
f 135/135/135 136/136/136 133/133/133
f 131/131/131 137/137/137 135/135/135
f 134/134/134 137/137/137 131/131/131
f 129/129/129 138/138/138 134/134/134
f 130/130/130 138/138/138 129/129/129
f 130/130/130 127/127/127 139/139/139
f 127/127/127 140/140/140 139/139/139
f 135/135/135 141/141/141 136/136/136
f 137/137/137 141/141/141 135/135/135
f 134/134/134 142/142/142 137/137/137
f 138/138/138 142/142/142 134/134/134
f 138/138/138 130/130/130 143/143/143
f 130/130/130 139/139/139 143/143/143
f 139/139/139 140/140/140 144/144/144
f 140/140/140 145/145/145 144/144/144
f 141/141/141 146/146/146 136/136/136
f 136/136/136 146/146/146 147/147/147
f 137/137/137 148/148/148 141/141/141
f 142/142/142 148/148/148 137/137/137
f 142/142/142 138/138/138 149/149/149
f 138/138/138 143/143/143 149/149/149
f 143/143/143 139/139/139 150/150/150
f 139/139/139 144/144/144 150/150/150
f 144/144/144 145/145/145 151/151/151
f 145/145/145 152/152/152 151/151/151
f 146/146/146 153/153/153 147/147/147
f 147/147/147 153/153/153 154/154/154
f 148/148/148 142/142/142 155/155/155
f 142/142/142 149/149/149 155/155/155
f 149/149/149 143/143/143 156/156/156
f 143/143/143 150/150/150 156/156/156
f 150/150/150 144/144/144 157/157/157
f 144/144/144 151/151/151 157/157/157
f 151/151/151 152/152/152 158/158/158
f 152/152/152 159/159/159 158/158/158
f 153/153/153 160/160/160 154/154/154
f 154/154/154 160/160/160 161/161/161
f 162/162/162 161/161/161 160/160/160
f 161/161/161 162/162/162 163/163/163
f 164/164/164 160/160/160 153/153/153
f 164/164/164 162/162/162 160/160/160
f 156/156/156 150/150/150 165/165/165
f 150/150/150 157/157/157 165/165/165
f 151/151/151 158/158/158 166/166/166
f 157/157/157 151/151/151 166/166/166
f 158/158/158 159/159/159 167/167/167
f 159/159/159 168/168/168 167/167/167
f 166/166/166 158/158/158 169/169/169
f 158/158/158 167/167/167 169/169/169
f 166/166/166 169/169/169 170/170/170
f 157/157/157 166/166/166 170/170/170
f 171/171/171 169/169/169 167/167/167
f 157/157/157 170/170/170 172/172/172
f 165/165/165 157/157/157 172/172/172
f 167/167/167 173/173/173 171/171/171
f 167/167/167 168/168/168 173/173/173
f 168/168/168 174/174/174 173/173/173
f 173/173/173 174/174/174 175/175/175
f 174/174/174 176/176/176 175/175/175
f 175/175/175 176/176/176 177/177/177
f 176/176/176 178/178/178 177/177/177
f 165/165/165 172/172/172 179/179/179
f 156/156/156 165/165/165 179/179/179
f 180/180/180 156/156/156 179/179/179
f 180/180/180 179/179/179 181/181/181
f 149/149/149 156/156/156 180/180/180
f 180/180/180 181/181/181 182/182/182
f 155/155/155 149/149/149 180/180/180
f 183/183/183 180/180/180 182/182/182
f 155/155/155 180/180/180 183/183/183
f 184/184/184 183/183/183 182/182/182
f 185/185/185 155/155/155 183/183/183
f 185/185/185 183/183/183 184/184/184
f 148/148/148 155/155/155 185/185/185
f 186/186/186 185/185/185 184/184/184
f 186/186/186 184/184/184 187/187/187
f 188/188/188 148/148/148 185/185/185
f 188/188/188 185/185/185 186/186/186
f 148/148/148 188/188/188 141/141/141
f 141/141/141 188/188/188 146/146/146
f 188/188/188 189/189/189 146/146/146
f 189/189/189 188/188/188 186/186/186
f 189/189/189 190/190/190 146/146/146
f 189/189/189 186/186/186 190/190/190
f 190/190/190 153/153/153 146/146/146
f 190/190/190 164/164/164 153/153/153
f 191/191/191 186/186/186 187/187/187
f 186/186/186 191/191/191 190/190/190
f 190/190/190 191/191/191 164/164/164
f 191/191/191 187/187/187 192/192/192
f 191/191/191 193/193/193 164/164/164
f 193/193/193 191/191/191 192/192/192
f 193/193/193 192/192/192 194/194/194
f 164/164/164 193/193/193 162/162/162
f 193/193/193 194/194/194 162/162/162
f 162/162/162 194/194/194 195/195/195
f 196/196/196 162/162/162 195/195/195
f 162/162/162 196/196/196 163/163/163
f 196/196/196 195/195/195 197/197/197
f 196/196/196 197/197/197 163/163/163
f 195/195/195 198/198/198 197/197/197
f 197/197/197 198/198/198 199/199/199
f 197/197/197 200/200/200 163/163/163
f 201/201/201 197/197/197 199/199/199
f 200/200/200 197/197/197 201/201/201
f 202/202/202 200/200/200 201/201/201
f 205/205/205 204/204/204 203/203/203
f 204/204/204 206/206/206 203/203/203
f 203/203/203 206/206/206 207/207/207
f 206/206/206 208/208/208 207/207/207
f 207/207/207 208/208/208 209/209/209
f 208/208/208 210/210/210 209/209/209
f 209/209/209 210/210/210 211/211/211
f 210/210/210 212/212/212 211/211/211
f 215/215/215 214/214/214 213/213/213
f 216/216/216 215/215/215 213/213/213
f 217/217/217 215/215/215 216/216/216
f 218/218/218 217/217/217 216/216/216
f 219/219/219 217/217/217 218/218/218
f 220/220/220 219/219/219 218/218/218
f 221/221/221 219/219/219 220/220/220
f 222/222/222 221/221/221 220/220/220
f 225/225/225 224/224/224 223/223/223
f 226/226/226 225/225/225 223/223/223
f 227/227/227 225/225/225 226/226/226
f 228/228/228 227/227/227 226/226/226
f 229/229/229 227/227/227 228/228/228
f 230/230/230 229/229/229 228/228/228
f 231/231/231 229/229/229 230/230/230
f 232/232/232 231/231/231 230/230/230
f 235/235/235 234/234/234 233/233/233
f 236/236/236 235/235/235 233/233/233
f 237/237/237 235/235/235 236/236/236
f 238/238/238 237/237/237 236/236/236
f 239/239/239 237/237/237 238/238/238
f 240/240/240 239/239/239 238/238/238
f 241/241/241 239/239/239 240/240/240
f 242/242/242 241/241/241 240/240/240
f 245/245/245 244/244/244 243/243/243
f 246/246/246 245/245/245 243/243/243
f 247/247/247 245/245/245 246/246/246
f 248/248/248 247/247/247 246/246/246
f 249/249/249 247/247/247 248/248/248
f 250/250/250 249/249/249 248/248/248
f 251/251/251 249/249/249 250/250/250
f 252/252/252 251/251/251 250/250/250
f 255/255/255 254/254/254 253/253/253
f 256/256/256 255/255/255 253/253/253
f 257/257/257 255/255/255 256/256/256
f 258/258/258 257/257/257 256/256/256
f 259/259/259 257/257/257 258/258/258
f 260/260/260 259/259/259 258/258/258
f 261/261/261 259/259/259 260/260/260
f 262/262/262 261/261/261 260/260/260
f 265/265/265 264/264/264 263/263/263
f 266/266/266 265/265/265 263/263/263
f 267/267/267 265/265/265 266/266/266
f 268/268/268 267/267/267 266/266/266
f 269/269/269 267/267/267 268/268/268
f 270/270/270 269/269/269 268/268/268
f 271/271/271 269/269/269 270/270/270
f 272/272/272 271/271/271 270/270/270
f 275/275/275 274/274/274 273/273/273
f 276/276/276 275/275/275 273/273/273
f 277/277/277 275/275/275 276/276/276
f 278/278/278 277/277/277 276/276/276
f 279/279/279 277/277/277 278/278/278
f 280/280/280 279/279/279 278/278/278
f 281/281/281 279/279/279 280/280/280
f 282/282/282 281/281/281 280/280/280
f 285/285/285 284/284/284 283/283/283
f 286/286/286 285/285/285 283/283/283
f 285/285/285 286/286/286 287/287/287
f 288/288/288 285/285/285 287/287/287
f 288/288/288 287/287/287 289/289/289
f 290/290/290 288/288/288 289/289/289
f 290/290/290 289/289/289 291/291/291
f 292/292/292 290/290/290 291/291/291
f 295/295/295 294/294/294 293/293/293
f 296/296/296 295/295/295 293/293/293
f 296/296/296 293/293/293 297/297/297
f 298/298/298 296/296/296 297/297/297
f 298/298/298 297/297/297 299/299/299
f 300/300/300 298/298/298 299/299/299
f 300/300/300 299/299/299 301/301/301
f 302/302/302 300/300/300 301/301/301
f 305/305/305 304/304/304 303/303/303
f 306/306/306 305/305/305 303/303/303
f 306/306/306 303/303/303 307/307/307
f 308/308/308 306/306/306 307/307/307
f 308/308/308 307/307/307 309/309/309
f 310/310/310 308/308/308 309/309/309
f 310/310/310 309/309/309 311/311/311
f 312/312/312 310/310/310 311/311/311
f 315/315/315 314/314/314 313/313/313
f 316/316/316 315/315/315 313/313/313
f 316/316/316 313/313/313 317/317/317
f 318/318/318 316/316/316 317/317/317
f 319/319/319 318/318/318 317/317/317
f 322/322/322 321/321/321 320/320/320
f 323/323/323 321/321/321 322/322/322
f 324/324/324 323/323/323 322/322/322
f 325/325/325 323/323/323 324/324/324
f 326/326/326 325/325/325 324/324/324
f 329/329/329 328/328/328 327/327/327
f 330/330/330 329/329/329 327/327/327
f 331/331/331 329/329/329 330/330/330
f 332/332/332 331/331/331 330/330/330
f 333/333/333 331/331/331 332/332/332
f 334/334/334 333/333/333 332/332/332
f 335/335/335 333/333/333 334/334/334
f 336/336/336 335/335/335 334/334/334
f 339/339/339 338/338/338 337/337/337
f 340/340/340 339/339/339 337/337/337
f 341/341/341 339/339/339 340/340/340
f 342/342/342 341/341/341 340/340/340
f 343/343/343 341/341/341 342/342/342
f 344/344/344 343/343/343 342/342/342
f 343/343/343 344/344/344 345/345/345
f 346/346/346 343/343/343 345/345/345
f 349/349/349 348/348/348 347/347/347
f 350/350/350 349/349/349 347/347/347
f 349/349/349 350/350/350 351/351/351
f 352/352/352 349/349/349 351/351/351
f 352/352/352 351/351/351 353/353/353
f 354/354/354 352/352/352 353/353/353
f 354/354/354 353/353/353 355/355/355
f 356/356/356 354/354/354 355/355/355
f 359/359/359 358/358/358 357/357/357
f 360/360/360 359/359/359 357/357/357
f 360/360/360 357/357/357 361/361/361
f 362/362/362 360/360/360 361/361/361
f 362/362/362 361/361/361 363/363/363
f 364/364/364 362/362/362 363/363/363
f 364/364/364 363/363/363 365/365/365
f 366/366/366 364/364/364 365/365/365
f 369/369/369 368/368/368 367/367/367
f 368/368/368 370/370/370 367/367/367
f 368/368/368 371/371/371 370/370/370
f 371/371/371 372/372/372 370/370/370
f 371/371/371 373/373/373 372/372/372
f 373/373/373 374/374/374 372/372/372
f 373/373/373 375/375/375 374/374/374
f 375/375/375 376/376/376 374/374/374
f 379/379/379 378/378/378 377/377/377
f 378/378/378 380/380/380 377/377/377
f 378/378/378 381/381/381 380/380/380
f 381/381/381 382/382/382 380/380/380
f 381/381/381 383/383/383 382/382/382
f 383/383/383 384/384/384 382/382/382
f 383/383/383 385/385/385 384/384/384
f 385/385/385 386/386/386 384/384/384
f 389/389/389 388/388/388 387/387/387
f 388/388/388 390/390/390 387/387/387
f 388/388/388 391/391/391 390/390/390
f 391/391/391 392/392/392 390/390/390
f 391/391/391 393/393/393 392/392/392
f 393/393/393 394/394/394 392/392/392
f 393/393/393 395/395/395 394/394/394
f 395/395/395 396/396/396 394/394/394
f 399/399/399 398/398/398 397/397/397
f 398/398/398 400/400/400 397/397/397
f 398/398/398 401/401/401 400/400/400
f 401/401/401 402/402/402 400/400/400
f 401/401/401 403/403/403 402/402/402
f 403/403/403 404/404/404 402/402/402
f 403/403/403 405/405/405 404/404/404
f 405/405/405 406/406/406 404/404/404
f 409/409/409 408/408/408 407/407/407
f 408/408/408 410/410/410 407/407/407
f 408/408/408 411/411/411 410/410/410
f 411/411/411 412/412/412 410/410/410
f 411/411/411 413/413/413 412/412/412
f 413/413/413 414/414/414 412/412/412
f 413/413/413 415/415/415 414/414/414
f 415/415/415 416/416/416 414/414/414
f 419/419/419 418/418/418 417/417/417
f 418/418/418 420/420/420 417/417/417
f 418/418/418 421/421/421 420/420/420
f 421/421/421 422/422/422 420/420/420
f 421/421/421 423/423/423 422/422/422
f 423/423/423 424/424/424 422/422/422
f 423/423/423 425/425/425 424/424/424
f 425/425/425 426/426/426 424/424/424
f 429/429/429 428/428/428 427/427/427
f 428/428/428 430/430/430 427/427/427
f 428/428/428 431/431/431 430/430/430
f 431/431/431 432/432/432 430/430/430
f 431/431/431 433/433/433 432/432/432
f 433/433/433 434/434/434 432/432/432
f 433/433/433 435/435/435 434/434/434
f 435/435/435 436/436/436 434/434/434
f 439/439/439 438/438/438 437/437/437
f 438/438/438 440/440/440 437/437/437
f 441/441/441 440/440/440 438/438/438
f 442/442/442 441/441/441 438/438/438
f 443/443/443 441/441/441 442/442/442
f 444/444/444 443/443/443 442/442/442
f 445/445/445 443/443/443 444/444/444
f 446/446/446 445/445/445 444/444/444
f 449/449/449 448/448/448 447/447/447
f 450/450/450 449/449/449 447/447/447
f 451/451/451 449/449/449 450/450/450
f 452/452/452 451/451/451 450/450/450
f 453/453/453 451/451/451 452/452/452
f 454/454/454 453/453/453 452/452/452
f 455/455/455 453/453/453 454/454/454
f 456/456/456 455/455/455 454/454/454
f 459/459/459 458/458/458 457/457/457
f 460/460/460 459/459/459 457/457/457
f 461/461/461 459/459/459 460/460/460
f 462/462/462 461/461/461 460/460/460
f 463/463/463 461/461/461 462/462/462
f 464/464/464 463/463/463 462/462/462
f 465/465/465 463/463/463 464/464/464
f 466/466/466 465/465/465 464/464/464
f 469/469/469 468/468/468 467/467/467
f 470/470/470 469/469/469 467/467/467
f 471/471/471 469/469/469 470/470/470
f 472/472/472 471/471/471 470/470/470
f 472/472/472 473/473/473 471/471/471
f 476/476/476 475/475/475 474/474/474
f 476/476/476 477/477/477 475/475/475
f 477/477/477 478/478/478 475/475/475
f 477/477/477 479/479/479 478/478/478
f 479/479/479 480/480/480 478/478/478
f 483/483/483 482/482/482 481/481/481
f 482/482/482 484/484/484 481/481/481
f 482/482/482 485/485/485 484/484/484
f 485/485/485 486/486/486 484/484/484
f 485/485/485 487/487/487 486/486/486
f 487/487/487 488/488/488 486/486/486
f 487/487/487 489/489/489 488/488/488
f 489/489/489 490/490/490 488/488/488
f 493/493/493 492/492/492 491/491/491
f 492/492/492 494/494/494 491/491/491
f 492/492/492 495/495/495 494/494/494
f 495/495/495 496/496/496 494/494/494
f 495/495/495 497/497/497 496/496/496
f 497/497/497 498/498/498 496/496/496
f 499/499/499 498/498/498 497/497/497
f 500/500/500 499/499/499 497/497/497
f 503/503/503 502/502/502 501/501/501
f 502/502/502 504/504/504 501/501/501
f 505/505/505 504/504/504 502/502/502
f 506/506/506 505/505/505 502/502/502
f 507/507/507 505/505/505 506/506/506
f 508/508/508 507/507/507 506/506/506
f 509/509/509 507/507/507 508/508/508
f 510/510/510 509/509/509 508/508/508
f 513/513/513 512/512/512 511/511/511
f 514/514/514 513/513/513 511/511/511
f 514/514/514 511/511/511 515/515/515
f 516/516/516 514/514/514 515/515/515
f 516/516/516 515/515/515 517/517/517
f 518/518/518 516/516/516 517/517/517
f 518/518/518 517/517/517 519/519/519
f 520/520/520 518/518/518 519/519/519
f 523/523/523 522/522/522 521/521/521
f 522/522/522 524/524/524 521/521/521
f 522/522/522 525/525/525 524/524/524
f 525/525/525 526/526/526 524/524/524
f 525/525/525 527/527/527 526/526/526
f 527/527/527 528/528/528 526/526/526
f 527/527/527 529/529/529 528/528/528
f 529/529/529 530/530/530 528/528/528
f 533/533/533 532/532/532 531/531/531
f 532/532/532 534/534/534 531/531/531
f 532/532/532 535/535/535 534/534/534
f 535/535/535 536/536/536 534/534/534
f 535/535/535 537/537/537 536/536/536
f 537/537/537 538/538/538 536/536/536
f 537/537/537 539/539/539 538/538/538
f 539/539/539 540/540/540 538/538/538
f 543/543/543 542/542/542 541/541/541
f 542/542/542 544/544/544 541/541/541
f 542/542/542 545/545/545 544/544/544
f 545/545/545 546/546/546 544/544/544
f 545/545/545 547/547/547 546/546/546
f 547/547/547 548/548/548 546/546/546
f 547/547/547 549/549/549 548/548/548
f 549/549/549 550/550/550 548/548/548
f 553/553/553 552/552/552 551/551/551
f 552/552/552 554/554/554 551/551/551
f 552/552/552 555/555/555 554/554/554
f 555/555/555 556/556/556 554/554/554
f 555/555/555 557/557/557 556/556/556
f 557/557/557 558/558/558 556/556/556
f 557/557/557 559/559/559 558/558/558
f 559/559/559 560/560/560 558/558/558
f 563/563/563 562/562/562 561/561/561
f 562/562/562 564/564/564 561/561/561
f 562/562/562 565/565/565 564/564/564
f 565/565/565 566/566/566 564/564/564
f 565/565/565 567/567/567 566/566/566
f 567/567/567 568/568/568 566/566/566
f 567/567/567 569/569/569 568/568/568
f 569/569/569 570/570/570 568/568/568
f 573/573/573 572/572/572 571/571/571
f 572/572/572 574/574/574 571/571/571
f 572/572/572 575/575/575 574/574/574
f 575/575/575 576/576/576 574/574/574
f 575/575/575 577/577/577 576/576/576
f 577/577/577 578/578/578 576/576/576
f 577/577/577 579/579/579 578/578/578
f 579/579/579 580/580/580 578/578/578
f 583/583/583 582/582/582 581/581/581
f 582/582/582 584/584/584 581/581/581
f 582/582/582 585/585/585 584/584/584
f 585/585/585 586/586/586 584/584/584
f 585/585/585 587/587/587 586/586/586
f 587/587/587 588/588/588 586/586/586
f 587/587/587 589/589/589 588/588/588
f 589/589/589 590/590/590 588/588/588
f 593/593/593 592/592/592 591/591/591
f 592/592/592 594/594/594 591/591/591
f 595/595/595 594/594/594 592/592/592
f 596/596/596 595/595/595 592/592/592
f 597/597/597 595/595/595 596/596/596
f 598/598/598 597/597/597 596/596/596
f 599/599/599 597/597/597 598/598/598
f 600/600/600 599/599/599 598/598/598
f 603/603/603 602/602/602 601/601/601
f 604/604/604 603/603/603 601/601/601
f 605/605/605 603/603/603 604/604/604
f 606/606/606 605/605/605 604/604/604
f 607/607/607 605/605/605 606/606/606
f 608/608/608 607/607/607 606/606/606
f 609/609/609 607/607/607 608/608/608
f 610/610/610 609/609/609 608/608/608
f 613/613/613 612/612/612 611/611/611
f 614/614/614 613/613/613 611/611/611
f 615/615/615 613/613/613 614/614/614
f 616/616/616 615/615/615 614/614/614
f 617/617/617 615/615/615 616/616/616
f 618/618/618 617/617/617 616/616/616
f 619/619/619 617/617/617 618/618/618
f 620/620/620 619/619/619 618/618/618
f 623/623/623 622/622/622 621/621/621
f 624/624/624 623/623/623 621/621/621
f 625/625/625 623/623/623 624/624/624
f 626/626/626 625/625/625 624/624/624
f 626/626/626 627/627/627 625/625/625
f 630/630/630 629/629/629 628/628/628
f 630/630/630 631/631/631 629/629/629
f 631/631/631 632/632/632 629/629/629
f 631/631/631 633/633/633 632/632/632
f 633/633/633 634/634/634 632/632/632
f 637/637/637 636/636/636 635/635/635
f 636/636/636 638/638/638 635/635/635
f 636/636/636 639/639/639 638/638/638
f 639/639/639 640/640/640 638/638/638
f 639/639/639 641/641/641 640/640/640
f 641/641/641 642/642/642 640/640/640
f 641/641/641 643/643/643 642/642/642
f 643/643/643 644/644/644 642/642/642
f 647/647/647 646/646/646 645/645/645
f 646/646/646 648/648/648 645/645/645
f 646/646/646 649/649/649 648/648/648
f 649/649/649 650/650/650 648/648/648
f 649/649/649 651/651/651 650/650/650
f 651/651/651 652/652/652 650/650/650
f 653/653/653 652/652/652 651/651/651
f 654/654/654 653/653/653 651/651/651
f 657/657/657 656/656/656 655/655/655
f 656/656/656 658/658/658 655/655/655
f 659/659/659 658/658/658 656/656/656
f 660/660/660 659/659/659 656/656/656
f 661/661/661 659/659/659 660/660/660
f 662/662/662 661/661/661 660/660/660
f 663/663/663 661/661/661 662/662/662
f 664/664/664 663/663/663 662/662/662
f 667/667/667 666/666/666 665/665/665
f 667/667/667 665/665/665 668/668/668
f 666/666/666 669/669/669 665/665/665
f 666/666/666 670/670/670 669/669/669
f 670/670/670 671/671/671 669/669/669
f 670/670/670 672/672/672 671/671/671
f 672/672/672 673/673/673 671/671/671
f 672/672/672 674/674/674 673/673/673
f 669/669/669 671/671/671 675/675/675
f 665/665/665 669/669/669 676/676/676
f 676/676/676 669/669/669 675/675/675
f 676/676/676 675/675/675 677/677/677
f 675/675/675 671/671/671 678/678/678
f 671/671/671 673/673/673 678/678/678
f 675/675/675 678/678/678 677/677/677
f 679/679/679 665/665/665 676/676/676
f 679/679/679 676/676/676 677/677/677
f 665/665/665 680/680/680 668/668/668
f 680/680/680 665/665/665 679/679/679
f 678/678/678 673/673/673 681/681/681
f 678/678/678 681/681/681 677/677/677
f 674/674/674 682/682/682 673/673/673
f 673/673/673 682/682/682 681/681/681
f 682/682/682 674/674/674 683/683/683
f 674/674/674 684/684/684 683/683/683
f 681/681/681 682/682/682 685/685/685
f 681/681/681 685/685/685 677/677/677
f 682/682/682 683/683/683 685/685/685
f 686/686/686 679/679/679 677/677/677
f 686/686/686 680/680/680 679/679/679
f 685/685/685 687/687/687 677/677/677
f 685/685/685 683/683/683 687/687/687
f 688/688/688 686/686/686 677/677/677
f 687/687/687 689/689/689 677/677/677
f 683/683/683 684/684/684 690/690/690
f 683/683/683 690/690/690 687/687/687
f 687/687/687 690/690/690 689/689/689
f 684/684/684 691/691/691 690/690/690
f 690/690/690 691/691/691 692/692/692
f 690/690/690 692/692/692 689/689/689
f 691/691/691 693/693/693 692/692/692
f 694/694/694 680/680/680 686/686/686
f 688/688/688 694/694/694 686/686/686
f 689/689/689 692/692/692 695/695/695
f 689/689/689 695/695/695 677/677/677
f 692/692/692 693/693/693 696/696/696
f 692/692/692 696/696/696 695/695/695
f 694/694/694 697/697/697 680/680/680
f 697/697/697 668/668/668 680/680/680
f 668/668/668 697/697/697 698/698/698
f 697/697/697 699/699/699 698/698/698
f 699/699/699 697/697/697 694/694/694
f 699/699/699 700/700/700 698/698/698
f 701/701/701 694/694/694 688/688/688
f 701/701/701 699/699/699 694/694/694
f 699/699/699 702/702/702 700/700/700
f 702/702/702 699/699/699 701/701/701
f 702/702/702 703/703/703 700/700/700
f 704/704/704 701/701/701 688/688/688
f 704/704/704 688/688/688 677/677/677
f 702/702/702 705/705/705 703/703/703
f 705/705/705 706/706/706 703/703/703
f 707/707/707 702/702/702 701/701/701
f 707/707/707 701/701/701 704/704/704
f 705/705/705 702/702/702 707/707/707
f 705/705/705 708/708/708 706/706/706
f 708/708/708 709/709/709 706/706/706
f 710/710/710 707/707/707 704/704/704
f 710/710/710 704/704/704 677/677/677
f 711/711/711 705/705/705 707/707/707
f 711/711/711 707/707/707 710/710/710
f 708/708/708 705/705/705 711/711/711
f 708/708/708 712/712/712 709/709/709
f 712/712/712 713/713/713 709/709/709
f 714/714/714 711/711/711 710/710/710
f 714/714/714 710/710/710 677/677/677
f 715/715/715 708/708/708 711/711/711
f 715/715/715 711/711/711 714/714/714
f 712/712/712 708/708/708 715/715/715
f 712/712/712 716/716/716 713/713/713
f 716/716/716 717/717/717 713/713/713
f 718/718/718 714/714/714 677/677/677
f 718/718/718 715/715/715 714/714/714
f 719/719/719 712/712/712 715/715/715
f 719/719/719 715/715/715 718/718/718
f 716/716/716 712/712/712 719/719/719
f 720/720/720 718/718/718 677/677/677
f 720/720/720 719/719/719 718/718/718
f 721/721/721 720/720/720 677/677/677
f 722/722/722 721/721/721 677/677/677
f 723/723/723 719/719/719 720/720/720
f 723/723/723 716/716/716 719/719/719
f 721/721/721 723/723/723 720/720/720
f 716/716/716 724/724/724 717/717/717
f 724/724/724 716/716/716 723/723/723
f 724/724/724 725/725/725 717/717/717
f 726/726/726 723/723/723 721/721/721
f 726/726/726 724/724/724 723/723/723
f 722/722/722 726/726/726 721/721/721
f 724/724/724 727/727/727 725/725/725
f 727/727/727 724/724/724 726/726/726
f 727/727/727 728/728/728 725/725/725
f 729/729/729 726/726/726 722/722/722
f 729/729/729 727/727/727 726/726/726
f 727/727/727 730/730/730 728/728/728
f 730/730/730 727/727/727 729/729/729
f 730/730/730 731/731/731 728/728/728
f 732/732/732 729/729/729 722/722/722
f 732/732/732 722/722/722 677/677/677
f 730/730/730 733/733/733 731/731/731
f 733/733/733 734/734/734 731/731/731
f 735/735/735 730/730/730 729/729/729
f 735/735/735 729/729/729 732/732/732
f 733/733/733 730/730/730 735/735/735
f 733/733/733 736/736/736 734/734/734
f 736/736/736 737/737/737 734/734/734
f 737/737/737 736/736/736 738/738/738
f 739/739/739 735/735/735 732/732/732
f 739/739/739 732/732/732 677/677/677
f 740/740/740 733/733/733 735/735/735
f 740/740/740 735/735/735 739/739/739
f 736/736/736 733/733/733 740/740/740
f 736/736/736 741/741/741 738/738/738
f 738/738/738 741/741/741 742/742/742
f 743/743/743 740/740/740 739/739/739
f 743/743/743 739/739/739 677/677/677
f 744/744/744 736/736/736 740/740/740
f 744/744/744 740/740/740 743/743/743
f 741/741/741 736/736/736 744/744/744
f 741/741/741 745/745/745 742/742/742
f 742/742/742 745/745/745 746/746/746
f 747/747/747 744/744/744 743/743/743
f 747/747/747 743/743/743 677/677/677
f 748/748/748 741/741/741 744/744/744
f 748/748/748 744/744/744 747/747/747
f 745/745/745 741/741/741 748/748/748
f 745/745/745 749/749/749 746/746/746
f 746/746/746 749/749/749 750/750/750
f 751/751/751 747/747/747 677/677/677
f 751/751/751 748/748/748 747/747/747
f 752/752/752 745/745/745 748/748/748
f 752/752/752 748/748/748 751/751/751
f 749/749/749 745/745/745 752/752/752
f 753/753/753 751/751/751 677/677/677
f 753/753/753 752/752/752 751/751/751
f 754/754/754 753/753/753 677/677/677
f 755/755/755 754/754/754 677/677/677
f 756/756/756 752/752/752 753/753/753
f 756/756/756 749/749/749 752/752/752
f 754/754/754 756/756/756 753/753/753
f 749/749/749 757/757/757 750/750/750
f 757/757/757 749/749/749 756/756/756
f 750/750/750 757/757/757 758/758/758
f 759/759/759 756/756/756 754/754/754
f 759/759/759 757/757/757 756/756/756
f 755/755/755 759/759/759 754/754/754
f 757/757/757 760/760/760 758/758/758
f 760/760/760 757/757/757 759/759/759
f 758/758/758 760/760/760 761/761/761
f 762/762/762 759/759/759 755/755/755
f 762/762/762 760/760/760 759/759/759
f 760/760/760 763/763/763 761/761/761
f 763/763/763 760/760/760 762/762/762
f 761/761/761 763/763/763 764/764/764
f 765/765/765 762/762/762 755/755/755
f 765/765/765 755/755/755 677/677/677
f 763/763/763 766/766/766 764/764/764
f 764/764/764 766/766/766 767/767/767
f 768/768/768 763/763/763 762/762/762
f 768/768/768 762/762/762 765/765/765
f 766/766/766 763/763/763 768/768/768
f 766/766/766 769/769/769 767/767/767
f 767/767/767 769/769/769 770/770/770
f 771/771/771 768/768/768 765/765/765
f 771/771/771 765/765/765 677/677/677
f 772/772/772 766/766/766 768/768/768
f 772/772/772 768/768/768 771/771/771
f 769/769/769 766/766/766 772/772/772
f 769/769/769 773/773/773 770/770/770
f 770/770/770 773/773/773 774/774/774
f 775/775/775 772/772/772 771/771/771
f 775/775/775 771/771/771 677/677/677
f 776/776/776 769/769/769 772/772/772
f 776/776/776 772/772/772 775/775/775
f 773/773/773 769/769/769 776/776/776
f 773/773/773 777/777/777 774/774/774
f 774/774/774 777/777/777 778/778/778
f 779/779/779 776/776/776 775/775/775
f 779/779/779 775/775/775 677/677/677
f 780/780/780 773/773/773 776/776/776
f 780/780/780 776/776/776 779/779/779
f 777/777/777 773/773/773 780/780/780
f 777/777/777 781/781/781 778/778/778
f 778/778/778 781/781/781 693/693/693
f 693/693/693 781/781/781 696/696/696
f 781/781/781 777/777/777 782/782/782
f 782/782/782 777/777/777 780/780/780
f 696/696/696 781/781/781 782/782/782
f 783/783/783 780/780/780 779/779/779
f 783/783/783 779/779/779 677/677/677
f 782/782/782 780/780/780 783/783/783
f 696/696/696 782/782/782 784/784/784
f 784/784/784 782/782/782 783/783/783
f 784/784/784 783/783/783 677/677/677
f 695/695/695 696/696/696 784/784/784
f 695/695/695 784/784/784 677/677/677
f 787/787/787 786/786/786 785/785/785
f 786/786/786 787/787/787 788/788/788
f 786/786/786 789/789/789 785/785/785
f 785/785/785 789/789/789 790/790/790
f 789/789/789 791/791/791 790/790/790
f 790/790/790 791/791/791 792/792/792
f 791/791/791 793/793/793 792/792/792
f 792/792/792 793/793/793 794/794/794
f 791/791/791 789/789/789 795/795/795
f 789/789/789 786/786/786 796/796/796
f 789/789/789 796/796/796 795/795/795
f 795/795/795 796/796/796 797/797/797
f 791/791/791 795/795/795 798/798/798
f 793/793/793 791/791/791 798/798/798
f 798/798/798 795/795/795 797/797/797
f 786/786/786 799/799/799 796/796/796
f 796/796/796 799/799/799 797/797/797
f 800/800/800 786/786/786 788/788/788
f 786/786/786 800/800/800 799/799/799
f 793/793/793 798/798/798 801/801/801
f 801/801/801 798/798/798 797/797/797
f 793/793/793 802/802/802 794/794/794
f 802/802/802 793/793/793 801/801/801
f 794/794/794 802/802/802 803/803/803
f 804/804/804 794/794/794 803/803/803
f 802/802/802 801/801/801 805/805/805
f 805/805/805 801/801/801 797/797/797
f 803/803/803 802/802/802 805/805/805
f 799/799/799 806/806/806 797/797/797
f 800/800/800 806/806/806 799/799/799
f 807/807/807 805/805/805 797/797/797
f 803/803/803 805/805/805 807/807/807
f 806/806/806 808/808/808 797/797/797
f 809/809/809 807/807/807 797/797/797
f 804/804/804 803/803/803 810/810/810
f 810/810/810 803/803/803 807/807/807
f 810/810/810 807/807/807 809/809/809
f 811/811/811 804/804/804 810/810/810
f 811/811/811 810/810/810 812/812/812
f 812/812/812 810/810/810 809/809/809
f 813/813/813 811/811/811 812/812/812
f 800/800/800 814/814/814 806/806/806
f 814/814/814 808/808/808 806/806/806
f 812/812/812 809/809/809 815/815/815
f 815/815/815 809/809/809 797/797/797
f 813/813/813 812/812/812 816/816/816
f 816/816/816 812/812/812 815/815/815
f 817/817/817 814/814/814 800/800/800
f 788/788/788 817/817/817 800/800/800
f 817/817/817 788/788/788 818/818/818
f 817/817/817 818/818/818 819/819/819
f 817/817/817 819/819/819 814/814/814
f 818/818/818 820/820/820 819/819/819
f 814/814/814 821/821/821 808/808/808
f 819/819/819 821/821/821 814/814/814
f 819/819/819 820/820/820 822/822/822
f 819/819/819 822/822/822 821/821/821
f 820/820/820 823/823/823 822/822/822
f 821/821/821 824/824/824 808/808/808
f 808/808/808 824/824/824 797/797/797
f 822/822/822 825/825/825 821/821/821
f 821/821/821 825/825/825 824/824/824
f 822/822/822 823/823/823 826/826/826
f 822/822/822 826/826/826 825/825/825
f 823/823/823 827/827/827 826/826/826
f 825/825/825 828/828/828 824/824/824
f 824/824/824 828/828/828 797/797/797
f 826/826/826 829/829/829 825/825/825
f 825/825/825 829/829/829 828/828/828
f 826/826/826 827/827/827 830/830/830
f 826/826/826 830/830/830 829/829/829
f 827/827/827 831/831/831 830/830/830
f 829/829/829 832/832/832 828/828/828
f 828/828/828 832/832/832 797/797/797
f 830/830/830 833/833/833 829/829/829
f 829/829/829 833/833/833 832/832/832
f 830/830/830 831/831/831 834/834/834
f 830/830/830 834/834/834 833/833/833
f 831/831/831 835/835/835 834/834/834
f 832/832/832 836/836/836 797/797/797
f 833/833/833 836/836/836 832/832/832
f 834/834/834 837/837/837 833/833/833
f 833/833/833 837/837/837 836/836/836
f 834/834/834 835/835/835 838/838/838
f 834/834/834 838/838/838 837/837/837
f 835/835/835 839/839/839 838/838/838
f 836/836/836 840/840/840 797/797/797
f 837/837/837 840/840/840 836/836/836
f 840/840/840 841/841/841 797/797/797
f 841/841/841 842/842/842 797/797/797
f 837/837/837 843/843/843 840/840/840
f 838/838/838 843/843/843 837/837/837
f 843/843/843 841/841/841 840/840/840
f 838/838/838 839/839/839 844/844/844
f 838/838/838 844/844/844 843/843/843
f 839/839/839 845/845/845 844/844/844
f 843/843/843 846/846/846 841/841/841
f 844/844/844 846/846/846 843/843/843
f 846/846/846 842/842/842 841/841/841
f 844/844/844 845/845/845 847/847/847
f 844/844/844 847/847/847 846/846/846
f 845/845/845 848/848/848 847/847/847
f 846/846/846 849/849/849 842/842/842
f 847/847/847 849/849/849 846/846/846
f 847/847/847 848/848/848 850/850/850
f 847/847/847 850/850/850 849/849/849
f 848/848/848 851/851/851 850/850/850
f 849/849/849 852/852/852 842/842/842
f 842/842/842 852/852/852 797/797/797
f 850/850/850 853/853/853 849/849/849
f 849/849/849 853/853/853 852/852/852
f 850/850/850 851/851/851 854/854/854
f 850/850/850 854/854/854 853/853/853
f 851/851/851 855/855/855 854/854/854
f 853/853/853 856/856/856 852/852/852
f 852/852/852 856/856/856 797/797/797
f 854/854/854 857/857/857 853/853/853
f 853/853/853 857/857/857 856/856/856
f 854/854/854 855/855/855 858/858/858
f 854/854/854 858/858/858 857/857/857
f 855/855/855 859/859/859 858/858/858
f 858/858/858 859/859/859 860/860/860
f 857/857/857 861/861/861 856/856/856
f 856/856/856 861/861/861 797/797/797
f 862/862/862 858/858/858 860/860/860
f 862/862/862 860/860/860 863/863/863
f 858/858/858 864/864/864 857/857/857
f 857/857/857 864/864/864 861/861/861
f 858/858/858 862/862/862 864/864/864
f 865/865/865 862/862/862 863/863/863
f 865/865/865 863/863/863 866/866/866
f 864/864/864 867/867/867 861/861/861
f 861/861/861 867/867/867 797/797/797
f 862/862/862 868/868/868 864/864/864
f 864/864/864 868/868/868 867/867/867
f 862/862/862 865/865/865 868/868/868
f 869/869/869 865/865/865 866/866/866
f 869/869/869 866/866/866 870/870/870
f 867/867/867 871/871/871 797/797/797
f 868/868/868 871/871/871 867/867/867
f 865/865/865 872/872/872 868/868/868
f 868/868/868 872/872/872 871/871/871
f 865/865/865 869/869/869 872/872/872
f 871/871/871 873/873/873 797/797/797
f 872/872/872 873/873/873 871/871/871
f 873/873/873 874/874/874 797/797/797
f 874/874/874 875/875/875 797/797/797
f 872/872/872 876/876/876 873/873/873
f 869/869/869 876/876/876 872/872/872
f 876/876/876 874/874/874 873/873/873
f 877/877/877 869/869/869 870/870/870
f 869/869/869 877/877/877 876/876/876
f 877/877/877 870/870/870 878/878/878
f 876/876/876 879/879/879 874/874/874
f 877/877/877 879/879/879 876/876/876
f 879/879/879 875/875/875 874/874/874
f 880/880/880 877/877/877 878/878/878
f 877/877/877 880/880/880 879/879/879
f 880/880/880 878/878/878 881/881/881
f 879/879/879 882/882/882 875/875/875
f 880/880/880 882/882/882 879/879/879
f 883/883/883 880/880/880 881/881/881
f 880/880/880 883/883/883 882/882/882
f 883/883/883 881/881/881 884/884/884
f 882/882/882 885/885/885 875/875/875
f 875/875/875 885/885/885 797/797/797
f 886/886/886 883/883/883 884/884/884
f 886/886/886 884/884/884 887/887/887
f 883/883/883 888/888/888 882/882/882
f 882/882/882 888/888/888 885/885/885
f 883/883/883 886/886/886 888/888/888
f 889/889/889 886/886/886 887/887/887
f 889/889/889 887/887/887 890/890/890
f 888/888/888 891/891/891 885/885/885
f 885/885/885 891/891/891 797/797/797
f 886/886/886 892/892/892 888/888/888
f 888/888/888 892/892/892 891/891/891
f 886/886/886 889/889/889 892/892/892
f 893/893/893 889/889/889 890/890/890
f 893/893/893 890/890/890 894/894/894
f 892/892/892 895/895/895 891/891/891
f 891/891/891 895/895/895 797/797/797
f 889/889/889 896/896/896 892/892/892
f 892/892/892 896/896/896 895/895/895
f 889/889/889 893/893/893 896/896/896
f 897/897/897 893/893/893 894/894/894
f 897/897/897 894/894/894 898/898/898
f 896/896/896 899/899/899 895/895/895
f 895/895/895 899/899/899 797/797/797
f 893/893/893 900/900/900 896/896/896
f 896/896/896 900/900/900 899/899/899
f 893/893/893 897/897/897 900/900/900
f 901/901/901 897/897/897 898/898/898
f 901/901/901 898/898/898 813/813/813
f 901/901/901 813/813/813 816/816/816
f 897/897/897 901/901/901 902/902/902
f 897/897/897 902/902/902 900/900/900
f 901/901/901 816/816/816 902/902/902
f 900/900/900 903/903/903 899/899/899
f 899/899/899 903/903/903 797/797/797
f 900/900/900 902/902/902 903/903/903
f 902/902/902 816/816/816 904/904/904
f 902/902/902 904/904/904 903/903/903
f 903/903/903 904/904/904 797/797/797
f 816/816/816 815/815/815 904/904/904
f 904/904/904 815/815/815 797/797/797
f 907/907/907 906/906/906 905/905/905
f 906/906/906 907/907/907 908/908/908
f 906/906/906 909/909/909 905/905/905
f 905/905/905 909/909/909 910/910/910
f 909/909/909 911/911/911 910/910/910
f 910/910/910 911/911/911 912/912/912
f 911/911/911 913/913/913 912/912/912
f 912/912/912 913/913/913 914/914/914
f 911/911/911 909/909/909 915/915/915
f 909/909/909 906/906/906 916/916/916
f 909/909/909 916/916/916 915/915/915
f 915/915/915 916/916/916 917/917/917
f 911/911/911 915/915/915 918/918/918
f 913/913/913 911/911/911 918/918/918
f 918/918/918 915/915/915 917/917/917
f 906/906/906 919/919/919 916/916/916
f 916/916/916 919/919/919 917/917/917
f 920/920/920 906/906/906 908/908/908
f 906/906/906 920/920/920 919/919/919
f 913/913/913 918/918/918 921/921/921
f 921/921/921 918/918/918 917/917/917
f 913/913/913 922/922/922 914/914/914
f 922/922/922 913/913/913 921/921/921
f 914/914/914 922/922/922 923/923/923
f 924/924/924 914/914/914 923/923/923
f 922/922/922 921/921/921 925/925/925
f 925/925/925 921/921/921 917/917/917
f 923/923/923 922/922/922 925/925/925
f 919/919/919 926/926/926 917/917/917
f 920/920/920 926/926/926 919/919/919
f 927/927/927 925/925/925 917/917/917
f 923/923/923 925/925/925 927/927/927
f 926/926/926 928/928/928 917/917/917
f 929/929/929 927/927/927 917/917/917
f 924/924/924 923/923/923 930/930/930
f 930/930/930 923/923/923 927/927/927
f 930/930/930 927/927/927 929/929/929
f 931/931/931 924/924/924 930/930/930
f 931/931/931 930/930/930 932/932/932
f 932/932/932 930/930/930 929/929/929
f 933/933/933 931/931/931 932/932/932
f 920/920/920 934/934/934 926/926/926
f 934/934/934 928/928/928 926/926/926
f 932/932/932 929/929/929 935/935/935
f 935/935/935 929/929/929 917/917/917
f 933/933/933 932/932/932 936/936/936
f 936/936/936 932/932/932 935/935/935
f 937/937/937 934/934/934 920/920/920
f 908/908/908 937/937/937 920/920/920
f 937/937/937 908/908/908 938/938/938
f 937/937/937 938/938/938 939/939/939
f 937/937/937 939/939/939 934/934/934
f 938/938/938 940/940/940 939/939/939
f 934/934/934 941/941/941 928/928/928
f 939/939/939 941/941/941 934/934/934
f 939/939/939 940/940/940 942/942/942
f 939/939/939 942/942/942 941/941/941
f 940/940/940 943/943/943 942/942/942
f 941/941/941 944/944/944 928/928/928
f 928/928/928 944/944/944 917/917/917
f 942/942/942 945/945/945 941/941/941
f 941/941/941 945/945/945 944/944/944
f 942/942/942 943/943/943 946/946/946
f 942/942/942 946/946/946 945/945/945
f 943/943/943 947/947/947 946/946/946
f 945/945/945 948/948/948 944/944/944
f 944/944/944 948/948/948 917/917/917
f 946/946/946 949/949/949 945/945/945
f 945/945/945 949/949/949 948/948/948
f 946/946/946 947/947/947 950/950/950
f 946/946/946 950/950/950 949/949/949
f 947/947/947 951/951/951 950/950/950
f 949/949/949 952/952/952 948/948/948
f 948/948/948 952/952/952 917/917/917
f 950/950/950 953/953/953 949/949/949
f 949/949/949 953/953/953 952/952/952
f 950/950/950 951/951/951 954/954/954
f 950/950/950 954/954/954 953/953/953
f 951/951/951 955/955/955 954/954/954
f 952/952/952 956/956/956 917/917/917
f 953/953/953 956/956/956 952/952/952
f 954/954/954 957/957/957 953/953/953
f 953/953/953 957/957/957 956/956/956
f 954/954/954 955/955/955 958/958/958
f 954/954/954 958/958/958 957/957/957
f 955/955/955 959/959/959 958/958/958
f 956/956/956 960/960/960 917/917/917
f 957/957/957 960/960/960 956/956/956
f 960/960/960 961/961/961 917/917/917
f 961/961/961 962/962/962 917/917/917
f 957/957/957 963/963/963 960/960/960
f 958/958/958 963/963/963 957/957/957
f 963/963/963 961/961/961 960/960/960
f 958/958/958 959/959/959 964/964/964
f 958/958/958 964/964/964 963/963/963
f 959/959/959 965/965/965 964/964/964
f 963/963/963 966/966/966 961/961/961
f 964/964/964 966/966/966 963/963/963
f 966/966/966 962/962/962 961/961/961
f 964/964/964 965/965/965 967/967/967
f 964/964/964 967/967/967 966/966/966
f 965/965/965 968/968/968 967/967/967
f 966/966/966 969/969/969 962/962/962
f 967/967/967 969/969/969 966/966/966
f 967/967/967 968/968/968 970/970/970
f 967/967/967 970/970/970 969/969/969
f 968/968/968 971/971/971 970/970/970
f 969/969/969 972/972/972 962/962/962
f 962/962/962 972/972/972 917/917/917
f 970/970/970 973/973/973 969/969/969
f 969/969/969 973/973/973 972/972/972
f 970/970/970 971/971/971 974/974/974
f 970/970/970 974/974/974 973/973/973
f 971/971/971 975/975/975 974/974/974
f 973/973/973 976/976/976 972/972/972
f 972/972/972 976/976/976 917/917/917
f 974/974/974 977/977/977 973/973/973
f 973/973/973 977/977/977 976/976/976
f 974/974/974 975/975/975 978/978/978
f 974/974/974 978/978/978 977/977/977
f 975/975/975 979/979/979 978/978/978
f 978/978/978 979/979/979 980/980/980
f 977/977/977 981/981/981 976/976/976
f 976/976/976 981/981/981 917/917/917
f 982/982/982 978/978/978 980/980/980
f 982/982/982 980/980/980 983/983/983
f 978/978/978 984/984/984 977/977/977
f 977/977/977 984/984/984 981/981/981
f 978/978/978 982/982/982 984/984/984
f 985/985/985 982/982/982 983/983/983
f 985/985/985 983/983/983 986/986/986
f 984/984/984 987/987/987 981/981/981
f 981/981/981 987/987/987 917/917/917
f 982/982/982 988/988/988 984/984/984
f 984/984/984 988/988/988 987/987/987
f 982/982/982 985/985/985 988/988/988
f 989/989/989 985/985/985 986/986/986
f 989/989/989 986/986/986 990/990/990
f 987/987/987 991/991/991 917/917/917
f 988/988/988 991/991/991 987/987/987
f 985/985/985 992/992/992 988/988/988
f 988/988/988 992/992/992 991/991/991
f 985/985/985 989/989/989 992/992/992
f 991/991/991 993/993/993 917/917/917
f 992/992/992 993/993/993 991/991/991
f 993/993/993 994/994/994 917/917/917
f 994/994/994 995/995/995 917/917/917
f 992/992/992 996/996/996 993/993/993
f 989/989/989 996/996/996 992/992/992
f 996/996/996 994/994/994 993/993/993
f 997/997/997 989/989/989 990/990/990
f 989/989/989 997/997/997 996/996/996
f 997/997/997 990/990/990 998/998/998
f 996/996/996 999/999/999 994/994/994
f 997/997/997 999/999/999 996/996/996
f 999/999/999 995/995/995 994/994/994
f 1000/1000/1000 997/997/997 998/998/998
f 997/997/997 1000/1000/1000 999/999/999
f 1000/1000/1000 998/998/998 1001/1001/1001
f 999/999/999 1002/1002/1002 995/995/995
f 1000/1000/1000 1002/1002/1002 999/999/999
f 1003/1003/1003 1000/1000/1000 1001/1001/1001
f 1000/1000/1000 1003/1003/1003 1002/1002/1002
f 1003/1003/1003 1001/1001/1001 1004/1004/1004
f 1002/1002/1002 1005/1005/1005 995/995/995
f 995/995/995 1005/1005/1005 917/917/917
f 1006/1006/1006 1003/1003/1003 1004/1004/1004
f 1006/1006/1006 1004/1004/1004 1007/1007/1007
f 1003/1003/1003 1008/1008/1008 1002/1002/1002
f 1002/1002/1002 1008/1008/1008 1005/1005/1005
f 1003/1003/1003 1006/1006/1006 1008/1008/1008
f 1009/1009/1009 1006/1006/1006 1007/1007/1007
f 1009/1009/1009 1007/1007/1007 1010/1010/1010
f 1008/1008/1008 1011/1011/1011 1005/1005/1005
f 1005/1005/1005 1011/1011/1011 917/917/917
f 1006/1006/1006 1012/1012/1012 1008/1008/1008
f 1008/1008/1008 1012/1012/1012 1011/1011/1011
f 1006/1006/1006 1009/1009/1009 1012/1012/1012
f 1013/1013/1013 1009/1009/1009 1010/1010/1010
f 1013/1013/1013 1010/1010/1010 1014/1014/1014
f 1012/1012/1012 1015/1015/1015 1011/1011/1011
f 1011/1011/1011 1015/1015/1015 917/917/917
f 1009/1009/1009 1016/1016/1016 1012/1012/1012
f 1012/1012/1012 1016/1016/1016 1015/1015/1015
f 1009/1009/1009 1013/1013/1013 1016/1016/1016
f 1017/1017/1017 1013/1013/1013 1014/1014/1014
f 1017/1017/1017 1014/1014/1014 1018/1018/1018
f 1016/1016/1016 1019/1019/1019 1015/1015/1015
f 1015/1015/1015 1019/1019/1019 917/917/917
f 1013/1013/1013 1020/1020/1020 1016/1016/1016
f 1016/1016/1016 1020/1020/1020 1019/1019/1019
f 1013/1013/1013 1017/1017/1017 1020/1020/1020
f 1021/1021/1021 1017/1017/1017 1018/1018/1018
f 1021/1021/1021 1018/1018/1018 933/933/933
f 1021/1021/1021 933/933/933 936/936/936
f 1017/1017/1017 1021/1021/1021 1022/1022/1022
f 1017/1017/1017 1022/1022/1022 1020/1020/1020
f 1021/1021/1021 936/936/936 1022/1022/1022
f 1020/1020/1020 1023/1023/1023 1019/1019/1019
f 1019/1019/1019 1023/1023/1023 917/917/917
f 1020/1020/1020 1022/1022/1022 1023/1023/1023
f 1022/1022/1022 936/936/936 1024/1024/1024
f 1022/1022/1022 1024/1024/1024 1023/1023/1023
f 1023/1023/1023 1024/1024/1024 917/917/917
f 936/936/936 935/935/935 1024/1024/1024
f 1024/1024/1024 935/935/935 917/917/917
