g RoboBall
v 0.24787036 1.92184E-07 0.42566684
v 0.24787036 -0.055558503 0.42200962
v 0.1897048 -0.059267886 0.450185
v 0.18970479 1.6777756E-07 0.45408636
v 0.24787039 -0.1101706 0.41116256
v 0.12830718 1.4087773E-07 0.47476965
v 0.18970484 -0.117526144 0.43861377
v 0.18970487 -0.17376487 0.41950563
v 0.12830724 -0.12287938 0.4585923
v 0.24787046 -0.16288954 0.39325038
v 0.24787046 -0.21283327 0.36863828
v 0.12830724 -0.061967533 0.47069064
v 0.06470483 -0.06360236 0.48310804
v 0.0647048 1.13953355E-07 0.48729476
v 5.646943E-08 8.61988E-08 0.49151766
v 0.18970491 -0.22704309 0.39325038
v 0.18970491 -0.27641997 0.36023766
v 0.12830725 -0.23738478 0.41116264
v 0.24787046 -0.25911984 0.33769172
v 0.24787048 -0.30099177 0.30099183
v 0.12830725 -0.18167974 0.43861383
v 0.06470487 -0.1864727 0.45018506
v 0.06470486 -0.12612113 0.47069064
v 1.0884059E-07 -0.12721415 0.4747697
v 8.286105E-08 -0.064153574 0.48729476
v -0.064704664 -0.06360241 0.48310804
v -0.0647047 5.7902763E-08 0.4872947
v -0.12830706 2.9731503E-08 0.47476962
v 0.18970491 -0.32108745 0.32108757
v 0.18970491 -0.3602376 0.27642006
v 0.1283073 -0.3357128 0.33571282
v 0.24787048 -0.3376916 0.25911996
v 0.24787048 -0.36863816 0.21283339
v 0.12830731 -0.28901073 0.3766462
v 0.0647049 -0.29663524 0.38658264
v 0.064704895 -0.2436473 0.42200965
v 1.5218549E-07 -0.24575883 0.42566684
v 1.3113024E-07 -0.18808874 0.45408642
v -0.06470461 -0.18647276 0.450185
v -0.06470465 -0.1261212 0.47069055
v -0.12830698 -0.12287949 0.45859227
v -0.12830701 -0.061967637 0.4706906
v -0.18970464 -0.05926805 0.45018512
v -0.18970464 3.445533E-09 0.45408648
v -0.24787027 -2.1777076E-08 0.4256669
v -0.24787027 -0.05555872 0.4220097
v -0.24787024 -0.110170804 0.41116264
v -0.18970461 -0.11752628 0.43861386
v -0.18970458 -0.173765 0.4195057
v -0.24787016 -0.16288972 0.3932504
v -0.24787016 -0.2128335 0.36863834
v -0.12830698 -0.18167983 0.43861383
v -0.12830697 -0.23738486 0.41116259
v -0.18970454 -0.22704324 0.39325038
v -0.18970454 -0.27642012 0.36023766
v -0.24787016 -0.25912005 0.33769178
v -0.24787013 -0.30099198 0.30099195
v -0.064704604 -0.24364735 0.42200965
v -0.06470458 -0.29663527 0.3865826
v -0.12830694 -0.28901073 0.3766462
v -0.12830693 -0.3357128 0.33571282
v -0.18970452 -0.3210876 0.32108757
v -0.18970452 -0.36023766 0.2764201
v -0.24787013 -0.33769178 0.25912005
v -0.24787013 -0.36863837 0.21283346
v 1.6880603E-07 -0.29920593 0.38993284
v 1.8355026E-07 -0.34755546 0.3475555
v -0.06470457 -0.34456939 0.34456939
v -0.06470456 -0.3865826 0.29663527
v -0.12830693 -0.37664613 0.2890108
v -0.1283069 -0.41116256 0.23738486
v -0.18970451 -0.39325038 0.22704321
v -0.18970451 -0.41950563 0.17376497
v -0.24787013 -0.3932504 0.16288967
v -0.24787009 -0.41116256 0.11017073
v 0.064704925 -0.34456936 0.3445694
v 0.06470494 -0.38658258 0.2966353
v 1.9332089E-07 -0.38993278 0.299206
v 2.007975E-07 -0.42566675 0.24575886
v -0.064704545 -0.42200956 0.24364738
v -0.064704545 -0.45018497 0.18647276
v -0.12830693 -0.43861377 0.18167982
v -0.12830691 -0.4585922 0.122879475
v -0.18970451 -0.43861377 0.11752627
v -0.18970452 -0.45018497 0.059268046
v -0.24787016 -0.4220097 0.05555869
v -0.24787016 -0.42566693 7.89762E-08
v -0.18970452 -0.45408636 7.172537E-08
v -0.12830693 -0.47476956 6.376144E-08
v -0.12830693 -0.4706905 0.06196763
v -0.06470456 -0.48310795 0.063602425
v -0.06470457 -0.48729467 5.4937523E-08
v 1.8928003E-07 -0.49151763 4.4130232E-08
v -0.06470455 -0.4706905 0.1261212
v 2.0275186E-07 -0.47476962 0.12721418
v 1.9719593E-07 -0.48729467 0.0641536
v 0.06470494 -0.483108 0.063602395
v 0.06470493 -0.48729467 3.3854036E-08
v 0.12830731 -0.47476962 2.1196687E-08
v 2.0300416E-07 -0.45408633 0.18808876
v 0.06470494 -0.45018497 0.18647273
v 0.06470495 -0.47069055 0.12612116
v 0.12830731 -0.4585922 0.12287944
v 0.12830733 -0.4706905 0.0619676
v 0.18970492 -0.45018482 0.05926799
v 0.18970492 -0.45408627 1.1425675E-08
v 0.24787046 -0.42566666 -6.5472744E-10
v 0.24787046 -0.4220094 0.05555862
v 0.24787052 -0.4111624 0.11017067
v 0.18970494 -0.43861368 0.1175262
v 0.18970494 -0.41950554 0.17376493
v 0.24787048 -0.3932502 0.16288963
v 0.12830731 -0.43861368 0.18167977
v 0.12830733 -0.4111625 0.23738483
v 0.18970494 -0.39325023 0.22704321
v 0.06470494 -0.42200956 0.24364738
v 0.12830731 -0.37664613 0.28901076
v 0.2478702 1.2805772E-08 -0.42566693
v 0.18970464 -2.139757E-08 -0.45408648
v 0.18970466 -0.059268 -0.45018506
v 0.24787024 -0.055558607 -0.4220097
v 0.12830703 -5.876277E-08 -0.47476965
v 0.24787031 -0.11017067 -0.41116264
v 0.12830706 -0.06196765 -0.47069055
v 0.06470467 -0.063602455 -0.483108
v 0.12830709 -0.12287945 -0.4585922
v 0.06470464 -9.194243E-08 -0.48729476
v -1.0368727E-07 -1.2242137E-07 -0.49151772
v 0.18970469 -0.11752623 -0.43861377
v 0.18970472 -0.17376494 -0.41950563
v 0.24787031 -0.16288961 -0.3932504
v 0.24787028 -0.21283333 -0.36863837
v -7.5919694E-08 -0.06415368 -0.4872947
v -0.06470483 -0.06360252 -0.483108
v -4.585897E-08 -0.12721422 -0.47476962
v -0.06470486 -1.4950695E-07 -0.4872947
v -0.1283072 -1.7104449E-07 -0.47476962
v 0.0647047 -0.1261212 -0.47069055
v 0.06470473 -0.18647277 -0.45018497
v 0.12830712 -0.18167982 -0.4386137
v 0.12830715 -0.23738483 -0.41116256
v 0.18970475 -0.22704314 -0.39325038
v 0.18970478 -0.27642003 -0.36023766
v 0.24787036 -0.2591199 -0.33769178
v 0.24787036 -0.3009918 -0.30099198
v -0.1283072 -0.061967753 -0.47069055
v -0.18970478 -0.059268158 -0.45018497
v -0.12830713 -0.12287957 -0.4585922
v -0.18970479 -1.8875747E-07 -0.45408636
v -0.2478704 -2.0342625E-07 -0.42566678
v -0.24787039 -0.055558816 -0.42200956
v -0.24787031 -0.11017088 -0.4111625
v -0.18970476 -0.117526375 -0.43861368
v -0.18970472 -0.17376506 -0.41950554
v -0.24787031 -0.1628898 -0.39325026
v -0.24787033 -0.21283354 -0.36863822
v -0.064704806 -0.1261213 -0.47069055
v -0.06470476 -0.18647283 -0.45018497
v -0.12830713 -0.1816799 -0.4386137
v -0.12830707 -0.23738487 -0.4111625
v -0.1897047 -0.22704333 -0.3932503
v -0.18970467 -0.27642015 -0.3602376
v -0.24787027 -0.2591201 -0.33769166
v -0.24787027 -0.30099198 -0.30099183
v -1.6829851E-08 -0.18808883 -0.45408633
v 1.3485652E-08 -0.24575888 -0.42566678
v -0.06470474 -0.24364743 -0.42200956
v -0.06470472 -0.29663533 -0.38658258
v -0.12830706 -0.28901088 -0.3766461
v -0.12830704 -0.3357129 -0.33571276
v -0.18970464 -0.32108763 -0.3210875
v -0.18970461 -0.3602377 -0.27642003
v -0.24787024 -0.33769184 -0.2591199
v -0.2478702 -0.36863834 -0.2128333
v 0.06470476 -0.24364738 -0.42200956
v 0.06470479 -0.2966353 -0.3865826
v 4.174981E-08 -0.29920602 -0.38993278
v 7.0302356E-08 -0.3475555 -0.3475555
v -0.06470467 -0.34456944 -0.34456936
v -0.06470466 -0.3865826 -0.29663524
v -0.12830703 -0.3766462 -0.2890107
v -0.128307 -0.41116259 -0.23738475
v -0.18970458 -0.39325038 -0.22704312
v -0.18970458 -0.41950563 -0.17376482
v -0.2478702 -0.39325044 -0.16288954
v -0.24787013 -0.41116267 -0.11017059
v -0.18970457 -0.43861377 -0.11752611
v -0.18970452 -0.45018512 -0.0592679
v -0.12830694 -0.45859227 -0.12287934
v -0.24787016 -0.4220097 -0.055558532
v -0.24787016 -0.42566693 7.89762E-08
v -0.18970452 -0.45408636 7.172537E-08
v -0.12830693 -0.47476956 6.376144E-08
v -0.12830694 -0.47069055 -0.061967522
v -0.064704575 -0.48310795 -0.06360231
v -0.06470457 -0.48729467 5.4937523E-08
v 1.8928003E-07 -0.49151763 4.4130232E-08
v -0.12830697 -0.43861377 -0.1816797
v -0.064704604 -0.45018497 -0.18647267
v -0.06470459 -0.47069055 -0.12612107
v 1.6130025E-07 -0.47476962 -0.12721409
v 1.7629206E-07 -0.48729467 -0.064153515
v 0.064704925 -0.483108 -0.063602336
v 0.06470493 -0.48729467 3.3854036E-08
v 0.12830731 -0.47476962 2.1196687E-08
v -0.064704634 -0.42200962 -0.2436473
v 1.2071914E-07 -0.42566678 -0.24575883
v 1.4171707E-07 -0.45408633 -0.18808869
v 0.06470488 -0.45018497 -0.18647268
v 0.06470491 -0.47069055 -0.1261211
v 0.12830728 -0.45859215 -0.12287941
v 0.12830731 -0.4706905 -0.06196756
v 0.18970491 -0.45018482 -0.05926796
v 0.18970492 -0.45408627 1.1425675E-08
v 0.24787046 -0.42566666 -6.5472744E-10
v 0.24787046 -0.42200956 -0.05555862
v 0.24787048 -0.4111624 -0.11017067
v 0.18970488 -0.43861368 -0.117526196
v 0.18970485 -0.4195055 -0.17376491
v 0.2478704 -0.39325023 -0.16288963
v 0.2478704 -0.36863816 -0.21283345
v 0.12830728 -0.43861368 -0.18167976
v 0.12830722 -0.41116256 -0.23738483
v 0.18970487 -0.39325023 -0.22704317
v 0.18970484 -0.36023757 -0.27642006
v 0.24787039 -0.3376916 -0.25912002
v 0.06470487 -0.42200962 -0.2436473
v 0.06470484 -0.3865826 -0.29663524
v 0.1897048 -0.3210875 -0.32108757
v 0.1283072 -0.33571276 -0.33571285
v 0.12830722 -0.3766462 -0.28901076
v 9.5827225E-08 -0.3899328 -0.29920593
v 0.06470481 -0.34456939 -0.34456939
v 0.1283072 -0.28901076 -0.3766462
v 0.24787012 0.42566714 -3.488392E-07
v 0.18970452 0.45408657 -3.593213E-07
v 0.18970452 0.45018515 -0.05926834
v 0.24787012 0.4220099 -0.05555897
v 0.1283069 0.4747698 -3.6276813E-07
v 0.24787004 0.41116273 -0.11017102
v 0.1283069 0.4706907 -0.06196794
v 0.06470451 0.4831081 -0.06360274
v 0.12830688 0.45859236 -0.122879766
v 0.06470451 0.48729485 -3.6364534E-07
v -2.3649804E-07 0.4915178 -3.5524857E-07
v 0.18970451 0.43861386 -0.11752656
v 0.18970451 0.41950575 -0.17376527
v 0.24787009 0.39325052 -0.16288997
v 0.24787009 0.3686385 -0.21283376
v -2.4582783E-07 0.48729482 -0.06415392
v -0.06470499 0.4831081 -0.06360271
v -2.4996982E-07 0.47476965 -0.12721449
v -0.06470499 0.48729482 -3.410479E-07
v -0.12830733 0.47476965 -3.2133886E-07
v 0.0647045 0.47069064 -0.1261215
v 0.06470451 0.450185 -0.18647306
v 0.12830691 0.43861386 -0.18168011
v 0.12830687 0.41116264 -0.23738514
v 0.18970451 0.3932505 -0.22704351
v 0.18970452 0.36023778 -0.27642038
v 0.24787009 0.33769187 -0.2591203
v 0.24787009 0.30099204 -0.30099216
v -0.12830736 0.4706906 -0.0619679
v -0.18970492 0.45018506 -0.059268273
v -0.12830734 0.45859227 -0.12287972
v -0.18970492 0.45408648 -2.9750765E-07
v -0.2478705 0.4256669 -2.673158E-07
v -0.2478705 0.42200965 -0.05555887
v -0.24787058 0.4111625 -0.11017094
v -0.18970494 0.43861377 -0.11752649
v -0.18970494 0.41950563 -0.17376518
v -0.24787052 0.39325026 -0.16288987
v -0.24787052 0.3686382 -0.21283361
v -0.064705 0.47069055 -0.12612148
v -0.06470501 0.45018497 -0.18647303
v -0.12830734 0.4386137 -0.18168004
v -0.12830736 0.4111625 -0.2373851
v -0.18970494 0.39325032 -0.22704345
v -0.18970491 0.36023754 -0.2764203
v -0.24787052 0.3376916 -0.25912017
v -0.24787052 0.30099174 -0.30099204
v -2.5163607E-07 0.45408642 -0.18808904
v -2.4801548E-07 0.42566678 -0.24575914
v -0.06470501 0.42200956 -0.24364765
v -0.06470499 0.38658255 -0.29663554
v -0.12830734 0.37664607 -0.289011
v -0.12830731 0.33571273 -0.33571303
v -0.18970491 0.3210874 -0.32108775
v -0.18970491 0.27641994 -0.3602378
v -0.2478705 0.25911978 -0.33769184
v -0.2478705 0.21283323 -0.36863834
v 0.06470451 0.42200962 -0.24364765
v 0.06470451 0.38658264 -0.29663554
v -2.419528E-07 0.3899328 -0.29920626
v -2.3076817E-07 0.34755546 -0.34755576
v -0.06470499 0.3445693 -0.34456962
v -0.06470497 0.29663515 -0.3865828
v -0.12830733 0.2890106 -0.37664634
v -0.12830728 0.23738466 -0.41116273
v -0.18970491 0.22704299 -0.39325047
v -0.18970487 0.17376474 -0.4195057
v -0.2478705 0.16288942 -0.3932504
v -0.24787043 0.11017044 -0.41116259
v -0.18970484 0.11752601 -0.43861377
v -0.1897048 0.059267767 -0.450185
v -0.12830725 0.12287924 -0.4585923
v -0.2478704 0.055558406 -0.42200962
v -0.2478704 -2.0342625E-07 -0.42566678
v -0.18970479 -1.8875747E-07 -0.45408636
v -0.1283072 -1.7104449E-07 -0.47476962
v -0.12830725 0.061967406 -0.47069064
v -0.06470489 0.06360221 -0.48310804
v -0.06470486 -1.4950695E-07 -0.4872947
v -1.0368727E-07 -1.2242137E-07 -0.49151772
v -0.12830728 0.18167958 -0.43861392
v -0.06470494 0.18647255 -0.45018512
v -0.0647049 0.126121 -0.47069064
v -1.5605839E-07 0.127214 -0.4747697
v -1.314928E-07 0.06415343 -0.48729476
v 0.06470461 0.063602276 -0.4831081
v 0.06470464 -9.194243E-08 -0.48729476
v 0.12830703 -5.876277E-08 -0.47476965
v -0.064704955 0.24364722 -0.42200974
v -1.9940335E-07 0.24575874 -0.425667
v -1.7976205E-07 0.1880886 -0.4540865
v 0.06470457 0.18647265 -0.45018515
v 0.06470458 0.12612104 -0.47069064
v 0.12830697 0.12287937 -0.45859236
v 0.12830698 0.06196752 -0.47069064
v 0.18970464 0.05926796 -0.45018512
v 0.18970464 -2.139757E-08 -0.45408648
v 0.2478702 1.2805772E-08 -0.42566693
v 0.2478702 0.05555863 -0.42200974
v 0.24787019 0.11017071 -0.41116273
v 0.18970461 0.11752616 -0.43861398
v 0.18970458 0.17376488 -0.41950583
v 0.24787012 0.16288964 -0.39325055
v 0.24787012 0.21283346 -0.36863846
v 0.12830697 0.18167971 -0.43861392
v 0.12830694 0.23738478 -0.4111628
v 0.18970454 0.22704324 -0.39325055
v 0.18970454 0.2764201 -0.3602379
v 0.24787012 0.25912008 -0.337692
v 0.064704545 0.24364729 -0.4220098
v 0.06470454 0.29663524 -0.38658282
v 0.18970452 0.32108763 -0.32108784
v 0.12830691 0.33571285 -0.3357131
v 0.12830693 0.28901073 -0.37664643
v -2.1743787E-07 0.2992059 -0.38993302
v 0.06470452 0.34456939 -0.34456962
v 0.12830691 0.37664625 -0.2890111
v -0.24787027 -2.1777076E-08 0.4256669
v -0.24787027 -0.05555872 0.4220097
v -0.30177662 -0.05089469 0.38658273
v -0.24787024 -0.110170804 0.41116264
v -0.30177662 -4.5913513E-08 0.3899329
v -0.30177665 0.050894678 0.38658264
v -0.35054156 -6.802517E-08 0.34755558
v -0.24787028 0.055558767 0.42200962
v -0.24787036 0.11017101 0.41116256
v -0.3017766 -0.10092217 0.37664625
v -0.3017766 -0.14921544 0.36023772
v -0.35054153 -0.089954115 0.33571288
v -0.24787016 -0.16288972 0.3932504
v -0.24787016 -0.2128335 0.36863834
v -0.35054156 -0.045363553 0.34456947
v -0.393283 -0.03905291 0.2966354
v -0.3017767 0.1009223 0.37664613
v -0.3017767 0.14921561 0.3602376
v -0.3505416 0.0899542 0.33571285
v -0.24787036 0.16288999 0.39325026
v -0.24787033 0.21283376 0.36863816
v -0.3505416 0.045363497 0.3445694
v -0.393283 0.03905281 0.29663536
v -0.393283 -8.646639E-08 0.29920605
v -0.42932403 -1.03839405E-07 0.24575894
v -0.30177668 0.19496667 0.3376916
v -0.30177677 0.23736754 0.30934295
v -0.35054165 0.17377797 0.3009918
v -0.2478704 0.2591203 0.33769158
v -0.2478704 0.30099216 0.3009917
v -0.35054165 0.13299905 0.3210875
v -0.3932831 0.1144971 0.27642006
v -0.39328304 0.07744035 0.28901082
v -0.4293241 0.06360717 0.23738486
v -0.42932403 0.032076787 0.24364741
v -0.45798784 0.024549562 0.1864728
v -0.30177677 0.27572435 0.275724
v -0.30177677 0.30934328 0.2373671
v -0.35054168 0.24575903 0.24575871
v -0.24787043 0.33769196 0.25911978
v -0.24787046 0.36863846 0.21283318
v -0.3505417 0.21157078 0.27572402
v -0.39328313 0.18213844 0.23736721
v -0.39328307 0.14960313 0.25911993
v -0.4293241 0.12287951 0.21283337
v -0.4293241 0.094044484 0.22704318
v -0.45798784 0.07197584 0.17376493
v -0.45798784 0.048680976 0.18167982
v -0.4784938 0.03361132 0.12543927
v -0.35054174 0.27572426 0.2115704
v -0.3932831 0.2373674 0.1821382
v -0.3505417 0.30099204 0.17377758
v -0.39328313 0.21157068 0.21157049
v -0.4293241 0.17377779 0.17377768
v -0.4293241 0.14960305 0.19496636
v -0.45798784 0.11449695 0.1492153
v -0.45798784 0.09404441 0.16288961
v -0.4784938 0.06493209 0.11246574
v -0.3017768 0.33769187 0.1949662
v -0.3017768 0.36023775 0.14921509
v -0.24787046 0.3932505 0.16288936
v -0.24787052 0.41116273 0.11017041
v -0.47813892 0.050726738 0.12246522
v -0.48864198 0.032732747 0.079024024
v -0.30177683 0.37664625 0.1009218
v -0.30177683 0.38658264 0.05089433
v -0.35054174 0.33571288 0.08995378
v -0.2478705 0.42200962 0.05555835
v -0.2478705 0.4256669 -2.673158E-07
v -0.35054174 0.32108766 0.13299865
v -0.39328316 0.27642012 0.11449679
v -0.39328316 0.25912005 0.14960283
v -0.42932424 0.21283342 0.122879334
v -0.42932424 0.19496645 0.1496029
v -0.45798784 0.14921528 0.1144969
v -0.45798784 0.13299881 0.1329988
v -0.4784938 0.09182784 0.091827884
v -0.47813892 0.08069456 0.105163254
v -0.48864198 0.05207029 0.067859456
v -0.4900617 0.03737691 0.06473887
v -0.49881718 -1.3897765E-07 7.941067E-08
v -0.4900617 0.05285894 0.052859068
v -0.48864198 0.06785933 0.05207039
v -0.47813892 0.10516319 0.080694586
v -0.4784938 0.112465665 0.0649321
v -0.4900617 0.019347677 0.07220685
v -0.4900617 0.06473873 0.037377007
v -0.48864198 0.011164454 0.08480324
v -0.48864198 0.07902386 0.03273282
v -0.4900617 -1.3196562E-07 0.074754044
v -0.4784938 -1.2698077E-07 0.1298643
v -0.47813892 0.017301878 0.13142142
v -0.457988 0.16288958 0.09404431
v -0.457988 0.17376487 0.07197572
v -0.47813898 0.12246511 0.050726727
v -0.47849384 0.12543912 0.03361132
v -0.48864198 -0.011164697 0.084803246
v -0.4579878 -1.1790934E-07 0.1880888
v -0.4579878 -0.024549749 0.1864728
v -0.42932424 0.22704324 0.09404427
v -0.42932424 0.23738478 0.06360696
v -0.4900617 0.07220666 0.019347774
v -0.4781389 -0.017302098 0.13142143
v -0.47849375 -0.03361149 0.12543932
v -0.42932403 -0.03207692 0.24364746
v -0.42932403 -0.06360724 0.2373849
v -0.3932832 0.2890108 0.07744005
v -0.3932832 0.29663524 0.03905262
v -0.4900617 -0.019347897 0.07220686
v -0.4579878 -0.0486811 0.18167984
v -0.4579878 -0.07197595 0.173765
v -0.48864198 -0.03273295 0.079024054
v -0.39328298 -0.07744035 0.28901088
v -0.39328295 -0.1144971 0.27642018
v -0.35054177 0.34456939 0.045363225
v -0.35054174 0.3475555 -1.9317206E-07
v -0.4781389 -0.050726898 0.12246527
v -0.47849375 -0.06493227 0.11246581
v -0.42932403 -0.09404452 0.22704329
v -0.42932403 -0.12287955 0.21283352
v -0.35054153 -0.13299896 0.32108763
v -0.35054147 -0.17377786 0.30099198
v -0.30177686 0.3899328 -2.321384E-07
v -0.30177686 0.38658258 -0.050894793
v -0.2478705 0.42200965 -0.05555887
v -0.24787058 0.4111625 -0.11017094
v -0.4579878 -0.09404451 0.16288972
v -0.4579878 -0.114497095 0.1492154
v -0.3017765 -0.19496654 0.3376918
v -0.3017765 -0.2373674 0.30934316
v -0.24787016 -0.25912005 0.33769178
v -0.24787013 -0.30099198 0.30099195
v -0.30177686 0.3766461 -0.10092226
v -0.30177686 0.36023754 -0.14921552
v -0.35054177 0.33571276 -0.089954175
v -0.24787052 0.39325026 -0.16288987
v -0.24787052 0.3686382 -0.21283361
v -0.35054177 0.34456936 -0.045363605
v -0.39328322 0.2966352 -0.039052922
v -0.3932832 0.2992059 -1.5142594E-07
v -0.42932424 0.24575882 -1.0730004E-07
v -0.42932424 0.2436473 0.032076675
v -0.457988 0.18647262 0.024549536
v -0.457988 0.1816797 0.048680887
v -0.47813898 0.13142122 0.01730193
v -0.47849384 0.12986411 -1.5454264E-08
v -0.48864198 0.08480304 0.0111645665
v -0.4900617 0.07475382 2.6171326E-08
v -0.488642 0.08480303 -0.011164528
v -0.4900617 0.07220663 -0.01934772
v -0.47849384 0.12543908 -0.03361135
v -0.457988 0.18808863 -6.1095584E-08
v -0.457988 0.1864726 -0.02454966
v -0.47813898 0.13142121 -0.017301966
v -0.488642 0.079023816 -0.032732777
v -0.42932418 0.24364723 -0.032076888
v -0.42932418 0.23738468 -0.06360717
v -0.457988 0.18167962 -0.048681
v -0.457988 0.17376475 -0.071975835
v -0.47813898 0.12246504 -0.050726753
v -0.47849384 0.112465575 -0.06493212
v -0.49006176 0.06473867 -0.037376948
v -0.39328322 0.28901067 -0.077440344
v -0.39328322 0.27641994 -0.11449708
v -0.42932418 0.22704309 -0.094044454
v -0.42932418 0.21283323 -0.12287949
v -0.488642 0.06785926 -0.05207033
v -0.3505418 0.32108748 -0.13299897
v -0.35054177 0.30099177 -0.17377788
v -0.457988 0.16288944 -0.0940444
v -0.45798787 0.14921513 -0.11449697
v -0.47813898 0.10516307 -0.08069459
v -0.47849384 0.091827706 -0.09182786
v -0.4900617 0.052858874 -0.052858982
v -0.488642 0.052070197 -0.067859374
v -0.39328322 0.25911984 -0.1496031
v -0.39328316 0.23736715 -0.18213844
v -0.42932418 0.19496626 -0.14960305
v -0.42932418 0.17377758 -0.1737778
v -0.4900617 0.037376814 -0.06473877
v -0.47849384 0.06493194 -0.11246569
v -0.48864198 0.032732632 -0.07902391
v -0.4900617 0.019347582 -0.07220671
v -0.47849384 0.033611152 -0.12543918
v -0.45798787 0.13299863 -0.13299884
v -0.45798787 0.11449674 -0.14921533
v -0.47813898 0.080694415 -0.10516324
v -0.48864198 0.011164378 -0.084803104
v -0.47813898 0.05072656 -0.12246516
v -0.45798787 0.07197558 -0.1737649
v -0.45798787 0.09404418 -0.16288961
v -0.42932412 0.12287924 -0.21283342
v -0.42932418 0.1496028 -0.19496644
v -0.39328316 0.1821381 -0.23736736
v -0.39328316 0.21157041 -0.21157067
v -0.35054177 0.24575874 -0.24575898
v -0.3505418 0.27572402 -0.21157071
v -0.30177686 0.30934295 -0.23736747
v -0.30177686 0.3376916 -0.19496658
v -0.24787052 0.3376916 -0.25912017
v -0.24787052 0.30099174 -0.30099204
v -0.30177686 0.275724 -0.27572426
v -0.30177686 0.23736712 -0.3093432
v -0.2478705 0.25911978 -0.33769184
v -0.2478705 0.21283323 -0.36863834
v -0.35054174 0.2115704 -0.27572423
v -0.35054174 0.1737775 -0.30099198
v -0.30177686 0.1949662 -0.3376918
v -0.30177677 0.1492151 -0.3602377
v -0.2478705 0.16288942 -0.3932504
v -0.24787043 0.11017044 -0.41116259
v -0.3932832 0.14960277 -0.25912002
v -0.3932832 0.11449673 -0.2764201
v -0.35054174 0.13299862 -0.32108763
v -0.35054168 0.08995375 -0.33571285
v -0.30177677 0.10092181 -0.3766462
v -0.30177677 0.050894342 -0.3865826
v -0.2478704 0.055558406 -0.42200962
v -0.2478704 -2.0342625E-07 -0.42566678
v -0.42932412 0.09404416 -0.22704318
v -0.42932412 0.06360685 -0.23738481
v -0.39328313 0.07743998 -0.28901076
v -0.3932831 0.039052553 -0.29663524
v -0.3505417 0.0453632 -0.34456939
v -0.35054165 -2.1583811E-07 -0.3475555
v -0.30177677 -2.1245592E-07 -0.3899328
v -0.30177674 -0.05089478 -0.38658258
v -0.24787039 -0.055558816 -0.42200956
v -0.24787031 -0.11017088 -0.4111625
v -0.45798787 0.048680745 -0.18167973
v -0.45798787 0.0245494 -0.18647267
v -0.42932412 0.032076575 -0.2436473
v -0.42932412 -2.0814949E-07 -0.24575879
v -0.3932831 -2.1503082E-07 -0.2992059
v -0.3932831 -0.039052986 -0.2966352
v -0.35054168 -0.04536363 -0.34456936
v -0.35054162 -0.08995418 -0.33571276
v -0.30177665 -0.10092224 -0.3766461
v -0.30177665 -0.1492155 -0.36023754
v -0.24787031 -0.1628898 -0.39325026
v -0.24787033 -0.21283354 -0.36863822
v -0.30177668 -0.19496657 -0.33769163
v -0.30177662 -0.23736744 -0.309343
v -0.35054156 -0.17377794 -0.30099183
v -0.24787027 -0.2591201 -0.33769166
v -0.24787027 -0.30099198 -0.30099183
v -0.35054162 -0.132999 -0.32108748
v -0.39328304 -0.114497155 -0.27641997
v -0.3932831 -0.07744041 -0.2890107
v -0.4293241 -0.06360728 -0.23738475
v -0.42932412 -0.032076985 -0.24364729
v -0.45798784 -0.024549792 -0.18647265
v -0.45798787 -1.9713315E-07 -0.18808867
v -0.4784938 -1.823719E-07 -0.12986417
v -0.47813898 0.017301762 -0.13142128
v -0.4900617 -1.6506782E-07 -0.07475389
v -0.48864198 -0.011164714 -0.08480309
v -0.47813892 -0.017302128 -0.13142127
v -0.4784938 -0.03361151 -0.12543914
v -0.45798784 -0.048681132 -0.18167968
v -0.45798784 -0.071975954 -0.17376482
v -0.4900617 -0.019347908 -0.0722067
v -0.48864198 -0.03273296 -0.07902388
v -0.4293241 -0.09404456 -0.22704309
v -0.4293241 -0.12287961 -0.21283333
v -0.4900617 -0.037377138 -0.064738736
v -0.4784938 -0.06493229 -0.11246564
v -0.48864198 -0.052070525 -0.06785934
v -0.4900617 -0.052859183 -0.052858945
v -0.4784938 -0.09182804 -0.091827795
v -0.47813892 -0.050726913 -0.122465104
v -0.45798784 -0.09404453 -0.16288953
v -0.45798784 -0.114497125 -0.14921524
v -0.47813892 -0.08069477 -0.10516316
v -0.39328307 -0.14960316 -0.25911987
v -0.39328298 -0.1821385 -0.23736717
v -0.48864198 -0.06785957 -0.052070282
v -0.4293241 -0.14960317 -0.19496632
v -0.4293241 -0.17377794 -0.17377767
v -0.35054156 -0.21157068 -0.27572408
v -0.35054153 -0.24575895 -0.24575879
v -0.45798784 -0.132999 -0.13299872
v -0.45798784 -0.14921549 -0.11449685
v -0.47813892 -0.10516341 -0.080694504
v -0.4784938 -0.11246588 -0.064932026
v -0.39328298 -0.21157071 -0.21157047
v -0.393283 -0.2373674 -0.18213823
v -0.30177662 -0.27572426 -0.27572408
v -0.3017766 -0.3093432 -0.23736721
v -0.24787024 -0.33769184 -0.2591199
v -0.2478702 -0.36863834 -0.2128333
v -0.4900617 -0.06473898 -0.037376896
v -0.42932394 -0.19496655 -0.14960288
v -0.42932394 -0.21283357 -0.12287932
v -0.35054153 -0.27572423 -0.21157049
v -0.3505415 -0.30099198 -0.17377765
v -0.30177656 -0.33769187 -0.19496632
v -0.30177656 -0.36023778 -0.14921522
v -0.2478702 -0.39325044 -0.16288954
v -0.24787013 -0.41116267 -0.11017059
v -0.4579877 -0.16288981 -0.094044276
v -0.4579877 -0.17376508 -0.07197569
v -0.39328298 -0.25912008 -0.14960289
v -0.39328298 -0.27642018 -0.114496835
v -0.3505415 -0.32108766 -0.13299872
v -0.35054147 -0.3357129 -0.08995388
v -0.30177653 -0.37664628 -0.100921944
v -0.30177653 -0.38658273 -0.050894476
v -0.24787016 -0.4220097 -0.055558532
v -0.24787016 -0.42566693 7.89762E-08
v -0.42932394 -0.22704329 -0.09404427
v -0.42932394 -0.23738497 -0.06360696
v -0.39328295 -0.28901088 -0.0774401
v -0.39328295 -0.2966354 -0.03905268
v -0.35054147 -0.3445695 -0.045363326
v -0.35054147 -0.34755558 8.919385E-08
v -0.3017765 -0.3899329 8.5895046E-08
v -0.3017765 -0.3865827 0.050894648
v -0.24787016 -0.4220097 0.05555869
v -0.24787009 -0.41116256 0.11017073
v -0.3017765 -0.37664625 0.100922115
v -0.3017765 -0.36023772 0.1492154
v -0.35054144 -0.3357129 0.08995406
v -0.24787013 -0.3932504 0.16288967
v -0.24787013 -0.36863837 0.21283346
v -0.35054147 -0.34456947 0.045363504
v -0.39328292 -0.29663536 0.03905286
v -0.39328295 -0.29920605 9.097578E-08
v -0.42932394 -0.24575898 9.172702E-08
v -0.42932394 -0.24364746 -0.032076687
v -0.4579877 -0.18647288 -0.024549505
v -0.4579877 -0.18167993 -0.04868085
v -0.47849375 -0.12543938 -0.03361124
v -0.4781389 -0.12246536 -0.050726652
v -0.48864198 -0.07902412 -0.032732714
v -0.4900617 -0.07220693 -0.019347658
v -0.48864198 -0.08480331 -0.0111644585
v -0.4781389 -0.13142149 -0.017301857
v -0.47849375 -0.12986438 8.970824E-08
v -0.4900617 -0.074754104 8.689415E-08
v -0.48864192 -0.084803306 0.011164634
v -0.4900617 -0.07220692 0.019347832
v -0.47849375 -0.12543935 0.033611424
v -0.4579877 -0.1880889 9.135265E-08
v -0.4579877 -0.18647288 0.024549687
v -0.4781389 -0.13142149 0.017302036
v -0.48864192 -0.07902411 0.032732878
v -0.42932397 -0.24364749 0.03207687
v -0.42932397 -0.2373849 0.063607164
v -0.4579877 -0.18167992 0.048681032
v -0.4579877 -0.17376506 0.07197587
v -0.4781389 -0.12246533 0.050726835
v -0.47849375 -0.11246588 0.06493221
v -0.49006164 -0.06473897 0.037377063
v -0.39328292 -0.28901088 0.077440284
v -0.39328292 -0.27642018 0.11449702
v -0.42932397 -0.22704329 0.094044454
v -0.42932397 -0.2128335 0.122879505
v -0.48864192 -0.06785957 0.052070446
v -0.35054147 -0.32108763 0.1329989
v -0.35054144 -0.30099198 0.17377782
v -0.4579877 -0.16288978 0.09404445
v -0.4579878 -0.14921547 0.11449702
v -0.4781389 -0.10516338 0.08069468
v -0.47849375 -0.091828026 0.091827966
v -0.4900617 -0.052859176 0.052859105
v -0.48864192 -0.05207052 0.06785949
v -0.39328292 -0.25912008 0.14960307
v -0.39328298 -0.23736739 0.18213841
v -0.42932397 -0.19496655 0.14960307
v -0.42932397 -0.17377788 0.17377782
v -0.4900617 -0.037377123 0.06473891
v -0.4781389 -0.08069475 0.10516332
v -0.4579878 -0.13299897 0.1329989
v -0.42932397 -0.14960311 0.1949665
v -0.39328298 -0.18213846 0.23736739
v -0.39328298 -0.21157071 0.21157067
v -0.35054144 -0.24575894 0.24575888
v -0.39328295 -0.14960311 0.25912008
v -0.35054153 -0.21157068 0.27572417
v -0.35054147 -0.27572423 0.21157064
v -0.3017765 -0.3093432 0.23736735
v -0.3017765 -0.27572423 0.27572417
v -0.24787013 -0.33769178 0.25912005
v -0.3017765 -0.33769178 0.19496648
v 0.24787012 0.42566714 -3.488392E-07
v 0.24787012 0.42201 0.055558268
v 0.18970452 0.45018527 0.05926762
v 0.18970452 0.45408657 -3.593213E-07
v 0.24787009 0.41116297 0.11017034
v 0.1283069 0.4747698 -3.6276813E-07
v 0.18970457 0.43861407 0.11752585
v 0.18970458 0.419506 0.17376457
v 0.12830693 0.4585926 0.122879066
v 0.24787016 0.3932508 0.1628893
v 0.24787016 0.36863872 0.21283314
v 0.12830693 0.4706908 0.06196723
v 0.06470452 0.4831082 0.06360201
v 0.06470451 0.48729485 -3.6364534E-07
v -2.3649804E-07 0.4915178 -3.5524857E-07
v 0.18970458 0.39325076 0.22704287
v 0.18970461 0.36023808 0.2764198
v 0.12830698 0.41116303 0.23738451
v 0.24787019 0.33769223 0.2591197
v 0.2478702 0.30099243 0.30099165
v 0.12830694 0.43861416 0.18167943
v 0.06470457 0.4501853 0.18647239
v 0.06470454 0.47069085 0.12612079
v -2.0851823E-07 0.47476986 0.12721378
v -2.2492398E-07 0.4872949 0.06415321
v -0.06470498 0.48310816 0.06360203
v -0.06470499 0.48729482 -3.410479E-07
v -0.12830733 0.47476965 -3.2133886E-07
v 0.18970464 0.32108808 0.32108733
v 0.18970467 0.27642056 0.36023745
v 0.12830701 0.33571336 0.33571258
v 0.2478702 0.25912055 0.33769152
v 0.24787028 0.21283403 0.36863807
v 0.128307 0.37664664 0.2890105
v 0.064704604 0.38658303 0.296635
v 0.06470457 0.42201 0.24364704
v -1.6793723E-07 0.42566717 0.24575852
v -1.9034907E-07 0.45408672 0.18808839
v -0.06470495 0.4501853 0.1864724
v -0.06470496 0.47069073 0.1261208
v -0.12830731 0.4585925 0.1228791
v -0.12830733 0.4706907 0.061967257
v -0.18970491 0.450185 0.059267674
v -0.18970492 0.45408648 -2.9750765E-07
v -0.2478705 0.4256669 -2.673158E-07
v -0.2478705 0.42200962 0.05555835
v -0.24787052 0.41116273 0.11017041
v -0.18970488 0.43861398 0.117525905
v -0.18970485 0.41950577 0.17376463
v -0.24787046 0.3932505 0.16288936
v -0.24787046 0.36863846 0.21283318
v -0.12830731 0.438614 0.18167946
v -0.12830725 0.41116288 0.23738454
v -0.18970487 0.39325058 0.22704293
v -0.18970484 0.36023793 0.27641982
v -0.24787043 0.33769196 0.25911978
v -0.2478704 0.30099216 0.3009917
v -0.06470492 0.42200994 0.24364702
v -0.064704895 0.38658297 0.29663497
v -0.12830725 0.37664652 0.2890105
v -0.12830721 0.33571324 0.33571258
v -0.1897048 0.3210879 0.32108733
v -0.18970478 0.27642047 0.36023745
v -0.2478704 0.2591203 0.33769158
v -0.24787033 0.21283376 0.36863816
v -1.4445925E-07 0.3899332 0.29920566
v -1.1752043E-07 0.34755594 0.34755522
v -0.06470488 0.34456977 0.34456912
v -0.06470483 0.29663572 0.38658237
v -0.12830721 0.28901115 0.37664595
v -0.12830718 0.23738524 0.41116235
v -0.18970475 0.22704357 0.3932502
v -0.18970472 0.17376535 0.41950554
v -0.24787036 0.16288999 0.39325026
v -0.24787036 0.11017101 0.41116256
v 0.064704634 0.34456986 0.34456915
v 0.06470466 0.29663578 0.38658243
v -9.038185E-08 0.29920644 0.3899326
v -6.070375E-08 0.24575934 0.4256666
v -0.06470481 0.24364784 0.42200935
v -0.0647048 0.1864732 0.45018482
v -0.12830713 0.18168022 0.43861362
v -0.12830712 0.122879855 0.45859215
v -0.18970469 0.11752658 0.4386137
v -0.18970466 0.059268173 0.450185
v -0.24787028 0.055558767 0.42200962
v -0.24787027 -2.1777076E-08 0.4256669
v -0.18970464 3.445533E-09 0.45408648
v -0.12830706 2.9731503E-08 0.47476962
v -0.12830707 0.0619678 0.47069055
v -0.06470473 0.06360263 0.48310795
v -0.0647047 5.7902763E-08 0.4872947
v 5.646943E-08 8.61988E-08 0.49151766
v -0.064704746 0.12612158 0.47069046
v -1.3591079E-09 0.12721464 0.4747695
v 2.7287776E-08 0.06415385 0.48729467
v 0.06470477 0.06360269 0.483108
v 0.0647048 1.13953355E-07 0.48729476
v 0.12830718 1.4087773E-07 0.47476965
v -3.1802195E-08 0.18808927 0.45408624
v 0.064704716 0.18647331 0.45018488
v 0.06470474 0.12612168 0.47069046
v 0.12830712 0.122879975 0.45859215
v 0.12830718 0.061967917 0.47069055
v 0.18970478 0.059268348 0.45018497
v 0.18970479 1.6777756E-07 0.45408636
v 0.24787036 1.92184E-07 0.42566684
v 0.24787033 0.055558987 0.42200962
v 0.24787027 0.11017124 0.4111625
v 0.18970476 0.11752674 0.43861368
v 0.18970472 0.1737655 0.4195055
v 0.24787027 0.1628902 0.39325023
v 0.12830712 0.18168035 0.43861362
v 0.12830706 0.23738539 0.41116235
v 0.1897047 0.22704376 0.3932502
v 0.06470469 0.24364789 0.4220094
v 0.12830704 0.28901127 0.37664595
v 0.24787036 1.92184E-07 0.42566684
v 0.30177668 -0.050894428 0.38658264
v 0.24787036 -0.055558503 0.42200962
v 0.24787039 -0.1101706 0.41116256
v 0.30177668 2.1550098E-07 0.38993284
v 0.30177665 0.05089495 0.3865826
v 0.3505416 2.360105E-07 0.34755552
v 0.24787033 0.055558987 0.42200962
v 0.24787027 0.11017124 0.4111625
v 0.30177677 -0.10092192 0.37664622
v 0.30177677 -0.1492152 0.3602377
v 0.35054165 -0.08995383 0.33571288
v 0.24787046 -0.16288954 0.39325038
v 0.24787046 -0.21283327 0.36863828
v 0.35054162 -0.045363247 0.34456944
v 0.393283 -0.03905258 0.2966353
v 0.30177665 0.100922585 0.3766461
v 0.30177665 0.1492159 0.36023754
v 0.3505415 0.08995452 0.33571282
v 0.24787027 0.1628902 0.39325023
v 0.24787028 0.21283403 0.36863807
v 0.3505416 0.04536381 0.3445694
v 0.393283 0.03905317 0.2966353
v 0.393283 2.5421565E-07 0.29920602
v 0.42932397 2.6787396E-07 0.24575888
v 0.30177656 0.19496696 0.33769158
v 0.3017766 0.23736787 0.30934292
v 0.35054153 0.17377831 0.3009918
v 0.2478702 0.25912055 0.33769152
v 0.2478702 0.30099243 0.30099165
v 0.3505415 0.13299936 0.32108748
v 0.39328295 0.11449748 0.27641997
v 0.39328298 0.07744071 0.28901073
v 0.42932394 0.063607566 0.23738481
v 0.42932403 0.032077163 0.24364741
v 0.45798773 0.024549978 0.1864728
v 0.30177653 0.27572465 0.2757239
v 0.3017765 0.30934358 0.23736702
v 0.35054147 0.2457594 0.24575867
v 0.24787019 0.33769223 0.2591197
v 0.24787016 0.36863872 0.21283314
v 0.35054147 0.21157111 0.275724
v 0.3932829 0.18213888 0.23736712
v 0.39328298 0.14960353 0.25911984
v 0.42932394 0.12287995 0.21283333
v 0.42932397 0.0940449 0.22704314
v 0.45798773 0.07197627 0.17376493
v 0.45798773 0.04868142 0.1816798
v 0.4784938 0.03361177 0.12543927
v 0.35054144 0.27572462 0.21157034
v 0.39328292 0.23736782 0.18213814
v 0.35054144 0.30099237 0.17377748
v 0.3932829 0.2115711 0.21157041
v 0.42932385 0.17377827 0.17377762
v 0.42932397 0.14960352 0.1949663
v 0.45798773 0.114497446 0.14921527
v 0.45798773 0.094044864 0.1628896
v 0.4784938 0.06493257 0.112465724
v 0.3017765 0.33769223 0.19496612
v 0.3017765 0.3602381 0.14921501
v 0.24787016 0.3932508 0.1628893
v 0.24787009 0.41116297 0.11017034
v 0.47813883 0.05072721 0.12246522
v 0.48864192 0.03273321 0.079023965
v 0.30177647 0.37664658 0.10092172
v 0.30177647 0.386583 0.05089424
v 0.3505414 0.33571324 0.0899537
v 0.24787012 0.42201 0.055558268
v 0.24787012 0.42566714 -3.488392E-07
v 0.3505414 0.32108802 0.13299856
v 0.39328286 0.27642056 0.1144967
v 0.39328286 0.25912046 0.14960276
v 0.42932388 0.21283396 0.12287924
v 0.42932385 0.19496688 0.14960283
v 0.45798773 0.14921582 0.114496835
v 0.45798773 0.13299932 0.13299875
v 0.4784938 0.09182834 0.091827825
v 0.47813883 0.08069507 0.105163224
v 0.48864192 0.052070778 0.0678594
v 0.49006164 0.03737738 0.064738795
v 0.49881718 2.9314862E-07 -8.301815E-08
v 0.49006164 0.05285943 0.052858982
v 0.48864192 0.06785984 0.05207031
v 0.47813883 0.10516372 0.08069453
v 0.4784938 0.112466194 0.06493202
v 0.49006164 0.019348122 0.07220678
v 0.49006164 0.064739235 0.0373769
v 0.48864192 0.011164888 0.084803194
v 0.48864192 0.0790244 0.032732703
v 0.49006164 2.9236185E-07 0.074753985
v 0.4784938 2.8727865E-07 0.12986434
v 0.47813883 0.01730231 0.13142142
v 0.4579876 0.16289012 0.09404423
v 0.4579876 0.17376539 0.07197563
v 0.47813877 0.12246567 0.050726626
v 0.47849375 0.12543967 0.0336112
v 0.48864192 -0.011164289 0.0848032
v 0.4579878 2.7920174E-07 0.1880888
v 0.4579878 -0.024549369 0.1864728
v 0.42932385 0.22704367 0.094044164
v 0.42932388 0.23738532 0.06360684
v 0.49006164 0.07220718 0.01934764
v 0.4781389 -0.017301703 0.13142143
v 0.47849384 -0.03361111 0.12543929
v 0.42932403 -0.032076575 0.24364741
v 0.42932397 -0.06360688 0.23738487
v 0.39328283 0.28901124 0.07743994
v 0.39328283 0.2966357 0.039052505
v 0.49006164 -0.019347498 0.0722068
v 0.4579878 -0.048680734 0.18167984
v 0.4579878 -0.07197561 0.173765
v 0.48864192 -0.03273257 0.079023995
v 0.39328304 -0.07744003 0.28901082
v 0.3932831 -0.11449677 0.27642012
v 0.35054138 0.34456977 0.04536312
v 0.35054138 0.34755582 -3.077715E-07
v 0.42932403 -0.094044186 0.22704324
v 0.42932397 -0.12287928 0.21283346
v 0.35054162 -0.13299869 0.32108763
v 0.35054162 -0.17377761 0.30099192
v 0.30177644 0.38993314 -3.319837E-07
v 0.30177644 0.38658288 -0.0508949
v 0.24787012 0.4220099 -0.05555897
v 0.24787004 0.41116273 -0.11017102
v 0.3932831 -0.14960285 0.25912002
v 0.39328307 -0.18213817 0.23736732
v 0.30177674 -0.1949663 0.33769175
v 0.30177674 -0.23736715 0.30934307
v 0.24787046 -0.25911984 0.33769172
v 0.24787048 -0.30099177 0.30099183
v 0.35054162 -0.21157044 0.27572414
v 0.3505417 -0.24575868 0.24575886
v 0.30177677 -0.275724 0.27572414
v 0.30177677 -0.30934295 0.23736729
v 0.24787048 -0.3376916 0.25911996
v 0.24787048 -0.36863816 0.21283339
v 0.30177677 -0.33769158 0.1949664
v 0.30177677 -0.3602375 0.14921531
v 0.3505417 -0.3009917 0.17377774
v 0.24787048 -0.3932502 0.16288963
v 0.24787052 -0.4111624 0.11017067
v 0.3505417 -0.275724 0.21157059
v 0.39328307 -0.23736712 0.18213835
v 0.39328307 -0.21157041 0.21157056
v 0.42932412 -0.17377762 0.17377777
v 0.4293241 -0.14960285 0.19496644
v 0.4579878 -0.11449677 0.14921537
v 0.4579878 -0.0940442 0.16288969
v 0.47849384 -0.06493193 0.112465784
v 0.4781389 -0.05072654 0.12246527
v 0.49006164 -0.03737675 0.06473883
v 0.48864198 -0.052070163 0.067859426
v 0.49006164 -0.052858826 0.05285902
v 0.47849384 -0.09182772 0.0918279
v 0.48864198 -0.06785923 0.052070357
v 0.4781389 -0.08069442 0.1051633
v 0.4579878 -0.13299866 0.13299884
v 0.4579878 -0.14921518 0.11449695
v 0.4781389 -0.10516309 0.080694616
v 0.47849384 -0.112465575 0.064932115
v 0.4900617 -0.06473863 0.037376955
v 0.4293241 -0.19496629 0.149603
v 0.42932412 -0.21283323 0.12287943
v 0.48864198 -0.07902379 0.032732766
v 0.45798787 -0.16288948 0.094044365
v 0.45798787 -0.1737648 0.071975775
v 0.3932831 -0.2591198 0.149603
v 0.3932831 -0.2764199 0.11449693
v 0.4781389 -0.12246507 0.05072673
v 0.47849384 -0.12543909 0.033611305
v 0.49006164 -0.072206594 0.019347697
v 0.4293241 -0.22704305 0.09404436
v 0.42932412 -0.23738463 0.063607045
v 0.3505417 -0.32108742 0.1329988
v 0.3505417 -0.3357127 0.08995397
v 0.48864198 -0.084803 0.01116449
v 0.45798787 -0.18167964 0.048680916
v 0.45798787 -0.18647261 0.024549559
v 0.3932831 -0.2890106 0.07744017
v 0.3932831 -0.29663512 0.039052743
v 0.30177677 -0.376646 0.100922026
v 0.30177677 -0.38658246 0.050894555
v 0.24787046 -0.4220094 0.05555862
v 0.24787046 -0.42566666 -6.5472744E-10
v 0.4781389 -0.13142122 0.017301898
v 0.47849384 -0.12986413 -6.6204855E-08
v 0.4293241 -0.24364719 0.032076743
v 0.42932397 -0.24575864 -4.7691397E-08
v 0.35054168 -0.34456924 0.045363396
v 0.35054168 -0.34755534 -2.4837867E-08
v 0.30177677 -0.38993266 -1.2436252E-08
v 0.30177677 -0.38658246 -0.05089458
v 0.24787046 -0.42200956 -0.05555862
v 0.24787048 -0.4111624 -0.11017067
v 0.45798787 -0.18808863 -5.7500216E-08
v 0.45798787 -0.18647261 -0.024549672
v 0.3932831 -0.2992058 -3.7172097E-08
v 0.3932831 -0.29663512 -0.039052818
v 0.35054168 -0.34456924 -0.04536345
v 0.35054165 -0.3357127 -0.089954
v 0.30177677 -0.37664604 -0.100922056
v 0.30177674 -0.36023754 -0.14921534
v 0.2478704 -0.39325023 -0.16288963
v 0.2478704 -0.36863816 -0.21283345
v 0.42932412 -0.24364719 -0.032076843
v 0.42932397 -0.23738463 -0.06360714
v 0.3932831 -0.2890106 -0.077440254
v 0.39328307 -0.27641994 -0.114497
v 0.35054165 -0.32108742 -0.13299887
v 0.35054162 -0.30099177 -0.1737778
v 0.30177674 -0.3376916 -0.19496644
v 0.3017767 -0.30934295 -0.23736735
v 0.24787039 -0.3376916 -0.25912002
v 0.24787036 -0.3009918 -0.30099198
v 0.30177668 -0.27572402 -0.27572417
v 0.30177665 -0.2373672 -0.30934316
v 0.35054162 -0.24575871 -0.24575894
v 0.24787036 -0.2591199 -0.33769178
v 0.24787028 -0.21283333 -0.36863837
v 0.35054162 -0.27572402 -0.21157064
v 0.393283 -0.23736717 -0.18213841
v 0.39328307 -0.25911984 -0.14960307
v 0.42932397 -0.21283323 -0.12287953
v 0.42932412 -0.22704302 -0.094044454
v 0.45798787 -0.1737648 -0.071975894
v 0.45798787 -0.18167964 -0.048681036
v 0.47849384 -0.12543908 -0.033611435
v 0.4781389 -0.13142122 -0.017302029
v 0.48864192 -0.08480301 -0.011164633
v 0.49006164 -0.07475378 -7.2788225E-08
v 0.49006164 -0.0722066 -0.019347845
v 0.48864192 -0.0790238 -0.03273291
v 0.4781389 -0.122465074 -0.050726864
v 0.4784938 -0.112465605 -0.06493226
v 0.49006164 -0.06473864 -0.0373771
v 0.45798787 -0.16288951 -0.0940445
v 0.45798773 -0.14921519 -0.114497095
v 0.48864192 -0.06785924 -0.052070506
v 0.42932412 -0.1949663 -0.14960311
v 0.42932403 -0.17377761 -0.1737779
v 0.47813883 -0.10516312 -0.08069476
v 0.4784938 -0.09182774 -0.091828056
v 0.49006164 -0.05285883 -0.052859176
v 0.39328304 -0.21157041 -0.21157071
v 0.39328304 -0.18213823 -0.2373674
v 0.45798773 -0.13299869 -0.13299899
v 0.45798773 -0.11449679 -0.14921549
v 0.48864192 -0.052070167 -0.06785958
v 0.35054162 -0.21157044 -0.27572423
v 0.35054153 -0.17377768 -0.30099195
v 0.42932397 -0.14960286 -0.19496655
v 0.42932394 -0.122879304 -0.21283354
v 0.47813883 -0.080694444 -0.10516342
v 0.4784938 -0.06493195 -0.1124659
v 0.49006164 -0.03737676 -0.06473898
v 0.48864192 -0.032732576 -0.07902414
v 0.49006164 -0.019347506 -0.072206944
v 0.4784938 -0.033611134 -0.12543944
v 0.48864192 -0.011164307 -0.08480336
v 0.39328298 -0.14960289 -0.2591201
v 0.39328298 -0.11449685 -0.2764202
v 0.45798773 -0.09404423 -0.1628898
v 0.45798773 -0.07197564 -0.17376512
v 0.47813883 -0.05072656 -0.1224654
v 0.42932397 -0.09404424 -0.22704336
v 0.42932394 -0.06360694 -0.237385
v 0.45798773 -0.048680775 -0.18167996
v 0.45798773 -0.024549413 -0.18647294
v 0.47813883 -0.017301733 -0.13142157
v 0.4784938 2.3198216E-07 -0.12986448
v 0.49006164 2.596381E-07 -0.07475414
v 0.48864192 0.011164815 -0.084803365
v 0.39328295 -0.07744009 -0.28901094
v 0.39328292 -0.03905265 -0.29663545
v 0.35054156 -0.08995391 -0.33571294
v 0.42932394 -0.03207663 -0.24364755
v 0.42932388 1.641316E-07 -0.24575903
v 0.4579877 1.9959947E-07 -0.18808897
v 0.4579877 0.024549818 -0.18647297
v 0.47813877 0.017302196 -0.13142158
v 0.47849375 0.033611603 -0.12543947
v 0.49006164 0.01934803 -0.072206974
v 0.35054156 -0.13299873 -0.32108766
v 0.3017766 -0.14921527 -0.36023775
v 0.48864192 0.032733098 -0.07902418
v 0.30177665 -0.19496636 -0.33769178
v 0.24787031 -0.16288961 -0.3932504
v 0.24787031 -0.11017067 -0.41116264
v 0.3017766 -0.10092199 -0.37664628
v 0.30177656 -0.050894517 -0.38658273
v 0.24787024 -0.055558607 -0.4220097
v 0.2478702 1.2805772E-08 -0.42566693
v 0.35054147 -0.045363337 -0.3445695
v 0.35054147 8.895452E-08 -0.34755564
v 0.30177653 5.0472494E-08 -0.389933
v 0.30177653 0.05089462 -0.3865828
v 0.2478702 0.05555863 -0.42200974
v 0.24787019 0.11017071 -0.41116273
v 0.39328292 1.2640817E-07 -0.29920614
v 0.39328292 0.039052915 -0.29663548
v 0.35054147 0.045363523 -0.34456956
v 0.3505414 0.089954086 -0.33571297
v 0.30177647 0.1009221 -0.37664634
v 0.30177647 0.1492154 -0.36023784
v 0.24787012 0.16288964 -0.39325055
v 0.24787012 0.21283346 -0.36863846
v 0.42932394 0.03207696 -0.24364758
v 0.42932388 0.06360726 -0.23738505
v 0.3932829 0.07744035 -0.289011
v 0.39328283 0.1144971 -0.2764203
v 0.35054144 0.13299893 -0.32108775
v 0.35054144 0.17377786 -0.30099213
v 0.3017765 0.1949665 -0.33769196
v 0.3017765 0.23736744 -0.30934334
v 0.24787012 0.25912008 -0.337692
v 0.24787009 0.30099204 -0.30099216
v 0.4579877 0.04868119 -0.18168002
v 0.4579877 0.07197603 -0.17376517
v 0.42932394 0.09404457 -0.22704343
v 0.42932388 0.12287966 -0.21283366
v 0.39328283 0.14960314 -0.25912023
v 0.39328286 0.1821385 -0.23736759
v 0.35054144 0.21157072 -0.27572438
v 0.35054135 0.24575906 -0.2457591
v 0.30177644 0.27572432 -0.2757244
v 0.30177644 0.3093433 -0.2373676
v 0.24787009 0.33769187 -0.2591203
v 0.24787009 0.3686385 -0.21283376
v 0.30177644 0.33769193 -0.19496673
v 0.30177644 0.3602379 -0.14921565
v 0.35054135 0.30099213 -0.17377807
v 0.24787009 0.39325052 -0.16288997
v 0.35054135 0.27572438 -0.21157086
v 0.39328286 0.23736754 -0.18213862
v 0.39328286 0.2115708 -0.21157086
v 0.42932373 0.17377803 -0.17377801
v 0.30177644 0.37664643 -0.100922376
v 0.35054135 0.33571312 -0.089954294
v 0.35054135 0.3210878 -0.13299914
v 0.39328283 0.27642038 -0.11449722
v 0.42932388 0.1496032 -0.19496667
v 0.4579877 0.11449724 -0.14921558
v 0.39328283 0.25912026 -0.14960326
v 0.42932373 0.21283376 -0.1228797
v 0.35054138 0.3445697 -0.045363735
v 0.39328283 0.29663566 -0.03905306
v 0.42932388 0.1949667 -0.14960326
v 0.4579877 0.14921567 -0.1144972
v 0.4579877 0.094044626 -0.16288988
v 0.47849375 0.06493241 -0.11246598
v 0.39328283 0.28901112 -0.07744049
v 0.42932373 0.23738521 -0.06360734
v 0.4579877 0.13299915 -0.13299909
v 0.47849375 0.09182823 -0.09182813
v 0.42932388 0.22704352 -0.09404465
v 0.4579876 0.1737653 -0.071976036
v 0.47813877 0.050727032 -0.12246544
v 0.47813877 0.08069492 -0.10516351
v 0.49006164 0.037377287 -0.06473902
v 0.4886419 0.05207069 -0.06785962
v 0.49006164 0.052859362 -0.052859213
v 0.4886419 0.06785978 -0.05207056
v 0.47813877 0.105163604 -0.08069485
v 0.47849375 0.1124661 -0.06493235
v 0.4900616 0.06473918 -0.037377153
v 0.4579876 0.16288999 -0.09404462
v 0.4886419 0.079024345 -0.032732975
v 0.47813877 0.12246559 -0.050726965
v 0.47849375 0.12543963 -0.03361154
v 0.49006164 0.07220715 -0.019347904
v 0.4579876 0.18168016 -0.048681185
v 0.4579876 0.18647315 -0.024549825
v 0.4886419 0.08480356 -0.011164702
v 0.42932388 0.24364774 -0.03207704
v 0.42932388 0.24575926 -2.4719154E-07
v 0.47813877 0.13142176 -0.017302139
v 0.47849375 0.1298647 -1.7117809E-07
v 0.49006164 0.07475435 -1.3332182E-07
v 0.48864192 0.08480358 0.011164422
v 0.39328283 0.29920638 -2.7957387E-07
v 0.4579876 0.18808918 -2.1032699E-07
v 0.4579876 0.18647319 0.024549406
v 0.47813877 0.1314218 0.017301792
v 0.42932385 0.2436478 0.03207655
v 0.4579876 0.18168025 0.04868077
vt 0.026382446 0.9819336
vt 0.10479736 0.9819336
vt 0.10479736 0.9394531
vt 0.026382446 0.9394531
vt 0.18322754 0.9819336
vt 0.026382446 0.8964844
vt 0.18310547 0.9394531
vt 0.26123047 0.9394531
vt 0.18310547 0.8959961
vt 0.26123047 0.9819336
vt 0.33911133 0.9819336
vt 0.10479736 0.8959961
vt 0.10479736 0.85253906
vt 0.026382446 0.85253906
vt 0.026382446 0.80810547
vt 0.33911133 0.9394531
vt 0.41674805 0.9394531
vt 0.33911133 0.8959961
vt 0.41674805 0.9819336
vt 0.4946289 0.9819336
vt 0.26123047 0.8959961
vt 0.26123047 0.85253906
vt 0.18310547 0.85253906
vt 0.18310547 0.80810547
vt 0.10479736 0.80810547
vt 0.10479736 0.76416016
vt 0.026382446 0.76416016
vt 0.026382446 0.72021484
vt 0.4946289 0.9394531
vt 0.5722656 0.9394531
vt 0.4946289 0.8959961
vt 0.5722656 0.9819336
vt 0.64990234 0.9819336
vt 0.41674805 0.8959961
vt 0.41674805 0.85253906
vt 0.33911133 0.85253906
vt 0.33911133 0.80810547
vt 0.26123047 0.80810547
vt 0.26123047 0.76416016
vt 0.18310547 0.76416016
vt 0.18310547 0.7207031
vt 0.10479736 0.72021484
vt 0.10479736 0.6772461
vt 0.026382446 0.6772461
vt 0.026382446 0.6347656
vt 0.10479736 0.6347656
vt 0.18322754 0.6347656
vt 0.18310547 0.6772461
vt 0.26123047 0.6772461
vt 0.26123047 0.6347656
vt 0.33911133 0.6347656
vt 0.26123047 0.7207031
vt 0.33911133 0.7207031
vt 0.33911133 0.6772461
vt 0.41674805 0.6772461
vt 0.41674805 0.6347656
vt 0.4946289 0.6347656
vt 0.33911133 0.76416016
vt 0.41674805 0.76416016
vt 0.41674805 0.7207031
vt 0.4946289 0.7207031
vt 0.4946289 0.6772461
vt 0.5722656 0.6772461
vt 0.5722656 0.6347656
vt 0.64990234 0.6347656
vt 0.41674805 0.80810547
vt 0.4946289 0.80810547
vt 0.4946289 0.76416016
vt 0.5722656 0.76416016
vt 0.5722656 0.7207031
vt 0.64990234 0.7207031
vt 0.64990234 0.6772461
vt 0.72802734 0.6772461
vt 0.72802734 0.6347656
vt 0.80615234 0.6347656
vt 0.4946289 0.85253906
vt 0.5722656 0.85253906
vt 0.5722656 0.80810547
vt 0.64990234 0.80810547
vt 0.64990234 0.76416016
vt 0.72802734 0.76416016
vt 0.72802734 0.7207031
vt 0.80615234 0.7207031
vt 0.80615234 0.6772461
vt 0.88427734 0.6772461
vt 0.88427734 0.6347656
vt 0.9628906 0.6347656
vt 0.9628906 0.6772461
vt 0.9628906 0.72021484
vt 0.88427734 0.7207031
vt 0.88427734 0.76416016
vt 0.9628906 0.76416016
vt 0.9628906 0.80810547
vt 0.80615234 0.76416016
vt 0.80615234 0.80810547
vt 0.88427734 0.80810547
vt 0.88427734 0.85253906
vt 0.9628906 0.85253906
vt 0.9628906 0.8964844
vt 0.72802734 0.80810547
vt 0.72802734 0.85253906
vt 0.80615234 0.85253906
vt 0.80615234 0.8959961
vt 0.88427734 0.8959961
vt 0.88427734 0.9394531
vt 0.9628906 0.9394531
vt 0.9628906 0.9819336
vt 0.88427734 0.9819336
vt 0.80615234 0.9819336
vt 0.80615234 0.9394531
vt 0.72802734 0.9394531
vt 0.72802734 0.9819336
vt 0.72802734 0.8959961
vt 0.64990234 0.8959961
vt 0.64990234 0.9394531
vt 0.64990234 0.85253906
vt 0.5722656 0.8959961
vt 0.9628906 0.9819336
vt 0.9628906 0.9394531
vt 0.88427734 0.9394531
vt 0.88427734 0.9819336
vt 0.9628906 0.8964844
vt 0.80615234 0.9819336
vt 0.88427734 0.8959961
vt 0.88427734 0.85253906
vt 0.80615234 0.8959961
vt 0.9628906 0.85253906
vt 0.9628906 0.80810547
vt 0.80615234 0.9394531
vt 0.72802734 0.9394531
vt 0.72802734 0.9819336
vt 0.64990234 0.9819336
vt 0.88427734 0.80810547
vt 0.88427734 0.76416016
vt 0.80615234 0.80810547
vt 0.9628906 0.76416016
vt 0.9628906 0.72021484
vt 0.80615234 0.85253906
vt 0.72802734 0.85253906
vt 0.72802734 0.8959961
vt 0.64990234 0.8959961
vt 0.64990234 0.9394531
vt 0.5722656 0.9394531
vt 0.5722656 0.9819336
vt 0.4946289 0.9819336
vt 0.88427734 0.7207031
vt 0.88427734 0.6772461
vt 0.80615234 0.7207031
vt 0.9628906 0.6772461
vt 0.9628906 0.6347656
vt 0.88427734 0.6347656
vt 0.80615234 0.6347656
vt 0.80615234 0.6772461
vt 0.72802734 0.6772461
vt 0.72802734 0.6347656
vt 0.64990234 0.6347656
vt 0.80615234 0.76416016
vt 0.72802734 0.76416016
vt 0.72802734 0.7207031
vt 0.64990234 0.7207031
vt 0.64990234 0.6772461
vt 0.5722656 0.6772461
vt 0.5722656 0.6347656
vt 0.4946289 0.6347656
vt 0.72802734 0.80810547
vt 0.64990234 0.80810547
vt 0.64990234 0.76416016
vt 0.5722656 0.76416016
vt 0.5722656 0.7207031
vt 0.4946289 0.7207031
vt 0.4946289 0.6772461
vt 0.41674805 0.6772461
vt 0.41674805 0.6347656
vt 0.33911133 0.6347656
vt 0.64990234 0.85253906
vt 0.5722656 0.85253906
vt 0.5722656 0.80810547
vt 0.4946289 0.80810547
vt 0.4946289 0.76416016
vt 0.41674805 0.76416016
vt 0.41674805 0.7207031
vt 0.33911133 0.7207031
vt 0.33911133 0.6772461
vt 0.26123047 0.6772461
vt 0.26123047 0.6347656
vt 0.18322754 0.6347656
vt 0.18310547 0.6772461
vt 0.10479736 0.6772461
vt 0.18310547 0.7207031
vt 0.10479736 0.6347656
vt 0.026382446 0.6347656
vt 0.026382446 0.6772461
vt 0.026382446 0.72021484
vt 0.10479736 0.7207031
vt 0.10479736 0.76416016
vt 0.026382446 0.76416016
vt 0.026382446 0.80810547
vt 0.26123047 0.7207031
vt 0.26123047 0.76416016
vt 0.18310547 0.76416016
vt 0.18310547 0.80810547
vt 0.10479736 0.80810547
vt 0.10479736 0.85253906
vt 0.026382446 0.85253906
vt 0.026382446 0.8964844
vt 0.33911133 0.76416016
vt 0.33911133 0.80810547
vt 0.26123047 0.80810547
vt 0.26123047 0.85253906
vt 0.18310547 0.85253906
vt 0.18310547 0.8959961
vt 0.10479736 0.8959961
vt 0.10479736 0.9394531
vt 0.026382446 0.9394531
vt 0.026382446 0.9819336
vt 0.10479736 0.9819336
vt 0.18322754 0.9819336
vt 0.18310547 0.9394531
vt 0.26123047 0.9394531
vt 0.26123047 0.9819336
vt 0.33911133 0.9819336
vt 0.26123047 0.8959961
vt 0.33911133 0.8959961
vt 0.33911133 0.9394531
vt 0.41674805 0.9394531
vt 0.41674805 0.9819336
vt 0.33911133 0.85253906
vt 0.41674805 0.85253906
vt 0.4946289 0.9394531
vt 0.4946289 0.8959961
vt 0.41674805 0.8959961
vt 0.41674805 0.80810547
vt 0.4946289 0.85253906
vt 0.5722656 0.8959961
vt 0.9628906 0.9819336
vt 0.9628906 0.9394531
vt 0.88427734 0.9394531
vt 0.88427734 0.9819336
vt 0.9628906 0.8964844
vt 0.80615234 0.9819336
vt 0.88427734 0.8959961
vt 0.88427734 0.85253906
vt 0.80615234 0.8959961
vt 0.9628906 0.85253906
vt 0.9628906 0.80810547
vt 0.80615234 0.9394531
vt 0.72802734 0.9394531
vt 0.72802734 0.9819336
vt 0.64990234 0.9819336
vt 0.88427734 0.80810547
vt 0.88427734 0.76416016
vt 0.80615234 0.80810547
vt 0.9628906 0.76416016
vt 0.9628906 0.72021484
vt 0.80615234 0.85253906
vt 0.72802734 0.85253906
vt 0.72802734 0.8959961
vt 0.64990234 0.8959961
vt 0.64990234 0.9394531
vt 0.5722656 0.9394531
vt 0.5722656 0.9819336
vt 0.4946289 0.9819336
vt 0.88427734 0.7207031
vt 0.88427734 0.6772461
vt 0.80615234 0.7207031
vt 0.9628906 0.6772461
vt 0.9628906 0.6347656
vt 0.88427734 0.6347656
vt 0.80615234 0.6347656
vt 0.80615234 0.6772461
vt 0.72802734 0.6772461
vt 0.72802734 0.6347656
vt 0.64990234 0.6347656
vt 0.80615234 0.76416016
vt 0.72802734 0.76416016
vt 0.72802734 0.7207031
vt 0.64990234 0.7207031
vt 0.64990234 0.6772461
vt 0.5722656 0.6772461
vt 0.5722656 0.6347656
vt 0.4946289 0.6347656
vt 0.72802734 0.80810547
vt 0.64990234 0.80810547
vt 0.64990234 0.76416016
vt 0.5722656 0.76416016
vt 0.5722656 0.7207031
vt 0.4946289 0.7207031
vt 0.4946289 0.6772461
vt 0.41674805 0.6772461
vt 0.41674805 0.6347656
vt 0.33911133 0.6347656
vt 0.64990234 0.85253906
vt 0.5722656 0.85253906
vt 0.5722656 0.80810547
vt 0.4946289 0.80810547
vt 0.4946289 0.76416016
vt 0.41674805 0.76416016
vt 0.41674805 0.7207031
vt 0.33911133 0.7207031
vt 0.33911133 0.6772461
vt 0.26123047 0.6772461
vt 0.26123047 0.6347656
vt 0.18322754 0.6347656
vt 0.18310547 0.6772461
vt 0.10479736 0.6772461
vt 0.18310547 0.7207031
vt 0.10479736 0.6347656
vt 0.026382446 0.6347656
vt 0.026382446 0.6772461
vt 0.026382446 0.72021484
vt 0.10479736 0.72021484
vt 0.10479736 0.76416016
vt 0.026382446 0.76416016
vt 0.026382446 0.80810547
vt 0.26123047 0.7207031
vt 0.26123047 0.76416016
vt 0.18310547 0.76416016
vt 0.18310547 0.80810547
vt 0.10479736 0.80810547
vt 0.10479736 0.85253906
vt 0.026382446 0.85253906
vt 0.026382446 0.8964844
vt 0.33911133 0.76416016
vt 0.33911133 0.80810547
vt 0.26123047 0.80810547
vt 0.26123047 0.85253906
vt 0.18310547 0.85253906
vt 0.18310547 0.8959961
vt 0.10479736 0.8959961
vt 0.10479736 0.9394531
vt 0.026382446 0.9394531
vt 0.026382446 0.9819336
vt 0.10479736 0.9819336
vt 0.18322754 0.9819336
vt 0.18310547 0.9394531
vt 0.26123047 0.9394531
vt 0.26123047 0.9819336
vt 0.33911133 0.9819336
vt 0.26123047 0.8959961
vt 0.33911133 0.8959961
vt 0.33911133 0.9394531
vt 0.41674805 0.9394531
vt 0.41674805 0.9819336
vt 0.33911133 0.85253906
vt 0.41674805 0.85253906
vt 0.4946289 0.9394531
vt 0.4946289 0.8959961
vt 0.41674805 0.8959961
vt 0.41674805 0.80810547
vt 0.4946289 0.85253906
vt 0.5722656 0.8959961
vt 0.49902344 0.49316406
vt 0.43603516 0.49121094
vt 0.4453125 0.4560547
vt 0.37426758 0.48486328
vt 0.49902344 0.4580078
vt 0.5527344 0.4560547
vt 0.49902344 0.4248047
vt 0.5620117 0.49121094
vt 0.62402344 0.48486328
vt 0.39257812 0.45092773
vt 0.34155273 0.44213867
vt 0.40966797 0.4189453
vt 0.31445312 0.47509766
vt 0.25805664 0.4609375
vt 0.45410156 0.42333984
vt 0.4621582 0.39233398
vt 0.60595703 0.45092773
vt 0.6567383 0.44213867
vt 0.5883789 0.4189453
vt 0.68408203 0.47509766
vt 0.7402344 0.4609375
vt 0.5444336 0.42333984
vt 0.5361328 0.39233398
vt 0.49902344 0.3935547
vt 0.49902344 0.36376953
vt 0.7050781 0.43041992
vt 0.75 0.4152832
vt 0.671875 0.40161133
vt 0.79296875 0.44360352
vt 0.84033203 0.42260742
vt 0.63134766 0.4116211
vt 0.6074219 0.3828125
vt 0.5722656 0.38891602
vt 0.5571289 0.35986328
vt 0.5283203 0.36279297
vt 0.5209961 0.33422852
vt 0.79052734 0.39770508
vt 0.8256836 0.3774414
vt 0.74365234 0.37426758
vt 0.8823242 0.39892578
vt 0.9169922 0.3725586
vt 0.70947266 0.38916016
vt 0.6713867 0.3642578
vt 0.640625 0.37475586
vt 0.61083984 0.34887695
vt 0.58447266 0.3552246
vt 0.5625 0.32861328
vt 0.5419922 0.3322754
vt 0.5283203 0.30615234
vt 0.7734375 0.35717773
vt 0.7236328 0.33813477
vt 0.7988281 0.3383789
vt 0.69921875 0.35205078
vt 0.65722656 0.3310547
vt 0.6352539 0.34057617
vt 0.60009766 0.3178711
vt 0.58203125 0.3239746
vt 0.5551758 0.3005371
vt 0.85595703 0.35498047
vt 0.87939453 0.33081055
vt 0.9453125 0.34448242
vt 0.96533203 0.31445312
vt 0.54296875 0.30493164
vt 0.52734375 0.28588867
vt 0.89697266 0.30541992
vt 0.90722656 0.2788086
vt 0.8330078 0.29663086
vt 0.97802734 0.28344727
vt 0.9814453 0.25195312
vt 0.8183594 0.31811523
vt 0.7607422 0.30615234
vt 0.7446289 0.3227539
vt 0.6928711 0.30786133
vt 0.67626953 0.32006836
vt 0.6308594 0.30249023
vt 0.6166992 0.31079102
vt 0.5786133 0.29174805
vt 0.56884766 0.29736328
vt 0.54345703 0.28100586
vt 0.53125 0.27954102
vt 0.49902344 0.25195312
vt 0.5444336 0.2746582
vt 0.5571289 0.27416992
vt 0.58984375 0.28686523
vt 0.5961914 0.2800293
vt 0.515625 0.28295898
vt 0.5546875 0.2680664
vt 0.50878906 0.28833008
vt 0.56689453 0.26586914
vt 0.49902344 0.28393555
vt 0.49902344 0.30810547
vt 0.51416016 0.3088379
vt 0.6430664 0.29345703
vt 0.65234375 0.2836914
vt 0.60498047 0.27392578
vt 0.6074219 0.26660156
vt 0.48950195 0.28833008
vt 0.49902344 0.33496094
vt 0.47753906 0.33422852
vt 0.7055664 0.29467773
vt 0.71533203 0.28100586
vt 0.56103516 0.2602539
vt 0.48413086 0.3088379
vt 0.4699707 0.30615234
vt 0.4699707 0.36279297
vt 0.4411621 0.35986328
vt 0.7729492 0.28857422
vt 0.77978516 0.2705078
vt 0.48266602 0.28295898
vt 0.4560547 0.3322754
vt 0.43554688 0.32861328
vt 0.4711914 0.28588867
vt 0.42578125 0.38891602
vt 0.39086914 0.3828125
vt 0.8417969 0.2746582
vt 0.84521484 0.25195312
vt 0.45532227 0.30493164
vt 0.4428711 0.3005371
vt 0.41357422 0.3552246
vt 0.38720703 0.34887695
vt 0.36694336 0.4116211
vt 0.32617188 0.40185547
vt 0.9111328 0.25195312
vt 0.90771484 0.22509766
vt 0.97802734 0.22045898
vt 0.96533203 0.1895752
vt 0.41601562 0.3239746
vt 0.39819336 0.3178711
vt 0.2932129 0.43041992
vt 0.24841309 0.4152832
vt 0.2052002 0.44360352
vt 0.15795898 0.42260742
vt 0.89697266 0.19873047
vt 0.8798828 0.17321777
vt 0.8330078 0.20727539
vt 0.9453125 0.15966797
vt 0.9169922 0.13134766
vt 0.8417969 0.22949219
vt 0.77978516 0.23352051
vt 0.78222656 0.25195312
vt 0.72265625 0.25195312
vt 0.7207031 0.26660156
vt 0.6635742 0.2626953
vt 0.65966797 0.2734375
vt 0.61279297 0.25952148
vt 0.6113281 0.25195312
vt 0.57177734 0.25683594
vt 0.5629883 0.25195312
vt 0.57177734 0.24719238
vt 0.56103516 0.24365234
vt 0.6074219 0.23742676
vt 0.66503906 0.25195312
vt 0.6635742 0.24108887
vt 0.61279297 0.24450684
vt 0.56689453 0.23791504
vt 0.7207031 0.23742676
vt 0.71533203 0.22302246
vt 0.65966797 0.23046875
vt 0.65234375 0.22021484
vt 0.60498047 0.23010254
vt 0.5961914 0.22387695
vt 0.5546875 0.23596191
vt 0.7729492 0.21533203
vt 0.7607422 0.1977539
vt 0.7055664 0.20922852
vt 0.6928711 0.19604492
vt 0.5571289 0.22973633
vt 0.8183594 0.18579102
vt 0.7988281 0.16552734
vt 0.6430664 0.21044922
vt 0.6308594 0.20141602
vt 0.58984375 0.21704102
vt 0.5786133 0.21228027
vt 0.5444336 0.22937012
vt 0.54345703 0.22290039
vt 0.7446289 0.18115234
vt 0.7236328 0.16577148
vt 0.67626953 0.18395996
vt 0.65722656 0.17285156
vt 0.53125 0.22424316
vt 0.5551758 0.20336914
vt 0.52734375 0.21813965
vt 0.515625 0.22106934
vt 0.5283203 0.1977539
vt 0.6166992 0.1932373
vt 0.60009766 0.18615723
vt 0.56884766 0.20654297
vt 0.50878906 0.21569824
vt 0.54296875 0.19897461
vt 0.5625 0.17529297
vt 0.58203125 0.18005371
vt 0.61083984 0.15515137
vt 0.6352539 0.16333008
vt 0.6713867 0.13964844
vt 0.69970703 0.1517334
vt 0.74365234 0.12963867
vt 0.7734375 0.14672852
vt 0.8261719 0.12658691
vt 0.85595703 0.14892578
vt 0.8823242 0.10498047
vt 0.84033203 0.08135986
vt 0.79052734 0.10626221
vt 0.75 0.08856201
vt 0.79345703 0.060394287
vt 0.74072266 0.042999268
vt 0.70947266 0.11480713
vt 0.671875 0.10217285
vt 0.7050781 0.07354736
vt 0.6567383 0.061676025
vt 0.68408203 0.02885437
vt 0.62402344 0.018875122
vt 0.640625 0.12927246
vt 0.6074219 0.12109375
vt 0.63134766 0.09222412
vt 0.5888672 0.0848999
vt 0.60595703 0.05291748
vt 0.5527344 0.04776001
vt 0.5620117 0.012519836
vt 0.49926758 0.010643005
vt 0.58447266 0.14868164
vt 0.5571289 0.1439209
vt 0.5722656 0.115112305
vt 0.5361328 0.111572266
vt 0.5444336 0.080566406
vt 0.49902344 0.07897949
vt 0.49902344 0.045898438
vt 0.4453125 0.047729492
vt 0.43603516 0.012512207
vt 0.37426758 0.018859863
vt 0.5419922 0.17175293
vt 0.5209961 0.16967773
vt 0.5283203 0.14111328
vt 0.49902344 0.14013672
vt 0.49902344 0.11029053
vt 0.4621582 0.11151123
vt 0.45410156 0.080566406
vt 0.40966797 0.0848999
vt 0.39233398 0.05291748
vt 0.34155273 0.061645508
vt 0.31420898 0.028823853
vt 0.2578125 0.04296875
vt 0.29296875 0.07348633
vt 0.24829102 0.08856201
vt 0.32617188 0.10217285
vt 0.20507812 0.06036377
vt 0.15783691 0.08129883
vt 0.36669922 0.09222412
vt 0.390625 0.12109375
vt 0.42578125 0.115112305
vt 0.4411621 0.1439209
vt 0.4699707 0.14111328
vt 0.47753906 0.16967773
vt 0.49902344 0.16894531
vt 0.49902344 0.19580078
vt 0.51416016 0.19519043
vt 0.49902344 0.2199707
vt 0.48950195 0.21569824
vt 0.48413086 0.19519043
vt 0.4699707 0.1977539
vt 0.4560547 0.17175293
vt 0.43554688 0.17529297
vt 0.48266602 0.22106934
vt 0.4711914 0.21813965
vt 0.41357422 0.14868164
vt 0.38720703 0.15515137
vt 0.46704102 0.22424316
vt 0.4428711 0.20336914
vt 0.45458984 0.22290039
vt 0.45385742 0.22937012
vt 0.41967773 0.21228027
vt 0.45532227 0.19897461
vt 0.41601562 0.18005371
vt 0.39794922 0.18615723
vt 0.42944336 0.20654297
vt 0.35742188 0.12927246
vt 0.32666016 0.13964844
vt 0.44091797 0.22961426
vt 0.3630371 0.16333008
vt 0.34106445 0.17285156
vt 0.28857422 0.11480713
vt 0.25439453 0.12963867
vt 0.3815918 0.1932373
vt 0.36743164 0.20141602
vt 0.40820312 0.21704102
vt 0.40185547 0.22387695
vt 0.29882812 0.1517334
vt 0.27441406 0.16577148
vt 0.2076416 0.10626221
vt 0.17224121 0.12658691
vt 0.11584473 0.10498047
vt 0.08111572 0.13134766
vt 0.44384766 0.23596191
vt 0.32177734 0.18395996
vt 0.30541992 0.19604492
vt 0.22473145 0.14672852
vt 0.19946289 0.16552734
vt 0.14221191 0.14892578
vt 0.11846924 0.17321777
vt 0.052825928 0.1595459
vt 0.03289795 0.1895752
vt 0.3552246 0.21044922
vt 0.34570312 0.22021484
vt 0.2536621 0.18115234
vt 0.23742676 0.1977539
vt 0.1796875 0.18579102
vt 0.16491699 0.20727539
vt 0.10101318 0.1986084
vt 0.09069824 0.22509766
vt 0.020202637 0.22045898
vt 0.016494751 0.25195312
vt 0.29248047 0.20922852
vt 0.28295898 0.22302246
vt 0.2253418 0.21533203
vt 0.21826172 0.23352051
vt 0.15625 0.22937012
vt 0.15319824 0.25195312
vt 0.0869751 0.25195312
vt 0.09069824 0.2788086
vt 0.02027893 0.28344727
vt 0.03302002 0.31445312
vt 0.10107422 0.30541992
vt 0.11859131 0.33081055
vt 0.16503906 0.296875
vt 0.052978516 0.34448242
vt 0.08129883 0.3725586
vt 0.15637207 0.2746582
vt 0.21826172 0.2705078
vt 0.21569824 0.25195312
vt 0.27539062 0.25195312
vt 0.27734375 0.23742676
vt 0.33447266 0.24108887
vt 0.33862305 0.23046875
vt 0.390625 0.23742676
vt 0.39331055 0.22998047
vt 0.43139648 0.23791504
vt 0.43725586 0.24365234
vt 0.42651367 0.24719238
vt 0.38549805 0.24450684
vt 0.3869629 0.25195312
vt 0.4350586 0.25195312
vt 0.42651367 0.25683594
vt 0.43725586 0.2602539
vt 0.390625 0.26660156
vt 0.3330078 0.25195312
vt 0.33447266 0.2626953
vt 0.38549805 0.25952148
vt 0.43139648 0.26586914
vt 0.27734375 0.26660156
vt 0.28320312 0.28100586
vt 0.33862305 0.2734375
vt 0.34570312 0.2836914
vt 0.39331055 0.27392578
vt 0.40185547 0.2800293
vt 0.44384766 0.2680664
vt 0.22546387 0.28857422
vt 0.23742676 0.30615234
vt 0.29248047 0.29467773
vt 0.30541992 0.30786133
vt 0.44091797 0.27416992
vt 0.1796875 0.31811523
vt 0.19958496 0.3383789
vt 0.3552246 0.29345703
vt 0.36743164 0.30249023
vt 0.40820312 0.28686523
vt 0.41967773 0.29174805
vt 0.45385742 0.2746582
vt 0.45458984 0.28100586
vt 0.2536621 0.3227539
vt 0.27441406 0.33813477
vt 0.32177734 0.32006836
vt 0.34106445 0.3310547
vt 0.46704102 0.27954102
vt 0.42944336 0.29736328
vt 0.3815918 0.31079102
vt 0.3630371 0.34057617
vt 0.32666016 0.3642578
vt 0.29882812 0.35205078
vt 0.25463867 0.37426758
vt 0.35742188 0.37475586
vt 0.28881836 0.38916016
vt 0.22485352 0.35717773
vt 0.17236328 0.3774414
vt 0.20776367 0.39770508
vt 0.11608887 0.39892578
vt 0.14233398 0.35498047
vt 0.026382446 0.9819336
vt 0.10479736 0.9819336
vt 0.10479736 0.9394531
vt 0.026382446 0.9394531
vt 0.18322754 0.9819336
vt 0.026382446 0.8964844
vt 0.18310547 0.9394531
vt 0.26123047 0.9394531
vt 0.18310547 0.8959961
vt 0.26123047 0.9819336
vt 0.33911133 0.9819336
vt 0.10479736 0.8959961
vt 0.10479736 0.85253906
vt 0.026382446 0.85253906
vt 0.026382446 0.80810547
vt 0.33911133 0.9394531
vt 0.41674805 0.9394531
vt 0.33911133 0.8959961
vt 0.41674805 0.9819336
vt 0.4946289 0.9819336
vt 0.26123047 0.8959961
vt 0.26123047 0.85253906
vt 0.18310547 0.85253906
vt 0.18310547 0.80810547
vt 0.10479736 0.80810547
vt 0.10479736 0.76416016
vt 0.026382446 0.76416016
vt 0.026382446 0.72021484
vt 0.4946289 0.9394531
vt 0.5722656 0.9394531
vt 0.4946289 0.8959961
vt 0.5722656 0.9819336
vt 0.64990234 0.9819336
vt 0.41674805 0.8959961
vt 0.41674805 0.85253906
vt 0.33911133 0.85253906
vt 0.33911133 0.80810547
vt 0.26123047 0.80810547
vt 0.26123047 0.76416016
vt 0.18310547 0.76416016
vt 0.18310547 0.7207031
vt 0.10479736 0.7207031
vt 0.10479736 0.6772461
vt 0.026382446 0.6772461
vt 0.026382446 0.6347656
vt 0.10479736 0.6347656
vt 0.18322754 0.6347656
vt 0.18310547 0.6772461
vt 0.26123047 0.6772461
vt 0.26123047 0.6347656
vt 0.33911133 0.6347656
vt 0.26123047 0.7207031
vt 0.33911133 0.7207031
vt 0.33911133 0.6772461
vt 0.41674805 0.6772461
vt 0.41674805 0.6347656
vt 0.4946289 0.6347656
vt 0.33911133 0.76416016
vt 0.41674805 0.76416016
vt 0.41674805 0.7207031
vt 0.4946289 0.7207031
vt 0.4946289 0.6772461
vt 0.5722656 0.6772461
vt 0.5722656 0.6347656
vt 0.64990234 0.6347656
vt 0.41674805 0.80810547
vt 0.4946289 0.80810547
vt 0.4946289 0.76416016
vt 0.5722656 0.76416016
vt 0.5722656 0.7207031
vt 0.64990234 0.7207031
vt 0.64990234 0.6772461
vt 0.72802734 0.6772461
vt 0.72802734 0.6347656
vt 0.80615234 0.6347656
vt 0.4946289 0.85253906
vt 0.5722656 0.85253906
vt 0.5722656 0.80810547
vt 0.64990234 0.80810547
vt 0.64990234 0.76416016
vt 0.72802734 0.76416016
vt 0.72802734 0.7207031
vt 0.80615234 0.7207031
vt 0.80615234 0.6772461
vt 0.88427734 0.6772461
vt 0.88427734 0.6347656
vt 0.9628906 0.6347656
vt 0.9628906 0.6772461
vt 0.9628906 0.72021484
vt 0.88427734 0.7207031
vt 0.88427734 0.76416016
vt 0.9628906 0.76416016
vt 0.9628906 0.80810547
vt 0.80615234 0.76416016
vt 0.80615234 0.80810547
vt 0.88427734 0.80810547
vt 0.88427734 0.85253906
vt 0.9628906 0.85253906
vt 0.9628906 0.8964844
vt 0.72802734 0.80810547
vt 0.72802734 0.85253906
vt 0.80615234 0.85253906
vt 0.80615234 0.8959961
vt 0.88427734 0.8959961
vt 0.88427734 0.9394531
vt 0.9628906 0.9394531
vt 0.9628906 0.9819336
vt 0.88427734 0.9819336
vt 0.80615234 0.9819336
vt 0.80615234 0.9394531
vt 0.72802734 0.9394531
vt 0.72802734 0.9819336
vt 0.72802734 0.8959961
vt 0.64990234 0.8959961
vt 0.64990234 0.9394531
vt 0.64990234 0.85253906
vt 0.5722656 0.8959961
vt 0.49902344 0.010536194
vt 0.4453125 0.04763794
vt 0.43603516 0.0124053955
vt 0.37402344 0.018753052
vt 0.49902344 0.045776367
vt 0.5527344 0.04763794
vt 0.49902344 0.07885742
vt 0.5620117 0.0124053955
vt 0.62402344 0.01876831
vt 0.39233398 0.052825928
vt 0.3413086 0.061553955
vt 0.40942383 0.08477783
vt 0.31420898 0.0287323
vt 0.2578125 0.042877197
vt 0.45385742 0.080444336
vt 0.4621582 0.111450195
vt 0.60595703 0.052825928
vt 0.6567383 0.061553955
vt 0.5883789 0.08477783
vt 0.68408203 0.0287323
vt 0.7402344 0.042877197
vt 0.5439453 0.080444336
vt 0.5361328 0.111450195
vt 0.49902344 0.11016846
vt 0.49902344 0.14001465
vt 0.7050781 0.07342529
vt 0.75 0.08843994
vt 0.671875 0.10205078
vt 0.79296875 0.060272217
vt 0.84033203 0.08123779
vt 0.63134766 0.09210205
vt 0.6074219 0.121032715
vt 0.5722656 0.114990234
vt 0.5571289 0.14379883
vt 0.5283203 0.14099121
vt 0.5205078 0.16955566
vt 0.79052734 0.10614014
vt 0.8256836 0.12646484
vt 0.74365234 0.1295166
vt 0.8823242 0.1048584
vt 0.9169922 0.13122559
vt 0.70947266 0.11468506
vt 0.6713867 0.13952637
vt 0.640625 0.12915039
vt 0.61083984 0.1550293
vt 0.58447266 0.14855957
vt 0.5625 0.1751709
vt 0.5419922 0.17163086
vt 0.5283203 0.19763184
vt 0.7734375 0.14660645
vt 0.7236328 0.16564941
vt 0.7988281 0.16540527
vt 0.69921875 0.1517334
vt 0.65722656 0.17272949
vt 0.6352539 0.16320801
vt 0.60009766 0.18603516
vt 0.58203125 0.17993164
vt 0.5551758 0.20324707
vt 0.85595703 0.14880371
vt 0.8798828 0.1730957
vt 0.9453125 0.15942383
vt 0.96533203 0.18945312
vt 0.54296875 0.19897461
vt 0.52685547 0.21801758
vt 0.89697266 0.1986084
vt 0.90722656 0.22497559
vt 0.8330078 0.20715332
vt 0.97802734 0.22033691
vt 0.9814453 0.25195312
vt 0.8183594 0.18566895
vt 0.7607422 0.19763184
vt 0.7446289 0.18103027
vt 0.6928711 0.19592285
vt 0.67626953 0.18383789
vt 0.6308594 0.20129395
vt 0.6166992 0.19311523
vt 0.5786133 0.2121582
vt 0.56884766 0.2064209
vt 0.54345703 0.22277832
vt 0.53125 0.2241211
vt 0.49902344 0.25195312
vt 0.5444336 0.22924805
vt 0.5571289 0.22961426
vt 0.58984375 0.21691895
vt 0.5961914 0.22375488
vt 0.515625 0.22094727
vt 0.5541992 0.23583984
vt 0.50878906 0.21557617
vt 0.56689453 0.23779297
vt 0.49902344 0.21984863
vt 0.49902344 0.19567871
vt 0.51416016 0.19506836
vt 0.6430664 0.21032715
vt 0.65234375 0.22009277
vt 0.60498047 0.22998047
vt 0.6074219 0.23730469
vt 0.48950195 0.21557617
vt 0.49902344 0.16882324
vt 0.47729492 0.16955566
vt 0.7055664 0.20910645
vt 0.71484375 0.22290039
vt 0.56103516 0.24353027
vt 0.48413086 0.19506836
vt 0.4699707 0.19763184
vt 0.4699707 0.14099121
vt 0.4411621 0.14379883
vt 0.7729492 0.21520996
vt 0.77978516 0.23339844
vt 0.48242188 0.22094727
vt 0.4560547 0.17163086
vt 0.43554688 0.1751709
vt 0.47094727 0.21801758
vt 0.42578125 0.114990234
vt 0.390625 0.121032715
vt 0.8417969 0.22937012
vt 0.84472656 0.25195312
vt 0.41357422 0.14855957
vt 0.38720703 0.1550293
vt 0.36669922 0.09210205
vt 0.32617188 0.10205078
vt 0.9111328 0.25195312
vt 0.90722656 0.2788086
vt 0.97802734 0.28344727
vt 0.96533203 0.31445312
vt 0.35742188 0.12915039
vt 0.32666016 0.13952637
vt 0.29296875 0.07342529
vt 0.24816895 0.08843994
vt 0.20495605 0.060272217
vt 0.15771484 0.08123779
vt 0.28857422 0.11468506
vt 0.25439453 0.1295166
vt 0.2076416 0.10614014
vt 0.17224121 0.12646484
vt 0.11578369 0.1048584
vt 0.08105469 0.13122559
vt 0.14208984 0.14880371
vt 0.11846924 0.1730957
vt 0.19946289 0.16540527
vt 0.05279541 0.15942383
vt 0.03286743 0.18945312
vt 0.22473145 0.14660645
vt 0.27441406 0.16564941
vt 0.29858398 0.15161133
vt 0.3408203 0.17272949
vt 0.3630371 0.16320801
vt 0.39794922 0.18603516
vt 0.41601562 0.17993164
vt 0.4428711 0.20324707
vt 0.45507812 0.19897461
vt 0.46704102 0.2241211
vt 0.4543457 0.22277832
vt 0.45385742 0.22924805
vt 0.41967773 0.2121582
vt 0.44091797 0.22961426
vt 0.42919922 0.2064209
vt 0.3815918 0.19311523
vt 0.36743164 0.20129395
vt 0.40820312 0.21691895
vt 0.40185547 0.22375488
vt 0.44360352 0.23583984
vt 0.32177734 0.18383789
vt 0.30541992 0.19592285
vt 0.43139648 0.23779297
vt 0.3552246 0.21032715
vt 0.34570312 0.22009277
vt 0.2536621 0.18103027
vt 0.23730469 0.19763184
vt 0.3930664 0.22998047
vt 0.390625 0.23730469
vt 0.43725586 0.24353027
vt 0.29248047 0.20910645
vt 0.28295898 0.22290039
vt 0.17956543 0.18566895
vt 0.16491699 0.20715332
vt 0.42651367 0.24707031
vt 0.33862305 0.23034668
vt 0.33447266 0.2409668
vt 0.2253418 0.21520996
vt 0.21826172 0.23339844
vt 0.10095215 0.1986084
vt 0.09063721 0.22497559
vt 0.020202637 0.22033691
vt 0.016494751 0.25195312
vt 0.38549805 0.24438477
vt 0.38671875 0.25195312
vt 0.27734375 0.23730469
vt 0.27539062 0.25195312
vt 0.15625 0.22937012
vt 0.15319824 0.25195312
vt 0.0869751 0.25195312
vt 0.09069824 0.2788086
vt 0.020263672 0.28344727
vt 0.032989502 0.31445312
vt 0.3330078 0.25195312
vt 0.33447266 0.2626953
vt 0.21569824 0.25195312
vt 0.21826172 0.27026367
vt 0.15625 0.27441406
vt 0.16491699 0.29663086
vt 0.10107422 0.30517578
vt 0.11853027 0.3305664
vt 0.052947998 0.34423828
vt 0.08123779 0.3725586
vt 0.27734375 0.26635742
vt 0.28295898 0.28076172
vt 0.2253418 0.28857422
vt 0.23742676 0.30615234
vt 0.1796875 0.31811523
vt 0.19946289 0.3383789
vt 0.14221191 0.35498047
vt 0.17236328 0.37719727
vt 0.1159668 0.39892578
vt 0.15795898 0.42236328
vt 0.20776367 0.39746094
vt 0.24829102 0.4152832
vt 0.25439453 0.37402344
vt 0.20507812 0.44335938
vt 0.2578125 0.46069336
vt 0.22485352 0.35717773
vt 0.27441406 0.33813477
vt 0.2536621 0.3227539
vt 0.30541992 0.30786133
vt 0.29248047 0.29467773
vt 0.34570312 0.2836914
vt 0.33862305 0.2734375
vt 0.390625 0.26635742
vt 0.38549805 0.25927734
vt 0.42651367 0.2565918
vt 0.4350586 0.25195312
vt 0.43725586 0.26000977
vt 0.43139648 0.26586914
vt 0.3930664 0.27368164
vt 0.40185547 0.2800293
vt 0.44360352 0.26782227
vt 0.3552246 0.29345703
vt 0.36743164 0.30249023
vt 0.44091797 0.27416992
vt 0.32177734 0.31982422
vt 0.3408203 0.33081055
vt 0.40820312 0.2866211
vt 0.41967773 0.2915039
vt 0.45385742 0.27441406
vt 0.29882812 0.35205078
vt 0.32666016 0.3642578
vt 0.3815918 0.31054688
vt 0.39794922 0.31762695
vt 0.4543457 0.28100586
vt 0.28857422 0.38891602
vt 0.32617188 0.40161133
vt 0.3630371 0.34057617
vt 0.38720703 0.3486328
vt 0.42919922 0.29736328
vt 0.4428711 0.3005371
vt 0.46704102 0.27954102
vt 0.47094727 0.28564453
vt 0.48242188 0.28271484
vt 0.4699707 0.30615234
vt 0.48950195 0.28808594
vt 0.35742188 0.37451172
vt 0.390625 0.38256836
vt 0.41601562 0.32373047
vt 0.43554688 0.32861328
vt 0.45507812 0.3046875
vt 0.41357422 0.3552246
vt 0.4411621 0.35986328
vt 0.4560547 0.33203125
vt 0.47729492 0.33422852
vt 0.48413086 0.30859375
vt 0.49902344 0.30786133
vt 0.49902344 0.28393555
vt 0.50878906 0.28808594
vt 0.42578125 0.38867188
vt 0.4621582 0.39233398
vt 0.40942383 0.4189453
vt 0.4699707 0.36254883
vt 0.49902344 0.36376953
vt 0.49902344 0.33496094
vt 0.5205078 0.33422852
vt 0.51416016 0.30859375
vt 0.5283203 0.30615234
vt 0.515625 0.28271484
vt 0.36669922 0.4116211
vt 0.34155273 0.44213867
vt 0.52685547 0.28564453
vt 0.29296875 0.43017578
vt 0.31420898 0.47485352
vt 0.37426758 0.48486328
vt 0.39233398 0.45092773
vt 0.4453125 0.4560547
vt 0.43603516 0.49121094
vt 0.49902344 0.49316406
vt 0.45385742 0.42333984
vt 0.49902344 0.4248047
vt 0.49902344 0.45776367
vt 0.5527344 0.4560547
vt 0.5620117 0.49121094
vt 0.62402344 0.48486328
vt 0.49902344 0.3935547
vt 0.5361328 0.39233398
vt 0.5439453 0.42333984
vt 0.5883789 0.4189453
vt 0.60546875 0.45092773
vt 0.6567383 0.44213867
vt 0.68359375 0.47485352
vt 0.7402344 0.46069336
vt 0.5283203 0.36254883
vt 0.5571289 0.35986328
vt 0.5722656 0.38867188
vt 0.6074219 0.38256836
vt 0.63134766 0.4116211
vt 0.671875 0.40161133
vt 0.7050781 0.43017578
vt 0.7495117 0.4152832
vt 0.79296875 0.44335938
vt 0.84033203 0.42236328
vt 0.5419922 0.33203125
vt 0.5625 0.32861328
vt 0.58447266 0.3552246
vt 0.61083984 0.3486328
vt 0.640625 0.37451172
vt 0.6713867 0.3642578
vt 0.70947266 0.38891602
vt 0.74365234 0.37426758
vt 0.79052734 0.39746094
vt 0.8256836 0.37719727
vt 0.8823242 0.39892578
vt 0.9169922 0.3725586
vt 0.85595703 0.35498047
vt 0.87939453 0.33081055
vt 0.79833984 0.3383789
vt 0.9453125 0.34423828
vt 0.7734375 0.35717773
vt 0.7236328 0.33813477
vt 0.69921875 0.35205078
vt 0.65722656 0.33081055
vt 0.89697266 0.30517578
vt 0.8330078 0.29663086
vt 0.8183594 0.31811523
vt 0.7607422 0.30615234
vt 0.6352539 0.34057617
vt 0.60009766 0.31762695
vt 0.7446289 0.3227539
vt 0.6928711 0.30786133
vt 0.8417969 0.27441406
vt 0.77978516 0.27026367
vt 0.67626953 0.31982422
vt 0.6308594 0.30249023
vt 0.58203125 0.32373047
vt 0.5551758 0.3005371
vt 0.7729492 0.28857422
vt 0.71484375 0.28076172
vt 0.61621094 0.31054688
vt 0.5786133 0.2915039
vt 0.7055664 0.29467773
vt 0.65234375 0.2836914
vt 0.54296875 0.3046875
vt 0.56884766 0.29736328
vt 0.53125 0.27954102
vt 0.54345703 0.28100586
vt 0.5444336 0.27441406
vt 0.5571289 0.27416992
vt 0.58984375 0.2866211
vt 0.5961914 0.2800293
vt 0.5541992 0.26782227
vt 0.6430664 0.29345703
vt 0.56689453 0.26586914
vt 0.60498047 0.27368164
vt 0.6074219 0.26635742
vt 0.56103516 0.26000977
vt 0.65966797 0.2734375
vt 0.6635742 0.2626953
vt 0.57177734 0.2565918
vt 0.7207031 0.26635742
vt 0.72265625 0.25195312
vt 0.61279297 0.25927734
vt 0.6113281 0.25195312
vt 0.5629883 0.25195312
vt 0.57177734 0.24707031
vt 0.78222656 0.25195312
vt 0.66503906 0.25195312
vt 0.6635742 0.2409668
vt 0.61279297 0.24438477
vt 0.7207031 0.23730469
vt 0.65966797 0.23034668
vn 0.49560547 0 0.86865234
vn 0.49560547 -0.113342285 0.8613281
vn 0.37890625 -0.120788574 0.91748047
vn 0.37890625 4.172325E-07 0.92529297
vn 0.49560547 -0.22473145 0.8388672
vn 0.25610352 5.9604645E-07 0.9667969
vn 0.37890625 -0.23950195 0.89404297
vn 0.37890625 -0.35424805 0.85498047
vn 0.25610352 -0.25024414 0.93359375
vn 0.49560547 -0.3322754 0.8022461
vn 0.49560547 -0.43432617 0.7519531
vn 0.25610352 -0.1262207 0.9584961
vn 0.12915039 -0.12939453 0.98291016
vn 0.12915039 5.9604645E-07 0.9916992
vn -2.9802322E-07 5.9604645E-07 1
vn 0.37890625 -0.46264648 0.80126953
vn 0.37890625 -0.56347656 0.734375
vn 0.25610352 -0.48339844 0.83691406
vn 0.49560547 -0.5288086 0.68896484
vn 0.49560547 -0.6142578 0.6142578
vn 0.25610352 -0.36987305 0.8930664
vn 0.12915039 -0.37939453 0.9160156
vn 0.12915039 -0.2565918 0.9580078
vn -2.9802322E-07 -0.25878906 0.9658203
vn -0 -0.13049316 0.99121094
vn -0.12915039 -0.12939453 0.98291016
vn -0.12915039 5.364418E-07 0.9916992
vn -0.25610352 4.172325E-07 0.9667969
vn 0.37890625 -0.6542969 0.6542969
vn 0.37890625 -0.734375 0.56347656
vn 0.25610352 -0.68359375 0.68359375
vn 0.49560547 -0.68896484 0.5288086
vn 0.49560547 -0.7519531 0.43432617
vn 0.25610352 -0.5883789 0.76708984
vn 0.12915039 -0.6035156 0.7866211
vn 0.12915039 -0.4958496 0.8588867
vn -0 -0.5 0.86621094
vn -0 -0.38256836 0.9238281
vn -0.12915039 -0.37939453 0.9160156
vn -0.12915039 -0.2565918 0.9580078
vn -0.25610352 -0.25024414 0.93359375
vn -0.25610352 -0.1262207 0.9584961
vn -0.37890625 -0.120788574 0.91748047
vn -0.37890625 4.7683716E-07 0.92529297
vn -0.49560547 5.364418E-07 0.86865234
vn -0.49560547 -0.113342285 0.8613281
vn -0.49560547 -0.22473145 0.8388672
vn -0.37890625 -0.23950195 0.89404297
vn -0.37890625 -0.35424805 0.85498047
vn -0.49560547 -0.3322754 0.8022461
vn -0.49560547 -0.43432617 0.7519531
vn -0.25610352 -0.36987305 0.8930664
vn -0.25610352 -0.48339844 0.83691406
vn -0.37890625 -0.46264648 0.80126953
vn -0.37890625 -0.56347656 0.734375
vn -0.49560547 -0.5288086 0.68896484
vn -0.49560547 -0.6142578 0.6142578
vn -0.12915039 -0.4958496 0.8588867
vn -0.12915039 -0.6035156 0.7866211
vn -0.25610352 -0.5883789 0.76708984
vn -0.25610352 -0.68359375 0.68359375
vn -0.37890625 -0.6542969 0.6542969
vn -0.37890625 -0.734375 0.56347656
vn -0.49560547 -0.68896484 0.5288086
vn -0.49560547 -0.7519531 0.43432617
vn -0 -0.6088867 0.79345703
vn -0 -0.70703125 0.70703125
vn -0.12915039 -0.7011719 0.7011719
vn -0.12915039 -0.7866211 0.6035156
vn -0.25610352 -0.76708984 0.5883789
vn -0.25610352 -0.83691406 0.48339844
vn -0.37890625 -0.80126953 0.46264648
vn -0.37890625 -0.85498047 0.35424805
vn -0.49560547 -0.8022461 0.3322754
vn -0.49560547 -0.8388672 0.22473145
vn 0.12915039 -0.7011719 0.7011719
vn 0.12915039 -0.7866211 0.6035156
vn -0 -0.79345703 0.6088867
vn -0 -0.86621094 0.5
vn -0.12915039 -0.8588867 0.4958496
vn -0.12915039 -0.9160156 0.37939453
vn -0.25610352 -0.8930664 0.36987305
vn -0.25610352 -0.93359375 0.25024414
vn -0.37890625 -0.89404297 0.23950195
vn -0.37890625 -0.91748047 0.120788574
vn -0.49560547 -0.8613281 0.113342285
vn -0.49560547 -0.86865234 3.5762787E-07
vn -0.37890625 -0.92529297 7.1525574E-07
vn -0.25610352 -0.9667969 4.7683716E-07
vn -0.25610352 -0.9584961 0.1262207
vn -0.12915039 -0.98291016 0.12939453
vn -0.12915039 -0.9916992 0
vn -0 -1 0
vn -0.12915039 -0.9580078 0.2565918
vn -0 -0.9658203 0.25878906
vn -0 -0.99121094 0.13049316
vn 0.12915039 -0.98291016 0.12939453
vn 0.12915039 -0.9916992 0
vn 0.25610352 -0.9667969 0
vn -0 -0.9238281 0.38256836
vn 0.12915039 -0.9160156 0.37939453
vn 0.12915039 -0.9580078 0.2565918
vn 0.25610352 -0.93359375 0.25024414
vn 0.25610352 -0.9584961 0.1262207
vn 0.37890625 -0.91748047 0.120788574
vn 0.37890625 -0.92529297 0
vn 0.49560547 -0.86865234 5.364418E-07
vn 0.49560547 -0.8613281 0.113342285
vn 0.49560547 -0.8388672 0.22473145
vn 0.37890625 -0.89404297 0.23950195
vn 0.37890625 -0.85498047 0.35424805
vn 0.49560547 -0.8022461 0.3322754
vn 0.25610352 -0.8930664 0.36987305
vn 0.25610352 -0.83691406 0.48339844
vn 0.37890625 -0.80126953 0.46264648
vn 0.12915039 -0.8588867 0.4958496
vn 0.25610352 -0.76708984 0.5883789
vn 0.49560547 -2.9802322E-07 -0.86865234
vn 0.37890625 -3.5762787E-07 -0.92529297
vn 0.37890625 -0.120788574 -0.91748047
vn 0.49560547 -0.113342285 -0.8613281
vn 0.25610352 -5.364418E-07 -0.9667969
vn 0.49560547 -0.22473145 -0.8388672
vn 0.25610352 -0.1262207 -0.9584961
vn 0.12915039 -0.12939453 -0.98291016
vn 0.25610352 -0.25024414 -0.93359375
vn 0.12915039 -5.9604645E-07 -0.9916992
vn -2.9802322E-07 -4.7683716E-07 -1
vn 0.37890625 -0.23950195 -0.89404297
vn 0.37890625 -0.35424805 -0.85498047
vn 0.49560547 -0.3322754 -0.8022461
vn 0.49560547 -0.43432617 -0.7519531
vn -0 -0.13049316 -0.99121094
vn -0.12915039 -0.12939453 -0.98291016
vn -0 -0.25878906 -0.9658203
vn -0.12915039 -5.364418E-07 -0.9916992
vn -0.25610352 -6.556511E-07 -0.9667969
vn 0.12915039 -0.2565918 -0.9580078
vn 0.12915039 -0.37939453 -0.9160156
vn 0.25610352 -0.36987305 -0.8930664
vn 0.25610352 -0.48339844 -0.83691406
vn 0.37890625 -0.46264648 -0.80126953
vn 0.37890625 -0.56347656 -0.734375
vn 0.49560547 -0.5288086 -0.68896484
vn 0.49560547 -0.6142578 -0.6142578
vn -0.25610352 -0.1262207 -0.9584961
vn -0.37890625 -0.120788574 -0.91748047
vn -0.25610352 -0.25024414 -0.93359375
vn -0.37890625 -5.9604645E-07 -0.92529297
vn -0.49560547 -4.7683716E-07 -0.86865234
vn -0.49560547 -0.113342285 -0.8613281
vn -0.49560547 -0.22473145 -0.8388672
vn -0.37890625 -0.23950195 -0.89404297
vn -0.37890625 -0.35424805 -0.85498047
vn -0.49560547 -0.3322754 -0.8022461
vn -0.49560547 -0.43432617 -0.7519531
vn -0.12915039 -0.2565918 -0.9580078
vn -0.12915039 -0.37939453 -0.9160156
vn -0.25610352 -0.36987305 -0.8930664
vn -0.25610352 -0.48339844 -0.83691406
vn -0.37890625 -0.46264648 -0.80126953
vn -0.37890625 -0.56347656 -0.734375
vn -0.49560547 -0.5288086 -0.68896484
vn -0.49560547 -0.6142578 -0.6142578
vn -0 -0.38256836 -0.9238281
vn -0 -0.5 -0.86621094
vn -0.12915039 -0.4958496 -0.8588867
vn -0.12915039 -0.6035156 -0.7866211
vn -0.25610352 -0.5883789 -0.76708984
vn -0.25610352 -0.68359375 -0.68359375
vn -0.37890625 -0.6542969 -0.6542969
vn -0.37890625 -0.734375 -0.56347656
vn -0.49560547 -0.68896484 -0.5288086
vn -0.49560547 -0.7519531 -0.43432617
vn 0.12915039 -0.4958496 -0.8588867
vn 0.12915039 -0.6035156 -0.7866211
vn -0 -0.6088867 -0.79345703
vn -0 -0.70703125 -0.70703125
vn -0.12915039 -0.7011719 -0.7011719
vn -0.12915039 -0.7866211 -0.6035156
vn -0.25610352 -0.76708984 -0.5883789
vn -0.25610352 -0.83691406 -0.48339844
vn -0.37890625 -0.80126953 -0.46264648
vn -0.37890625 -0.85498047 -0.35424805
vn -0.49560547 -0.8022461 -0.3322754
vn -0.49560547 -0.8388672 -0.22473145
vn -0.37890625 -0.89404297 -0.23950195
vn -0.37890625 -0.91748047 -0.120788574
vn -0.25610352 -0.93359375 -0.25024414
vn -0.49560547 -0.8613281 -0.113342285
vn -0.49560547 -0.86865234 3.5762787E-07
vn -0.37890625 -0.92529297 7.1525574E-07
vn -0.25610352 -0.9667969 4.7683716E-07
vn -0.25610352 -0.9584961 -0.1262207
vn -0.12915039 -0.98291016 -0.12939453
vn -0.12915039 -0.9916992 0
vn -0 -1 0
vn -0.25610352 -0.8930664 -0.36987305
vn -0.12915039 -0.9160156 -0.37939453
vn -0.12915039 -0.9580078 -0.2565918
vn -0 -0.9658203 -0.25878906
vn -0 -0.99121094 -0.13049316
vn 0.12915039 -0.98291016 -0.12939453
vn 0.12915039 -0.9916992 0
vn 0.25610352 -0.9667969 0
vn -0.12915039 -0.8588867 -0.4958496
vn -0 -0.86621094 -0.5
vn -0 -0.9238281 -0.38256836
vn 0.12915039 -0.9160156 -0.37939453
vn 0.12915039 -0.9580078 -0.2565918
vn 0.25610352 -0.93359375 -0.25024414
vn 0.25610352 -0.9584961 -0.1262207
vn 0.37890625 -0.91748047 -0.120788574
vn 0.37890625 -0.92529297 0
vn 0.49560547 -0.86865234 5.364418E-07
vn 0.49560547 -0.8613281 -0.113342285
vn 0.49560547 -0.8388672 -0.22473145
vn 0.37890625 -0.89404297 -0.23950195
vn 0.37890625 -0.85498047 -0.35424805
vn 0.49560547 -0.8022461 -0.3322754
vn 0.49560547 -0.7519531 -0.43432617
vn 0.25610352 -0.8930664 -0.36987305
vn 0.25610352 -0.83691406 -0.48339844
vn 0.37890625 -0.80126953 -0.46264648
vn 0.37890625 -0.734375 -0.56347656
vn 0.49560547 -0.68896484 -0.5288086
vn 0.12915039 -0.8588867 -0.4958496
vn 0.12915039 -0.7866211 -0.6035156
vn 0.37890625 -0.6542969 -0.6542969
vn 0.25610352 -0.68359375 -0.68359375
vn 0.25610352 -0.76708984 -0.5883789
vn -0 -0.79345703 -0.6088867
vn 0.12915039 -0.7011719 -0.7011719
vn 0.25610352 -0.5883789 -0.76708984
vn 0.49560547 0.86865234 -7.748604E-07
vn 0.37890625 0.92529297 -7.748604E-07
vn 0.37890625 0.91748047 -0.120788574
vn 0.49560547 0.8613281 -0.113342285
vn 0.25610352 0.9667969 -8.34465E-07
vn 0.49560547 0.8388672 -0.22473145
vn 0.25610352 0.9584961 -0.1262207
vn 0.12915039 0.98291016 -0.12939453
vn 0.25610352 0.93359375 -0.25024414
vn 0.12915039 0.9916992 -7.748604E-07
vn -2.9802322E-07 1 -6.556511E-07
vn 0.37890625 0.89404297 -0.23950195
vn 0.37890625 0.85498047 -0.35424805
vn 0.49560547 0.8022461 -0.3322754
vn 0.49560547 0.7519531 -0.43432617
vn -2.9802322E-07 0.99121094 -0.13049316
vn -0.12915039 0.98291016 -0.12939453
vn -4.7683716E-07 0.9658203 -0.25878906
vn -0.12915039 0.9916992 -5.364418E-07
vn -0.25610352 0.9667969 -3.5762787E-07
vn 0.12915039 0.9580078 -0.2565918
vn 0.12915039 0.9160156 -0.37939453
vn 0.25610352 0.8930664 -0.36987305
vn 0.25610352 0.83691406 -0.48339844
vn 0.37890625 0.80126953 -0.46264648
vn 0.37890625 0.734375 -0.56347656
vn 0.49560547 0.68896484 -0.5288086
vn 0.49560547 0.6142578 -0.6142578
vn -0.25610352 0.9584961 -0.1262207
vn -0.37890625 0.91748047 -0.120788574
vn -0.25610352 0.93359375 -0.25024414
vn -0.37890625 0.92529297 0
vn -0.49560547 0.86865234 0
vn -0.49560547 0.8613281 -0.113342285
vn -0.49560547 0.8388672 -0.22473145
vn -0.37890625 0.89404297 -0.23950195
vn -0.37890625 0.85498047 -0.35424805
vn -0.49560547 0.8022461 -0.3322754
vn -0.49560547 0.7519531 -0.43432617
vn -0.12915039 0.9580078 -0.2565918
vn -0.12915039 0.9160156 -0.37939453
vn -0.25610352 0.8930664 -0.36987305
vn -0.25610352 0.83691406 -0.48339844
vn -0.37890625 0.80126953 -0.46264648
vn -0.37890625 0.734375 -0.56347656
vn -0.49560547 0.68896484 -0.5288086
vn -0.49560547 0.6142578 -0.6142578
vn -4.7683716E-07 0.9238281 -0.38256836
vn -4.172325E-07 0.86621094 -0.5
vn -0.12915039 0.8588867 -0.4958496
vn -0.12915039 0.7866211 -0.6035156
vn -0.25610352 0.76708984 -0.5883789
vn -0.25610352 0.68359375 -0.68359375
vn -0.37890625 0.6542969 -0.6542969
vn -0.37890625 0.56347656 -0.734375
vn -0.49560547 0.5288086 -0.68896484
vn -0.49560547 0.43432617 -0.7519531
vn 0.12915039 0.8588867 -0.4958496
vn 0.12915039 0.7866211 -0.6035156
vn -4.7683716E-07 0.79345703 -0.6088867
vn -5.364418E-07 0.70703125 -0.70703125
vn -0.12915039 0.7011719 -0.7011719
vn -0.12915039 0.6035156 -0.7866211
vn -0.25610352 0.5883789 -0.76708984
vn -0.25610352 0.48339844 -0.83691406
vn -0.37890625 0.46264648 -0.80126953
vn -0.37890625 0.35424805 -0.85498047
vn -0.49560547 0.3322754 -0.8022461
vn -0.49560547 0.22473145 -0.8388672
vn -0.37890625 0.23950195 -0.89404297
vn -0.37890625 0.120788574 -0.91748047
vn -0.25610352 0.25024414 -0.93359375
vn -0.49560547 0.113342285 -0.8613281
vn -0.49560547 -4.7683716E-07 -0.86865234
vn -0.37890625 -5.9604645E-07 -0.92529297
vn -0.25610352 -6.556511E-07 -0.9667969
vn -0.25610352 0.1262207 -0.9584961
vn -0.12915039 0.12939453 -0.98291016
vn -0.12915039 -5.364418E-07 -0.9916992
vn -2.9802322E-07 -4.7683716E-07 -1
vn -0.25610352 0.36987305 -0.8930664
vn -0.12915039 0.37939453 -0.9160156
vn -0.12915039 0.2565918 -0.9580078
vn -2.9802322E-07 0.25878906 -0.9658203
vn -3.5762787E-07 0.13049316 -0.99121094
vn 0.12915039 0.12939453 -0.98291016
vn 0.12915039 -5.9604645E-07 -0.9916992
vn 0.25610352 -5.364418E-07 -0.9667969
vn -0.12915039 0.4958496 -0.8588867
vn -5.9604645E-07 0.5 -0.86621094
vn -4.7683716E-07 0.38256836 -0.9238281
vn 0.12915039 0.37939453 -0.9160156
vn 0.12915039 0.2565918 -0.9580078
vn 0.25610352 0.25024414 -0.93359375
vn 0.25610352 0.1262207 -0.9584961
vn 0.37890625 0.120788574 -0.91748047
vn 0.37890625 -3.5762787E-07 -0.92529297
vn 0.49560547 -2.9802322E-07 -0.86865234
vn 0.49560547 0.113342285 -0.8613281
vn 0.49560547 0.22473145 -0.8388672
vn 0.37890625 0.23950195 -0.89404297
vn 0.37890625 0.35424805 -0.85498047
vn 0.49560547 0.3322754 -0.8022461
vn 0.49560547 0.43432617 -0.7519531
vn 0.25610352 0.36987305 -0.8930664
vn 0.25610352 0.48339844 -0.83691406
vn 0.37890625 0.46264648 -0.80126953
vn 0.37890625 0.56347656 -0.734375
vn 0.49560547 0.5288086 -0.68896484
vn 0.12915039 0.4958496 -0.8588867
vn 0.12915039 0.6035156 -0.7866211
vn 0.37890625 0.6542969 -0.6542969
vn 0.25610352 0.68359375 -0.68359375
vn 0.25610352 0.5883789 -0.76708984
vn -5.9604645E-07 0.6088867 -0.79345703
vn 0.12915039 0.7011719 -0.7011719
vn 0.25610352 0.76708984 -0.5883789
vn -0.49560547 5.364418E-07 0.86865234
vn -0.49560547 -0.113342285 0.8613281
vn -0.6040039 -0.104003906 0.79003906
vn -0.49560547 -0.22473145 0.8388672
vn -0.6040039 4.172325E-07 0.796875
vn -0.6040039 0.104003906 0.79003906
vn -0.7026367 0 0.7114258
vn -0.49560547 0.113342285 0.8613281
vn -0.49560547 0.22473145 0.8388672
vn -0.6040039 -0.20617676 0.76953125
vn -0.6040039 -0.30493164 0.7363281
vn -0.7026367 -0.18408203 0.6870117
vn -0.49560547 -0.3322754 0.8022461
vn -0.49560547 -0.43432617 0.7519531
vn -0.7026367 -0.09283447 0.7055664
vn -0.7895508 -0.080078125 0.60839844
vn -0.6040039 0.20617676 0.76953125
vn -0.6040039 0.30493164 0.7363281
vn -0.7026367 0.18408203 0.6870117
vn -0.49560547 0.3322754 0.8022461
vn -0.49560547 0.43432617 0.7519531
vn -0.7026367 0.09283447 0.7055664
vn -0.7895508 0.080078125 0.60839844
vn -0.7895508 0 0.61376953
vn -0.86279297 0 0.5053711
vn -0.6040039 0.3984375 0.6899414
vn -0.6040039 0.48510742 0.6323242
vn -0.7026367 0.3557129 0.61621094
vn -0.49560547 0.5288086 0.68896484
vn -0.49560547 0.6142578 0.6142578
vn -0.7026367 0.2722168 0.65722656
vn -0.7895508 0.23486328 0.56689453
vn -0.7895508 0.15881348 0.59277344
vn -0.86279297 0.1307373 0.4880371
vn -0.86279297 0.06591797 0.50097656
vn -0.9194336 0.051330566 0.38989258
vn -0.6040039 0.56347656 0.56347656
vn -0.6040039 0.6323242 0.48510742
vn -0.7026367 0.5029297 0.5029297
vn -0.49560547 0.68896484 0.5288086
vn -0.49560547 0.7519531 0.43432617
vn -0.7026367 0.43310547 0.5644531
vn -0.7895508 0.37353516 0.4868164
vn -0.7895508 0.30688477 0.53125
vn -0.86279297 0.25268555 0.4375
vn -0.86279297 0.19335938 0.46679688
vn -0.9194336 0.1505127 0.36328125
vn -0.9189453 0.101989746 0.38061523
vn -0.96240234 0.070495605 0.2631836
vn -0.7026367 0.5644531 0.43310547
vn -0.7895508 0.4868164 0.37353516
vn -0.7026367 0.61621094 0.3557129
vn -0.7895508 0.4338379 0.4338379
vn -0.86279297 0.35717773 0.35717773
vn -0.86279297 0.3076172 0.4008789
vn -0.9194336 0.23937988 0.31201172
vn -0.9189453 0.19702148 0.34106445
vn -0.96240234 0.13623047 0.23596191
vn -0.6040039 0.6899414 0.3984375
vn -0.6040039 0.7363281 0.30493164
vn -0.49560547 0.8022461 0.3322754
vn -0.49560547 0.8388672 0.22473145
vn -0.95947266 0.10772705 0.2602539
vn -0.9819336 0.07208252 0.17407227
vn -0.6040039 0.76953125 0.20617676
vn -0.6040039 0.79003906 0.104003906
vn -0.7026367 0.6870117 0.18408203
vn -0.49560547 0.8613281 0.113342285
vn -0.49560547 0.86865234 0
vn -0.7026367 0.65722656 0.2722168
vn -0.7895508 0.56689453 0.23486328
vn -0.7895508 0.53125 0.30688477
vn -0.86279297 0.4375 0.25268555
vn -0.86279297 0.4008789 0.3076172
vn -0.9194336 0.31201172 0.23937988
vn -0.9189453 0.27856445 0.27856445
vn -0.96240234 0.19262695 0.19262695
vn -0.95947266 0.17138672 0.22338867
vn -0.9819336 0.11468506 0.14941406
vn -0.9897461 0.07141113 0.12371826
vn -1 0 0
vn -0.9897461 0.10101318 0.10101318
vn -0.9819336 0.14941406 0.11468506
vn -0.95947266 0.22338867 0.17138672
vn -0.96240234 0.23583984 0.13623047
vn -0.9897461 0.036987305 0.13793945
vn -0.9897461 0.12371826 0.07141113
vn -0.9819336 0.02458191 0.18676758
vn -0.9819336 0.17407227 0.07208252
vn -0.9897461 0 0.14282227
vn -0.96240234 -7.748604E-07 0.27246094
vn -0.95947266 0.036743164 0.27905273
vn -0.9189453 0.34106445 0.19702148
vn -0.9194336 0.36328125 0.1505127
vn -0.95947266 0.2602539 0.10772705
vn -0.96240234 0.2631836 0.070495605
vn -0.9819336 -0.02458191 0.18676758
vn -0.9189453 -5.364418E-07 0.39404297
vn -0.9194336 -0.051330566 0.38989258
vn -0.86279297 0.46679688 0.19335938
vn -0.86279297 0.4880371 0.1307373
vn -0.9897461 0.13793945 0.036987305
vn -0.95947266 -0.036743164 0.27905273
vn -0.96240234 -0.070495605 0.2631836
vn -0.86279297 -0.06591797 0.50097656
vn -0.86279297 -0.1307373 0.4880371
vn -0.7895508 0.59277344 0.15881348
vn -0.7895508 0.60839844 0.080078125
vn -0.9897461 -0.036987305 0.13793945
vn -0.9189453 -0.101989746 0.38061523
vn -0.9194336 -0.1505127 0.36328125
vn -0.9819336 -0.07208252 0.17407227
vn -0.7895508 -0.15881348 0.59277344
vn -0.7895508 -0.23486328 0.56689453
vn -0.7026367 0.7055664 0.09283447
vn -0.7026367 0.7114258 -2.9802322E-07
vn -0.95947266 -0.10772705 0.2602539
vn -0.96240234 -0.13623047 0.23596191
vn -0.86279297 -0.19335938 0.46679688
vn -0.86279297 -0.25268555 0.4375
vn -0.7026367 -0.2722168 0.65722656
vn -0.7026367 -0.3557129 0.61621094
vn -0.6040039 0.796875 0
vn -0.6040039 0.79003906 -0.104003906
vn -0.49560547 0.8613281 -0.113342285
vn -0.49560547 0.8388672 -0.22473145
vn -0.9189453 -0.19702148 0.34106445
vn -0.9194336 -0.23937988 0.31201172
vn -0.6040039 -0.3984375 0.6899414
vn -0.6040039 -0.48510742 0.6323242
vn -0.49560547 -0.5288086 0.68896484
vn -0.49560547 -0.6142578 0.6142578
vn -0.6040039 0.76953125 -0.20617676
vn -0.6040039 0.7363281 -0.30493164
vn -0.7026367 0.6870117 -0.18408203
vn -0.49560547 0.8022461 -0.3322754
vn -0.49560547 0.7519531 -0.43432617
vn -0.7026367 0.7055664 -0.09283447
vn -0.7895508 0.60839844 -0.080078125
vn -0.7895508 0.61376953 -3.5762787E-07
vn -0.86279297 0.5053711 -6.556511E-07
vn -0.86279297 0.50097656 0.06591797
vn -0.9194336 0.38989258 0.051330566
vn -0.9189453 0.38061523 0.101989746
vn -0.95947266 0.27905273 0.036743164
vn -0.96240234 0.27246094 2.9802322E-07
vn -0.9819336 0.18676758 0.02458191
vn -0.9897461 0.14282227 0
vn -0.9819336 0.18676758 -0.02458191
vn -0.9897461 0.13793945 -0.036987305
vn -0.96240234 0.2631836 -0.070495605
vn -0.9189453 0.39404297 -5.364418E-07
vn -0.9194336 0.38989258 -0.051330566
vn -0.95947266 0.27905273 -0.036743164
vn -0.9819336 0.17407227 -0.07208252
vn -0.86279297 0.50097656 -0.06591797
vn -0.86279297 0.4880371 -0.1307373
vn -0.9189453 0.38061523 -0.101989746
vn -0.9194336 0.36328125 -0.1505127
vn -0.95947266 0.2602539 -0.10772705
vn -0.96240234 0.23583984 -0.13623047
vn -0.9897461 0.12371826 -0.07141113
vn -0.7895508 0.59277344 -0.15881348
vn -0.7895508 0.56689453 -0.23486328
vn -0.86279297 0.46679688 -0.19335938
vn -0.86279297 0.4375 -0.25268555
vn -0.9819336 0.14941406 -0.11468506
vn -0.7026367 0.65722656 -0.2722168
vn -0.7026367 0.61621094 -0.3557129
vn -0.9189453 0.34106445 -0.19702148
vn -0.9194336 0.31201172 -0.23937988
vn -0.95947266 0.22338867 -0.17138672
vn -0.96240234 0.19262695 -0.19262695
vn -0.9897461 0.10101318 -0.10101318
vn -0.9819336 0.11468506 -0.14941406
vn -0.7895508 0.53125 -0.30688477
vn -0.7895508 0.4868164 -0.37353516
vn -0.86279297 0.4008789 -0.3076172
vn -0.86279297 0.35717773 -0.35717773
vn -0.9897461 0.07141113 -0.12371826
vn -0.96240234 0.13623047 -0.23596191
vn -0.9819336 0.07208252 -0.17407227
vn -0.9897461 0.036987305 -0.13793945
vn -0.96240234 0.070495605 -0.2631836
vn -0.9189453 0.27856445 -0.27856445
vn -0.9194336 0.23937988 -0.31201172
vn -0.95947266 0.17138672 -0.22338867
vn -0.9819336 0.02458191 -0.18676758
vn -0.95947266 0.10772705 -0.2602539
vn -0.9194336 0.1505127 -0.36328125
vn -0.9189453 0.19702148 -0.34106445
vn -0.86279297 0.25268555 -0.4375
vn -0.86279297 0.3076172 -0.4008789
vn -0.7895508 0.37353516 -0.4868164
vn -0.7895508 0.4338379 -0.43408203
vn -0.7026367 0.5029297 -0.5029297
vn -0.7026367 0.5644531 -0.43310547
vn -0.6040039 0.6323242 -0.48510742
vn -0.6040039 0.6899414 -0.3984375
vn -0.49560547 0.68896484 -0.5288086
vn -0.49560547 0.6142578 -0.6142578
vn -0.6040039 0.56347656 -0.56347656
vn -0.6040039 0.48510742 -0.6323242
vn -0.49560547 0.5288086 -0.68896484
vn -0.49560547 0.43432617 -0.7519531
vn -0.7026367 0.43310547 -0.5644531
vn -0.7026367 0.3557129 -0.61621094
vn -0.6040039 0.3984375 -0.6899414
vn -0.6040039 0.30493164 -0.7363281
vn -0.49560547 0.3322754 -0.8022461
vn -0.49560547 0.22473145 -0.8388672
vn -0.7895508 0.30688477 -0.53125
vn -0.7895508 0.23486328 -0.56689453
vn -0.7026367 0.2722168 -0.65722656
vn -0.7026367 0.18408203 -0.6870117
vn -0.6040039 0.20617676 -0.76953125
vn -0.6040039 0.104003906 -0.79003906
vn -0.49560547 0.113342285 -0.8613281
vn -0.49560547 -4.7683716E-07 -0.86865234
vn -0.86279297 0.19335938 -0.46679688
vn -0.86279297 0.1307373 -0.4880371
vn -0.7895508 0.15881348 -0.59277344
vn -0.7895508 0.080078125 -0.60839844
vn -0.7026367 0.09283447 -0.7055664
vn -0.7026367 -4.7683716E-07 -0.7114258
vn -0.6040039 -5.364418E-07 -0.796875
vn -0.6040039 -0.104003906 -0.79003906
vn -0.49560547 -0.113342285 -0.8613281
vn -0.49560547 -0.22473145 -0.8388672
vn -0.9189453 0.101989746 -0.38061523
vn -0.9194336 0.051330566 -0.38989258
vn -0.86279297 0.06591797 -0.50097656
vn -0.86279297 -3.5762787E-07 -0.5053711
vn -0.7895508 -2.9802322E-07 -0.61376953
vn -0.7895508 -0.080078125 -0.60839844
vn -0.7026367 -0.09283447 -0.7055664
vn -0.7026367 -0.18408203 -0.6870117
vn -0.6040039 -0.20617676 -0.76953125
vn -0.6040039 -0.30493164 -0.7363281
vn -0.49560547 -0.3322754 -0.8022461
vn -0.49560547 -0.43432617 -0.7519531
vn -0.6040039 -0.3984375 -0.6899414
vn -0.6040039 -0.48510742 -0.6323242
vn -0.7026367 -0.3557129 -0.61621094
vn -0.49560547 -0.5288086 -0.68896484
vn -0.49560547 -0.6142578 -0.6142578
vn -0.7026367 -0.2722168 -0.65722656
vn -0.7895508 -0.23486328 -0.56689453
vn -0.7895508 -0.15881348 -0.59277344
vn -0.86279297 -0.1307373 -0.4880371
vn -0.86279297 -0.06591797 -0.50097656
vn -0.9194336 -0.051330566 -0.38989258
vn -0.9189453 -8.940697E-07 -0.39404297
vn -0.96240234 -1.0728836E-06 -0.27246094
vn -0.95947266 0.036743164 -0.27905273
vn -0.9897461 -2.9802322E-07 -0.14282227
vn -0.9819336 -0.02458191 -0.18676758
vn -0.95947266 -0.036743164 -0.27905273
vn -0.96240234 -0.070495605 -0.2631836
vn -0.9189453 -0.101989746 -0.38061523
vn -0.9194336 -0.1505127 -0.36328125
vn -0.9897461 -0.036987305 -0.13793945
vn -0.9819336 -0.07208252 -0.17407227
vn -0.86279297 -0.19335938 -0.46679688
vn -0.86279297 -0.25268555 -0.4375
vn -0.9897461 -0.07141113 -0.12371826
vn -0.96240234 -0.13623047 -0.23596191
vn -0.9819336 -0.11468506 -0.14941406
vn -0.9897461 -0.10101318 -0.10101318
vn -0.96240234 -0.19262695 -0.19262695
vn -0.95947266 -0.10772705 -0.2602539
vn -0.9189453 -0.19702148 -0.34106445
vn -0.9194336 -0.23937988 -0.31201172
vn -0.95947266 -0.17138672 -0.22338867
vn -0.7895508 -0.30688477 -0.53125
vn -0.7895508 -0.37353516 -0.4868164
vn -0.9819336 -0.14941406 -0.11468506
vn -0.86279297 -0.3076172 -0.4008789
vn -0.86279297 -0.35717773 -0.35717773
vn -0.7026367 -0.43310547 -0.5644531
vn -0.7026367 -0.5029297 -0.5029297
vn -0.9189453 -0.27856445 -0.27856445
vn -0.9194336 -0.31201172 -0.23937988
vn -0.95947266 -0.22338867 -0.17138672
vn -0.96240234 -0.23596191 -0.13623047
vn -0.7895508 -0.43408203 -0.4338379
vn -0.7895508 -0.4868164 -0.37353516
vn -0.6040039 -0.56347656 -0.56347656
vn -0.6040039 -0.6323242 -0.48510742
vn -0.49560547 -0.68896484 -0.5288086
vn -0.49560547 -0.7519531 -0.43432617
vn -0.9897461 -0.12371826 -0.07141113
vn -0.86279297 -0.4008789 -0.3076172
vn -0.86279297 -0.4375 -0.25268555
vn -0.7026367 -0.5644531 -0.43310547
vn -0.7026367 -0.61621094 -0.3557129
vn -0.6040039 -0.6899414 -0.3984375
vn -0.6040039 -0.7363281 -0.30493164
vn -0.49560547 -0.8022461 -0.3322754
vn -0.49560547 -0.8388672 -0.22473145
vn -0.9189453 -0.34106445 -0.19702148
vn -0.9194336 -0.36328125 -0.1505127
vn -0.7895508 -0.53125 -0.30688477
vn -0.7895508 -0.56689453 -0.23486328
vn -0.7026367 -0.65722656 -0.2722168
vn -0.7026367 -0.6870117 -0.18408203
vn -0.6040039 -0.76953125 -0.20617676
vn -0.6040039 -0.79003906 -0.104003906
vn -0.49560547 -0.8613281 -0.113342285
vn -0.49560547 -0.86865234 3.5762787E-07
vn -0.86279297 -0.46679688 -0.19335938
vn -0.86279297 -0.4880371 -0.1307373
vn -0.7895508 -0.59277344 -0.15881348
vn -0.7895508 -0.60839844 -0.080078125
vn -0.7026367 -0.7055664 -0.09283447
vn -0.7026367 -0.7114258 2.9802322E-07
vn -0.6040039 -0.796875 0
vn -0.6040039 -0.79003906 0.104003906
vn -0.49560547 -0.8613281 0.113342285
vn -0.49560547 -0.8388672 0.22473145
vn -0.6040039 -0.76953125 0.20617676
vn -0.6040039 -0.7363281 0.30493164
vn -0.7026367 -0.6870117 0.18408203
vn -0.49560547 -0.8022461 0.3322754
vn -0.49560547 -0.7519531 0.43432617
vn -0.7026367 -0.7055664 0.09283447
vn -0.7895508 -0.60839844 0.080078125
vn -0.7895508 -0.61376953 0
vn -0.86279297 -0.5053711 -2.9802322E-07
vn -0.86279297 -0.50097656 -0.06591797
vn -0.9194336 -0.38989258 -0.051330566
vn -0.9189453 -0.38061523 -0.101989746
vn -0.96240234 -0.2631836 -0.070495605
vn -0.95947266 -0.2602539 -0.10772705
vn -0.9819336 -0.17407227 -0.07208252
vn -0.9897461 -0.13806152 -0.036987305
vn -0.9819336 -0.18676758 -0.02458191
vn -0.95947266 -0.27905273 -0.036743164
vn -0.96240234 -0.27246094 5.364418E-07
vn -0.9897461 -0.14282227 2.9802322E-07
vn -0.9819336 -0.18676758 0.02458191
vn -0.9897461 -0.13793945 0.036987305
vn -0.96240234 -0.2631836 0.070495605
vn -0.9189453 -0.39404297 0
vn -0.9194336 -0.38989258 0.051330566
vn -0.95947266 -0.27905273 0.036743164
vn -0.9819336 -0.17407227 0.07208252
vn -0.86279297 -0.50097656 0.06591797
vn -0.86279297 -0.4880371 0.1307373
vn -0.9189453 -0.38061523 0.101989746
vn -0.9194336 -0.36328125 0.1505127
vn -0.95947266 -0.2602539 0.10772705
vn -0.96240234 -0.23596191 0.13623047
vn -0.9897461 -0.12371826 0.07141113
vn -0.7895508 -0.59277344 0.15881348
vn -0.7895508 -0.56689453 0.23486328
vn -0.86279297 -0.46679688 0.19335938
vn -0.86279297 -0.4375 0.25268555
vn -0.9819336 -0.14941406 0.11468506
vn -0.7026367 -0.65722656 0.2722168
vn -0.7026367 -0.61621094 0.3557129
vn -0.9189453 -0.34106445 0.19702148
vn -0.9194336 -0.31201172 0.23937988
vn -0.95947266 -0.22338867 0.17138672
vn -0.96240234 -0.19262695 0.19262695
vn -0.9897461 -0.10101318 0.10101318
vn -0.9819336 -0.11468506 0.14941406
vn -0.7895508 -0.53125 0.30688477
vn -0.7895508 -0.4868164 0.37353516
vn -0.86279297 -0.4008789 0.3076172
vn -0.86279297 -0.35717773 0.35717773
vn -0.9897461 -0.07141113 0.12371826
vn -0.95947266 -0.17138672 0.22338867
vn -0.9189453 -0.27856445 0.27856445
vn -0.86279297 -0.3076172 0.4008789
vn -0.7895508 -0.37353516 0.4868164
vn -0.7895508 -0.43408203 0.43408203
vn -0.7026367 -0.5029297 0.5029297
vn -0.7895508 -0.30688477 0.53125
vn -0.7026367 -0.43310547 0.5644531
vn -0.7026367 -0.5644531 0.43310547
vn -0.6040039 -0.6323242 0.48510742
vn -0.6040039 -0.56347656 0.56347656
vn -0.49560547 -0.68896484 0.5288086
vn -0.6040039 -0.6899414 0.3984375
vn 0.49560547 0.86865234 -7.748604E-07
vn 0.49560547 0.8613281 0.113342285
vn 0.37890625 0.91748047 0.120788574
vn 0.37890625 0.92529297 -7.748604E-07
vn 0.49560547 0.8388672 0.22473145
vn 0.25610352 0.9667969 -8.34465E-07
vn 0.37890625 0.89404297 0.23950195
vn 0.37890625 0.85498047 0.35424805
vn 0.25610352 0.93359375 0.25024414
vn 0.49560547 0.8022461 0.3322754
vn 0.49560547 0.7519531 0.43432617
vn 0.25610352 0.9584961 0.1262207
vn 0.12915039 0.98291016 0.12939453
vn 0.12915039 0.9916992 -7.748604E-07
vn -2.9802322E-07 1 -6.556511E-07
vn 0.37890625 0.80126953 0.46264648
vn 0.37890625 0.734375 0.56347656
vn 0.25610352 0.83691406 0.48339844
vn 0.49560547 0.68896484 0.5288086
vn 0.49560547 0.6142578 0.6142578
vn 0.25610352 0.8930664 0.36987305
vn 0.12915039 0.9160156 0.37939453
vn 0.12915039 0.9580078 0.2565918
vn -4.172325E-07 0.9658203 0.25878906
vn -4.172325E-07 0.99121094 0.13049316
vn -0.12915039 0.98291016 0.12939453
vn -0.12915039 0.9916992 -5.364418E-07
vn -0.25610352 0.9667969 -3.5762787E-07
vn 0.37890625 0.6542969 0.6542969
vn 0.37890625 0.56347656 0.734375
vn 0.25610352 0.68359375 0.68359375
vn 0.49560547 0.5288086 0.68896484
vn 0.49560547 0.43432617 0.7519531
vn 0.25610352 0.76708984 0.5883789
vn 0.12915039 0.7866211 0.6035156
vn 0.12915039 0.8588867 0.4958496
vn -3.5762787E-07 0.86621094 0.5
vn -0 0.9238281 0.38256836
vn -0.12915039 0.9160156 0.37939453
vn -0.12915039 0.9580078 0.2565918
vn -0.25610352 0.93359375 0.25024414
vn -0.25610352 0.9584961 0.1262207
vn -0.37890625 0.91748047 0.120788574
vn -0.37890625 0.92529297 0
vn -0.49560547 0.86865234 0
vn -0.49560547 0.8613281 0.113342285
vn -0.49560547 0.8388672 0.22473145
vn -0.37890625 0.89404297 0.23950195
vn -0.37890625 0.85498047 0.35424805
vn -0.49560547 0.8022461 0.3322754
vn -0.49560547 0.7519531 0.43432617
vn -0.25610352 0.8930664 0.36987305
vn -0.25610352 0.83691406 0.48339844
vn -0.37890625 0.80126953 0.46264648
vn -0.37890625 0.734375 0.56347656
vn -0.49560547 0.68896484 0.5288086
vn -0.49560547 0.6142578 0.6142578
vn -0.12915039 0.8588867 0.4958496
vn -0.12915039 0.7866211 0.6035156
vn -0.25610352 0.76708984 0.5883789
vn -0.25610352 0.68359375 0.68359375
vn -0.37890625 0.6542969 0.6542969
vn -0.37890625 0.56347656 0.734375
vn -0.49560547 0.5288086 0.68896484
vn -0.49560547 0.43432617 0.7519531
vn -5.364418E-07 0.79345703 0.6088867
vn -5.9604645E-07 0.70703125 0.70703125
vn -0.12915039 0.7011719 0.7011719
vn -0.12915039 0.6035156 0.7866211
vn -0.25610352 0.5883789 0.76708984
vn -0.25610352 0.48339844 0.83691406
vn -0.37890625 0.46264648 0.80126953
vn -0.37890625 0.35424805 0.85498047
vn -0.49560547 0.3322754 0.8022461
vn -0.49560547 0.22473145 0.8388672
vn 0.12915039 0.7011719 0.7011719
vn 0.12915039 0.6035156 0.7866211
vn -5.364418E-07 0.6088867 0.79345703
vn -5.364418E-07 0.5 0.86621094
vn -0.12915039 0.4958496 0.8588867
vn -0.12915039 0.37939453 0.9160156
vn -0.25610352 0.36987305 0.8930664
vn -0.25610352 0.25024414 0.93359375
vn -0.37890625 0.23950195 0.89404297
vn -0.37890625 0.120788574 0.91748047
vn -0.49560547 0.113342285 0.8613281
vn -0.49560547 5.364418E-07 0.86865234
vn -0.37890625 4.7683716E-07 0.92529297
vn -0.25610352 4.172325E-07 0.9667969
vn -0.25610352 0.1262207 0.9584961
vn -0.12915039 0.12939453 0.98291016
vn -0.12915039 5.364418E-07 0.9916992
vn -2.9802322E-07 5.9604645E-07 1
vn -0.12915039 0.2565918 0.9580078
vn -3.5762787E-07 0.25878906 0.9658203
vn -3.5762787E-07 0.13049316 0.99121094
vn 0.12915039 0.12939453 0.98291016
vn 0.12915039 5.9604645E-07 0.9916992
vn 0.25610352 5.9604645E-07 0.9667969
vn -4.7683716E-07 0.38256836 0.9238281
vn 0.12915039 0.37939453 0.9160156
vn 0.12915039 0.2565918 0.9580078
vn 0.25610352 0.25024414 0.93359375
vn 0.25610352 0.1262207 0.9584961
vn 0.37890625 0.120788574 0.91748047
vn 0.37890625 4.172325E-07 0.92529297
vn 0.49560547 0 0.86865234
vn 0.49560547 0.113342285 0.8613281
vn 0.49560547 0.22473145 0.8388672
vn 0.37890625 0.23950195 0.89404297
vn 0.37890625 0.35424805 0.85498047
vn 0.49560547 0.3322754 0.8022461
vn 0.25610352 0.36987305 0.8930664
vn 0.25610352 0.48339844 0.83691406
vn 0.37890625 0.46264648 0.80126953
vn 0.12915039 0.4958496 0.8588867
vn 0.25610352 0.5883789 0.76708984
vn 0.49560547 0 0.86865234
vn 0.6040039 -0.104003906 0.79003906
vn 0.49560547 -0.113342285 0.8613281
vn 0.49560547 -0.22473145 0.8388672
vn 0.6040039 2.9802322E-07 0.796875
vn 0.6040039 0.104003906 0.79003906
vn 0.7026367 2.9802322E-07 0.7114258
vn 0.49560547 0.113342285 0.8613281
vn 0.49560547 0.22473145 0.8388672
vn 0.6040039 -0.20617676 0.76953125
vn 0.6040039 -0.30493164 0.7363281
vn 0.7026367 -0.18408203 0.6870117
vn 0.49560547 -0.3322754 0.8022461
vn 0.49560547 -0.43432617 0.7519531
vn 0.7026367 -0.09283447 0.7055664
vn 0.7895508 -0.080078125 0.60839844
vn 0.6040039 0.20617676 0.76953125
vn 0.6040039 0.30493164 0.7363281
vn 0.7026367 0.18408203 0.6870117
vn 0.49560547 0.3322754 0.8022461
vn 0.49560547 0.43432617 0.7519531
vn 0.7026367 0.09283447 0.7055664
vn 0.7895508 0.080078125 0.60839844
vn 0.7895508 0 0.61376953
vn 0.86279297 0 0.5053711
vn 0.6040039 0.3984375 0.6899414
vn 0.6040039 0.48510742 0.6323242
vn 0.7026367 0.3557129 0.61621094
vn 0.49560547 0.5288086 0.68896484
vn 0.49560547 0.6142578 0.6142578
vn 0.7026367 0.2722168 0.65722656
vn 0.7895508 0.23486328 0.56689453
vn 0.7895508 0.15881348 0.59277344
vn 0.86279297 0.1307373 0.4880371
vn 0.86279297 0.06591797 0.50097656
vn 0.9194336 0.051330566 0.38989258
vn 0.6040039 0.56347656 0.56347656
vn 0.6040039 0.6323242 0.48510742
vn 0.7026367 0.5029297 0.5029297
vn 0.49560547 0.68896484 0.5288086
vn 0.49560547 0.7519531 0.43432617
vn 0.7026367 0.43310547 0.5644531
vn 0.7895508 0.37353516 0.4868164
vn 0.7895508 0.30688477 0.53125
vn 0.86279297 0.25268555 0.4375
vn 0.86279297 0.19335938 0.46679688
vn 0.9194336 0.1505127 0.36328125
vn 0.9189453 0.101989746 0.38061523
vn 0.96240234 0.070495605 0.2631836
vn 0.7026367 0.5644531 0.43310547
vn 0.7895508 0.4868164 0.37353516
vn 0.7026367 0.61621094 0.3557129
vn 0.7895508 0.43408203 0.4338379
vn 0.86279297 0.35717773 0.35717773
vn 0.86279297 0.3076172 0.4008789
vn 0.9194336 0.23937988 0.31201172
vn 0.9189453 0.19702148 0.34106445
vn 0.96240234 0.13623047 0.23596191
vn 0.6040039 0.6899414 0.3984375
vn 0.6040039 0.7363281 0.30493164
vn 0.49560547 0.8022461 0.3322754
vn 0.49560547 0.8388672 0.22473145
vn 0.95947266 0.10772705 0.2602539
vn 0.9819336 0.07208252 0.17407227
vn 0.6040039 0.76953125 0.20617676
vn 0.6040039 0.79003906 0.104003906
vn 0.7026367 0.6870117 0.18408203
vn 0.49560547 0.8613281 0.113342285
vn 0.49560547 0.86865234 -7.748604E-07
vn 0.7026367 0.65722656 0.2722168
vn 0.7895508 0.56689453 0.23486328
vn 0.7895508 0.53125 0.30688477
vn 0.86279297 0.4375 0.25268555
vn 0.86279297 0.4008789 0.3076172
vn 0.9194336 0.31201172 0.23937988
vn 0.9189453 0.27856445 0.27856445
vn 0.96240234 0.19262695 0.19262695
vn 0.95947266 0.17138672 0.22338867
vn 0.9819336 0.11468506 0.14941406
vn 0.9897461 0.07141113 0.12371826
vn 1 0 0
vn 0.9897461 0.10101318 0.10101318
vn 0.9819336 0.14941406 0.11468506
vn 0.95947266 0.22338867 0.17138672
vn 0.96240234 0.23596191 0.13623047
vn 0.9897461 0.036987305 0.13793945
vn 0.9897461 0.12371826 0.07141113
vn 0.9819336 0.02458191 0.18676758
vn 0.9819336 0.17407227 0.07208252
vn 0.9897461 2.9802322E-07 0.14282227
vn 0.96240234 1.0728836E-06 0.27246094
vn 0.95947266 0.036743164 0.27905273
vn 0.9189453 0.34106445 0.19702148
vn 0.9194336 0.36328125 0.1505127
vn 0.95947266 0.2602539 0.10772705
vn 0.96240234 0.2631836 0.070495605
vn 0.9819336 -0.02458191 0.18676758
vn 0.9189453 7.748604E-07 0.39404297
vn 0.9194336 -0.051330566 0.38989258
vn 0.86279297 0.46679688 0.19335938
vn 0.86279297 0.4880371 0.1307373
vn 0.9897461 0.13806152 0.036987305
vn 0.95947266 -0.036743164 0.27905273
vn 0.96240234 -0.070495605 0.2631836
vn 0.86279297 -0.06591797 0.50097656
vn 0.86279297 -0.1307373 0.4880371
vn 0.7895508 0.59277344 0.15881348
vn 0.7895508 0.60839844 0.080078125
vn 0.9897461 -0.036987305 0.13793945
vn 0.9189453 -0.101989746 0.38061523
vn 0.9194336 -0.1505127 0.36328125
vn 0.9819336 -0.07208252 0.17407227
vn 0.7895508 -0.15881348 0.59277344
vn 0.7895508 -0.23486328 0.56689453
vn 0.7026367 0.7055664 0.09283447
vn 0.7026367 0.7114258 -6.556511E-07
vn 0.86279297 -0.19335938 0.46679688
vn 0.86279297 -0.25268555 0.4375
vn 0.7026367 -0.2722168 0.65722656
vn 0.7026367 -0.3557129 0.61621094
vn 0.6040039 0.796875 -7.748604E-07
vn 0.6040039 0.79003906 -0.104003906
vn 0.49560547 0.8613281 -0.113342285
vn 0.49560547 0.8388672 -0.22473145
vn 0.7895508 -0.30688477 0.53125
vn 0.7895508 -0.37353516 0.4868164
vn 0.6040039 -0.3984375 0.6899414
vn 0.6040039 -0.48510742 0.6323242
vn 0.49560547 -0.5288086 0.68896484
vn 0.49560547 -0.6142578 0.6142578
vn 0.7026367 -0.43310547 0.5644531
vn 0.7026367 -0.5029297 0.5029297
vn 0.6040039 -0.56347656 0.56347656
vn 0.6040039 -0.6323242 0.48510742
vn 0.49560547 -0.68896484 0.5288086
vn 0.49560547 -0.7519531 0.43432617
vn 0.6040039 -0.6899414 0.3984375
vn 0.6040039 -0.7363281 0.30493164
vn 0.7026367 -0.61621094 0.3557129
vn 0.49560547 -0.8022461 0.3322754
vn 0.49560547 -0.8388672 0.22473145
vn 0.7026367 -0.5644531 0.43310547
vn 0.7895508 -0.4868164 0.37353516
vn 0.7895508 -0.4338379 0.43408203
vn 0.86279297 -0.35717773 0.35717773
vn 0.86279297 -0.3076172 0.4008789
vn 0.9194336 -0.23937988 0.31201172
vn 0.9189453 -0.19702148 0.34106445
vn 0.96240234 -0.13623047 0.23596191
vn 0.95947266 -0.10772705 0.2602539
vn 0.9897461 -0.07141113 0.12371826
vn 0.9819336 -0.11468506 0.14941406
vn 0.9897461 -0.10101318 0.10101318
vn 0.96240234 -0.19262695 0.19262695
vn 0.9819336 -0.14941406 0.11468506
vn 0.95947266 -0.17138672 0.22338867
vn 0.9189453 -0.27856445 0.27856445
vn 0.9194336 -0.31201172 0.23937988
vn 0.95947266 -0.22338867 0.17138672
vn 0.96240234 -0.23583984 0.13623047
vn 0.9897461 -0.12371826 0.07141113
vn 0.86279297 -0.4008789 0.3076172
vn 0.86279297 -0.4375 0.25268555
vn 0.9819336 -0.17407227 0.07208252
vn 0.9189453 -0.34106445 0.19702148
vn 0.9194336 -0.36328125 0.1505127
vn 0.7895508 -0.53125 0.30688477
vn 0.7895508 -0.56689453 0.23486328
vn 0.95947266 -0.2602539 0.10772705
vn 0.96240234 -0.2631836 0.070495605
vn 0.9897461 -0.13793945 0.036987305
vn 0.86279297 -0.46679688 0.19335938
vn 0.86279297 -0.4880371 0.1307373
vn 0.7026367 -0.65722656 0.2722168
vn 0.7026367 -0.6870117 0.18408203
vn 0.9819336 -0.18676758 0.02458191
vn 0.9189453 -0.38061523 0.101989746
vn 0.9194336 -0.38989258 0.051330566
vn 0.7895508 -0.59277344 0.15881348
vn 0.7895508 -0.60839844 0.080078125
vn 0.6040039 -0.76953125 0.20617676
vn 0.6040039 -0.79003906 0.104003906
vn 0.49560547 -0.8613281 0.113342285
vn 0.49560547 -0.86865234 5.364418E-07
vn 0.95947266 -0.27905273 0.036743164
vn 0.96240234 -0.27246094 -4.7683716E-07
vn 0.86279297 -0.50097656 0.06591797
vn 0.86279297 -0.5053711 2.3841858E-07
vn 0.7026367 -0.7055664 0.09283447
vn 0.7026367 -0.7114258 0
vn 0.6040039 -0.796875 0
vn 0.6040039 -0.79003906 -0.104003906
vn 0.49560547 -0.8613281 -0.113342285
vn 0.49560547 -0.8388672 -0.22473145
vn 0.9189453 -0.39404297 0
vn 0.9194336 -0.38989258 -0.051330566
vn 0.7895508 -0.61376953 0
vn 0.7895508 -0.60839844 -0.080078125
vn 0.7026367 -0.7055664 -0.09283447
vn 0.7026367 -0.6870117 -0.18408203
vn 0.6040039 -0.76953125 -0.20617676
vn 0.6040039 -0.7363281 -0.30493164
vn 0.49560547 -0.8022461 -0.3322754
vn 0.49560547 -0.7519531 -0.43432617
vn 0.86279297 -0.50097656 -0.06591797
vn 0.86279297 -0.4880371 -0.1307373
vn 0.7895508 -0.59277344 -0.15881348
vn 0.7895508 -0.56689453 -0.23486328
vn 0.7026367 -0.65722656 -0.2722168
vn 0.7026367 -0.61621094 -0.3557129
vn 0.6040039 -0.6899414 -0.3984375
vn 0.6040039 -0.6323242 -0.48510742
vn 0.49560547 -0.68896484 -0.5288086
vn 0.49560547 -0.6142578 -0.6142578
vn 0.6040039 -0.56347656 -0.56347656
vn 0.6040039 -0.48510742 -0.6323242
vn 0.7026367 -0.5029297 -0.5029297
vn 0.49560547 -0.5288086 -0.68896484
vn 0.49560547 -0.43432617 -0.7519531
vn 0.7026367 -0.5644531 -0.43310547
vn 0.7895508 -0.4868164 -0.37353516
vn 0.7895508 -0.53125 -0.30688477
vn 0.86279297 -0.4375 -0.25268555
vn 0.86279297 -0.46679688 -0.19335938
vn 0.9194336 -0.36328125 -0.1505127
vn 0.9189453 -0.38061523 -0.101989746
vn 0.96240234 -0.2631836 -0.070495605
vn 0.95947266 -0.27905273 -0.036743164
vn 0.9819336 -0.18676758 -0.02458191
vn 0.9897461 -0.14282227 -2.3841858E-07
vn 0.9897461 -0.13793945 -0.036987305
vn 0.9819336 -0.17407227 -0.07208252
vn 0.95947266 -0.2602539 -0.10772705
vn 0.96240234 -0.23583984 -0.13623047
vn 0.9897461 -0.12371826 -0.07141113
vn 0.9189453 -0.34106445 -0.19702148
vn 0.9194336 -0.31201172 -0.23937988
vn 0.9819336 -0.14941406 -0.11468506
vn 0.86279297 -0.4008789 -0.3076172
vn 0.86279297 -0.35717773 -0.35717773
vn 0.95947266 -0.22338867 -0.17138672
vn 0.96240234 -0.19262695 -0.19262695
vn 0.9897461 -0.10101318 -0.10101318
vn 0.7895508 -0.4338379 -0.43408203
vn 0.7895508 -0.37353516 -0.4868164
vn 0.9189453 -0.27856445 -0.27856445
vn 0.9194336 -0.23937988 -0.31201172
vn 0.9819336 -0.11468506 -0.14941406
vn 0.7026367 -0.43310547 -0.5644531
vn 0.7026367 -0.3557129 -0.61621094
vn 0.86279297 -0.3076172 -0.4008789
vn 0.86279297 -0.25268555 -0.4375
vn 0.95947266 -0.17138672 -0.22338867
vn 0.96240234 -0.13623047 -0.23596191
vn 0.9897461 -0.07141113 -0.12371826
vn 0.9819336 -0.07208252 -0.17407227
vn 0.9897461 -0.036987305 -0.13793945
vn 0.96240234 -0.070495605 -0.2631836
vn 0.9819336 -0.02458191 -0.18676758
vn 0.7895508 -0.30688477 -0.53125
vn 0.7895508 -0.23486328 -0.56689453
vn 0.9189453 -0.19702148 -0.34106445
vn 0.9194336 -0.1505127 -0.36328125
vn 0.95947266 -0.10772705 -0.2602539
vn 0.86279297 -0.19335938 -0.46679688
vn 0.86279297 -0.1307373 -0.4880371
vn 0.9189453 -0.101989746 -0.38061523
vn 0.9194336 -0.051330566 -0.38989258
vn 0.95947266 -0.036743164 -0.27905273
vn 0.96240234 7.748604E-07 -0.27246094
vn 0.9897461 0 -0.14282227
vn 0.9819336 0.02458191 -0.18676758
vn 0.7895508 -0.15881348 -0.59277344
vn 0.7895508 -0.080078125 -0.60839844
vn 0.7026367 -0.18408203 -0.6870117
vn 0.86279297 -0.06591797 -0.50097656
vn 0.86279297 0 -0.5053711
vn 0.9189453 5.364418E-07 -0.39404297
vn 0.9194336 0.051330566 -0.38989258
vn 0.95947266 0.036743164 -0.27905273
vn 0.96240234 0.070495605 -0.2631836
vn 0.9897461 0.036987305 -0.13806152
vn 0.7026367 -0.2722168 -0.65722656
vn 0.6040039 -0.30493164 -0.7363281
vn 0.9819336 0.07208252 -0.17407227
vn 0.6040039 -0.3984375 -0.6899414
vn 0.49560547 -0.3322754 -0.8022461
vn 0.49560547 -0.22473145 -0.8388672
vn 0.6040039 -0.20617676 -0.76953125
vn 0.6040039 -0.104003906 -0.79003906
vn 0.49560547 -0.113342285 -0.8613281
vn 0.49560547 -2.9802322E-07 -0.86865234
vn 0.7026367 -0.09283447 -0.7055664
vn 0.7026367 0 -0.7114258
vn 0.6040039 0 -0.796875
vn 0.6040039 0.104003906 -0.79003906
vn 0.49560547 0.113342285 -0.8613281
vn 0.49560547 0.22473145 -0.8388672
vn 0.7895508 0 -0.61376953
vn 0.7895508 0.080078125 -0.60839844
vn 0.7026367 0.09283447 -0.7055664
vn 0.7026367 0.18408203 -0.6870117
vn 0.6040039 0.20617676 -0.76953125
vn 0.6040039 0.30493164 -0.7363281
vn 0.49560547 0.3322754 -0.8022461
vn 0.49560547 0.43432617 -0.7519531
vn 0.86279297 0.06591797 -0.50097656
vn 0.86279297 0.1307373 -0.4880371
vn 0.7895508 0.15881348 -0.59277344
vn 0.7895508 0.23486328 -0.56689453
vn 0.7026367 0.2722168 -0.65722656
vn 0.7026367 0.3557129 -0.61621094
vn 0.6040039 0.3984375 -0.6899414
vn 0.6040039 0.48510742 -0.6323242
vn 0.49560547 0.5288086 -0.68896484
vn 0.49560547 0.6142578 -0.6142578
vn 0.9189453 0.101989746 -0.38061523
vn 0.9194336 0.1505127 -0.36328125
vn 0.86279297 0.19335938 -0.46679688
vn 0.86279297 0.25268555 -0.4375
vn 0.7895508 0.30688477 -0.53125
vn 0.7895508 0.37353516 -0.4868164
vn 0.7026367 0.43310547 -0.5644531
vn 0.7026367 0.5029297 -0.5029297
vn 0.6040039 0.56347656 -0.56347656
vn 0.6040039 0.6323242 -0.48510742
vn 0.49560547 0.68896484 -0.5288086
vn 0.49560547 0.7519531 -0.43432617
vn 0.6040039 0.6899414 -0.3984375
vn 0.6040039 0.7363281 -0.30493164
vn 0.7026367 0.61621094 -0.3557129
vn 0.49560547 0.8022461 -0.3322754
vn 0.7026367 0.5644531 -0.43310547
vn 0.7895508 0.4868164 -0.37353516
vn 0.7895508 0.4338379 -0.43408203
vn 0.86279297 0.35717773 -0.35717773
vn 0.6040039 0.76953125 -0.20617676
vn 0.7026367 0.6870117 -0.18408203
vn 0.7026367 0.65722656 -0.2722168
vn 0.7895508 0.56689453 -0.23486328
vn 0.86279297 0.3076172 -0.4008789
vn 0.9194336 0.23937988 -0.31201172
vn 0.7895508 0.53125 -0.30688477
vn 0.86279297 0.4375 -0.25268555
vn 0.7026367 0.7055664 -0.09283447
vn 0.7895508 0.60839844 -0.080078125
vn 0.86279297 0.4008789 -0.3076172
vn 0.9194336 0.31201172 -0.23937988
vn 0.9189453 0.19702148 -0.34106445
vn 0.96240234 0.13623047 -0.23596191
vn 0.7895508 0.59277344 -0.15881348
vn 0.86279297 0.4880371 -0.1307373
vn 0.9189453 0.27856445 -0.27856445
vn 0.96240234 0.19262695 -0.19262695
vn 0.86279297 0.46679688 -0.19335938
vn 0.9194336 0.36328125 -0.1505127
vn 0.95947266 0.10772705 -0.2602539
vn 0.95947266 0.17138672 -0.22338867
vn 0.9897461 0.07141113 -0.12371826
vn 0.9819336 0.11468506 -0.14941406
vn 0.9897461 0.10101318 -0.10101318
vn 0.9819336 0.14941406 -0.11468506
vn 0.95947266 0.22338867 -0.17138672
vn 0.96240234 0.23596191 -0.13623047
vn 0.9897461 0.12371826 -0.07141113
vn 0.9189453 0.34106445 -0.19702148
vn 0.9819336 0.17407227 -0.07208252
vn 0.95947266 0.2602539 -0.10772705
vn 0.96240234 0.2631836 -0.070495605
vn 0.9897461 0.13806152 -0.036987305
vn 0.9189453 0.38061523 -0.101989746
vn 0.9194336 0.38989258 -0.051330566
vn 0.9819336 0.18676758 -0.02458191
vn 0.86279297 0.50097656 -0.06591797
vn 0.86279297 0.5053711 0
vn 0.95947266 0.27905273 -0.036743164
vn 0.96240234 0.27246094 -7.748604E-07
vn 0.9897461 0.14282227 -4.172325E-07
vn 0.9819336 0.18676758 0.02458191
vn 0.7895508 0.61376953 -4.172325E-07
vn 0.9189453 0.39404297 0
vn 0.9194336 0.38989258 0.051330566
vn 0.95947266 0.27905273 0.036743164
vn 0.86279297 0.50097656 0.06591797
vn 0.9189453 0.38061523 0.101989746
g RoboBall_0
f 3/3/3 2/2/2 1/1/1
f 4/4/4 3/3/3 1/1/1
f 2/2/2 3/3/3 5/5/5
f 3/3/3 4/4/4 6/6/6
f 3/3/3 7/7/7 5/5/5
f 7/7/7 8/8/8 5/5/5
f 7/7/7 3/3/3 9/9/9
f 8/8/8 7/7/7 9/9/9
f 8/8/8 10/10/10 5/5/5
f 10/10/10 8/8/8 11/11/11
f 12/12/12 3/3/3 6/6/6
f 3/3/3 12/12/12 9/9/9
f 13/13/13 12/12/12 6/6/6
f 12/12/12 13/13/13 9/9/9
f 14/14/14 13/13/13 6/6/6
f 13/13/13 14/14/14 15/15/15
f 8/8/8 16/16/16 11/11/11
f 16/16/16 17/17/17 11/11/11
f 16/16/16 8/8/8 18/18/18
f 17/17/17 16/16/16 18/18/18
f 17/17/17 19/19/19 11/11/11
f 19/19/19 17/17/17 20/20/20
f 21/21/21 8/8/8 9/9/9
f 8/8/8 21/21/21 18/18/18
f 22/22/22 21/21/21 9/9/9
f 21/21/21 22/22/22 18/18/18
f 13/13/13 23/23/23 9/9/9
f 23/23/23 22/22/22 9/9/9
f 23/23/23 13/13/13 24/24/24
f 22/22/22 23/23/23 24/24/24
f 25/25/25 13/13/13 15/15/15
f 13/13/13 25/25/25 24/24/24
f 26/26/26 25/25/25 15/15/15
f 25/25/25 26/26/26 24/24/24
f 27/27/27 26/26/26 15/15/15
f 26/26/26 27/27/27 28/28/28
f 17/17/17 29/29/29 20/20/20
f 29/29/29 30/30/30 20/20/20
f 29/29/29 17/17/17 31/31/31
f 30/30/30 29/29/29 31/31/31
f 30/30/30 32/32/32 20/20/20
f 32/32/32 30/30/30 33/33/33
f 17/17/17 34/34/34 31/31/31
f 34/34/34 35/35/35 31/31/31
f 34/34/34 17/17/17 18/18/18
f 35/35/35 34/34/34 18/18/18
f 36/36/36 35/35/35 18/18/18
f 35/35/35 36/36/36 37/37/37
f 22/22/22 36/36/36 18/18/18
f 36/36/36 22/22/22 37/37/37
f 22/22/22 38/38/38 37/37/37
f 38/38/38 39/39/39 37/37/37
f 38/38/38 22/22/22 24/24/24
f 39/39/39 38/38/38 24/24/24
f 40/40/40 39/39/39 24/24/24
f 39/39/39 40/40/40 41/41/41
f 26/26/26 40/40/40 24/24/24
f 40/40/40 26/26/26 41/41/41
f 26/26/26 42/42/42 41/41/41
f 42/42/42 43/43/43 41/41/41
f 42/42/42 26/26/26 28/28/28
f 43/43/43 42/42/42 28/28/28
f 44/44/44 43/43/43 28/28/28
f 43/43/43 44/44/44 45/45/45
f 46/46/46 43/43/43 45/45/45
f 43/43/43 46/46/46 47/47/47
f 48/48/48 43/43/43 47/47/47
f 43/43/43 48/48/48 41/41/41
f 49/49/49 48/48/48 47/47/47
f 48/48/48 49/49/49 41/41/41
f 50/50/50 49/49/49 47/47/47
f 49/49/49 50/50/50 51/51/51
f 52/52/52 39/39/39 41/41/41
f 49/49/49 52/52/52 41/41/41
f 39/39/39 52/52/52 53/53/53
f 52/52/52 49/49/49 53/53/53
f 54/54/54 49/49/49 51/51/51
f 49/49/49 54/54/54 53/53/53
f 55/55/55 54/54/54 51/51/51
f 54/54/54 55/55/55 53/53/53
f 56/56/56 55/55/55 51/51/51
f 55/55/55 56/56/56 57/57/57
f 58/58/58 39/39/39 53/53/53
f 59/59/59 58/58/58 53/53/53
f 39/39/39 58/58/58 37/37/37
f 58/58/58 59/59/59 37/37/37
f 55/55/55 60/60/60 53/53/53
f 60/60/60 59/59/59 53/53/53
f 60/60/60 55/55/55 61/61/61
f 59/59/59 60/60/60 61/61/61
f 62/62/62 55/55/55 57/57/57
f 55/55/55 62/62/62 61/61/61
f 63/63/63 62/62/62 57/57/57
f 62/62/62 63/63/63 61/61/61
f 64/64/64 63/63/63 57/57/57
f 63/63/63 64/64/64 65/65/65
f 59/59/59 66/66/66 37/37/37
f 66/66/66 59/59/59 67/67/67
f 66/66/66 35/35/35 37/37/37
f 35/35/35 66/66/66 67/67/67
f 68/68/68 59/59/59 61/61/61
f 59/59/59 68/68/68 67/67/67
f 69/69/69 68/68/68 61/61/61
f 68/68/68 69/69/69 67/67/67
f 63/63/63 70/70/70 61/61/61
f 70/70/70 69/69/69 61/61/61
f 70/70/70 63/63/63 71/71/71
f 69/69/69 70/70/70 71/71/71
f 72/72/72 63/63/63 65/65/65
f 63/63/63 72/72/72 71/71/71
f 73/73/73 72/72/72 65/65/65
f 72/72/72 73/73/73 71/71/71
f 74/74/74 73/73/73 65/65/65
f 73/73/73 74/74/74 75/75/75
f 76/76/76 35/35/35 67/67/67
f 77/77/77 76/76/76 67/67/67
f 35/35/35 76/76/76 31/31/31
f 76/76/76 77/77/77 31/31/31
f 69/69/69 78/78/78 67/67/67
f 78/78/78 77/77/77 67/67/67
f 78/78/78 69/69/69 79/79/79
f 77/77/77 78/78/78 79/79/79
f 80/80/80 69/69/69 71/71/71
f 69/69/69 80/80/80 79/79/79
f 81/81/81 80/80/80 71/71/71
f 80/80/80 81/81/81 79/79/79
f 73/73/73 82/82/82 71/71/71
f 82/82/82 81/81/81 71/71/71
f 82/82/82 73/73/73 83/83/83
f 81/81/81 82/82/82 83/83/83
f 84/84/84 73/73/73 75/75/75
f 73/73/73 84/84/84 83/83/83
f 85/85/85 84/84/84 75/75/75
f 84/84/84 85/85/85 83/83/83
f 86/86/86 85/85/85 75/75/75
f 85/85/85 86/86/86 87/87/87
f 88/88/88 85/85/85 87/87/87
f 85/85/85 88/88/88 89/89/89
f 90/90/90 85/85/85 89/89/89
f 85/85/85 90/90/90 83/83/83
f 91/91/91 90/90/90 89/89/89
f 90/90/90 91/91/91 83/83/83
f 92/92/92 91/91/91 89/89/89
f 91/91/91 92/92/92 93/93/93
f 94/94/94 81/81/81 83/83/83
f 91/91/91 94/94/94 83/83/83
f 81/81/81 94/94/94 95/95/95
f 94/94/94 91/91/91 95/95/95
f 96/96/96 91/91/91 93/93/93
f 91/91/91 96/96/96 95/95/95
f 97/97/97 96/96/96 93/93/93
f 96/96/96 97/97/97 95/95/95
f 98/98/98 97/97/97 93/93/93
f 97/97/97 98/98/98 99/99/99
f 100/100/100 81/81/81 95/95/95
f 101/101/101 100/100/100 95/95/95
f 81/81/81 100/100/100 79/79/79
f 100/100/100 101/101/101 79/79/79
f 97/97/97 102/102/102 95/95/95
f 102/102/102 101/101/101 95/95/95
f 102/102/102 97/97/97 103/103/103
f 101/101/101 102/102/102 103/103/103
f 104/104/104 97/97/97 99/99/99
f 97/97/97 104/104/104 103/103/103
f 105/105/105 104/104/104 99/99/99
f 104/104/104 105/105/105 103/103/103
f 106/106/106 105/105/105 99/99/99
f 105/105/105 106/106/106 107/107/107
f 108/108/108 105/105/105 107/107/107
f 105/105/105 108/108/108 109/109/109
f 110/110/110 105/105/105 109/109/109
f 105/105/105 110/110/110 103/103/103
f 111/111/111 110/110/110 109/109/109
f 110/110/110 111/111/111 103/103/103
f 112/112/112 111/111/111 109/109/109
f 111/111/111 112/112/112 33/33/33
f 113/113/113 101/101/101 103/103/103
f 111/111/111 113/113/113 103/103/103
f 101/101/101 113/113/113 114/114/114
f 113/113/113 111/111/111 114/114/114
f 115/115/115 111/111/111 33/33/33
f 111/111/111 115/115/115 114/114/114
f 30/30/30 115/115/115 33/33/33
f 115/115/115 30/30/30 114/114/114
f 116/116/116 101/101/101 114/114/114
f 101/101/101 116/116/116 79/79/79
f 116/116/116 77/77/77 79/79/79
f 77/77/77 116/116/116 114/114/114
f 30/30/30 117/117/117 114/114/114
f 117/117/117 77/77/77 114/114/114
f 117/117/117 30/30/30 31/31/31
f 77/77/77 117/117/117 31/31/31
f 120/120/120 119/119/119 118/118/118
f 121/121/121 120/120/120 118/118/118
f 119/119/119 120/120/120 122/122/122
f 120/120/120 121/121/121 123/123/123
f 120/120/120 124/124/124 122/122/122
f 124/124/124 125/125/125 122/122/122
f 124/124/124 120/120/120 126/126/126
f 125/125/125 124/124/124 126/126/126
f 125/125/125 127/127/127 122/122/122
f 127/127/127 125/125/125 128/128/128
f 129/129/129 120/120/120 123/123/123
f 120/120/120 129/129/129 126/126/126
f 130/130/130 129/129/129 123/123/123
f 129/129/129 130/130/130 126/126/126
f 131/131/131 130/130/130 123/123/123
f 130/130/130 131/131/131 132/132/132
f 125/125/125 133/133/133 128/128/128
f 133/133/133 134/134/134 128/128/128
f 133/133/133 125/125/125 135/135/135
f 134/134/134 133/133/133 135/135/135
f 134/134/134 136/136/136 128/128/128
f 136/136/136 134/134/134 137/137/137
f 138/138/138 125/125/125 126/126/126
f 125/125/125 138/138/138 135/135/135
f 139/139/139 138/138/138 126/126/126
f 138/138/138 139/139/139 135/135/135
f 130/130/130 140/140/140 126/126/126
f 140/140/140 139/139/139 126/126/126
f 140/140/140 130/130/130 141/141/141
f 139/139/139 140/140/140 141/141/141
f 142/142/142 130/130/130 132/132/132
f 130/130/130 142/142/142 141/141/141
f 143/143/143 142/142/142 132/132/132
f 142/142/142 143/143/143 141/141/141
f 144/144/144 143/143/143 132/132/132
f 143/143/143 144/144/144 145/145/145
f 134/134/134 146/146/146 137/137/137
f 146/146/146 147/147/147 137/137/137
f 146/146/146 134/134/134 148/148/148
f 147/147/147 146/146/146 148/148/148
f 147/147/147 149/149/149 137/137/137
f 149/149/149 147/147/147 150/150/150
f 147/147/147 151/151/151 150/150/150
f 151/151/151 147/147/147 152/152/152
f 147/147/147 153/153/153 152/152/152
f 153/153/153 147/147/147 148/148/148
f 153/153/153 154/154/154 152/152/152
f 154/154/154 153/153/153 148/148/148
f 154/154/154 155/155/155 152/152/152
f 155/155/155 154/154/154 156/156/156
f 134/134/134 157/157/157 148/148/148
f 157/157/157 158/158/158 148/148/148
f 157/157/157 134/134/134 135/135/135
f 158/158/158 157/157/157 135/135/135
f 159/159/159 154/154/154 148/148/148
f 158/158/158 159/159/159 148/148/148
f 154/154/154 159/159/159 160/160/160
f 159/159/159 158/158/158 160/160/160
f 154/154/154 161/161/161 156/156/156
f 161/161/161 154/154/154 160/160/160
f 161/161/161 162/162/162 156/156/156
f 162/162/162 161/161/161 160/160/160
f 162/162/162 163/163/163 156/156/156
f 163/163/163 162/162/162 164/164/164
f 165/165/165 158/158/158 135/135/135
f 158/158/158 165/165/165 166/166/166
f 139/139/139 165/165/165 135/135/135
f 165/165/165 139/139/139 166/166/166
f 158/158/158 167/167/167 160/160/160
f 167/167/167 158/158/158 166/166/166
f 167/167/167 168/168/168 160/160/160
f 168/168/168 167/167/167 166/166/166
f 169/169/169 162/162/162 160/160/160
f 168/168/168 169/169/169 160/160/160
f 162/162/162 169/169/169 170/170/170
f 169/169/169 168/168/168 170/170/170
f 162/162/162 171/171/171 164/164/164
f 171/171/171 162/162/162 170/170/170
f 171/171/171 172/172/172 164/164/164
f 172/172/172 171/171/171 170/170/170
f 172/172/172 173/173/173 164/164/164
f 173/173/173 172/172/172 174/174/174
f 139/139/139 175/175/175 166/166/166
f 175/175/175 176/176/176 166/166/166
f 175/175/175 139/139/139 141/141/141
f 176/176/176 175/175/175 141/141/141
f 177/177/177 168/168/168 166/166/166
f 176/176/176 177/177/177 166/166/166
f 168/168/168 177/177/177 178/178/178
f 177/177/177 176/176/176 178/178/178
f 168/168/168 179/179/179 170/170/170
f 179/179/179 168/168/168 178/178/178
f 179/179/179 180/180/180 170/170/170
f 180/180/180 179/179/179 178/178/178
f 181/181/181 172/172/172 170/170/170
f 180/180/180 181/181/181 170/170/170
f 172/172/172 181/181/181 182/182/182
f 181/181/181 180/180/180 182/182/182
f 172/172/172 183/183/183 174/174/174
f 183/183/183 172/172/172 182/182/182
f 183/183/183 184/184/184 174/174/174
f 184/184/184 183/183/183 182/182/182
f 184/184/184 185/185/185 174/174/174
f 185/185/185 184/184/184 186/186/186
f 184/184/184 187/187/187 186/186/186
f 187/187/187 188/188/188 186/186/186
f 187/187/187 184/184/184 189/189/189
f 188/188/188 187/187/187 189/189/189
f 188/188/188 190/190/190 186/186/186
f 190/190/190 188/188/188 191/191/191
f 188/188/188 192/192/192 191/191/191
f 192/192/192 188/188/188 193/193/193
f 188/188/188 194/194/194 193/193/193
f 194/194/194 188/188/188 189/189/189
f 194/194/194 195/195/195 193/193/193
f 195/195/195 194/194/194 189/189/189
f 195/195/195 196/196/196 193/193/193
f 196/196/196 195/195/195 197/197/197
f 184/184/184 198/198/198 189/189/189
f 198/198/198 199/199/199 189/189/189
f 198/198/198 184/184/184 182/182/182
f 199/199/199 198/198/198 182/182/182
f 200/200/200 195/195/195 189/189/189
f 199/199/199 200/200/200 189/189/189
f 195/195/195 200/200/200 201/201/201
f 200/200/200 199/199/199 201/201/201
f 195/195/195 202/202/202 197/197/197
f 202/202/202 195/195/195 201/201/201
f 202/202/202 203/203/203 197/197/197
f 203/203/203 202/202/202 201/201/201
f 203/203/203 204/204/204 197/197/197
f 204/204/204 203/203/203 205/205/205
f 206/206/206 199/199/199 182/182/182
f 199/199/199 206/206/206 207/207/207
f 180/180/180 206/206/206 182/182/182
f 206/206/206 180/180/180 207/207/207
f 199/199/199 208/208/208 201/201/201
f 208/208/208 199/199/199 207/207/207
f 208/208/208 209/209/209 201/201/201
f 209/209/209 208/208/208 207/207/207
f 210/210/210 203/203/203 201/201/201
f 209/209/209 210/210/210 201/201/201
f 203/203/203 210/210/210 211/211/211
f 210/210/210 209/209/209 211/211/211
f 203/203/203 212/212/212 205/205/205
f 212/212/212 203/203/203 211/211/211
f 212/212/212 213/213/213 205/205/205
f 213/213/213 212/212/212 211/211/211
f 213/213/213 214/214/214 205/205/205
f 214/214/214 213/213/213 215/215/215
f 213/213/213 216/216/216 215/215/215
f 216/216/216 213/213/213 217/217/217
f 213/213/213 218/218/218 217/217/217
f 218/218/218 213/213/213 211/211/211
f 218/218/218 219/219/219 217/217/217
f 219/219/219 218/218/218 211/211/211
f 219/219/219 220/220/220 217/217/217
f 220/220/220 219/219/219 221/221/221
f 209/209/209 222/222/222 211/211/211
f 222/222/222 219/219/219 211/211/211
f 222/222/222 209/209/209 223/223/223
f 219/219/219 222/222/222 223/223/223
f 219/219/219 224/224/224 221/221/221
f 224/224/224 219/219/219 223/223/223
f 224/224/224 225/225/225 221/221/221
f 225/225/225 224/224/224 223/223/223
f 225/225/225 226/226/226 221/221/221
f 226/226/226 225/225/225 145/145/145
f 209/209/209 227/227/227 223/223/223
f 227/227/227 228/228/228 223/223/223
f 227/227/227 209/209/209 207/207/207
f 228/228/228 227/227/227 207/207/207
f 225/225/225 229/229/229 145/145/145
f 229/229/229 225/225/225 230/230/230
f 229/229/229 143/143/143 145/145/145
f 143/143/143 229/229/229 230/230/230
f 231/231/231 225/225/225 223/223/223
f 228/228/228 231/231/231 223/223/223
f 225/225/225 231/231/231 230/230/230
f 231/231/231 228/228/228 230/230/230
f 232/232/232 228/228/228 207/207/207
f 180/180/180 232/232/232 207/207/207
f 232/232/232 180/180/180 178/178/178
f 228/228/228 232/232/232 178/178/178
f 233/233/233 228/228/228 178/178/178
f 228/228/228 233/233/233 230/230/230
f 176/176/176 233/233/233 178/178/178
f 233/233/233 176/176/176 230/230/230
f 234/234/234 143/143/143 230/230/230
f 176/176/176 234/234/234 230/230/230
f 143/143/143 234/234/234 141/141/141
f 234/234/234 176/176/176 141/141/141
f 237/237/237 236/236/236 235/235/235
f 238/238/238 237/237/237 235/235/235
f 236/236/236 237/237/237 239/239/239
f 237/237/237 238/238/238 240/240/240
f 237/237/237 241/241/241 239/239/239
f 241/241/241 242/242/242 239/239/239
f 241/241/241 237/237/237 243/243/243
f 242/242/242 241/241/241 243/243/243
f 242/242/242 244/244/244 239/239/239
f 244/244/244 242/242/242 245/245/245
f 246/246/246 237/237/237 240/240/240
f 237/237/237 246/246/246 243/243/243
f 247/247/247 246/246/246 240/240/240
f 246/246/246 247/247/247 243/243/243
f 248/248/248 247/247/247 240/240/240
f 247/247/247 248/248/248 249/249/249
f 242/242/242 250/250/250 245/245/245
f 250/250/250 251/251/251 245/245/245
f 250/250/250 242/242/242 252/252/252
f 251/251/251 250/250/250 252/252/252
f 251/251/251 253/253/253 245/245/245
f 253/253/253 251/251/251 254/254/254
f 255/255/255 242/242/242 243/243/243
f 242/242/242 255/255/255 252/252/252
f 256/256/256 255/255/255 243/243/243
f 255/255/255 256/256/256 252/252/252
f 247/247/247 257/257/257 243/243/243
f 257/257/257 256/256/256 243/243/243
f 257/257/257 247/247/247 258/258/258
f 256/256/256 257/257/257 258/258/258
f 259/259/259 247/247/247 249/249/249
f 247/247/247 259/259/259 258/258/258
f 260/260/260 259/259/259 249/249/249
f 259/259/259 260/260/260 258/258/258
f 261/261/261 260/260/260 249/249/249
f 260/260/260 261/261/261 262/262/262
f 251/251/251 263/263/263 254/254/254
f 263/263/263 264/264/264 254/254/254
f 263/263/263 251/251/251 265/265/265
f 264/264/264 263/263/263 265/265/265
f 264/264/264 266/266/266 254/254/254
f 266/266/266 264/264/264 267/267/267
f 264/264/264 268/268/268 267/267/267
f 268/268/268 264/264/264 269/269/269
f 264/264/264 270/270/270 269/269/269
f 270/270/270 264/264/264 265/265/265
f 270/270/270 271/271/271 269/269/269
f 271/271/271 270/270/270 265/265/265
f 271/271/271 272/272/272 269/269/269
f 272/272/272 271/271/271 273/273/273
f 251/251/251 274/274/274 265/265/265
f 274/274/274 275/275/275 265/265/265
f 274/274/274 251/251/251 252/252/252
f 275/275/275 274/274/274 252/252/252
f 276/276/276 271/271/271 265/265/265
f 275/275/275 276/276/276 265/265/265
f 271/271/271 276/276/276 277/277/277
f 276/276/276 275/275/275 277/277/277
f 271/271/271 278/278/278 273/273/273
f 278/278/278 271/271/271 277/277/277
f 278/278/278 279/279/279 273/273/273
f 279/279/279 278/278/278 277/277/277
f 279/279/279 280/280/280 273/273/273
f 280/280/280 279/279/279 281/281/281
f 282/282/282 275/275/275 252/252/252
f 275/275/275 282/282/282 283/283/283
f 256/256/256 282/282/282 252/252/252
f 282/282/282 256/256/256 283/283/283
f 275/275/275 284/284/284 277/277/277
f 284/284/284 275/275/275 283/283/283
f 284/284/284 285/285/285 277/277/277
f 285/285/285 284/284/284 283/283/283
f 286/286/286 279/279/279 277/277/277
f 285/285/285 286/286/286 277/277/277
f 279/279/279 286/286/286 287/287/287
f 286/286/286 285/285/285 287/287/287
f 279/279/279 288/288/288 281/281/281
f 288/288/288 279/279/279 287/287/287
f 288/288/288 289/289/289 281/281/281
f 289/289/289 288/288/288 287/287/287
f 289/289/289 290/290/290 281/281/281
f 290/290/290 289/289/289 291/291/291
f 256/256/256 292/292/292 283/283/283
f 292/292/292 293/293/293 283/283/283
f 292/292/292 256/256/256 258/258/258
f 293/293/293 292/292/292 258/258/258
f 294/294/294 285/285/285 283/283/283
f 293/293/293 294/294/294 283/283/283
f 285/285/285 294/294/294 295/295/295
f 294/294/294 293/293/293 295/295/295
f 285/285/285 296/296/296 287/287/287
f 296/296/296 285/285/285 295/295/295
f 296/296/296 297/297/297 287/287/287
f 297/297/297 296/296/296 295/295/295
f 298/298/298 289/289/289 287/287/287
f 297/297/297 298/298/298 287/287/287
f 289/289/289 298/298/298 299/299/299
f 298/298/298 297/297/297 299/299/299
f 289/289/289 300/300/300 291/291/291
f 300/300/300 289/289/289 299/299/299
f 300/300/300 301/301/301 291/291/291
f 301/301/301 300/300/300 299/299/299
f 301/301/301 302/302/302 291/291/291
f 302/302/302 301/301/301 303/303/303
f 301/301/301 304/304/304 303/303/303
f 304/304/304 305/305/305 303/303/303
f 304/304/304 301/301/301 306/306/306
f 305/305/305 304/304/304 306/306/306
f 305/305/305 307/307/307 303/303/303
f 307/307/307 305/305/305 308/308/308
f 305/305/305 309/309/309 308/308/308
f 309/309/309 305/305/305 310/310/310
f 305/305/305 311/311/311 310/310/310
f 311/311/311 305/305/305 306/306/306
f 311/311/311 312/312/312 310/310/310
f 312/312/312 311/311/311 306/306/306
f 312/312/312 313/313/313 310/310/310
f 313/313/313 312/312/312 314/314/314
f 301/301/301 315/315/315 306/306/306
f 315/315/315 316/316/316 306/306/306
f 315/315/315 301/301/301 299/299/299
f 316/316/316 315/315/315 299/299/299
f 317/317/317 312/312/312 306/306/306
f 316/316/316 317/317/317 306/306/306
f 312/312/312 317/317/317 318/318/318
f 317/317/317 316/316/316 318/318/318
f 312/312/312 319/319/319 314/314/314
f 319/319/319 312/312/312 318/318/318
f 319/319/319 320/320/320 314/314/314
f 320/320/320 319/319/319 318/318/318
f 320/320/320 321/321/321 314/314/314
f 321/321/321 320/320/320 322/322/322
f 323/323/323 316/316/316 299/299/299
f 316/316/316 323/323/323 324/324/324
f 297/297/297 323/323/323 299/299/299
f 323/323/323 297/297/297 324/324/324
f 316/316/316 325/325/325 318/318/318
f 325/325/325 316/316/316 324/324/324
f 325/325/325 326/326/326 318/318/318
f 326/326/326 325/325/325 324/324/324
f 327/327/327 320/320/320 318/318/318
f 326/326/326 327/327/327 318/318/318
f 320/320/320 327/327/327 328/328/328
f 327/327/327 326/326/326 328/328/328
f 320/320/320 329/329/329 322/322/322
f 329/329/329 320/320/320 328/328/328
f 329/329/329 330/330/330 322/322/322
f 330/330/330 329/329/329 328/328/328
f 330/330/330 331/331/331 322/322/322
f 331/331/331 330/330/330 332/332/332
f 330/330/330 333/333/333 332/332/332
f 333/333/333 330/330/330 334/334/334
f 330/330/330 335/335/335 334/334/334
f 335/335/335 330/330/330 328/328/328
f 335/335/335 336/336/336 334/334/334
f 336/336/336 335/335/335 328/328/328
f 336/336/336 337/337/337 334/334/334
f 337/337/337 336/336/336 338/338/338
f 326/326/326 339/339/339 328/328/328
f 339/339/339 336/336/336 328/328/328
f 339/339/339 326/326/326 340/340/340
f 336/336/336 339/339/339 340/340/340
f 336/336/336 341/341/341 338/338/338
f 341/341/341 336/336/336 340/340/340
f 341/341/341 342/342/342 338/338/338
f 342/342/342 341/341/341 340/340/340
f 342/342/342 343/343/343 338/338/338
f 343/343/343 342/342/342 262/262/262
f 326/326/326 344/344/344 340/340/340
f 344/344/344 345/345/345 340/340/340
f 344/344/344 326/326/326 324/324/324
f 345/345/345 344/344/344 324/324/324
f 342/342/342 346/346/346 262/262/262
f 346/346/346 342/342/342 347/347/347
f 346/346/346 260/260/260 262/262/262
f 260/260/260 346/346/346 347/347/347
f 348/348/348 342/342/342 340/340/340
f 345/345/345 348/348/348 340/340/340
f 342/342/342 348/348/348 347/347/347
f 348/348/348 345/345/345 347/347/347
f 349/349/349 345/345/345 324/324/324
f 297/297/297 349/349/349 324/324/324
f 349/349/349 297/297/297 295/295/295
f 345/345/345 349/349/349 295/295/295
f 350/350/350 345/345/345 295/295/295
f 345/345/345 350/350/350 347/347/347
f 293/293/293 350/350/350 295/295/295
f 350/350/350 293/293/293 347/347/347
f 351/351/351 260/260/260 347/347/347
f 293/293/293 351/351/351 347/347/347
f 260/260/260 351/351/351 258/258/258
f 351/351/351 293/293/293 258/258/258
f 354/354/354 353/353/353 352/352/352
f 353/353/353 354/354/354 355/355/355
f 356/356/356 354/354/354 352/352/352
f 357/357/357 356/356/356 352/352/352
f 354/354/354 356/356/356 358/358/358
f 356/356/356 357/357/357 358/358/358
f 359/359/359 357/357/357 352/352/352
f 357/357/357 359/359/359 360/360/360
f 354/354/354 361/361/361 355/355/355
f 361/361/361 362/362/362 355/355/355
f 361/361/361 354/354/354 363/363/363
f 362/362/362 361/361/361 363/363/363
f 362/362/362 364/364/364 355/355/355
f 364/364/364 362/362/362 365/365/365
f 366/366/366 354/354/354 358/358/358
f 354/354/354 366/366/366 363/363/363
f 367/367/367 366/366/366 358/358/358
f 366/366/366 367/367/367 363/363/363
f 368/368/368 357/357/357 360/360/360
f 369/369/369 368/368/368 360/360/360
f 357/357/357 368/368/368 370/370/370
f 368/368/368 369/369/369 370/370/370
f 371/371/371 369/369/369 360/360/360
f 369/369/369 371/371/371 372/372/372
f 357/357/357 373/373/373 358/358/358
f 373/373/373 357/357/357 370/370/370
f 373/373/373 374/374/374 358/358/358
f 374/374/374 373/373/373 370/370/370
f 375/375/375 367/367/367 358/358/358
f 374/374/374 375/375/375 358/358/358
f 367/367/367 375/375/375 376/376/376
f 375/375/375 374/374/374 376/376/376
f 377/377/377 369/369/369 372/372/372
f 378/378/378 377/377/377 372/372/372
f 369/369/369 377/377/377 379/379/379
f 377/377/377 378/378/378 379/379/379
f 380/380/380 378/378/378 372/372/372
f 378/378/378 380/380/380 381/381/381
f 369/369/369 382/382/382 370/370/370
f 382/382/382 369/369/369 379/379/379
f 382/382/382 383/383/383 370/370/370
f 383/383/383 382/382/382 379/379/379
f 384/384/384 374/374/374 370/370/370
f 383/383/383 384/384/384 370/370/370
f 374/374/374 384/384/384 385/385/385
f 384/384/384 383/383/383 385/385/385
f 374/374/374 386/386/386 376/376/376
f 386/386/386 374/374/374 385/385/385
f 386/386/386 387/387/387 376/376/376
f 387/387/387 386/386/386 385/385/385
f 388/388/388 378/378/378 381/381/381
f 389/389/389 388/388/388 381/381/381
f 378/378/378 388/388/388 390/390/390
f 388/388/388 389/389/389 390/390/390
f 391/391/391 389/389/389 381/381/381
f 389/389/389 391/391/391 392/392/392
f 393/393/393 378/378/378 390/390/390
f 394/394/394 393/393/393 390/390/390
f 378/378/378 393/393/393 379/379/379
f 393/393/393 394/394/394 379/379/379
f 394/394/394 395/395/395 379/379/379
f 395/395/395 394/394/394 396/396/396
f 395/395/395 383/383/383 379/379/379
f 383/383/383 395/395/395 396/396/396
f 383/383/383 397/397/397 385/385/385
f 397/397/397 383/383/383 396/396/396
f 397/397/397 398/398/398 385/385/385
f 398/398/398 397/397/397 396/396/396
f 398/398/398 399/399/399 385/385/385
f 399/399/399 398/398/398 400/400/400
f 399/399/399 387/387/387 385/385/385
f 387/387/387 399/399/399 400/400/400
f 389/389/389 401/401/401 390/390/390
f 401/401/401 402/402/402 390/390/390
f 401/401/401 389/389/389 403/403/403
f 402/402/402 401/401/401 403/403/403
f 404/404/404 394/394/394 390/390/390
f 402/402/402 404/404/404 390/390/390
f 394/394/394 404/404/404 405/405/405
f 404/404/404 402/402/402 405/405/405
f 394/394/394 406/406/406 396/396/396
f 406/406/406 394/394/394 405/405/405
f 406/406/406 407/407/407 396/396/396
f 407/407/407 406/406/406 405/405/405
f 408/408/408 398/398/398 396/396/396
f 407/407/407 408/408/408 396/396/396
f 398/398/398 408/408/408 409/409/409
f 408/408/408 407/407/407 409/409/409
f 389/389/389 410/410/410 403/403/403
f 410/410/410 411/411/411 403/403/403
f 410/410/410 389/389/389 392/392/392
f 411/411/411 410/410/410 392/392/392
f 412/412/412 411/411/411 392/392/392
f 411/411/411 412/412/412 413/413/413
f 414/414/414 398/398/398 409/409/409
f 398/398/398 414/414/414 400/400/400
f 415/415/415 414/414/414 409/409/409
f 414/414/414 415/415/415 400/400/400
f 416/416/416 411/411/411 413/413/413
f 417/417/417 416/416/416 413/413/413
f 411/411/411 416/416/416 418/418/418
f 416/416/416 417/417/417 418/418/418
f 419/419/419 417/417/417 413/413/413
f 417/417/417 419/419/419 420/420/420
f 421/421/421 411/411/411 418/418/418
f 422/422/422 421/421/421 418/418/418
f 411/411/411 421/421/421 403/403/403
f 421/421/421 422/422/422 403/403/403
f 422/422/422 423/423/423 403/403/403
f 423/423/423 422/422/422 424/424/424
f 423/423/423 402/402/402 403/403/403
f 402/402/402 423/423/423 424/424/424
f 425/425/425 402/402/402 424/424/424
f 426/426/426 425/425/425 424/424/424
f 402/402/402 425/425/425 405/405/405
f 425/425/425 426/426/426 405/405/405
f 426/426/426 427/427/427 405/405/405
f 427/427/427 426/426/426 428/428/428
f 427/427/427 407/407/407 405/405/405
f 407/407/407 427/427/427 428/428/428
f 429/429/429 407/407/407 428/428/428
f 407/407/407 429/429/429 409/409/409
f 429/429/429 430/430/430 409/409/409
f 430/430/430 429/429/429 428/428/428
f 430/430/430 431/431/431 409/409/409
f 431/431/431 430/430/430 432/432/432
f 431/431/431 415/415/415 409/409/409
f 415/415/415 431/431/431 432/432/432
f 433/433/433 430/430/430 428/428/428
f 430/430/430 433/433/433 432/432/432
f 434/434/434 433/433/433 428/428/428
f 433/433/433 434/434/434 432/432/432
f 426/426/426 435/435/435 428/428/428
f 435/435/435 434/434/434 428/428/428
f 435/435/435 426/426/426 436/436/436
f 434/434/434 435/435/435 436/436/436
f 437/437/437 415/415/415 432/432/432
f 415/415/415 437/437/437 400/400/400
f 434/434/434 438/438/438 432/432/432
f 438/438/438 434/434/434 436/436/436
f 439/439/439 437/437/437 432/432/432
f 437/437/437 439/439/439 400/400/400
f 438/438/438 440/440/440 432/432/432
f 440/440/440 438/438/438 436/436/436
f 441/441/441 439/439/439 432/432/432
f 439/439/439 441/441/441 442/442/442
f 439/439/439 443/443/443 400/400/400
f 443/443/443 439/439/439 442/442/442
f 443/443/443 387/387/387 400/400/400
f 387/387/387 443/443/443 442/442/442
f 426/426/426 444/444/444 436/436/436
f 444/444/444 445/445/445 436/436/436
f 444/444/444 426/426/426 424/424/424
f 445/445/445 444/444/444 424/424/424
f 446/446/446 440/440/440 436/436/436
f 445/445/445 446/446/446 436/436/436
f 440/440/440 446/446/446 447/447/447
f 446/446/446 445/445/445 447/447/447
f 448/448/448 441/441/441 432/432/432
f 441/441/441 448/448/448 442/442/442
f 449/449/449 387/387/387 442/442/442
f 450/450/450 449/449/449 442/442/442
f 387/387/387 449/449/449 376/376/376
f 449/449/449 450/450/450 376/376/376
f 451/451/451 445/445/445 424/424/424
f 445/445/445 451/451/451 452/452/452
f 422/422/422 451/451/451 424/424/424
f 451/451/451 422/422/422 452/452/452
f 440/440/440 453/453/453 432/432/432
f 453/453/453 440/440/440 447/447/447
f 448/448/448 454/454/454 442/442/442
f 454/454/454 450/450/450 442/442/442
f 454/454/454 448/448/448 455/455/455
f 450/450/450 454/454/454 455/455/455
f 450/450/450 456/456/456 376/376/376
f 456/456/456 450/450/450 457/457/457
f 456/456/456 367/367/367 376/376/376
f 367/367/367 456/456/456 457/457/457
f 422/422/422 458/458/458 452/452/452
f 458/458/458 459/459/459 452/452/452
f 458/458/458 422/422/422 418/418/418
f 459/459/459 458/458/458 418/418/418
f 448/448/448 460/460/460 455/455/455
f 460/460/460 448/448/448 432/432/432
f 450/450/450 461/461/461 457/457/457
f 461/461/461 450/450/450 455/455/455
f 461/461/461 462/462/462 457/457/457
f 462/462/462 461/461/461 455/455/455
f 460/460/460 463/463/463 455/455/455
f 463/463/463 460/460/460 432/432/432
f 464/464/464 367/367/367 457/457/457
f 465/465/465 464/464/464 457/457/457
f 367/367/367 464/464/464 363/363/363
f 464/464/464 465/465/465 363/363/363
f 466/466/466 459/459/459 418/418/418
f 459/459/459 466/466/466 467/467/467
f 417/417/417 466/466/466 418/418/418
f 466/466/466 417/417/417 467/467/467
f 468/468/468 462/462/462 455/455/455
f 463/463/463 468/468/468 455/455/455
f 468/468/468 463/463/463 469/469/469
f 462/462/462 468/468/468 469/469/469
f 462/462/462 470/470/470 457/457/457
f 470/470/470 465/465/465 457/457/457
f 470/470/470 462/462/462 471/471/471
f 465/465/465 470/470/470 471/471/471
f 465/465/465 472/472/472 363/363/363
f 472/472/472 465/465/465 473/473/473
f 472/472/472 362/362/362 363/363/363
f 362/362/362 472/472/472 473/473/473
f 417/417/417 474/474/474 467/467/467
f 474/474/474 475/475/475 467/467/467
f 474/474/474 417/417/417 420/420/420
f 475/475/475 474/474/474 420/420/420
f 476/476/476 475/475/475 420/420/420
f 475/475/475 476/476/476 477/477/477
f 462/462/462 478/478/478 471/471/471
f 478/478/478 479/479/479 471/471/471
f 478/478/478 462/462/462 469/469/469
f 479/479/479 478/478/478 469/469/469
f 480/480/480 362/362/362 473/473/473
f 481/481/481 480/480/480 473/473/473
f 362/362/362 480/480/480 365/365/365
f 480/480/480 481/481/481 365/365/365
f 481/481/481 482/482/482 365/365/365
f 482/482/482 481/481/481 483/483/483
f 484/484/484 475/475/475 477/477/477
f 485/485/485 484/484/484 477/477/477
f 475/475/475 484/484/484 486/486/486
f 484/484/484 485/485/485 486/486/486
f 487/487/487 485/485/485 477/477/477
f 485/485/485 487/487/487 488/488/488
f 489/489/489 475/475/475 486/486/486
f 490/490/490 489/489/489 486/486/486
f 475/475/475 489/489/489 467/467/467
f 489/489/489 490/490/490 467/467/467
f 490/490/490 491/491/491 467/467/467
f 491/491/491 490/490/490 492/492/492
f 491/491/491 459/459/459 467/467/467
f 459/459/459 491/491/491 492/492/492
f 493/493/493 459/459/459 492/492/492
f 494/494/494 493/493/493 492/492/492
f 459/459/459 493/493/493 452/452/452
f 493/493/493 494/494/494 452/452/452
f 494/494/494 495/495/495 452/452/452
f 495/495/495 445/445/445 452/452/452
f 445/445/445 495/495/495 447/447/447
f 495/495/495 494/494/494 447/447/447
f 494/494/494 496/496/496 447/447/447
f 496/496/496 494/494/494 497/497/497
f 496/496/496 498/498/498 447/447/447
f 498/498/498 496/496/496 497/497/497
f 498/498/498 453/453/453 447/447/447
f 453/453/453 498/498/498 432/432/432
f 498/498/498 499/499/499 432/432/432
f 499/499/499 498/498/498 497/497/497
f 499/499/499 500/500/500 432/432/432
f 500/500/500 499/499/499 497/497/497
f 500/500/500 501/501/501 432/432/432
f 501/501/501 500/500/500 502/502/502
f 494/494/494 503/503/503 497/497/497
f 503/503/503 504/504/504 497/497/497
f 503/503/503 494/494/494 492/492/492
f 504/504/504 503/503/503 492/492/492
f 505/505/505 500/500/500 497/497/497
f 500/500/500 505/505/505 502/502/502
f 504/504/504 505/505/505 497/497/497
f 505/505/505 504/504/504 502/502/502
f 501/501/501 506/506/506 432/432/432
f 506/506/506 501/501/501 502/502/502
f 507/507/507 504/504/504 492/492/492
f 504/504/504 507/507/507 508/508/508
f 490/490/490 507/507/507 492/492/492
f 507/507/507 490/490/490 508/508/508
f 504/504/504 509/509/509 502/502/502
f 509/509/509 504/504/504 508/508/508
f 509/509/509 510/510/510 502/502/502
f 510/510/510 509/509/509 508/508/508
f 511/511/511 506/506/506 502/502/502
f 510/510/510 511/511/511 502/502/502
f 506/506/506 511/511/511 512/512/512
f 511/511/511 510/510/510 512/512/512
f 506/506/506 513/513/513 432/432/432
f 513/513/513 506/506/506 512/512/512
f 490/490/490 514/514/514 508/508/508
f 514/514/514 515/515/515 508/508/508
f 514/514/514 490/490/490 486/486/486
f 515/515/515 514/514/514 486/486/486
f 516/516/516 510/510/510 508/508/508
f 515/515/515 516/516/516 508/508/508
f 510/510/510 516/516/516 517/517/517
f 516/516/516 515/515/515 517/517/517
f 513/513/513 518/518/518 432/432/432
f 518/518/518 513/513/513 512/512/512
f 519/519/519 515/515/515 486/486/486
f 515/515/515 519/519/519 520/520/520
f 485/485/485 519/519/519 486/486/486
f 519/519/519 485/485/485 520/520/520
f 510/510/510 521/521/521 512/512/512
f 521/521/521 510/510/510 517/517/517
f 521/521/521 522/522/522 512/512/512
f 522/522/522 521/521/521 517/517/517
f 523/523/523 518/518/518 512/512/512
f 522/522/522 523/523/523 512/512/512
f 518/518/518 523/523/523 524/524/524
f 523/523/523 522/522/522 524/524/524
f 518/518/518 525/525/525 432/432/432
f 525/525/525 518/518/518 524/524/524
f 525/525/525 526/526/526 432/432/432
f 526/526/526 525/525/525 524/524/524
f 515/515/515 527/527/527 517/517/517
f 527/527/527 515/515/515 520/520/520
f 527/527/527 528/528/528 517/517/517
f 528/528/528 527/527/527 520/520/520
f 529/529/529 522/522/522 517/517/517
f 528/528/528 529/529/529 517/517/517
f 522/522/522 529/529/529 530/530/530
f 529/529/529 528/528/528 530/530/530
f 526/526/526 531/531/531 432/432/432
f 531/531/531 526/526/526 532/532/532
f 531/531/531 533/533/533 432/432/432
f 533/533/533 531/531/531 532/532/532
f 533/533/533 534/534/534 432/432/432
f 534/534/534 533/533/533 535/535/535
f 536/536/536 522/522/522 530/530/530
f 537/537/537 536/536/536 530/530/530
f 522/522/522 536/536/536 524/524/524
f 536/536/536 537/537/537 524/524/524
f 538/538/538 526/526/526 524/524/524
f 526/526/526 538/538/538 532/532/532
f 537/537/537 538/538/538 524/524/524
f 538/538/538 537/537/537 532/532/532
f 534/534/534 539/539/539 432/432/432
f 539/539/539 534/534/534 535/535/535
f 533/533/533 540/540/540 535/535/535
f 540/540/540 533/533/533 532/532/532
f 541/541/541 540/540/540 532/532/532
f 540/540/540 541/541/541 535/535/535
f 537/537/537 542/542/542 532/532/532
f 542/542/542 541/541/541 532/532/532
f 542/542/542 537/537/537 543/543/543
f 541/541/541 542/542/542 543/543/543
f 537/537/537 544/544/544 543/543/543
f 544/544/544 545/545/545 543/543/543
f 544/544/544 537/537/537 530/530/530
f 545/545/545 544/544/544 530/530/530
f 546/546/546 545/545/545 530/530/530
f 545/545/545 546/546/546 547/547/547
f 528/528/528 546/546/546 530/530/530
f 546/546/546 528/528/528 547/547/547
f 528/528/528 548/548/548 547/547/547
f 548/548/548 549/549/549 547/547/547
f 548/548/548 528/528/528 520/520/520
f 549/549/549 548/548/548 520/520/520
f 550/550/550 549/549/549 520/520/520
f 485/485/485 550/550/550 520/520/520
f 550/550/550 485/485/485 488/488/488
f 549/549/549 550/550/550 488/488/488
f 551/551/551 549/549/549 488/488/488
f 549/549/549 551/551/551 552/552/552
f 553/553/553 549/549/549 552/552/552
f 549/549/549 553/553/553 547/547/547
f 554/554/554 553/553/553 552/552/552
f 553/553/553 554/554/554 547/547/547
f 555/555/555 554/554/554 552/552/552
f 554/554/554 555/555/555 556/556/556
f 554/554/554 557/557/557 547/547/547
f 557/557/557 554/554/554 558/558/558
f 557/557/557 545/545/545 547/547/547
f 545/545/545 557/557/557 558/558/558
f 559/559/559 554/554/554 556/556/556
f 554/554/554 559/559/559 558/558/558
f 560/560/560 559/559/559 556/556/556
f 559/559/559 560/560/560 558/558/558
f 561/561/561 560/560/560 556/556/556
f 560/560/560 561/561/561 562/562/562
f 563/563/563 545/545/545 558/558/558
f 564/564/564 563/563/563 558/558/558
f 545/545/545 563/563/563 543/543/543
f 563/563/563 564/564/564 543/543/543
f 560/560/560 565/565/565 558/558/558
f 565/565/565 564/564/564 558/558/558
f 565/565/565 560/560/560 566/566/566
f 564/564/564 565/565/565 566/566/566
f 567/567/567 560/560/560 562/562/562
f 560/560/560 567/567/567 566/566/566
f 568/568/568 567/567/567 562/562/562
f 567/567/567 568/568/568 566/566/566
f 569/569/569 568/568/568 562/562/562
f 568/568/568 569/569/569 570/570/570
f 564/564/564 571/571/571 543/543/543
f 571/571/571 564/564/564 572/572/572
f 571/571/571 541/541/541 543/543/543
f 541/541/541 571/571/571 572/572/572
f 573/573/573 564/564/564 566/566/566
f 564/564/564 573/573/573 572/572/572
f 574/574/574 573/573/573 566/566/566
f 573/573/573 574/574/574 572/572/572
f 568/568/568 575/575/575 566/566/566
f 575/575/575 574/574/574 566/566/566
f 575/575/575 568/568/568 576/576/576
f 574/574/574 575/575/575 576/576/576
f 577/577/577 568/568/568 570/570/570
f 568/568/568 577/577/577 576/576/576
f 578/578/578 577/577/577 570/570/570
f 577/577/577 578/578/578 576/576/576
f 579/579/579 578/578/578 570/570/570
f 578/578/578 579/579/579 580/580/580
f 581/581/581 541/541/541 572/572/572
f 582/582/582 581/581/581 572/572/572
f 541/541/541 581/581/581 535/535/535
f 581/581/581 582/582/582 535/535/535
f 574/574/574 583/583/583 572/572/572
f 583/583/583 582/582/582 572/572/572
f 583/583/583 574/574/574 584/584/584
f 582/582/582 583/583/583 584/584/584
f 585/585/585 574/574/574 576/576/576
f 574/574/574 585/585/585 584/584/584
f 586/586/586 585/585/585 576/576/576
f 585/585/585 586/586/586 584/584/584
f 578/578/578 587/587/587 576/576/576
f 587/587/587 586/586/586 576/576/576
f 587/587/587 578/578/578 588/588/588
f 586/586/586 587/587/587 588/588/588
f 589/589/589 578/578/578 580/580/580
f 578/578/578 589/589/589 588/588/588
f 590/590/590 589/589/589 580/580/580
f 589/589/589 590/590/590 588/588/588
f 591/591/591 590/590/590 580/580/580
f 590/590/590 591/591/591 592/592/592
f 593/593/593 590/590/590 592/592/592
f 594/594/594 593/593/593 592/592/592
f 590/590/590 593/593/593 595/595/595
f 593/593/593 594/594/594 595/595/595
f 596/596/596 594/594/594 592/592/592
f 594/594/594 596/596/596 597/597/597
f 590/590/590 598/598/598 588/588/588
f 598/598/598 590/590/590 595/595/595
f 598/598/598 599/599/599 588/588/588
f 599/599/599 598/598/598 595/595/595
f 600/600/600 586/586/586 588/588/588
f 599/599/599 600/600/600 588/588/588
f 586/586/586 600/600/600 601/601/601
f 600/600/600 599/599/599 601/601/601
f 602/602/602 586/586/586 601/601/601
f 603/603/603 602/602/602 601/601/601
f 586/586/586 602/602/602 584/584/584
f 602/602/602 603/603/603 584/584/584
f 603/603/603 604/604/604 584/584/584
f 604/604/604 603/603/603 605/605/605
f 604/604/604 582/582/582 584/584/584
f 582/582/582 604/604/604 605/605/605
f 606/606/606 582/582/582 605/605/605
f 582/582/582 606/606/606 535/535/535
f 606/606/606 539/539/539 535/535/535
f 539/539/539 606/606/606 605/605/605
f 607/607/607 539/539/539 605/605/605
f 539/539/539 607/607/607 432/432/432
f 608/608/608 607/607/607 605/605/605
f 607/607/607 608/608/608 432/432/432
f 603/603/603 609/609/609 605/605/605
f 609/609/609 608/608/608 605/605/605
f 609/609/609 603/603/603 610/610/610
f 608/608/608 609/609/609 610/610/610
f 611/611/611 603/603/603 601/601/601
f 603/603/603 611/611/611 610/610/610
f 612/612/612 611/611/611 601/601/601
f 611/611/611 612/612/612 610/610/610
f 608/608/608 613/613/613 432/432/432
f 613/613/613 608/608/608 610/610/610
f 613/613/613 614/614/614 432/432/432
f 614/614/614 613/613/613 610/610/610
f 615/615/615 612/612/612 601/601/601
f 612/612/612 615/615/615 616/616/616
f 599/599/599 615/615/615 601/601/601
f 615/615/615 599/599/599 616/616/616
f 614/614/614 617/617/617 432/432/432
f 617/617/617 614/614/614 618/618/618
f 617/617/617 619/619/619 432/432/432
f 619/619/619 617/617/617 618/618/618
f 619/619/619 620/620/620 432/432/432
f 620/620/620 619/619/619 621/621/621
f 622/622/622 614/614/614 610/610/610
f 612/612/612 622/622/622 610/610/610
f 614/614/614 622/622/622 618/618/618
f 622/622/622 612/612/612 618/618/618
f 623/623/623 612/612/612 616/616/616
f 612/612/612 623/623/623 618/618/618
f 623/623/623 624/624/624 618/618/618
f 624/624/624 623/623/623 616/616/616
f 625/625/625 619/619/619 618/618/618
f 619/619/619 625/625/625 621/621/621
f 624/624/624 625/625/625 618/618/618
f 625/625/625 624/624/624 621/621/621
f 599/599/599 626/626/626 616/616/616
f 626/626/626 627/627/627 616/616/616
f 626/626/626 599/599/599 595/595/595
f 627/627/627 626/626/626 595/595/595
f 628/628/628 620/620/620 621/621/621
f 620/620/620 628/628/628 432/432/432
f 629/629/629 624/624/624 616/616/616
f 627/627/627 629/629/629 616/616/616
f 624/624/624 629/629/629 630/630/630
f 629/629/629 627/627/627 630/630/630
f 631/631/631 627/627/627 595/595/595
f 627/627/627 631/631/631 632/632/632
f 594/594/594 631/631/631 595/595/595
f 631/631/631 594/594/594 632/632/632
f 624/624/624 633/633/633 621/621/621
f 633/633/633 624/624/624 630/630/630
f 633/633/633 634/634/634 621/621/621
f 634/634/634 633/633/633 630/630/630
f 635/635/635 628/628/628 621/621/621
f 634/634/634 635/635/635 621/621/621
f 628/628/628 635/635/635 636/636/636
f 635/635/635 634/634/634 636/636/636
f 627/627/627 637/637/637 630/630/630
f 637/637/637 627/627/627 632/632/632
f 637/637/637 638/638/638 630/630/630
f 638/638/638 637/637/637 632/632/632
f 594/594/594 639/639/639 632/632/632
f 639/639/639 640/640/640 632/632/632
f 639/639/639 594/594/594 597/597/597
f 640/640/640 639/639/639 597/597/597
f 641/641/641 640/640/640 597/597/597
f 640/640/640 641/641/641 642/642/642
f 643/643/643 628/628/628 636/636/636
f 628/628/628 643/643/643 432/432/432
f 638/638/638 644/644/644 630/630/630
f 644/644/644 638/638/638 645/645/645
f 644/644/644 634/634/634 630/630/630
f 634/634/634 644/644/644 645/645/645
f 646/646/646 638/638/638 632/632/632
f 640/640/640 646/646/646 632/632/632
f 638/638/638 646/646/646 647/647/647
f 646/646/646 640/640/640 647/647/647
f 648/648/648 640/640/640 642/642/642
f 640/640/640 648/648/648 647/647/647
f 649/649/649 648/648/648 642/642/642
f 648/648/648 649/649/649 647/647/647
f 650/650/650 649/649/649 642/642/642
f 649/649/649 650/650/650 651/651/651
f 652/652/652 634/634/634 645/645/645
f 653/653/653 652/652/652 645/645/645
f 634/634/634 652/652/652 636/636/636
f 652/652/652 653/653/653 636/636/636
f 638/638/638 654/654/654 645/645/645
f 654/654/654 638/638/638 647/647/647
f 654/654/654 655/655/655 645/645/645
f 655/655/655 654/654/654 647/647/647
f 649/649/649 656/656/656 647/647/647
f 656/656/656 655/655/655 647/647/647
f 656/656/656 649/649/649 657/657/657
f 655/655/655 656/656/656 657/657/657
f 658/658/658 649/649/649 651/651/651
f 649/649/649 658/658/658 657/657/657
f 659/659/659 658/658/658 651/651/651
f 658/658/658 659/659/659 657/657/657
f 660/660/660 659/659/659 651/651/651
f 659/659/659 660/660/660 661/661/661
f 662/662/662 653/653/653 645/645/645
f 655/655/655 662/662/662 645/645/645
f 662/662/662 655/655/655 663/663/663
f 653/653/653 662/662/662 663/663/663
f 664/664/664 655/655/655 657/657/657
f 655/655/655 664/664/664 663/663/663
f 665/665/665 664/664/664 657/657/657
f 664/664/664 665/665/665 663/663/663
f 659/659/659 666/666/666 657/657/657
f 666/666/666 665/665/665 657/657/657
f 666/666/666 659/659/659 667/667/667
f 665/665/665 666/666/666 667/667/667
f 668/668/668 659/659/659 661/661/661
f 659/659/659 668/668/668 667/667/667
f 669/669/669 668/668/668 661/661/661
f 668/668/668 669/669/669 667/667/667
f 670/670/670 669/669/669 661/661/661
f 669/669/669 670/670/670 671/671/671
f 672/672/672 669/669/669 671/671/671
f 673/673/673 672/672/672 671/671/671
f 669/669/669 672/672/672 674/674/674
f 672/672/672 673/673/673 674/674/674
f 675/675/675 673/673/673 671/671/671
f 673/673/673 675/675/675 676/676/676
f 669/669/669 677/677/677 667/667/667
f 677/677/677 669/669/669 674/674/674
f 677/677/677 678/678/678 667/667/667
f 678/678/678 677/677/677 674/674/674
f 679/679/679 665/665/665 667/667/667
f 678/678/678 679/679/679 667/667/667
f 665/665/665 679/679/679 680/680/680
f 679/679/679 678/678/678 680/680/680
f 681/681/681 665/665/665 680/680/680
f 682/682/682 681/681/681 680/680/680
f 665/665/665 681/681/681 663/663/663
f 681/681/681 682/682/682 663/663/663
f 682/682/682 683/683/683 663/663/663
f 683/683/683 682/682/682 684/684/684
f 683/683/683 653/653/653 663/663/663
f 653/653/653 683/683/683 684/684/684
f 685/685/685 653/653/653 684/684/684
f 653/653/653 685/685/685 636/636/636
f 685/685/685 686/686/686 636/636/636
f 686/686/686 685/685/685 684/684/684
f 686/686/686 643/643/643 636/636/636
f 643/643/643 686/686/686 432/432/432
f 687/687/687 686/686/686 684/684/684
f 686/686/686 687/687/687 432/432/432
f 688/688/688 687/687/687 684/684/684
f 687/687/687 688/688/688 432/432/432
f 682/682/682 689/689/689 684/684/684
f 689/689/689 688/688/688 684/684/684
f 689/689/689 682/682/682 690/690/690
f 688/688/688 689/689/689 690/690/690
f 688/688/688 691/691/691 432/432/432
f 691/691/691 688/688/688 690/690/690
f 691/691/691 692/692/692 432/432/432
f 692/692/692 691/691/691 690/690/690
f 692/692/692 693/693/693 432/432/432
f 693/693/693 692/692/692 694/694/694
f 682/682/682 695/695/695 690/690/690
f 695/695/695 696/696/696 690/690/690
f 695/695/695 682/682/682 680/680/680
f 696/696/696 695/695/695 680/680/680
f 697/697/697 692/692/692 690/690/690
f 692/692/692 697/697/697 694/694/694
f 696/696/696 697/697/697 690/690/690
f 697/697/697 696/696/696 694/694/694
f 693/693/693 698/698/698 432/432/432
f 698/698/698 693/693/693 694/694/694
f 699/699/699 696/696/696 680/680/680
f 696/696/696 699/699/699 700/700/700
f 678/678/678 699/699/699 680/680/680
f 699/699/699 678/678/678 700/700/700
f 696/696/696 701/701/701 694/694/694
f 701/701/701 696/696/696 700/700/700
f 701/701/701 702/702/702 694/694/694
f 702/702/702 701/701/701 700/700/700
f 703/703/703 698/698/698 694/694/694
f 702/702/702 703/703/703 694/694/694
f 698/698/698 703/703/703 704/704/704
f 703/703/703 702/702/702 704/704/704
f 698/698/698 705/705/705 432/432/432
f 705/705/705 698/698/698 704/704/704
f 678/678/678 706/706/706 700/700/700
f 706/706/706 707/707/707 700/700/700
f 706/706/706 678/678/678 674/674/674
f 707/707/707 706/706/706 674/674/674
f 708/708/708 702/702/702 700/700/700
f 707/707/707 708/708/708 700/700/700
f 702/702/702 708/708/708 709/709/709
f 708/708/708 707/707/707 709/709/709
f 705/705/705 710/710/710 432/432/432
f 710/710/710 705/705/705 704/704/704
f 711/711/711 707/707/707 674/674/674
f 707/707/707 711/711/711 712/712/712
f 673/673/673 711/711/711 674/674/674
f 711/711/711 673/673/673 712/712/712
f 702/702/702 713/713/713 704/704/704
f 713/713/713 702/702/702 709/709/709
f 713/713/713 714/714/714 704/704/704
f 714/714/714 713/713/713 709/709/709
f 715/715/715 710/710/710 704/704/704
f 714/714/714 715/715/715 704/704/704
f 710/710/710 715/715/715 716/716/716
f 715/715/715 714/714/714 716/716/716
f 710/710/710 717/717/717 432/432/432
f 717/717/717 710/710/710 716/716/716
f 717/717/717 718/718/718 432/432/432
f 718/718/718 717/717/717 716/716/716
f 707/707/707 719/719/719 709/709/709
f 719/719/719 707/707/707 712/712/712
f 719/719/719 720/720/720 709/709/709
f 720/720/720 719/719/719 712/712/712
f 721/721/721 714/714/714 709/709/709
f 720/720/720 721/721/721 709/709/709
f 714/714/714 721/721/721 722/722/722
f 721/721/721 720/720/720 722/722/722
f 718/718/718 723/723/723 432/432/432
f 723/723/723 463/463/463 432/432/432
f 463/463/463 723/723/723 469/469/469
f 723/723/723 718/718/718 469/469/469
f 718/718/718 724/724/724 469/469/469
f 724/724/724 718/718/718 716/716/716
f 724/724/724 479/479/479 469/469/469
f 479/479/479 724/724/724 716/716/716
f 714/714/714 725/725/725 716/716/716
f 725/725/725 714/714/714 722/722/722
f 725/725/725 479/479/479 716/716/716
f 479/479/479 725/725/725 722/722/722
f 726/726/726 479/479/479 722/722/722
f 727/727/727 726/726/726 722/722/722
f 479/479/479 726/726/726 471/471/471
f 726/726/726 727/727/727 471/471/471
f 720/720/720 728/728/728 722/722/722
f 728/728/728 727/727/727 722/722/722
f 728/728/728 720/720/720 729/729/729
f 727/727/727 728/728/728 729/729/729
f 727/727/727 730/730/730 471/471/471
f 730/730/730 465/465/465 471/471/471
f 465/465/465 730/730/730 473/473/473
f 730/730/730 727/727/727 473/473/473
f 727/727/727 731/731/731 473/473/473
f 731/731/731 727/727/727 729/729/729
f 731/731/731 481/481/481 473/473/473
f 481/481/481 731/731/731 729/729/729
f 720/720/720 732/732/732 729/729/729
f 732/732/732 733/733/733 729/729/729
f 732/732/732 720/720/720 712/712/712
f 733/733/733 732/732/732 712/712/712
f 734/734/734 481/481/481 729/729/729
f 733/733/733 734/734/734 729/729/729
f 481/481/481 734/734/734 483/483/483
f 734/734/734 733/733/733 483/483/483
f 733/733/733 735/735/735 483/483/483
f 735/735/735 733/733/733 676/676/676
f 736/736/736 733/733/733 712/712/712
f 733/733/733 736/736/736 676/676/676
f 673/673/673 736/736/736 712/712/712
f 736/736/736 673/673/673 676/676/676
f 739/739/739 738/738/738 737/737/737
f 740/740/740 739/739/739 737/737/737
f 738/738/738 739/739/739 741/741/741
f 739/739/739 740/740/740 742/742/742
f 739/739/739 743/743/743 741/741/741
f 743/743/743 744/744/744 741/741/741
f 743/743/743 739/739/739 745/745/745
f 744/744/744 743/743/743 745/745/745
f 744/744/744 746/746/746 741/741/741
f 746/746/746 744/744/744 747/747/747
f 748/748/748 739/739/739 742/742/742
f 739/739/739 748/748/748 745/745/745
f 749/749/749 748/748/748 742/742/742
f 748/748/748 749/749/749 745/745/745
f 750/750/750 749/749/749 742/742/742
f 749/749/749 750/750/750 751/751/751
f 744/744/744 752/752/752 747/747/747
f 752/752/752 753/753/753 747/747/747
f 752/752/752 744/744/744 754/754/754
f 753/753/753 752/752/752 754/754/754
f 753/753/753 755/755/755 747/747/747
f 755/755/755 753/753/753 756/756/756
f 757/757/757 744/744/744 745/745/745
f 744/744/744 757/757/757 754/754/754
f 758/758/758 757/757/757 745/745/745
f 757/757/757 758/758/758 754/754/754
f 749/749/749 759/759/759 745/745/745
f 759/759/759 758/758/758 745/745/745
f 759/759/759 749/749/749 760/760/760
f 758/758/758 759/759/759 760/760/760
f 761/761/761 749/749/749 751/751/751
f 749/749/749 761/761/761 760/760/760
f 762/762/762 761/761/761 751/751/751
f 761/761/761 762/762/762 760/760/760
f 763/763/763 762/762/762 751/751/751
f 762/762/762 763/763/763 764/764/764
f 753/753/753 765/765/765 756/756/756
f 765/765/765 766/766/766 756/756/756
f 765/765/765 753/753/753 767/767/767
f 766/766/766 765/765/765 767/767/767
f 766/766/766 768/768/768 756/756/756
f 768/768/768 766/766/766 769/769/769
f 753/753/753 770/770/770 767/767/767
f 770/770/770 771/771/771 767/767/767
f 770/770/770 753/753/753 754/754/754
f 771/771/771 770/770/770 754/754/754
f 772/772/772 771/771/771 754/754/754
f 771/771/771 772/772/772 773/773/773
f 758/758/758 772/772/772 754/754/754
f 772/772/772 758/758/758 773/773/773
f 758/758/758 774/774/774 773/773/773
f 774/774/774 775/775/775 773/773/773
f 774/774/774 758/758/758 760/760/760
f 775/775/775 774/774/774 760/760/760
f 776/776/776 775/775/775 760/760/760
f 775/775/775 776/776/776 777/777/777
f 762/762/762 776/776/776 760/760/760
f 776/776/776 762/762/762 777/777/777
f 762/762/762 778/778/778 777/777/777
f 778/778/778 779/779/779 777/777/777
f 778/778/778 762/762/762 764/764/764
f 779/779/779 778/778/778 764/764/764
f 780/780/780 779/779/779 764/764/764
f 779/779/779 780/780/780 781/781/781
f 782/782/782 779/779/779 781/781/781
f 779/779/779 782/782/782 783/783/783
f 784/784/784 779/779/779 783/783/783
f 779/779/779 784/784/784 777/777/777
f 785/785/785 784/784/784 783/783/783
f 784/784/784 785/785/785 777/777/777
f 786/786/786 785/785/785 783/783/783
f 785/785/785 786/786/786 787/787/787
f 788/788/788 775/775/775 777/777/777
f 785/785/785 788/788/788 777/777/777
f 775/775/775 788/788/788 789/789/789
f 788/788/788 785/785/785 789/789/789
f 790/790/790 785/785/785 787/787/787
f 785/785/785 790/790/790 789/789/789
f 791/791/791 790/790/790 787/787/787
f 790/790/790 791/791/791 789/789/789
f 792/792/792 791/791/791 787/787/787
f 791/791/791 792/792/792 793/793/793
f 794/794/794 775/775/775 789/789/789
f 795/795/795 794/794/794 789/789/789
f 775/775/775 794/794/794 773/773/773
f 794/794/794 795/795/795 773/773/773
f 791/791/791 796/796/796 789/789/789
f 796/796/796 795/795/795 789/789/789
f 796/796/796 791/791/791 797/797/797
f 795/795/795 796/796/796 797/797/797
f 798/798/798 791/791/791 793/793/793
f 791/791/791 798/798/798 797/797/797
f 799/799/799 798/798/798 793/793/793
f 798/798/798 799/799/799 797/797/797
f 800/800/800 799/799/799 793/793/793
f 799/799/799 800/800/800 801/801/801
f 795/795/795 802/802/802 773/773/773
f 802/802/802 795/795/795 803/803/803
f 802/802/802 771/771/771 773/773/773
f 771/771/771 802/802/802 803/803/803
f 804/804/804 795/795/795 797/797/797
f 795/795/795 804/804/804 803/803/803
f 805/805/805 804/804/804 797/797/797
f 804/804/804 805/805/805 803/803/803
f 799/799/799 806/806/806 797/797/797
f 806/806/806 805/805/805 797/797/797
f 806/806/806 799/799/799 807/807/807
f 805/805/805 806/806/806 807/807/807
f 808/808/808 799/799/799 801/801/801
f 799/799/799 808/808/808 807/807/807
f 809/809/809 808/808/808 801/801/801
f 808/808/808 809/809/809 807/807/807
f 810/810/810 809/809/809 801/801/801
f 809/809/809 810/810/810 811/811/811
f 812/812/812 771/771/771 803/803/803
f 813/813/813 812/812/812 803/803/803
f 771/771/771 812/812/812 767/767/767
f 812/812/812 813/813/813 767/767/767
f 805/805/805 814/814/814 803/803/803
f 814/814/814 813/813/813 803/803/803
f 814/814/814 805/805/805 815/815/815
f 813/813/813 814/814/814 815/815/815
f 816/816/816 805/805/805 807/807/807
f 805/805/805 816/816/816 815/815/815
f 817/817/817 816/816/816 807/807/807
f 816/816/816 817/817/817 815/815/815
f 809/809/809 818/818/818 807/807/807
f 818/818/818 817/817/817 807/807/807
f 818/818/818 809/809/809 819/819/819
f 817/817/817 818/818/818 819/819/819
f 820/820/820 809/809/809 811/811/811
f 809/809/809 820/820/820 819/819/819
f 821/821/821 820/820/820 811/811/811
f 820/820/820 821/821/821 819/819/819
f 822/822/822 821/821/821 811/811/811
f 821/821/821 822/822/822 823/823/823
f 824/824/824 821/821/821 823/823/823
f 821/821/821 824/824/824 825/825/825
f 826/826/826 821/821/821 825/825/825
f 821/821/821 826/826/826 819/819/819
f 827/827/827 826/826/826 825/825/825
f 826/826/826 827/827/827 819/819/819
f 828/828/828 827/827/827 825/825/825
f 827/827/827 828/828/828 829/829/829
f 830/830/830 817/817/817 819/819/819
f 827/827/827 830/830/830 819/819/819
f 817/817/817 830/830/830 831/831/831
f 830/830/830 827/827/827 831/831/831
f 832/832/832 827/827/827 829/829/829
f 827/827/827 832/832/832 831/831/831
f 833/833/833 832/832/832 829/829/829
f 832/832/832 833/833/833 831/831/831
f 834/834/834 833/833/833 829/829/829
f 833/833/833 834/834/834 835/835/835
f 836/836/836 817/817/817 831/831/831
f 837/837/837 836/836/836 831/831/831
f 817/817/817 836/836/836 815/815/815
f 836/836/836 837/837/837 815/815/815
f 833/833/833 838/838/838 831/831/831
f 838/838/838 837/837/837 831/831/831
f 838/838/838 833/833/833 839/839/839
f 837/837/837 838/838/838 839/839/839
f 840/840/840 833/833/833 835/835/835
f 833/833/833 840/840/840 839/839/839
f 841/841/841 840/840/840 835/835/835
f 840/840/840 841/841/841 839/839/839
f 842/842/842 841/841/841 835/835/835
f 841/841/841 842/842/842 843/843/843
f 844/844/844 841/841/841 843/843/843
f 841/841/841 844/844/844 845/845/845
f 846/846/846 841/841/841 845/845/845
f 841/841/841 846/846/846 839/839/839
f 847/847/847 846/846/846 845/845/845
f 846/846/846 847/847/847 839/839/839
f 848/848/848 847/847/847 845/845/845
f 847/847/847 848/848/848 769/769/769
f 849/849/849 837/837/837 839/839/839
f 847/847/847 849/849/849 839/839/839
f 837/837/837 849/849/849 850/850/850
f 849/849/849 847/847/847 850/850/850
f 851/851/851 847/847/847 769/769/769
f 847/847/847 851/851/851 850/850/850
f 766/766/766 851/851/851 769/769/769
f 851/851/851 766/766/766 850/850/850
f 852/852/852 837/837/837 850/850/850
f 837/837/837 852/852/852 815/815/815
f 852/852/852 813/813/813 815/815/815
f 813/813/813 852/852/852 850/850/850
f 766/766/766 853/853/853 850/850/850
f 853/853/853 813/813/813 850/850/850
f 853/853/853 766/766/766 767/767/767
f 813/813/813 853/853/853 767/767/767
f 856/856/856 855/855/855 854/854/854
f 855/855/855 856/856/856 857/857/857
f 855/855/855 858/858/858 854/854/854
f 858/858/858 859/859/859 854/854/854
f 858/858/858 855/855/855 860/860/860
f 859/859/859 858/858/858 860/860/860
f 859/859/859 861/861/861 854/854/854
f 861/861/861 859/859/859 862/862/862
f 863/863/863 855/855/855 857/857/857
f 864/864/864 863/863/863 857/857/857
f 855/855/855 863/863/863 865/865/865
f 863/863/863 864/864/864 865/865/865
f 866/866/866 864/864/864 857/857/857
f 864/864/864 866/866/866 867/867/867
f 855/855/855 868/868/868 860/860/860
f 868/868/868 855/855/855 865/865/865
f 868/868/868 869/869/869 860/860/860
f 869/869/869 868/868/868 865/865/865
f 859/859/859 870/870/870 862/862/862
f 870/870/870 871/871/871 862/862/862
f 870/870/870 859/859/859 872/872/872
f 871/871/871 870/870/870 872/872/872
f 871/871/871 873/873/873 862/862/862
f 873/873/873 871/871/871 874/874/874
f 875/875/875 859/859/859 860/860/860
f 859/859/859 875/875/875 872/872/872
f 876/876/876 875/875/875 860/860/860
f 875/875/875 876/876/876 872/872/872
f 869/869/869 877/877/877 860/860/860
f 877/877/877 876/876/876 860/860/860
f 877/877/877 869/869/869 878/878/878
f 876/876/876 877/877/877 878/878/878
f 871/871/871 879/879/879 874/874/874
f 879/879/879 880/880/880 874/874/874
f 879/879/879 871/871/871 881/881/881
f 880/880/880 879/879/879 881/881/881
f 880/880/880 882/882/882 874/874/874
f 882/882/882 880/880/880 883/883/883
f 884/884/884 871/871/871 872/872/872
f 871/871/871 884/884/884 881/881/881
f 885/885/885 884/884/884 872/872/872
f 884/884/884 885/885/885 881/881/881
f 876/876/876 886/886/886 872/872/872
f 886/886/886 885/885/885 872/872/872
f 886/886/886 876/876/876 887/887/887
f 885/885/885 886/886/886 887/887/887
f 888/888/888 876/876/876 878/878/878
f 876/876/876 888/888/888 887/887/887
f 889/889/889 888/888/888 878/878/878
f 888/888/888 889/889/889 887/887/887
f 880/880/880 890/890/890 883/883/883
f 890/890/890 891/891/891 883/883/883
f 890/890/890 880/880/880 892/892/892
f 891/891/891 890/890/890 892/892/892
f 891/891/891 893/893/893 883/883/883
f 893/893/893 891/891/891 894/894/894
f 880/880/880 895/895/895 892/892/892
f 895/895/895 896/896/896 892/892/892
f 895/895/895 880/880/880 881/881/881
f 896/896/896 895/895/895 881/881/881
f 885/885/885 897/897/897 881/881/881
f 897/897/897 896/896/896 881/881/881
f 897/897/897 885/885/885 898/898/898
f 896/896/896 897/897/897 898/898/898
f 899/899/899 885/885/885 887/887/887
f 885/885/885 899/899/899 898/898/898
f 900/900/900 899/899/899 887/887/887
f 899/899/899 900/900/900 898/898/898
f 901/901/901 900/900/900 887/887/887
f 900/900/900 901/901/901 902/902/902
f 889/889/889 901/901/901 887/887/887
f 901/901/901 889/889/889 902/902/902
f 903/903/903 891/891/891 892/892/892
f 904/904/904 903/903/903 892/892/892
f 891/891/891 903/903/903 905/905/905
f 903/903/903 904/904/904 905/905/905
f 896/896/896 906/906/906 892/892/892
f 906/906/906 904/904/904 892/892/892
f 906/906/906 896/896/896 907/907/907
f 904/904/904 906/906/906 907/907/907
f 908/908/908 896/896/896 898/898/898
f 896/896/896 908/908/908 907/907/907
f 909/909/909 908/908/908 898/898/898
f 908/908/908 909/909/909 907/907/907
f 900/900/900 910/910/910 898/898/898
f 910/910/910 909/909/909 898/898/898
f 910/910/910 900/900/900 911/911/911
f 909/909/909 910/910/910 911/911/911
f 912/912/912 891/891/891 905/905/905
f 913/913/913 912/912/912 905/905/905
f 891/891/891 912/912/912 894/894/894
f 912/912/912 913/913/913 894/894/894
f 913/913/913 914/914/914 894/894/894
f 914/914/914 913/913/913 915/915/915
f 900/900/900 916/916/916 911/911/911
f 916/916/916 900/900/900 902/902/902
f 916/916/916 917/917/917 911/911/911
f 917/917/917 916/916/916 902/902/902
f 913/913/913 918/918/918 915/915/915
f 918/918/918 919/919/919 915/915/915
f 918/918/918 913/913/913 920/920/920
f 919/919/919 918/918/918 920/920/920
f 919/919/919 921/921/921 915/915/915
f 921/921/921 919/919/919 922/922/922
f 913/913/913 923/923/923 920/920/920
f 923/923/923 924/924/924 920/920/920
f 923/923/923 913/913/913 905/905/905
f 924/924/924 923/923/923 905/905/905
f 925/925/925 924/924/924 905/905/905
f 924/924/924 925/925/925 926/926/926
f 904/904/904 925/925/925 905/905/905
f 925/925/925 904/904/904 926/926/926
f 904/904/904 927/927/927 926/926/926
f 927/927/927 928/928/928 926/926/926
f 927/927/927 904/904/904 907/907/907
f 928/928/928 927/927/927 907/907/907
f 929/929/929 928/928/928 907/907/907
f 928/928/928 929/929/929 930/930/930
f 909/909/909 929/929/929 907/907/907
f 929/929/929 909/909/909 930/930/930
f 909/909/909 931/931/931 930/930/930
f 931/931/931 909/909/909 911/911/911
f 932/932/932 931/931/931 911/911/911
f 931/931/931 932/932/932 930/930/930
f 933/933/933 932/932/932 911/911/911
f 932/932/932 933/933/933 934/934/934
f 917/917/917 933/933/933 911/911/911
f 933/933/933 917/917/917 934/934/934
f 932/932/932 935/935/935 930/930/930
f 935/935/935 932/932/932 934/934/934
f 935/935/935 936/936/936 930/930/930
f 936/936/936 935/935/935 934/934/934
f 937/937/937 928/928/928 930/930/930
f 936/936/936 937/937/937 930/930/930
f 928/928/928 937/937/937 938/938/938
f 937/937/937 936/936/936 938/938/938
f 917/917/917 939/939/939 934/934/934
f 939/939/939 917/917/917 902/902/902
f 940/940/940 936/936/936 934/934/934
f 936/936/936 940/940/940 938/938/938
f 939/939/939 941/941/941 934/934/934
f 941/941/941 939/939/939 902/902/902
f 942/942/942 940/940/940 934/934/934
f 940/940/940 942/942/942 938/938/938
f 941/941/941 943/943/943 934/934/934
f 943/943/943 941/941/941 944/944/944
f 945/945/945 941/941/941 902/902/902
f 941/941/941 945/945/945 944/944/944
f 889/889/889 945/945/945 902/902/902
f 945/945/945 889/889/889 944/944/944
f 946/946/946 928/928/928 938/938/938
f 947/947/947 946/946/946 938/938/938
f 928/928/928 946/946/946 926/926/926
f 946/946/946 947/947/947 926/926/926
f 942/942/942 948/948/948 938/938/938
f 948/948/948 947/947/947 938/938/938
f 948/948/948 942/942/942 949/949/949
f 947/947/947 948/948/948 949/949/949
f 943/943/943 950/950/950 934/934/934
f 950/950/950 943/943/943 944/944/944
f 889/889/889 951/951/951 944/944/944
f 951/951/951 952/952/952 944/944/944
f 951/951/951 889/889/889 878/878/878
f 952/952/952 951/951/951 878/878/878
f 947/947/947 953/953/953 926/926/926
f 953/953/953 947/947/947 954/954/954
f 953/953/953 924/924/924 926/926/926
f 924/924/924 953/953/953 954/954/954
f 955/955/955 942/942/942 934/934/934
f 942/942/942 955/955/955 949/949/949
f 956/956/956 950/950/950 944/944/944
f 952/952/952 956/956/956 944/944/944
f 950/950/950 956/956/956 957/957/957
f 956/956/956 952/952/952 957/957/957
f 958/958/958 952/952/952 878/878/878
f 952/952/952 958/958/958 959/959/959
f 869/869/869 958/958/958 878/878/878
f 958/958/958 869/869/869 959/959/959
f 960/960/960 924/924/924 954/954/954
f 961/961/961 960/960/960 954/954/954
f 924/924/924 960/960/960 920/920/920
f 960/960/960 961/961/961 920/920/920
f 962/962/962 950/950/950 957/957/957
f 950/950/950 962/962/962 934/934/934
f 952/952/952 963/963/963 957/957/957
f 963/963/963 952/952/952 959/959/959
f 963/963/963 964/964/964 957/957/957
f 964/964/964 963/963/963 959/959/959
f 965/965/965 962/962/962 957/957/957
f 962/962/962 965/965/965 934/934/934
f 869/869/869 966/966/966 959/959/959
f 966/966/966 967/967/967 959/959/959
f 966/966/966 869/869/869 865/865/865
f 967/967/967 966/966/966 865/865/865
f 961/961/961 968/968/968 920/920/920
f 968/968/968 961/961/961 969/969/969
f 968/968/968 919/919/919 920/920/920
f 919/919/919 968/968/968 969/969/969
f 970/970/970 964/964/964 959/959/959
f 967/967/967 970/970/970 959/959/959
f 964/964/964 970/970/970 971/971/971
f 970/970/970 967/967/967 971/971/971
f 972/972/972 967/967/967 865/865/865
f 967/967/967 972/972/972 973/973/973
f 864/864/864 972/972/972 865/865/865
f 972/972/972 864/864/864 973/973/973
f 974/974/974 919/919/919 969/969/969
f 975/975/975 974/974/974 969/969/969
f 919/919/919 974/974/974 922/922/922
f 974/974/974 975/975/975 922/922/922
f 975/975/975 976/976/976 922/922/922
f 976/976/976 975/975/975 977/977/977
f 967/967/967 978/978/978 971/971/971
f 978/978/978 967/967/967 973/973/973
f 978/978/978 979/979/979 971/971/971
f 979/979/979 978/978/978 973/973/973
f 864/864/864 980/980/980 973/973/973
f 980/980/980 981/981/981 973/973/973
f 980/980/980 864/864/864 867/867/867
f 981/981/981 980/980/980 867/867/867
f 982/982/982 981/981/981 867/867/867
f 981/981/981 982/982/982 983/983/983
f 984/984/984 979/979/979 973/973/973
f 981/981/981 984/984/984 973/973/973
f 984/984/984 981/981/981 985/985/985
f 979/979/979 984/984/984 985/985/985
f 986/986/986 981/981/981 983/983/983
f 981/981/981 986/986/986 985/985/985
f 987/987/987 986/986/986 983/983/983
f 986/986/986 987/987/987 985/985/985
f 988/988/988 987/987/987 983/983/983
f 987/987/987 988/988/988 989/989/989
f 990/990/990 987/987/987 989/989/989
f 991/991/991 990/990/990 989/989/989
f 987/987/987 990/990/990 992/992/992
f 990/990/990 991/991/991 992/992/992
f 993/993/993 991/991/991 989/989/989
f 991/991/991 993/993/993 994/994/994
f 987/987/987 995/995/995 985/985/985
f 995/995/995 987/987/987 992/992/992
f 995/995/995 996/996/996 985/985/985
f 996/996/996 995/995/995 992/992/992
f 997/997/997 979/979/979 985/985/985
f 996/996/996 997/997/997 985/985/985
f 979/979/979 997/997/997 998/998/998
f 997/997/997 996/996/996 998/998/998
f 999/999/999 979/979/979 998/998/998
f 1000/1000/1000 999/999/999 998/998/998
f 979/979/979 999/999/999 971/971/971
f 999/999/999 1000/1000/1000 971/971/971
f 1000/1000/1000 1001/1001/1001 971/971/971
f 1001/1001/1001 1000/1000/1000 1002/1002/1002
f 1001/1001/1001 964/964/964 971/971/971
f 964/964/964 1001/1001/1001 1002/1002/1002
f 1003/1003/1003 964/964/964 1002/1002/1002
f 964/964/964 1003/1003/1003 957/957/957
f 1003/1003/1003 965/965/965 957/957/957
f 965/965/965 1003/1003/1003 1002/1002/1002
f 1004/1004/1004 965/965/965 1002/1002/1002
f 965/965/965 1004/1004/1004 934/934/934
f 1004/1004/1004 1005/1005/1005 934/934/934
f 1005/1005/1005 1004/1004/1004 1002/1002/1002
f 1005/1005/1005 1006/1006/1006 934/934/934
f 1006/1006/1006 1005/1005/1005 1007/1007/1007
f 1006/1006/1006 1008/1008/1008 934/934/934
f 1008/1008/1008 1006/1006/1006 1007/1007/1007
f 1009/1009/1009 1005/1005/1005 1002/1002/1002
f 1000/1000/1000 1009/1009/1009 1002/1002/1002
f 1005/1005/1005 1009/1009/1009 1007/1007/1007
f 1009/1009/1009 1000/1000/1000 1007/1007/1007
f 1000/1000/1000 1010/1010/1010 1007/1007/1007
f 1010/1010/1010 1011/1011/1011 1007/1007/1007
f 1010/1010/1010 1000/1000/1000 998/998/998
f 1011/1011/1011 1010/1010/1010 998/998/998
f 1012/1012/1012 1008/1008/1008 1007/1007/1007
f 1011/1011/1011 1012/1012/1012 1007/1007/1007
f 1008/1008/1008 1012/1012/1012 1013/1013/1013
f 1012/1012/1012 1011/1011/1011 1013/1013/1013
f 1008/1008/1008 1014/1014/1014 934/934/934
f 1014/1014/1014 1008/1008/1008 1013/1013/1013
f 1015/1015/1015 1011/1011/1011 998/998/998
f 1011/1011/1011 1015/1015/1015 1016/1016/1016
f 996/996/996 1015/1015/1015 998/998/998
f 1015/1015/1015 996/996/996 1016/1016/1016
f 1014/1014/1014 1017/1017/1017 934/934/934
f 1017/1017/1017 1014/1014/1014 1013/1013/1013
f 1011/1011/1011 1018/1018/1018 1013/1013/1013
f 1018/1018/1018 1011/1011/1011 1016/1016/1016
f 1018/1018/1018 1019/1019/1019 1013/1013/1013
f 1019/1019/1019 1018/1018/1018 1016/1016/1016
f 996/996/996 1020/1020/1020 1016/1016/1016
f 1020/1020/1020 1021/1021/1021 1016/1016/1016
f 1020/1020/1020 996/996/996 992/992/992
f 1021/1021/1021 1020/1020/1020 992/992/992
f 1022/1022/1022 1017/1017/1017 1013/1013/1013
f 1019/1019/1019 1022/1022/1022 1013/1013/1013
f 1017/1017/1017 1022/1022/1022 1023/1023/1023
f 1022/1022/1022 1019/1019/1019 1023/1023/1023
f 1017/1017/1017 1024/1024/1024 934/934/934
f 1024/1024/1024 1017/1017/1017 1023/1023/1023
f 1021/1021/1021 1025/1025/1025 1016/1016/1016
f 1025/1025/1025 1019/1019/1019 1016/1016/1016
f 1019/1019/1019 1025/1025/1025 1026/1026/1026
f 1025/1025/1025 1021/1021/1021 1026/1026/1026
f 1027/1027/1027 1021/1021/1021 992/992/992
f 1021/1021/1021 1027/1027/1027 1028/1028/1028
f 991/991/991 1027/1027/1027 992/992/992
f 1027/1027/1027 991/991/991 1028/1028/1028
f 1024/1024/1024 1029/1029/1029 934/934/934
f 1029/1029/1029 1024/1024/1024 1023/1023/1023
f 1019/1019/1019 1030/1030/1030 1023/1023/1023
f 1030/1030/1030 1019/1019/1019 1026/1026/1026
f 1030/1030/1030 1031/1031/1031 1023/1023/1023
f 1031/1031/1031 1030/1030/1030 1026/1026/1026
f 1021/1021/1021 1032/1032/1032 1026/1026/1026
f 1032/1032/1032 1021/1021/1021 1028/1028/1028
f 1032/1032/1032 1033/1033/1033 1026/1026/1026
f 1033/1033/1033 1032/1032/1032 1028/1028/1028
f 991/991/991 1034/1034/1034 1028/1028/1028
f 1034/1034/1034 1035/1035/1035 1028/1028/1028
f 1034/1034/1034 991/991/991 994/994/994
f 1035/1035/1035 1034/1034/1034 994/994/994
f 1036/1036/1036 1035/1035/1035 994/994/994
f 1035/1035/1035 1036/1036/1036 1037/1037/1037
f 1038/1038/1038 1029/1029/1029 1023/1023/1023
f 1031/1031/1031 1038/1038/1038 1023/1023/1023
f 1029/1029/1029 1038/1038/1038 1039/1039/1039
f 1038/1038/1038 1031/1031/1031 1039/1039/1039
f 1033/1033/1033 1040/1040/1040 1026/1026/1026
f 1040/1040/1040 1031/1031/1031 1026/1026/1026
f 1031/1031/1031 1040/1040/1040 1041/1041/1041
f 1040/1040/1040 1033/1033/1033 1041/1041/1041
f 1035/1035/1035 1042/1042/1042 1028/1028/1028
f 1042/1042/1042 1033/1033/1033 1028/1028/1028
f 1042/1042/1042 1035/1035/1035 1043/1043/1043
f 1033/1033/1033 1042/1042/1042 1043/1043/1043
f 1044/1044/1044 1035/1035/1035 1037/1037/1037
f 1035/1035/1035 1044/1044/1044 1043/1043/1043
f 1045/1045/1045 1044/1044/1044 1037/1037/1037
f 1044/1044/1044 1045/1045/1045 1043/1043/1043
f 1046/1046/1046 1045/1045/1045 1037/1037/1037
f 1045/1045/1045 1046/1046/1046 1047/1047/1047
f 1031/1031/1031 1048/1048/1048 1039/1039/1039
f 1048/1048/1048 1031/1031/1031 1041/1041/1041
f 1048/1048/1048 1049/1049/1049 1039/1039/1039
f 1049/1049/1049 1048/1048/1048 1041/1041/1041
f 1033/1033/1033 1050/1050/1050 1041/1041/1041
f 1050/1050/1050 1033/1033/1033 1043/1043/1043
f 1050/1050/1050 1051/1051/1051 1041/1041/1041
f 1051/1051/1051 1050/1050/1050 1043/1043/1043
f 1045/1045/1045 1052/1052/1052 1043/1043/1043
f 1052/1052/1052 1051/1051/1051 1043/1043/1043
f 1052/1052/1052 1045/1045/1045 1053/1053/1053
f 1051/1051/1051 1052/1052/1052 1053/1053/1053
f 1054/1054/1054 1045/1045/1045 1047/1047/1047
f 1045/1045/1045 1054/1054/1054 1053/1053/1053
f 1055/1055/1055 1054/1054/1054 1047/1047/1047
f 1054/1054/1054 1055/1055/1055 1053/1053/1053
f 1056/1056/1056 1055/1055/1055 1047/1047/1047
f 1055/1055/1055 1056/1056/1056 1057/1057/1057
f 1058/1058/1058 1049/1049/1049 1041/1041/1041
f 1051/1051/1051 1058/1058/1058 1041/1041/1041
f 1058/1058/1058 1051/1051/1051 1059/1059/1059
f 1049/1049/1049 1058/1058/1058 1059/1059/1059
f 1060/1060/1060 1051/1051/1051 1053/1053/1053
f 1051/1051/1051 1060/1060/1060 1059/1059/1059
f 1061/1061/1061 1060/1060/1060 1053/1053/1053
f 1060/1060/1060 1061/1061/1061 1059/1059/1059
f 1055/1055/1055 1062/1062/1062 1053/1053/1053
f 1062/1062/1062 1061/1061/1061 1053/1053/1053
f 1062/1062/1062 1055/1055/1055 1063/1063/1063
f 1061/1061/1061 1062/1062/1062 1063/1063/1063
f 1064/1064/1064 1055/1055/1055 1057/1057/1057
f 1055/1055/1055 1064/1064/1064 1063/1063/1063
f 1065/1065/1065 1064/1064/1064 1057/1057/1057
f 1064/1064/1064 1065/1065/1065 1063/1063/1063
f 1066/1066/1066 1065/1065/1065 1057/1057/1057
f 1065/1065/1065 1066/1066/1066 1067/1067/1067
f 1068/1068/1068 1065/1065/1065 1067/1067/1067
f 1069/1069/1069 1068/1068/1068 1067/1067/1067
f 1065/1065/1065 1068/1068/1068 1070/1070/1070
f 1068/1068/1068 1069/1069/1069 1070/1070/1070
f 1071/1071/1071 1069/1069/1069 1067/1067/1067
f 1069/1069/1069 1071/1071/1071 1072/1072/1072
f 1065/1065/1065 1073/1073/1073 1063/1063/1063
f 1073/1073/1073 1065/1065/1065 1070/1070/1070
f 1073/1073/1073 1074/1074/1074 1063/1063/1063
f 1074/1074/1074 1073/1073/1073 1070/1070/1070
f 1075/1075/1075 1061/1061/1061 1063/1063/1063
f 1074/1074/1074 1075/1075/1075 1063/1063/1063
f 1061/1061/1061 1075/1075/1075 1076/1076/1076
f 1075/1075/1075 1074/1074/1074 1076/1076/1076
f 1077/1077/1077 1061/1061/1061 1076/1076/1076
f 1078/1078/1078 1077/1077/1077 1076/1076/1076
f 1061/1061/1061 1077/1077/1077 1059/1059/1059
f 1077/1077/1077 1078/1078/1078 1059/1059/1059
f 1078/1078/1078 1079/1079/1079 1059/1059/1059
f 1079/1079/1079 1078/1078/1078 1080/1080/1080
f 1079/1079/1079 1049/1049/1049 1059/1059/1059
f 1049/1049/1049 1079/1079/1079 1080/1080/1080
f 1081/1081/1081 1049/1049/1049 1080/1080/1080
f 1049/1049/1049 1081/1081/1081 1039/1039/1039
f 1081/1081/1081 1082/1082/1082 1039/1039/1039
f 1082/1082/1082 1081/1081/1081 1080/1080/1080
f 1082/1082/1082 1083/1083/1083 1039/1039/1039
f 1083/1083/1083 1029/1029/1029 1039/1039/1039
f 1029/1029/1029 1083/1083/1083 934/934/934
f 1083/1083/1083 1082/1082/1082 934/934/934
f 1082/1082/1082 1084/1084/1084 934/934/934
f 1084/1084/1084 1082/1082/1082 1080/1080/1080
f 1084/1084/1084 1085/1085/1085 934/934/934
f 1085/1085/1085 1084/1084/1084 1080/1080/1080
f 1078/1078/1078 1086/1086/1086 1080/1080/1080
f 1086/1086/1086 1085/1085/1085 1080/1080/1080
f 1086/1086/1086 1078/1078/1078 1087/1087/1087
f 1085/1085/1085 1086/1086/1086 1087/1087/1087
f 1085/1085/1085 1088/1088/1088 934/934/934
f 1088/1088/1088 1085/1085/1085 1087/1087/1087
f 1078/1078/1078 1089/1089/1089 1087/1087/1087
f 1089/1089/1089 1090/1090/1090 1087/1087/1087
f 1089/1089/1089 1078/1078/1078 1076/1076/1076
f 1090/1090/1090 1089/1089/1089 1076/1076/1076
f 1091/1091/1091 1088/1088/1088 1087/1087/1087
f 1088/1088/1088 1091/1091/1091 934/934/934
f 1092/1092/1092 1090/1090/1090 1076/1076/1076
f 1090/1090/1090 1092/1092/1092 1093/1093/1093
f 1074/1074/1074 1092/1092/1092 1076/1076/1076
f 1092/1092/1092 1074/1074/1074 1093/1093/1093
f 1090/1090/1090 1094/1094/1094 1087/1087/1087
f 1094/1094/1094 1091/1091/1091 1087/1087/1087
f 1094/1094/1094 1090/1090/1090 1095/1095/1095
f 1091/1091/1091 1094/1094/1094 1095/1095/1095
f 1091/1091/1091 1096/1096/1096 934/934/934
f 1096/1096/1096 1091/1091/1091 1095/1095/1095
f 1074/1074/1074 1097/1097/1097 1093/1093/1093
f 1097/1097/1097 1098/1098/1098 1093/1093/1093
f 1097/1097/1097 1074/1074/1074 1070/1070/1070
f 1098/1098/1098 1097/1097/1097 1070/1070/1070
f 1090/1090/1090 1099/1099/1099 1095/1095/1095
f 1099/1099/1099 1090/1090/1090 1093/1093/1093
f 1100/1100/1100 1099/1099/1099 1093/1093/1093
f 1099/1099/1099 1100/1100/1100 1095/1095/1095
f 1101/1101/1101 1096/1096/1096 1095/1095/1095
f 1096/1096/1096 1101/1101/1101 934/934/934
f 1102/1102/1102 1098/1098/1098 1070/1070/1070
f 1098/1098/1098 1102/1102/1102 1103/1103/1103
f 1069/1069/1069 1102/1102/1102 1070/1070/1070
f 1102/1102/1102 1069/1069/1069 1103/1103/1103
f 1098/1098/1098 1104/1104/1104 1093/1093/1093
f 1104/1104/1104 1100/1100/1100 1093/1093/1093
f 1104/1104/1104 1098/1098/1098 1105/1105/1105
f 1100/1100/1100 1104/1104/1104 1105/1105/1105
f 1100/1100/1100 1106/1106/1106 1095/1095/1095
f 1106/1106/1106 1101/1101/1101 1095/1095/1095
f 1106/1106/1106 1100/1100/1100 1107/1107/1107
f 1101/1101/1101 1106/1106/1106 1107/1107/1107
f 1101/1101/1101 1108/1108/1108 934/934/934
f 1108/1108/1108 1101/1101/1101 1107/1107/1107
f 1108/1108/1108 1109/1109/1109 934/934/934
f 1109/1109/1109 1108/1108/1108 1107/1107/1107
f 1109/1109/1109 1110/1110/1110 934/934/934
f 1110/1110/1110 1109/1109/1109 1111/1111/1111
f 1110/1110/1110 1112/1112/1112 934/934/934
f 1112/1112/1112 1110/1110/1110 1111/1111/1111
f 1098/1098/1098 1113/1113/1113 1105/1105/1105
f 1113/1113/1113 1114/1114/1114 1105/1105/1105
f 1113/1113/1113 1098/1098/1098 1103/1103/1103
f 1114/1114/1114 1113/1113/1113 1103/1103/1103
f 1100/1100/1100 1115/1115/1115 1107/1107/1107
f 1115/1115/1115 1100/1100/1100 1105/1105/1105
f 1115/1115/1115 1116/1116/1116 1107/1107/1107
f 1116/1116/1116 1115/1115/1115 1105/1105/1105
f 1117/1117/1117 1109/1109/1109 1107/1107/1107
f 1109/1109/1109 1117/1117/1117 1111/1111/1111
f 1116/1116/1116 1117/1117/1117 1107/1107/1107
f 1117/1117/1117 1116/1116/1116 1111/1111/1111
f 1114/1114/1114 1118/1118/1118 1105/1105/1105
f 1118/1118/1118 1116/1116/1116 1105/1105/1105
f 1116/1116/1116 1118/1118/1118 1119/1119/1119
f 1118/1118/1118 1114/1114/1114 1119/1119/1119
f 1116/1116/1116 1120/1120/1120 1111/1111/1111
f 1120/1120/1120 1116/1116/1116 1119/1119/1119
f 1120/1120/1120 1121/1121/1121 1111/1111/1111
f 1121/1121/1121 1120/1120/1120 1119/1119/1119
f 1121/1121/1121 1122/1122/1122 1111/1111/1111
f 1122/1122/1122 1121/1121/1121 1123/1123/1123
f 1122/1122/1122 1112/1112/1112 1111/1111/1111
f 1112/1112/1112 1122/1122/1122 1123/1123/1123
f 1124/1124/1124 1112/1112/1112 1123/1123/1123
f 1112/1112/1112 1124/1124/1124 934/934/934
f 1125/1125/1125 1124/1124/1124 1123/1123/1123
f 1124/1124/1124 1125/1125/1125 934/934/934
f 1114/1114/1114 1126/1126/1126 1119/1119/1119
f 1126/1126/1126 1127/1127/1127 1119/1119/1119
f 1126/1126/1126 1114/1114/1114 1128/1128/1128
f 1127/1127/1127 1126/1126/1126 1128/1128/1128
f 1129/1129/1129 1121/1121/1121 1119/1119/1119
f 1127/1127/1127 1129/1129/1129 1119/1119/1119
f 1121/1121/1121 1129/1129/1129 1130/1130/1130
f 1129/1129/1129 1127/1127/1127 1130/1130/1130
f 1121/1121/1121 1131/1131/1131 1123/1123/1123
f 1131/1131/1131 1121/1121/1121 1130/1130/1130
f 1131/1131/1131 1132/1132/1132 1123/1123/1123
f 1132/1132/1132 1131/1131/1131 1130/1130/1130
f 1133/1133/1133 1125/1125/1125 1123/1123/1123
f 1132/1132/1132 1133/1133/1133 1123/1123/1123
f 1125/1125/1125 1133/1133/1133 1134/1134/1134
f 1133/1133/1133 1132/1132/1132 1134/1134/1134
f 1125/1125/1125 1135/1135/1135 934/934/934
f 1135/1135/1135 1125/1125/1125 1134/1134/1134
f 1114/1114/1114 1136/1136/1136 1128/1128/1128
f 1136/1136/1136 1137/1137/1137 1128/1128/1128
f 1136/1136/1136 1114/1114/1114 1103/1103/1103
f 1137/1137/1137 1136/1136/1136 1103/1103/1103
f 1135/1135/1135 1138/1138/1138 934/934/934
f 1138/1138/1138 1135/1135/1135 1134/1134/1134
f 1139/1139/1139 1137/1137/1137 1103/1103/1103
f 1069/1069/1069 1139/1139/1139 1103/1103/1103
f 1139/1139/1139 1069/1069/1069 1072/1072/1072
f 1137/1137/1137 1139/1139/1139 1072/1072/1072
f 1140/1140/1140 1137/1137/1137 1072/1072/1072
f 1137/1137/1137 1140/1140/1140 1141/1141/1141
f 1142/1142/1142 1137/1137/1137 1141/1141/1141
f 1137/1137/1137 1142/1142/1142 1128/1128/1128
f 1143/1143/1143 1142/1142/1142 1141/1141/1141
f 1142/1142/1142 1143/1143/1143 1128/1128/1128
f 1144/1144/1144 1143/1143/1143 1141/1141/1141
f 1143/1143/1143 1144/1144/1144 1145/1145/1145
f 1143/1143/1143 1146/1146/1146 1128/1128/1128
f 1146/1146/1146 1143/1143/1143 1147/1147/1147
f 1146/1146/1146 1127/1127/1127 1128/1128/1128
f 1127/1127/1127 1146/1146/1146 1147/1147/1147
f 1148/1148/1148 1143/1143/1143 1145/1145/1145
f 1143/1143/1143 1148/1148/1148 1147/1147/1147
f 1149/1149/1149 1148/1148/1148 1145/1145/1145
f 1148/1148/1148 1149/1149/1149 1147/1147/1147
f 1150/1150/1150 1149/1149/1149 1145/1145/1145
f 1149/1149/1149 1150/1150/1150 1151/1151/1151
f 1152/1152/1152 1127/1127/1127 1147/1147/1147
f 1153/1153/1153 1152/1152/1152 1147/1147/1147
f 1127/1127/1127 1152/1152/1152 1130/1130/1130
f 1152/1152/1152 1153/1153/1153 1130/1130/1130
f 1149/1149/1149 1154/1154/1154 1147/1147/1147
f 1154/1154/1154 1153/1153/1153 1147/1147/1147
f 1154/1154/1154 1149/1149/1149 1155/1155/1155
f 1153/1153/1153 1154/1154/1154 1155/1155/1155
f 1156/1156/1156 1149/1149/1149 1151/1151/1151
f 1149/1149/1149 1156/1156/1156 1155/1155/1155
f 1157/1157/1157 1156/1156/1156 1151/1151/1151
f 1156/1156/1156 1157/1157/1157 1155/1155/1155
f 1158/1158/1158 1157/1157/1157 1151/1151/1151
f 1157/1157/1157 1158/1158/1158 1159/1159/1159
f 1153/1153/1153 1160/1160/1160 1130/1130/1130
f 1160/1160/1160 1153/1153/1153 1161/1161/1161
f 1160/1160/1160 1132/1132/1132 1130/1130/1130
f 1132/1132/1132 1160/1160/1160 1161/1161/1161
f 1162/1162/1162 1153/1153/1153 1155/1155/1155
f 1153/1153/1153 1162/1162/1162 1161/1161/1161
f 1163/1163/1163 1162/1162/1162 1155/1155/1155
f 1162/1162/1162 1163/1163/1163 1161/1161/1161
f 1157/1157/1157 1164/1164/1164 1155/1155/1155
f 1164/1164/1164 1163/1163/1163 1155/1155/1155
f 1164/1164/1164 1157/1157/1157 1165/1165/1165
f 1163/1163/1163 1164/1164/1164 1165/1165/1165
f 1166/1166/1166 1157/1157/1157 1159/1159/1159
f 1157/1157/1157 1166/1166/1166 1165/1165/1165
f 1167/1167/1167 1166/1166/1166 1159/1159/1159
f 1166/1166/1166 1167/1167/1167 1165/1165/1165
f 1168/1168/1168 1167/1167/1167 1159/1159/1159
f 1167/1167/1167 1168/1168/1168 1169/1169/1169
f 1170/1170/1170 1132/1132/1132 1161/1161/1161
f 1171/1171/1171 1170/1170/1170 1161/1161/1161
f 1132/1132/1132 1170/1170/1170 1134/1134/1134
f 1170/1170/1170 1171/1171/1171 1134/1134/1134
f 1163/1163/1163 1172/1172/1172 1161/1161/1161
f 1172/1172/1172 1171/1171/1171 1161/1161/1161
f 1172/1172/1172 1163/1163/1163 1173/1173/1173
f 1171/1171/1171 1172/1172/1172 1173/1173/1173
f 1174/1174/1174 1163/1163/1163 1165/1165/1165
f 1163/1163/1163 1174/1174/1174 1173/1173/1173
f 1175/1175/1175 1174/1174/1174 1165/1165/1165
f 1174/1174/1174 1175/1175/1175 1173/1173/1173
f 1167/1167/1167 1176/1176/1176 1165/1165/1165
f 1176/1176/1176 1175/1175/1175 1165/1165/1165
f 1176/1176/1176 1167/1167/1167 1177/1177/1177
f 1175/1175/1175 1176/1176/1176 1177/1177/1177
f 1178/1178/1178 1167/1167/1167 1169/1169/1169
f 1167/1167/1167 1178/1178/1178 1177/1177/1177
f 1179/1179/1179 1178/1178/1178 1169/1169/1169
f 1178/1178/1178 1179/1179/1179 1177/1177/1177
f 1180/1180/1180 1179/1179/1179 1169/1169/1169
f 1179/1179/1179 1180/1180/1180 1181/1181/1181
f 1182/1182/1182 1179/1179/1179 1181/1181/1181
f 1183/1183/1183 1182/1182/1182 1181/1181/1181
f 1179/1179/1179 1182/1182/1182 1184/1184/1184
f 1182/1182/1182 1183/1183/1183 1184/1184/1184
f 1185/1185/1185 1183/1183/1183 1181/1181/1181
f 1183/1183/1183 1185/1185/1185 977/977/977
f 1179/1179/1179 1186/1186/1186 1177/1177/1177
f 1186/1186/1186 1179/1179/1179 1184/1184/1184
f 1186/1186/1186 1187/1187/1187 1177/1177/1177
f 1187/1187/1187 1186/1186/1186 1184/1184/1184
f 1188/1188/1188 1175/1175/1175 1177/1177/1177
f 1187/1187/1187 1188/1188/1188 1177/1177/1177
f 1175/1175/1175 1188/1188/1188 1189/1189/1189
f 1188/1188/1188 1187/1187/1187 1189/1189/1189
f 1190/1190/1190 1183/1183/1183 977/977/977
f 1183/1183/1183 1190/1190/1190 1191/1191/1191
f 975/975/975 1190/1190/1190 977/977/977
f 1190/1190/1190 975/975/975 1191/1191/1191
f 1183/1183/1183 1192/1192/1192 1184/1184/1184
f 1192/1192/1192 1183/1183/1183 1191/1191/1191
f 1192/1192/1192 1193/1193/1193 1184/1184/1184
f 1193/1193/1193 1192/1192/1192 1191/1191/1191
f 1194/1194/1194 1175/1175/1175 1189/1189/1189
f 1195/1195/1195 1194/1194/1194 1189/1189/1189
f 1175/1175/1175 1194/1194/1194 1173/1173/1173
f 1194/1194/1194 1195/1195/1195 1173/1173/1173
f 1196/1196/1196 1187/1187/1187 1184/1184/1184
f 1193/1193/1193 1196/1196/1196 1184/1184/1184
f 1187/1187/1187 1196/1196/1196 1197/1197/1197
f 1196/1196/1196 1193/1193/1193 1197/1197/1197
f 975/975/975 1198/1198/1198 1191/1191/1191
f 1198/1198/1198 1199/1199/1199 1191/1191/1191
f 1198/1198/1198 975/975/975 969/969/969
f 1199/1199/1199 1198/1198/1198 969/969/969
f 1187/1187/1187 1200/1200/1200 1189/1189/1189
f 1200/1200/1200 1187/1187/1187 1197/1197/1197
f 1200/1200/1200 1201/1201/1201 1189/1189/1189
f 1201/1201/1201 1200/1200/1200 1197/1197/1197
f 1195/1195/1195 1202/1202/1202 1173/1173/1173
f 1202/1202/1202 1195/1195/1195 1203/1203/1203
f 1202/1202/1202 1171/1171/1171 1173/1173/1173
f 1171/1171/1171 1202/1202/1202 1203/1203/1203
f 1199/1199/1199 1204/1204/1204 1191/1191/1191
f 1204/1204/1204 1199/1199/1199 1205/1205/1205
f 1204/1204/1204 1193/1193/1193 1191/1191/1191
f 1193/1193/1193 1204/1204/1204 1205/1205/1205
f 1206/1206/1206 1195/1195/1195 1189/1189/1189
f 1201/1201/1201 1206/1206/1206 1189/1189/1189
f 1195/1195/1195 1206/1206/1206 1207/1207/1207
f 1206/1206/1206 1201/1201/1201 1207/1207/1207
f 1193/1193/1193 1208/1208/1208 1197/1197/1197
f 1208/1208/1208 1193/1193/1193 1205/1205/1205
f 1208/1208/1208 1209/1209/1209 1197/1197/1197
f 1209/1209/1209 1208/1208/1208 1205/1205/1205
f 1210/1210/1210 1171/1171/1171 1203/1203/1203
f 1171/1171/1171 1210/1210/1210 1134/1134/1134
f 1210/1210/1210 1138/1138/1138 1134/1134/1134
f 1138/1138/1138 1210/1210/1210 1203/1203/1203
f 1195/1195/1195 1211/1211/1211 1203/1203/1203
f 1211/1211/1211 1195/1195/1195 1207/1207/1207
f 1212/1212/1212 1138/1138/1138 1203/1203/1203
f 1138/1138/1138 1212/1212/1212 934/934/934
f 1211/1211/1211 1213/1213/1213 1203/1203/1203
f 1213/1213/1213 1212/1212/1212 1203/1203/1203
f 1212/1212/1212 1213/1213/1213 934/934/934
f 1213/1213/1213 1211/1211/1211 1207/1207/1207
f 1213/1213/1213 1214/1214/1214 934/934/934
f 1214/1214/1214 1213/1213/1213 1207/1207/1207
f 1214/1214/1214 1215/1215/1215 934/934/934
f 1215/1215/1215 1214/1214/1214 1207/1207/1207
f 1216/1216/1216 1215/1215/1215 1207/1207/1207
f 1215/1215/1215 1216/1216/1216 1217/1217/1217
f 1201/1201/1201 1216/1216/1216 1207/1207/1207
f 1216/1216/1216 1201/1201/1201 1217/1217/1217
f 1215/1215/1215 1218/1218/1218 934/934/934
f 1218/1218/1218 1215/1215/1215 1217/1217/1217
f 1201/1201/1201 1219/1219/1219 1217/1217/1217
f 1219/1219/1219 1201/1201/1201 1197/1197/1197
f 1209/1209/1209 1219/1219/1219 1197/1197/1197
f 1219/1219/1219 1209/1209/1209 1217/1217/1217
f 1220/1220/1220 1218/1218/1218 1217/1217/1217
f 1218/1218/1218 1220/1220/1220 934/934/934
f 1209/1209/1209 1221/1221/1221 1217/1217/1217
f 1221/1221/1221 1220/1220/1220 1217/1217/1217
f 1221/1221/1221 1209/1209/1209 1222/1222/1222
f 1220/1220/1220 1221/1221/1221 1222/1222/1222
f 1220/1220/1220 1223/1223/1223 934/934/934
f 1223/1223/1223 1220/1220/1220 1222/1222/1222
f 1209/1209/1209 1224/1224/1224 1222/1222/1222
f 1224/1224/1224 1225/1225/1225 1222/1222/1222
f 1224/1224/1224 1209/1209/1209 1205/1205/1205
f 1225/1225/1225 1224/1224/1224 1205/1205/1205
f 1226/1226/1226 1223/1223/1223 1222/1222/1222
f 1223/1223/1223 1226/1226/1226 934/934/934
f 1227/1227/1227 1225/1225/1225 1205/1205/1205
f 1225/1225/1225 1227/1227/1227 1228/1228/1228
f 1199/1199/1199 1227/1227/1227 1205/1205/1205
f 1227/1227/1227 1199/1199/1199 1228/1228/1228
f 1225/1225/1225 1229/1229/1229 1222/1222/1222
f 1229/1229/1229 1226/1226/1226 1222/1222/1222
f 1229/1229/1229 1225/1225/1225 1230/1230/1230
f 1226/1226/1226 1229/1229/1229 1230/1230/1230
f 1226/1226/1226 1231/1231/1231 934/934/934
f 1231/1231/1231 1226/1226/1226 1230/1230/1230
f 1231/1231/1231 1232/1232/1232 934/934/934
f 1232/1232/1232 1231/1231/1231 1230/1230/1230
f 1232/1232/1232 955/955/955 934/934/934
f 955/955/955 1232/1232/1232 949/949/949
f 1199/1199/1199 1233/1233/1233 1228/1228/1228
f 1233/1233/1233 1199/1199/1199 969/969/969
f 961/961/961 1233/1233/1233 969/969/969
f 1233/1233/1233 961/961/961 1228/1228/1228
f 1225/1225/1225 1234/1234/1234 1230/1230/1230
f 1234/1234/1234 1225/1225/1225 1228/1228/1228
f 1234/1234/1234 1235/1235/1235 1230/1230/1230
f 1235/1235/1235 1234/1234/1234 1228/1228/1228
f 1236/1236/1236 1232/1232/1232 1230/1230/1230
f 1232/1232/1232 1236/1236/1236 949/949/949
f 1235/1235/1235 1236/1236/1236 1230/1230/1230
f 1236/1236/1236 1235/1235/1235 949/949/949
f 961/961/961 1237/1237/1237 1228/1228/1228
f 1237/1237/1237 1235/1235/1235 1228/1228/1228
f 1237/1237/1237 961/961/961 954/954/954
f 1235/1235/1235 1237/1237/1237 954/954/954
f 1235/1235/1235 1238/1238/1238 949/949/949
f 1238/1238/1238 1235/1235/1235 954/954/954
f 1238/1238/1238 947/947/947 949/949/949
f 947/947/947 1238/1238/1238 954/954/954
