g roboball2tire
v 0.03667274 0.19888395 0.46249247
v 0.050740015 0.19370624 0.46281937
v 0.042513892 0.18780676 0.46597525
v 0.050740015 0.19370624 0.46281937
v 0.03667274 0.19888395 0.46249247
v 0.046821777 0.20118894 0.46056694
v 0.042513892 0.18780676 0.46597525
v 0.0574959 0.18843487 0.46454805
v 0.052549213 0.17991374 0.46841386
v 0.0574959 0.18843487 0.46454805
v 0.042513892 0.18780676 0.46597525
v 0.050740015 0.19370624 0.46281937
v 0.06674851 0.18582234 0.4654458
v 0.052549213 0.17991374 0.46841386
v 0.0574959 0.18843487 0.46454805
v 0.07998624 0.17678979 0.46854216
v 0.088764295 0.19031925 0.46274596
v 0.094044134 0.1817209 0.46562123
v 0.094044134 0.1817209 0.46562123
v 0.113210544 0.2074336 0.45202935
v 0.11968789 0.19969405 0.45444518
v 0.113210544 0.2074336 0.45202935
v 0.094044134 0.1817209 0.46562123
v 0.088764295 0.19031925 0.46274596
v 0.11968789 0.19969405 0.45444518
v 0.13833301 0.22407132 0.43797275
v 0.14481033 0.2163318 0.4403886
v 0.13833301 0.22407132 0.43797275
v 0.11968789 0.19969405 0.45444518
v 0.113210544 0.2074336 0.45202935
v 0.19255741 0.24499172 0.40418595
v 0.20725518 0.2639764 0.38102096
v 0.2147349 0.25674555 0.3823789
v 0.20725518 0.2639764 0.38102096
v 0.19255741 0.24499172 0.40418595
v 0.18608005 0.25273126 0.40177014
v 0.2147349 0.25674555 0.3823789
v 0.21234399 0.27011758 0.37208217
v 0.22123182 0.26459187 0.37112293
v 0.21234399 0.27011758 0.37208217
v 0.2147349 0.25674555 0.3823789
v 0.20725518 0.2639764 0.38102096
v 0.22123182 0.26459187 0.37112293
v 0.21388759 0.277288 0.36396173
v 0.22338356 0.27422416 0.360554
v 0.21388759 0.277288 0.36396173
v 0.22123182 0.26459187 0.37112293
v 0.21234399 0.27011758 0.37208217
v 0.22338356 0.27422416 0.360554
v 0.21216337 0.2845804 0.35787153
v 0.2210825 0.28467864 0.35217386
v 0.21216337 0.2845804 0.35787153
v 0.22338356 0.27422416 0.360554
v 0.21388759 0.277288 0.36396173
v 0.2210825 0.28467864 0.35217386
v 0.20786357 0.2913785 0.3544489
v 0.21474925 0.2948729 0.34718195
v 0.20786357 0.2913785 0.3544489
v 0.2210825 0.28467864 0.35217386
v 0.21216337 0.2845804 0.35787153
v 0.21474925 0.2948729 0.34718195
v 0.20148925 0.2973345 0.35389042
v 0.20520604 0.30364883 0.3462525
v 0.20148925 0.2973345 0.35389042
v 0.21474925 0.2948729 0.34718195
v 0.20786357 0.2913785 0.3544489
v 0.19331086 0.3018744 0.3562873
v 0.20520604 0.30364883 0.3462525
v 0.20148925 0.2973345 0.35389042
v 0.18103124 0.3126261 0.3561295
v 0.17449544 0.3031198 0.36880273
v 0.16902049 0.31136802 0.365329
v 0.16902049 0.31136802 0.365329
v 0.15332031 0.29187468 0.38955188
v 0.14684297 0.29961422 0.38713604
v 0.15332031 0.29187468 0.38955188
v 0.16902049 0.31136802 0.365329
v 0.17449544 0.3031198 0.36880273
v 0.14684297 0.29961422 0.38713604
v 0.12993915 0.27836126 0.40894896
v 0.123461805 0.28610078 0.40653312
v 0.12993915 0.27836126 0.40894896
v 0.14684297 0.29961422 0.38713604
v 0.15332031 0.29187468 0.38955188
v 0.07397345 0.25431657 0.4373952
v 0.05600456 0.22946265 0.45052767
v 0.0483297 0.2363434 0.44857123
v 0.05600456 0.22946265 0.45052767
v 0.07397345 0.25431657 0.4373952
v 0.080450796 0.24657701 0.43981102
v 0.0483297 0.2363434 0.44857123
v 0.049255982 0.2203435 0.45437607
v 0.039785635 0.224824 0.45354873
v 0.049255982 0.2203435 0.45437607
v 0.0483297 0.2363434 0.44857123
v 0.05600456 0.22946265 0.45052767
v 0.039785635 0.224824 0.45354873
v 0.046171743 0.21040875 0.45777136
v 0.035728637 0.21177317 0.4582742
v 0.046171743 0.21040875 0.45777136
v 0.039785635 0.224824 0.45354873
v 0.049255982 0.2203435 0.45437607
v 0.035728637 0.21177317 0.4582742
v 0.046821777 0.20118894 0.46056694
v 0.03667274 0.19888395 0.46249247
v 0.046821777 0.20118894 0.46056694
v 0.035728637 0.21177317 0.4582742
v 0.046171743 0.21040875 0.45777136
v -0.04251497 0.1878067 0.4659753
v -0.046822846 0.20118894 0.46056703
v -0.03667381 0.19888392 0.4624926
v -0.046822846 0.20118894 0.46056703
v -0.04251497 0.1878067 0.4659753
v -0.05074109 0.19370617 0.46281943
v -0.03667381 0.19888392 0.4624926
v -0.04617284 0.2104087 0.45777145
v -0.035729732 0.21177313 0.4582743
v -0.04617284 0.2104087 0.45777145
v -0.03667381 0.19888392 0.4624926
v -0.046822846 0.20118894 0.46056703
v -0.04925708 0.22034341 0.45437613
v -0.035729732 0.21177313 0.4582743
v -0.04617284 0.2104087 0.45777145
v -0.03978674 0.22482392 0.4535488
v -0.05600567 0.22946256 0.45052773
v -0.04833082 0.23634332 0.44857132
v -0.04833082 0.23634332 0.44857132
v -0.08045193 0.24657689 0.4398111
v -0.07397459 0.25431645 0.43739527
v -0.08045193 0.24657689 0.4398111
v -0.04833082 0.23634332 0.44857132
v -0.05600567 0.22946256 0.45052773
v -0.123462915 0.28610057 0.40653303
v -0.15332142 0.2918744 0.38955176
v -0.14684407 0.29961395 0.38713592
v -0.15332142 0.2918744 0.38955176
v -0.123462915 0.28610057 0.40653303
v -0.12994026 0.278361 0.40894887
v -0.14684407 0.29961395 0.38713592
v -0.17449652 0.30311948 0.3688026
v -0.16902155 0.31136775 0.36532888
v -0.17449652 0.30311948 0.3688026
v -0.14684407 0.29961395 0.38713592
v -0.15332142 0.2918744 0.38955176
v -0.16902155 0.31136775 0.36532888
v -0.18393542 0.30406287 0.36148626
v -0.18103231 0.31262574 0.35612938
v -0.18393542 0.30406287 0.36148626
v -0.16902155 0.31136775 0.36532888
v -0.17449652 0.30311948 0.3688026
v -0.19331191 0.30187404 0.35628715
v -0.18103231 0.31262574 0.35612938
v -0.18393542 0.30406287 0.36148626
v -0.19354665 0.3098761 0.34942532
v -0.20149034 0.29733413 0.3538903
v -0.20520711 0.30364844 0.34625235
v -0.20520711 0.30364844 0.34625235
v -0.20786463 0.2913781 0.35444874
v -0.21475032 0.29487252 0.34718174
v -0.20786463 0.2913781 0.35444874
v -0.20520711 0.30364844 0.34625235
v -0.20149034 0.29733413 0.3538903
v -0.21475032 0.29487252 0.34718174
v -0.21216445 0.28458 0.3578714
v -0.22108357 0.28467825 0.35217375
v -0.21216445 0.28458 0.3578714
v -0.21475032 0.29487252 0.34718174
v -0.20786463 0.2913781 0.35444874
v -0.22108357 0.28467825 0.35217375
v -0.21388866 0.2772876 0.36396155
v -0.22338462 0.27422377 0.36055383
v -0.21388866 0.2772876 0.36396155
v -0.22108357 0.28467825 0.35217375
v -0.21216445 0.28458 0.3578714
v -0.21234508 0.27011716 0.37208205
v -0.22338462 0.27422377 0.36055383
v -0.21388866 0.2772876 0.36396155
v -0.22123289 0.2645915 0.37112278
v -0.20725624 0.26397604 0.38102084
v -0.21473594 0.25674516 0.38237876
v -0.21473594 0.25674516 0.38237876
v -0.18608113 0.25273094 0.40176997
v -0.19255847 0.24499138 0.4041858
v -0.18608113 0.25273094 0.40176997
v -0.21473594 0.25674516 0.38237876
v -0.20725624 0.26397604 0.38102084
v -0.1448114 0.21633154 0.4403885
v -0.113211624 0.20743342 0.4520293
v -0.119688965 0.19969386 0.45444512
v -0.113211624 0.20743342 0.4520293
v -0.1448114 0.21633154 0.4403885
v -0.13833405 0.22407112 0.43797266
v -0.119688965 0.19969386 0.45444512
v -0.08876537 0.1903191 0.46274593
v -0.0940452 0.18172075 0.46562114
v -0.08876537 0.1903191 0.46274593
v -0.119688965 0.19969386 0.45444512
v -0.113211624 0.20743342 0.4520293
v -0.0940452 0.18172075 0.46562114
v -0.07766673 0.18639772 0.46497196
v -0.07998731 0.17678966 0.46854222
v -0.07766673 0.18639772 0.46497196
v -0.0940452 0.18172075 0.46562114
v -0.08876537 0.1903191 0.46274593
v -0.066749595 0.18582223 0.46544585
v -0.07998731 0.17678966 0.46854222
v -0.07766673 0.18639772 0.46497196
v -0.065567695 0.17612077 0.46940282
v -0.05749697 0.18843478 0.4645481
v -0.05255028 0.17991367 0.46841392
v -0.05255028 0.17991367 0.46841392
v -0.05074109 0.19370617 0.46281943
v -0.04251497 0.1878067 0.4659753
v -0.05074109 0.19370617 0.46281943
v -0.05255028 0.17991367 0.46841392
v -0.05749697 0.18843478 0.4645481
v 0.036672603 0.40348485 0.30108818
v 0.05073989 0.3991643 0.30396014
v 0.042513773 0.3956331 0.30964297
v 0.05073989 0.3991643 0.30396014
v 0.036672603 0.40348485 0.30108818
v 0.046821643 0.4045183 0.29826814
v 0.042513773 0.3956331 0.30964297
v 0.057495784 0.39546347 0.30809292
v 0.052549098 0.39001685 0.31570137
v 0.057495784 0.39546347 0.30809292
v 0.042513773 0.3956331 0.30964297
v 0.05073989 0.3991643 0.30396014
v 0.052549098 0.39001685 0.31570137
v 0.066748396 0.3936498 0.31017664
v 0.0655665 0.38722655 0.3184542
v 0.066748396 0.3936498 0.31017664
v 0.052549098 0.39001685 0.31570137
v 0.057495784 0.39546347 0.30809292
v 0.07766555 0.39391124 0.30947846
v 0.0655665 0.38722655 0.3184542
v 0.066748396 0.3936498 0.31017664
v 0.07998613 0.38737556 0.31737447
v 0.08876419 0.39619434 0.3055901
v 0.09404403 0.39018556 0.31237936
v 0.09404403 0.39018556 0.31237936
v 0.11321042 0.4056575 0.28775206
v 0.11968777 0.40016276 0.29371402
v 0.11321042 0.4056575 0.28775206
v 0.09404403 0.39018556 0.31237936
v 0.08876419 0.39619434 0.3055901
v 0.11968777 0.40016276 0.29371402
v 0.13833289 0.4130379 0.26725984
v 0.14481023 0.40754318 0.2732218
v 0.13833289 0.4130379 0.26725984
v 0.11968777 0.40016276 0.29371402
v 0.11321042 0.4056575 0.28775206
v 0.14481023 0.40754318 0.2732218
v 0.1626988 0.41775236 0.24513257
v 0.16917616 0.41225764 0.25109452
v 0.1626988 0.41775236 0.24513257
v 0.14481023 0.40754318 0.2732218
v 0.13833289 0.4130379 0.26725984
v 0.19255732 0.4142621 0.2275394
v 0.2072551 0.41912082 0.19798563
v 0.21473481 0.41353768 0.20277707
v 0.2072551 0.41912082 0.19798563
v 0.19255732 0.4142621 0.2275394
v 0.18607996 0.4197568 0.22157747
v 0.22123177 0.4147048 0.18910591
v 0.21388754 0.42211935 0.17655607
v 0.22338352 0.41776213 0.1751368
v 0.21388754 0.42211935 0.17655607
v 0.22123177 0.4147048 0.18910591
v 0.21234395 0.4199698 0.18717381
v 0.22338352 0.41776213 0.1751368
v 0.2121633 0.42538965 0.16763563
v 0.22108242 0.4226259 0.1626522
v 0.2121633 0.42538965 0.16763563
v 0.22338352 0.41776213 0.1751368
v 0.21388754 0.42211935 0.17655607
v 0.22108242 0.4226259 0.1626522
v 0.20786352 0.42956567 0.16127248
v 0.2147492 0.42895842 0.15323187
v 0.20786352 0.42956567 0.16127248
v 0.22108242 0.4226259 0.1626522
v 0.2121633 0.42538965 0.16763563
v 0.2147492 0.42895842 0.15323187
v 0.20148918 0.43444446 0.15781087
v 0.20520596 0.43609387 0.14803904
v 0.20148918 0.43444446 0.15781087
v 0.2147492 0.42895842 0.15323187
v 0.20786352 0.42956567 0.16127248
v 0.20520596 0.43609387 0.14803904
v 0.19331077 0.43957457 0.1576166
v 0.19354552 0.44307366 0.14767304
v 0.19331077 0.43957457 0.1576166
v 0.20520596 0.43609387 0.14803904
v 0.20148918 0.43444446 0.15781087
v 0.18393429 0.44406968 0.16102472
v 0.19354552 0.44307366 0.14767304
v 0.19331077 0.43957457 0.1576166
v 0.18103118 0.4488069 0.15210411
v 0.17449535 0.44691083 0.16783258
v 0.16902038 0.45231715 0.16070014
v 0.16902038 0.45231715 0.16070014
v 0.15332025 0.44754684 0.19142443
v 0.1468429 0.45304155 0.18546249
v 0.15332025 0.44754684 0.19142443
v 0.16902038 0.45231715 0.16070014
v 0.17449535 0.44691083 0.16783258
v 0.1468429 0.45304155 0.18546249
v 0.12993905 0.44554242 0.21497948
v 0.12346171 0.45103714 0.20901754
v 0.12993905 0.44554242 0.21497948
v 0.1468429 0.45304155 0.18546249
v 0.15332025 0.44754684 0.19142443
v 0.12346171 0.45103714 0.20901754
v 0.105573155 0.44082794 0.23710676
v 0.09909581 0.44632265 0.23114482
v 0.105573155 0.44082794 0.23710676
v 0.12346171 0.45103714 0.20901754
v 0.12993905 0.44554242 0.21497948
v 0.073973335 0.43894225 0.25163704
v 0.056004442 0.42398438 0.275437
v 0.04832959 0.42896506 0.27030233
v 0.056004442 0.42398438 0.275437
v 0.073973335 0.43894225 0.25163704
v 0.080450684 0.43344754 0.25759897
v 0.039785504 0.42147768 0.28037262
v 0.04617162 0.41110504 0.29123718
v 0.035728514 0.41253808 0.29099044
v 0.04617162 0.41110504 0.29123718
v 0.039785504 0.42147768 0.28037262
v 0.049255855 0.41801113 0.2833294
v 0.035728514 0.41253808 0.29099044
v 0.046821643 0.4045183 0.29826814
v 0.036672603 0.40348485 0.30108818
v 0.046821643 0.4045183 0.29826814
v 0.035728514 0.41253808 0.29099044
v 0.04617162 0.41110504 0.29123718
v -0.04251509 0.39563304 0.30964306
v -0.046822984 0.40451825 0.2982682
v -0.036673952 0.40348482 0.30108824
v -0.046822984 0.40451825 0.2982682
v -0.04251509 0.39563304 0.30964306
v -0.05074122 0.3991642 0.30396023
v -0.046172976 0.41110498 0.29123726
v -0.036673952 0.40348482 0.30108824
v -0.046822984 0.40451825 0.2982682
v -0.03978688 0.42147765 0.28037274
v -0.056005813 0.42398426 0.2754371
v -0.04833096 0.42896497 0.2703024
v -0.04833096 0.42896497 0.2703024
v -0.080452055 0.4334474 0.25759903
v -0.07397471 0.43894213 0.25163704
v -0.080452055 0.4334474 0.25759903
v -0.04833096 0.42896497 0.2703024
v -0.056005813 0.42398426 0.2754371
v -0.12346305 0.4510369 0.20901756
v -0.15332158 0.4475465 0.19142438
v -0.14684424 0.45304126 0.18546245
v -0.15332158 0.4475465 0.19142438
v -0.12346305 0.4510369 0.20901756
v -0.12994039 0.44554213 0.2149795
v -0.14684424 0.45304126 0.18546245
v -0.17449665 0.44691044 0.16783252
v -0.16902168 0.4523168 0.16070008
v -0.17449665 0.44691044 0.16783252
v -0.14684424 0.45304126 0.18546245
v -0.15332158 0.4475465 0.19142438
v -0.1839355 0.44406927 0.16102466
v -0.16902168 0.4523168 0.16070008
v -0.17449665 0.44691044 0.16783252
v -0.19354677 0.4430732 0.147673
v -0.20149042 0.434444 0.15781079
v -0.20520718 0.4360934 0.14803897
v -0.20520718 0.4360934 0.14803897
v -0.20786473 0.4295652 0.16127239
v -0.2147504 0.42895797 0.15323178
v -0.20786473 0.4295652 0.16127239
v -0.20520718 0.4360934 0.14803897
v -0.20149042 0.434444 0.15781079
v -0.2147504 0.42895797 0.15323178
v -0.21216454 0.42538917 0.16763555
v -0.22108364 0.42262542 0.1626521
v -0.21216454 0.42538917 0.16763555
v -0.2147504 0.42895797 0.15323178
v -0.20786473 0.4295652 0.16127239
v -0.21388875 0.42211884 0.176556
v -0.22108364 0.42262542 0.1626521
v -0.21216454 0.42538917 0.16763555
v -0.221233 0.41470426 0.18910582
v -0.20725636 0.4191203 0.19798554
v -0.21473606 0.4135372 0.20277698
v -0.21473606 0.4135372 0.20277698
v -0.18608126 0.41975644 0.2215774
v -0.1925586 0.41426167 0.22753935
v -0.18608126 0.41975644 0.2215774
v -0.21473606 0.4135372 0.20277698
v -0.20725636 0.4191203 0.19798554
v -0.11968908 0.4001625 0.29371396
v -0.08876551 0.3961942 0.30559006
v -0.09404534 0.3901854 0.31237927
v -0.08876551 0.3961942 0.30559006
v -0.11968908 0.4001625 0.29371396
v -0.113211736 0.40565723 0.287752
v -0.07766684 0.39391112 0.30947855
v -0.09404534 0.3901854 0.31237927
v -0.08876551 0.3961942 0.30559006
v -0.065567814 0.38722646 0.31845427
v -0.0574971 0.3954634 0.30809298
v -0.052550416 0.3900168 0.31570143
v -0.052550416 0.3900168 0.31570143
v -0.05074122 0.3991642 0.30396023
v -0.04251509 0.39563304 0.30964306
v -0.05074122 0.3991642 0.30396023
v -0.052550416 0.3900168 0.31570143
v -0.0574971 0.3954634 0.30809298
v 0.03667326 -0.059007272 0.4999722
v 0.050740544 -0.06365476 0.49766645
v 0.042514425 -0.07034181 0.49744976
v 0.050740544 -0.06365476 0.49766645
v 0.03667326 -0.059007272 0.4999722
v 0.046822295 -0.056048315 0.49945715
v 0.042514425 -0.07034181 0.49744976
v 0.057496425 -0.06908425 0.4965278
v 0.05254973 -0.078396656 0.49561512
v 0.057496425 -0.06908425 0.4965278
v 0.042514425 -0.07034181 0.49744976
v 0.050740544 -0.06365476 0.49766645
v 0.05254973 -0.078396656 0.49561512
v 0.066749044 -0.071795665 0.49599895
v 0.06556714 -0.082175866 0.49457505
v 0.066749044 -0.071795665 0.49599895
v 0.05254973 -0.078396656 0.49561512
v 0.057496425 -0.06908425 0.4965278
v 0.06556714 -0.082175866 0.49457505
v 0.07766617 -0.07106031 0.4958763
v 0.079986766 -0.081166275 0.49416423
v 0.07766617 -0.07106031 0.4958763
v 0.06556714 -0.082175866 0.49457505
v 0.066749044 -0.071795665 0.49599895
v 0.079986766 -0.081166275 0.49416423
v 0.08876484 -0.06655128 0.4959093
v 0.09404468 -0.075435296 0.49410018
v 0.08876484 -0.06655128 0.4959093
v 0.079986766 -0.081166275 0.49416423
v 0.07766617 -0.07106031 0.4958763
v 0.09404468 -0.075435296 0.49410018
v 0.11321109 -0.046371523 0.49518558
v 0.11968844 -0.054282088 0.493408
v 0.11321109 -0.046371523 0.49518558
v 0.09404468 -0.075435296 0.49410018
v 0.08876484 -0.06655128 0.4959093
v 0.11968844 -0.054282088 0.493408
v 0.13833354 -0.024934547 0.49133104
v 0.14481089 -0.032845113 0.48955345
v 0.13833354 -0.024934547 0.49133104
v 0.11968844 -0.054282088 0.493408
v 0.11321109 -0.046371523 0.49518558
v 0.19255796 0.010076399 0.47253093
v 0.20725575 0.038100082 0.46196178
v 0.21473546 0.031158999 0.45952237
v 0.20725575 0.038100082 0.46196178
v 0.19255796 0.010076399 0.47253093
v 0.18608062 0.017986964 0.47430852
v 0.21473546 0.031158999 0.45952237
v 0.21234459 0.047887877 0.4572911
v 0.22123238 0.043582108 0.4536975
v 0.21234459 0.047887877 0.4572911
v 0.21473546 0.031158999 0.45952237
v 0.20725575 0.038100082 0.46196178
v 0.22123238 0.043582108 0.4536975
v 0.21388817 0.058157876 0.45384374
v 0.22338414 0.057208393 0.44936064
v 0.21388817 0.058157876 0.45384374
v 0.22123238 0.043582108 0.4536975
v 0.21234459 0.047887877 0.4572911
v 0.22338414 0.057208393 0.44936064
v 0.21216393 0.06751836 0.4522157
v 0.22108303 0.070452265 0.4473305
v 0.21216393 0.06751836 0.4522157
v 0.22338414 0.057208393 0.44936064
v 0.21388817 0.058157876 0.45384374
v 0.22108303 0.070452265 0.4473305
v 0.20786414 0.07511703 0.4526507
v 0.21474981 0.081776775 0.44810447
v 0.20786414 0.07511703 0.4526507
v 0.22108303 0.070452265 0.4473305
v 0.21216393 0.06751836 0.4522157
v 0.21474981 0.081776775 0.44810447
v 0.20148984 0.08055427 0.45514503
v 0.2052066 0.08984163 0.45168754
v 0.20148984 0.08055427 0.45514503
v 0.21474981 0.081776775 0.44810447
v 0.20786414 0.07511703 0.4526507
v 0.2052066 0.08984163 0.45168754
v 0.19331141 0.083287574 0.45949075
v 0.19354616 0.09364848 0.45754924
v 0.19331141 0.083287574 0.45949075
v 0.2052066 0.08984163 0.45168754
v 0.20148984 0.08055427 0.45514503
v 0.19354616 0.09364848 0.45754924
v 0.18393493 0.08258361 0.4650877
v 0.18103182 0.09267771 0.46472993
v 0.18393493 0.08258361 0.4650877
v 0.19354616 0.09364848 0.45754924
v 0.19331141 0.083287574 0.45949075
v 0.18103182 0.09267771 0.46472993
v 0.17449601 0.07810841 0.47095218
v 0.16902106 0.086988464 0.47206795
v 0.17449601 0.07810841 0.47095218
v 0.18103182 0.09267771 0.46472993
v 0.18393493 0.08258361 0.4650877
v 0.16902106 0.086988464 0.47206795
v 0.1533209 0.0579953 0.4832989
v 0.14684355 0.06590586 0.4850765
v 0.1533209 0.0579953 0.4832989
v 0.16902106 0.086988464 0.47206795
v 0.17449601 0.07810841 0.47095218
v 0.14684355 0.06590586 0.4850765
v 0.12993972 0.036593795 0.49334064
v 0.12346239 0.044504356 0.49511823
v 0.12993972 0.036593795 0.49334064
v 0.14684355 0.06590586 0.4850765
v 0.1533209 0.0579953 0.4832989
v 0.07397401 0.0015473816 0.5059535
v 0.05600511 -0.026542943 0.5048996
v 0.048330255 -0.019605836 0.5066457
v 0.05600511 -0.026542943 0.5048996
v 0.07397401 0.0015473816 0.5059535
v 0.080451354 -0.0063631837 0.5041759
v 0.048330255 -0.019605836 0.5066457
v 0.04925652 -0.036364567 0.50367296
v 0.039786175 -0.032070663 0.5051967
v 0.04925652 -0.036364567 0.50367296
v 0.048330255 -0.019605836 0.5066457
v 0.05600511 -0.026542943 0.5048996
v 0.039786175 -0.032070663 0.5051967
v 0.046172272 -0.046665944 0.5016459
v 0.035729166 -0.045735747 0.5027636
v 0.046172272 -0.046665944 0.5016459
v 0.039786175 -0.032070663 0.5051967
v 0.04925652 -0.036364567 0.50367296
v 0.035729166 -0.045735747 0.5027636
v 0.046822295 -0.056048315 0.49945715
v 0.03667326 -0.059007272 0.4999722
v 0.046822295 -0.056048315 0.49945715
v 0.035729166 -0.045735747 0.5027636
v 0.046172272 -0.046665944 0.5016459
v -0.042514455 -0.07034184 0.4974499
v -0.046822324 -0.056048345 0.49945727
v -0.03667329 -0.059007302 0.4999723
v -0.046822324 -0.056048345 0.49945727
v -0.042514455 -0.07034184 0.4974499
v -0.050740577 -0.06365479 0.4976666
v -0.03667329 -0.059007302 0.4999723
v -0.046172313 -0.046665985 0.50164604
v -0.03572921 -0.04573578 0.50276375
v -0.046172313 -0.046665985 0.50164604
v -0.03667329 -0.059007302 0.4999723
v -0.046822324 -0.056048345 0.49945727
v -0.03572921 -0.04573578 0.50276375
v -0.04925655 -0.036364604 0.5036731
v -0.0397862 -0.032070704 0.5051968
v -0.04925655 -0.036364604 0.5036731
v -0.03572921 -0.04573578 0.50276375
v -0.046172313 -0.046665985 0.50164604
v -0.0397862 -0.032070704 0.5051968
v -0.05600515 -0.026542982 0.5048998
v -0.048330303 -0.019605873 0.50664586
v -0.05600515 -0.026542982 0.5048998
v -0.0397862 -0.032070704 0.5051968
v -0.04925655 -0.036364604 0.5036731
v -0.048330303 -0.019605873 0.50664586
v -0.0804514 -0.0063632205 0.50417614
v -0.07397406 0.0015473451 0.50595367
v -0.0804514 -0.0063632205 0.50417614
v -0.048330303 -0.019605873 0.50664586
v -0.05600515 -0.026542982 0.5048998
v -0.07397406 0.0015473451 0.50595367
v -0.10557385 0.015073739 0.5003215
v -0.0990965 0.022984305 0.5020991
v -0.10557385 0.015073739 0.5003215
v -0.07397406 0.0015473451 0.50595367
v -0.0804514 -0.0063632205 0.50417614
v -0.14684357 0.0659058 0.4850766
v -0.174496 0.07810834 0.47095227
v -0.16902104 0.08698839 0.47206804
v -0.174496 0.07810834 0.47095227
v -0.14684357 0.0659058 0.4850766
v -0.15332091 0.057995237 0.48329902
v -0.16902104 0.08698839 0.47206804
v -0.18393491 0.08258353 0.4650878
v -0.18103181 0.09267763 0.46473002
v -0.18393491 0.08258353 0.4650878
v -0.16902104 0.08698839 0.47206804
v -0.174496 0.07810834 0.47095227
v -0.18103181 0.09267763 0.46473002
v -0.1933114 0.083287485 0.45949087
v -0.19354615 0.0936484 0.45754936
v -0.1933114 0.083287485 0.45949087
v -0.18103181 0.09267763 0.46473002
v -0.18393491 0.08258353 0.4650878
v -0.19354615 0.0936484 0.45754936
v -0.20148982 0.080554195 0.45514515
v -0.2052066 0.08984155 0.45168766
v -0.20148982 0.080554195 0.45514515
v -0.19354615 0.0936484 0.45754936
v -0.1933114 0.083287485 0.45949087
v -0.2052066 0.08984155 0.45168766
v -0.20786417 0.075116955 0.45265085
v -0.21474984 0.081776686 0.44810468
v -0.20786417 0.075116955 0.45265085
v -0.2052066 0.08984155 0.45168766
v -0.20148982 0.080554195 0.45514515
v -0.21474984 0.081776686 0.44810468
v -0.21216394 0.0675183 0.45221588
v -0.22108306 0.070452206 0.44733068
v -0.21216394 0.0675183 0.45221588
v -0.21474984 0.081776686 0.44810468
v -0.20786417 0.075116955 0.45265085
v -0.22108306 0.070452206 0.44733068
v -0.21388814 0.05815781 0.45384392
v -0.22338411 0.057208303 0.44936082
v -0.21388814 0.05815781 0.45384392
v -0.22108306 0.070452206 0.44733068
v -0.21216394 0.0675183 0.45221588
v -0.22338411 0.057208303 0.44936082
v -0.21234456 0.047887817 0.45729125
v -0.22123238 0.043582045 0.45369768
v -0.21234456 0.047887817 0.45729125
v -0.22338411 0.057208303 0.44936082
v -0.21388814 0.05815781 0.45384392
v -0.22123238 0.043582045 0.45369768
v -0.20725572 0.03810003 0.46196187
v -0.21473543 0.03115895 0.4595225
v -0.20725572 0.03810003 0.46196187
v -0.22123238 0.043582045 0.45369768
v -0.21234456 0.047887817 0.45729125
v -0.21473543 0.03115895 0.4595225
v -0.1860806 0.017986918 0.47430864
v -0.19255796 0.010076357 0.47253105
v -0.1860806 0.017986918 0.47430864
v -0.21473543 0.03115895 0.4595225
v -0.20725572 0.03810003 0.46196187
v -0.19255796 0.010076357 0.47253105
v -0.16269949 -0.0034146134 0.48435032
v -0.16917683 -0.011325175 0.48257273
v -0.16269949 -0.0034146134 0.48435032
v -0.19255796 0.010076357 0.47253105
v -0.1860806 0.017986918 0.47430864
v -0.11968842 -0.054282136 0.49340808
v -0.08876486 -0.06655131 0.49590942
v -0.09404469 -0.07543534 0.49410024
v -0.08876486 -0.06655131 0.49590942
v -0.11968842 -0.054282136 0.49340808
v -0.11321109 -0.046371568 0.49518567
v -0.09404469 -0.07543534 0.49410024
v -0.07766621 -0.07106032 0.4958765
v -0.079986796 -0.08116629 0.4941644
v -0.07766621 -0.07106032 0.4958765
v -0.09404469 -0.07543534 0.49410024
v -0.08876486 -0.06655131 0.49590942
v -0.079986796 -0.08116629 0.4941644
v -0.06674908 -0.071795665 0.49599913
v -0.06556719 -0.082175866 0.49457526
v -0.06674908 -0.071795665 0.49599913
v -0.079986796 -0.08116629 0.4941644
v -0.07766621 -0.07106032 0.4958765
v -0.06556719 -0.082175866 0.49457526
v -0.057496462 -0.06908429 0.49652794
v -0.052549783 -0.07839669 0.49561527
v -0.057496462 -0.06908429 0.49652794
v -0.06556719 -0.082175866 0.49457526
v -0.06674908 -0.071795665 0.49599913
v -0.052549783 -0.07839669 0.49561527
v -0.050740577 -0.06365479 0.4976666
v -0.042514455 -0.07034184 0.4974499
v -0.050740577 -0.06365479 0.4976666
v -0.052549783 -0.07839669 0.49561527
v -0.057496462 -0.06908429 0.49652794
v 0.036673225 -0.30108798 0.40348488
v 0.05074051 -0.3039599 0.3991643
v 0.04251439 -0.30964273 0.39563313
v 0.05074051 -0.3039599 0.3991643
v 0.036673225 -0.30108798 0.40348488
v 0.04682226 -0.2982679 0.40451834
v 0.04251439 -0.30964273 0.39563313
v 0.05749639 -0.30809265 0.39546347
v 0.052549705 -0.31570113 0.39001685
v 0.05749639 -0.30809265 0.39546347
v 0.04251439 -0.30964273 0.39563313
v 0.05074051 -0.3039599 0.3991643
v 0.052549705 -0.31570113 0.39001685
v 0.06674901 -0.3101764 0.39364976
v 0.06556713 -0.318454 0.38722655
v 0.06674901 -0.3101764 0.39364976
v 0.052549705 -0.31570113 0.39001685
v 0.05749639 -0.30809265 0.39546347
v 0.07766615 -0.30947822 0.39391124
v 0.06556713 -0.318454 0.38722655
v 0.06674901 -0.3101764 0.39364976
v 0.07998675 -0.31737423 0.38737556
v 0.088764794 -0.30558985 0.39619434
v 0.094044626 -0.31237903 0.39018556
v 0.094044626 -0.31237903 0.39018556
v 0.11321105 -0.28775176 0.40565744
v 0.1196884 -0.2937137 0.4001627
v 0.11321105 -0.28775176 0.40565744
v 0.094044626 -0.31237903 0.39018556
v 0.088764794 -0.30558985 0.39619434
v 0.16917676 -0.2510942 0.41225752
v 0.18608057 -0.22157712 0.41975662
v 0.19255792 -0.22753908 0.41426188
v 0.18608057 -0.22157712 0.41975662
v 0.16917676 -0.2510942 0.41225752
v 0.16269942 -0.24513224 0.41775224
v 0.19255792 -0.22753908 0.41426188
v 0.2072557 -0.19798528 0.41912058
v 0.21473542 -0.20277672 0.41353747
v 0.2072557 -0.19798528 0.41912058
v 0.19255792 -0.22753908 0.41426188
v 0.18608057 -0.22157712 0.41975662
v 0.21234453 -0.18717346 0.4199696
v 0.21473542 -0.20277672 0.41353747
v 0.2072557 -0.19798528 0.41912058
v 0.22338407 -0.17513646 0.4177619
v 0.2121639 -0.16763526 0.42538944
v 0.221083 -0.16265185 0.42262566
v 0.221083 -0.16265185 0.42262566
v 0.20786409 -0.16127211 0.42956543
v 0.21474977 -0.1532315 0.42895818
v 0.20786409 -0.16127211 0.42956543
v 0.221083 -0.16265185 0.42262566
v 0.2121639 -0.16763526 0.42538944
v 0.21474977 -0.1532315 0.42895818
v 0.20148978 -0.1578105 0.43444428
v 0.20520654 -0.14803866 0.43609366
v 0.20148978 -0.1578105 0.43444428
v 0.21474977 -0.1532315 0.42895818
v 0.20786409 -0.16127211 0.42956543
v 0.20520654 -0.14803866 0.43609366
v 0.19331138 -0.15761623 0.4395744
v 0.19354613 -0.14767267 0.44307345
v 0.19331138 -0.15761623 0.4395744
v 0.20520654 -0.14803866 0.43609366
v 0.20148978 -0.1578105 0.43444428
v 0.1839349 -0.16102436 0.44406947
v 0.19354613 -0.14767267 0.44307345
v 0.19331138 -0.15761623 0.4395744
v 0.1810318 -0.15210374 0.44880673
v 0.17449598 -0.16783224 0.44691065
v 0.16902103 -0.16069978 0.45231697
v 0.16902103 -0.16069978 0.45231697
v 0.15332085 -0.19142409 0.44754672
v 0.14684351 -0.18546213 0.45304143
v 0.15332085 -0.19142409 0.44754672
v 0.16902103 -0.16069978 0.45231697
v 0.17449598 -0.16783224 0.44691065
v 0.099096425 -0.23114453 0.4463226
v 0.08045134 -0.2575987 0.43344748
v 0.07397399 -0.25163677 0.4389422
v 0.08045134 -0.2575987 0.43344748
v 0.099096425 -0.23114453 0.4463226
v 0.10557377 -0.23710647 0.44082788
v 0.07397399 -0.25163677 0.4389422
v 0.056005068 -0.27543676 0.42398435
v 0.04833022 -0.2703021 0.428965
v 0.056005068 -0.27543676 0.42398435
v 0.07397399 -0.25163677 0.4389422
v 0.08045134 -0.2575987 0.43344748
v 0.049256485 -0.28332916 0.41801116
v 0.04833022 -0.2703021 0.428965
v 0.056005068 -0.27543676 0.42398435
v 0.035729144 -0.2909902 0.4125381
v 0.04682226 -0.2982679 0.40451834
v 0.036673225 -0.30108798 0.40348488
v -0.042514484 -0.30964285 0.3956332
v -0.046822365 -0.298268 0.40451843
v -0.036673326 -0.30108804 0.403485
v -0.046822365 -0.298268 0.40451843
v -0.042514484 -0.30964285 0.3956332
v -0.05074061 -0.30396003 0.39916435
v -0.04617234 -0.29123703 0.4111052
v -0.036673326 -0.30108804 0.403485
v -0.046822365 -0.298268 0.40451843
v -0.03978624 -0.2803725 0.4214778
v -0.056005176 -0.27543685 0.4239845
v -0.048330322 -0.27030218 0.42896518
v -0.048330322 -0.27030218 0.42896518
v -0.08045144 -0.2575988 0.4334476
v -0.073974095 -0.25163686 0.4389423
v -0.08045144 -0.2575988 0.4334476
v -0.048330322 -0.27030218 0.42896518
v -0.056005176 -0.27543685 0.4239845
v -0.073974095 -0.25163686 0.4389423
v -0.10557388 -0.23710658 0.4408279
v -0.099096544 -0.23114464 0.44632262
v -0.10557388 -0.23710658 0.4408279
v -0.073974095 -0.25163686 0.4389423
v -0.08045144 -0.2575988 0.4334476
v -0.099096544 -0.23114464 0.44632262
v -0.12993975 -0.2149793 0.44554234
v -0.123462416 -0.20901737 0.45103708
v -0.12993975 -0.2149793 0.44554234
v -0.099096544 -0.23114464 0.44632262
v -0.10557388 -0.23710658 0.4408279
v -0.14684363 -0.18546225 0.45304143
v -0.17449608 -0.16783237 0.44691068
v -0.16902111 -0.16069993 0.452317
v -0.17449608 -0.16783237 0.44691068
v -0.14684363 -0.18546225 0.45304143
v -0.15332095 -0.19142422 0.44754672
v -0.18103185 -0.1521039 0.44880676
v -0.19331144 -0.15761642 0.43957442
v -0.19354619 -0.14767286 0.44307348
v -0.19331144 -0.15761642 0.43957442
v -0.18103185 -0.1521039 0.44880676
v -0.18393496 -0.16102453 0.44406953
v -0.19354619 -0.14767286 0.44307348
v -0.20148987 -0.15781067 0.4344443
v -0.20520663 -0.14803883 0.4360937
v -0.20148987 -0.15781067 0.4344443
v -0.19354619 -0.14767286 0.44307348
v -0.19331144 -0.15761642 0.43957442
v -0.20520663 -0.14803883 0.4360937
v -0.2078642 -0.1612723 0.42956546
v -0.21474987 -0.1532317 0.4289582
v -0.2078642 -0.1612723 0.42956546
v -0.20520663 -0.14803883 0.4360937
v -0.20148987 -0.15781067 0.4344443
v -0.21474987 -0.1532317 0.4289582
v -0.21216398 -0.16763543 0.42538947
v -0.22108309 -0.16265197 0.42262572
v -0.21216398 -0.16763543 0.42538947
v -0.21474987 -0.1532317 0.4289582
v -0.2078642 -0.1612723 0.42956546
v -0.21388824 -0.17655587 0.42211914
v -0.22108309 -0.16265197 0.42262572
v -0.21216398 -0.16763543 0.42538947
v -0.2212324 -0.18910572 0.41470462
v -0.20725578 -0.19798544 0.41912064
v -0.21473551 -0.20277688 0.4135375
v -0.21473551 -0.20277688 0.4135375
v -0.18608066 -0.22157729 0.41975668
v -0.192558 -0.22753923 0.41426197
v -0.18608066 -0.22157729 0.41975668
v -0.21473551 -0.20277688 0.4135375
v -0.20725578 -0.19798544 0.41912064
v -0.192558 -0.22753923 0.41426197
v -0.16269954 -0.24513237 0.41775227
v -0.16917688 -0.2510943 0.41225755
v -0.16269954 -0.24513237 0.41775227
v -0.192558 -0.22753923 0.41426197
v -0.18608066 -0.22157729 0.41975668
v -0.16917688 -0.2510943 0.41225755
v -0.13833362 -0.26725966 0.41303784
v -0.14481094 -0.2732216 0.40754312
v -0.13833362 -0.26725966 0.41303784
v -0.16917688 -0.2510943 0.41225755
v -0.16269954 -0.24513237 0.41775227
v -0.11968849 -0.2937138 0.40016273
v -0.08876489 -0.30558988 0.39619443
v -0.09404472 -0.31237912 0.3901856
v -0.08876489 -0.30558988 0.39619443
v -0.11968849 -0.2937138 0.40016273
v -0.113211155 -0.28775188 0.40565747
v -0.07998684 -0.31737435 0.38737568
v -0.066749096 -0.3101765 0.39364994
v -0.065567195 -0.31845406 0.3872267
v -0.066749096 -0.3101765 0.39364994
v -0.07998684 -0.31737435 0.38737568
v -0.077666275 -0.30947834 0.39391136
v -0.065567195 -0.31845406 0.3872267
v -0.057496473 -0.3080928 0.3954636
v -0.0525498 -0.31570125 0.39001697
v -0.057496473 -0.3080928 0.3954636
v -0.065567195 -0.31845406 0.3872267
v -0.066749096 -0.3101765 0.39364994
v -0.0525498 -0.31570125 0.39001697
v -0.05074061 -0.30396003 0.39916435
v -0.042514484 -0.30964285 0.3956332
v -0.05074061 -0.30396003 0.39916435
v -0.0525498 -0.31570125 0.39001697
v -0.057496473 -0.3080928 0.3954636
v 0.03667316 -0.46249226 0.19888435
v 0.050740436 -0.4628192 0.19370665
v 0.042514317 -0.46597505 0.18780714
v 0.050740436 -0.4628192 0.19370665
v 0.03667316 -0.46249226 0.19888435
v 0.04682219 -0.46056676 0.20118935
v 0.042514317 -0.46597505 0.18780714
v 0.05749632 -0.46454784 0.18843526
v 0.052549634 -0.46841365 0.17991415
v 0.05749632 -0.46454784 0.18843526
v 0.042514317 -0.46597505 0.18780714
v 0.050740436 -0.4628192 0.19370665
v 0.052549634 -0.46841365 0.17991415
v 0.066748925 -0.46544558 0.1858227
v 0.06556703 -0.46940255 0.17612123
v 0.066748925 -0.46544558 0.1858227
v 0.052549634 -0.46841365 0.17991415
v 0.05749632 -0.46454784 0.18843526
v 0.06556703 -0.46940255 0.17612123
v 0.07766608 -0.46497166 0.18639822
v 0.07998667 -0.46854195 0.17679015
v 0.07766608 -0.46497166 0.18639822
v 0.06556703 -0.46940255 0.17612123
v 0.066748925 -0.46544558 0.1858227
v 0.07998667 -0.46854195 0.17679015
v 0.08876473 -0.46274576 0.1903196
v 0.09404456 -0.46562096 0.18172124
v 0.08876473 -0.46274576 0.1903196
v 0.07998667 -0.46854195 0.17679015
v 0.07766608 -0.46497166 0.18639822
v 0.09404456 -0.46562096 0.18172124
v 0.11321098 -0.45202908 0.20743392
v 0.119688325 -0.45444492 0.19969438
v 0.11321098 -0.45202908 0.20743392
v 0.09404456 -0.46562096 0.18172124
v 0.08876473 -0.46274576 0.1903196
v 0.14481077 -0.4403883 0.2163321
v 0.16269933 -0.4211669 0.2392181
v 0.16917667 -0.42358273 0.23147856
v 0.16269933 -0.4211669 0.2392181
v 0.14481077 -0.4403883 0.2163321
v 0.13833342 -0.43797246 0.22407162
v 0.16917667 -0.42358273 0.23147856
v 0.1860805 -0.4017698 0.2527315
v 0.19255784 -0.40418562 0.24499196
v 0.1860805 -0.4017698 0.2527315
v 0.16917667 -0.42358273 0.23147856
v 0.16269933 -0.4211669 0.2392181
v 0.19255784 -0.40418562 0.24499196
v 0.20725563 -0.3810206 0.2639766
v 0.21473534 -0.38237855 0.25674573
v 0.20725563 -0.3810206 0.2639766
v 0.19255784 -0.40418562 0.24499196
v 0.1860805 -0.4017698 0.2527315
v 0.21473534 -0.38237855 0.25674573
v 0.21234445 -0.37208182 0.27011776
v 0.22123227 -0.37112254 0.26459205
v 0.21234445 -0.37208182 0.27011776
v 0.21473534 -0.38237855 0.25674573
v 0.20725563 -0.3810206 0.2639766
v 0.22123227 -0.37112254 0.26459205
v 0.21388802 -0.3639613 0.27728817
v 0.223384 -0.3605536 0.2742243
v 0.21388802 -0.3639613 0.27728817
v 0.22123227 -0.37112254 0.26459205
v 0.21234445 -0.37208182 0.27011776
v 0.223384 -0.3605536 0.2742243
v 0.2121638 -0.35787117 0.28458056
v 0.22108293 -0.3521735 0.2846788
v 0.2121638 -0.35787117 0.28458056
v 0.223384 -0.3605536 0.2742243
v 0.21388802 -0.3639613 0.27728817
v 0.22108293 -0.3521735 0.2846788
v 0.207864 -0.3544485 0.29137868
v 0.2147497 -0.3471815 0.2948731
v 0.207864 -0.3544485 0.29137868
v 0.22108293 -0.3521735 0.2846788
v 0.2121638 -0.35787117 0.28458056
v 0.2147497 -0.3471815 0.2948731
v 0.20148972 -0.35389006 0.29733464
v 0.20520645 -0.34625208 0.30364898
v 0.20148972 -0.35389006 0.29733464
v 0.2147497 -0.3471815 0.2948731
v 0.207864 -0.3544485 0.29137868
v 0.20520645 -0.34625208 0.30364898
v 0.19331129 -0.35628688 0.30187458
v 0.19354603 -0.34942505 0.30987662
v 0.19331129 -0.35628688 0.30187458
v 0.20520645 -0.34625208 0.30364898
v 0.20148972 -0.35389006 0.29733464
v 0.19354603 -0.34942505 0.30987662
v 0.18393481 -0.361486 0.30406344
v 0.18103169 -0.3561291 0.3126263
v 0.18393481 -0.361486 0.30406344
v 0.19354603 -0.34942505 0.30987662
v 0.19331129 -0.35628688 0.30187458
v 0.18103169 -0.3561291 0.3126263
v 0.1744959 -0.36880237 0.30312002
v 0.16902092 -0.36532864 0.31136823
v 0.1744959 -0.36880237 0.30312002
v 0.18103169 -0.3561291 0.3126263
v 0.18393481 -0.361486 0.30406344
v 0.16902092 -0.36532864 0.31136823
v 0.15332077 -0.38955146 0.2918749
v 0.14684343 -0.38713562 0.29961446
v 0.15332077 -0.38955146 0.2918749
v 0.16902092 -0.36532864 0.31136823
v 0.1744959 -0.36880237 0.30312002
v 0.12346225 -0.4065328 0.28610104
v 0.105573684 -0.42575416 0.26321504
v 0.09909634 -0.42333832 0.2709546
v 0.105573684 -0.42575416 0.26321504
v 0.12346225 -0.4065328 0.28610104
v 0.12993959 -0.40894863 0.2783615
v 0.09909634 -0.42333832 0.2709546
v 0.08045124 -0.43981078 0.24657735
v 0.0739739 -0.43739495 0.2543169
v 0.08045124 -0.43981078 0.24657735
v 0.09909634 -0.42333832 0.2709546
v 0.105573684 -0.42575416 0.26321504
v 0.0739739 -0.43739495 0.2543169
v 0.05600499 -0.45052743 0.22946304
v 0.048330136 -0.448571 0.23634377
v 0.05600499 -0.45052743 0.22946304
v 0.0739739 -0.43739495 0.2543169
v 0.08045124 -0.43981078 0.24657735
v 0.048330136 -0.448571 0.23634377
v 0.049256414 -0.4543758 0.2203439
v 0.03978607 -0.4535485 0.22482438
v 0.049256414 -0.4543758 0.2203439
v 0.048330136 -0.448571 0.23634377
v 0.05600499 -0.45052743 0.22946304
v 0.03978607 -0.4535485 0.22482438
v 0.046172168 -0.45777115 0.21040913
v 0.035729058 -0.458274 0.21177356
v 0.046172168 -0.45777115 0.21040913
v 0.03978607 -0.4535485 0.22482438
v 0.049256414 -0.4543758 0.2203439
v 0.035729058 -0.458274 0.21177356
v 0.04682219 -0.46056676 0.20118935
v 0.03667316 -0.46249226 0.19888435
v 0.04682219 -0.46056676 0.20118935
v 0.035729058 -0.458274 0.21177356
v 0.046172168 -0.45777115 0.21040913
v -0.042514555 -0.46597514 0.18780714
v -0.046822425 -0.46056685 0.20118937
v -0.036673386 -0.4624924 0.19888437
v -0.046822425 -0.46056685 0.20118937
v -0.042514555 -0.46597514 0.18780714
v -0.050740678 -0.46281928 0.19370662
v -0.036673386 -0.4624924 0.19888437
v -0.0461724 -0.4577712 0.21040915
v -0.035729297 -0.45827407 0.21177357
v -0.0461724 -0.4577712 0.21040915
v -0.036673386 -0.4624924 0.19888437
v -0.046822425 -0.46056685 0.20118937
v -0.035729297 -0.45827407 0.21177357
v -0.049256645 -0.45437592 0.22034384
v -0.039786298 -0.4535486 0.22482437
v -0.049256645 -0.45437592 0.22034384
v -0.035729297 -0.45827407 0.21177357
v -0.0461724 -0.4577712 0.21040915
v -0.039786298 -0.4535486 0.22482437
v -0.056005236 -0.45052755 0.229463
v -0.048330385 -0.44857112 0.23634373
v -0.056005236 -0.45052755 0.229463
v -0.039786298 -0.4535486 0.22482437
v -0.049256645 -0.45437592 0.22034384
v -0.048330385 -0.44857112 0.23634373
v -0.08045149 -0.43981087 0.24657731
v -0.07397415 -0.43739504 0.25431687
v -0.08045149 -0.43981087 0.24657731
v -0.048330385 -0.44857112 0.23634373
v -0.056005236 -0.45052755 0.229463
v -0.07397415 -0.43739504 0.25431687
v -0.105573945 -0.42575428 0.26321495
v -0.0990966 -0.42333847 0.27095452
v -0.105573945 -0.42575428 0.26321495
v -0.07397415 -0.43739504 0.25431687
v -0.08045149 -0.43981087 0.24657731
v -0.0990966 -0.42333847 0.27095452
v -0.12993987 -0.4089487 0.27836144
v -0.123462506 -0.40653285 0.28610098
v -0.12993987 -0.4089487 0.27836144
v -0.0990966 -0.42333847 0.27095452
v -0.105573945 -0.42575428 0.26321495
v -0.16902116 -0.36532873 0.31136817
v -0.183935 -0.36148608 0.30406335
v -0.18103191 -0.3561292 0.3126262
v -0.183935 -0.36148608 0.30406335
v -0.16902116 -0.36532873 0.31136817
v -0.17449611 -0.36880246 0.30311993
v -0.21474987 -0.3471816 0.294873
v -0.21216401 -0.35787126 0.2845805
v -0.22108312 -0.3521736 0.28467873
v -0.21216401 -0.35787126 0.2845805
v -0.21474987 -0.3471816 0.294873
v -0.2078642 -0.3544486 0.2913786
v -0.22108312 -0.3521736 0.28467873
v -0.21388827 -0.36396143 0.27728808
v -0.22338425 -0.3605537 0.27422425
v -0.21388827 -0.36396143 0.27728808
v -0.22108312 -0.3521736 0.28467873
v -0.21216401 -0.35787126 0.2845805
v -0.22338425 -0.3605537 0.27422425
v -0.21234466 -0.3720819 0.27011767
v -0.22123247 -0.37112263 0.26459196
v -0.21234466 -0.3720819 0.27011767
v -0.22338425 -0.3605537 0.27422425
v -0.21388827 -0.36396143 0.27728808
v -0.22123247 -0.37112263 0.26459196
v -0.20725584 -0.38102067 0.2639765
v -0.21473557 -0.3823786 0.25674564
v -0.20725584 -0.38102067 0.2639765
v -0.22123247 -0.37112263 0.26459196
v -0.21234466 -0.3720819 0.27011767
v -0.21473557 -0.3823786 0.25674564
v -0.18608074 -0.40176985 0.2527314
v -0.19255808 -0.40418568 0.24499188
v -0.18608074 -0.40176985 0.2527314
v -0.21473557 -0.3823786 0.25674564
v -0.20725584 -0.38102067 0.2639765
v -0.19255808 -0.40418568 0.24499188
v -0.16269955 -0.421167 0.23921801
v -0.16917689 -0.42358282 0.23147847
v -0.16269955 -0.421167 0.23921801
v -0.19255808 -0.40418568 0.24499188
v -0.18608074 -0.40176985 0.2527314
v -0.16917689 -0.42358282 0.23147847
v -0.13833366 -0.43797255 0.22407156
v -0.144811 -0.44038838 0.21633199
v -0.13833366 -0.43797255 0.22407156
v -0.16917689 -0.42358282 0.23147847
v -0.16269955 -0.421167 0.23921801
v -0.094044805 -0.46562105 0.18172121
v -0.07766631 -0.46497178 0.1863982
v -0.0799869 -0.46854207 0.17679012
v -0.07766631 -0.46497178 0.1863982
v -0.094044805 -0.46562105 0.18172121
v -0.088764966 -0.4627458 0.19031957
v 0.036672756 0.49997225 0.059007615
v 0.050740026 0.49766654 0.0636551
v 0.042513907 0.49744985 0.070342146
v 0.050740026 0.49766654 0.0636551
v 0.036672756 0.49997225 0.059007615
v 0.04682179 0.4994572 0.056048654
v 0.042513907 0.49744985 0.070342146
v 0.05749591 0.4965279 0.06908458
v 0.052549228 0.49561524 0.07839698
v 0.05749591 0.4965279 0.06908458
v 0.042513907 0.49744985 0.070342146
v 0.050740026 0.49766654 0.0636551
v 0.06674852 0.49599907 0.07179597
v 0.052549228 0.49561524 0.07839698
v 0.05749591 0.4965279 0.06908458
v 0.079986274 0.49416438 0.08116659
v 0.08876432 0.4959094 0.06655161
v 0.09404416 0.49410027 0.07543562
v 0.09404416 0.49410027 0.07543562
v 0.11321057 0.49518573 0.046371847
v 0.119687915 0.49340814 0.054282412
v 0.11321057 0.49518573 0.046371847
v 0.09404416 0.49410027 0.07543562
v 0.08876432 0.4959094 0.06655161
v 0.119687915 0.49340814 0.054282412
v 0.13833302 0.49133122 0.024934871
v 0.14481036 0.48955363 0.032845434
v 0.13833302 0.49133122 0.024934871
v 0.119687915 0.49340814 0.054282412
v 0.11321057 0.49518573 0.046371847
v 0.14481036 0.48955363 0.032845434
v 0.16269897 0.4843504 0.0034148502
v 0.16917631 0.48257282 0.011325414
v 0.16269897 0.4843504 0.0034148502
v 0.14481036 0.48955363 0.032845434
v 0.13833302 0.49133122 0.024934871
v 0.19255745 0.47253117 -0.010076103
v 0.20725524 0.46196204 -0.03809979
v 0.21473497 0.45952266 -0.031158712
v 0.20725524 0.46196204 -0.03809979
v 0.19255745 0.47253117 -0.010076103
v 0.18608011 0.47430876 -0.017986665
v 0.22123191 0.45369783 -0.043581832
v 0.21388769 0.4538441 -0.0581576
v 0.22338367 0.44936103 -0.05720811
v 0.21388769 0.4538441 -0.0581576
v 0.22123191 0.45369783 -0.043581832
v 0.2123441 0.4572914 -0.047887597
v 0.22338367 0.44936103 -0.05720811
v 0.21216345 0.45221606 -0.06751807
v 0.22108258 0.44733086 -0.07045198
v 0.21216345 0.45221606 -0.06751807
v 0.22338367 0.44936103 -0.05720811
v 0.21388769 0.4538441 -0.0581576
v 0.22108258 0.44733086 -0.07045198
v 0.20786366 0.45265102 -0.075116746
v 0.21474934 0.44810486 -0.081776485
v 0.20786366 0.45265102 -0.075116746
v 0.22108258 0.44733086 -0.07045198
v 0.21216345 0.45221606 -0.06751807
v 0.21474934 0.44810486 -0.081776485
v 0.20148933 0.4551454 -0.08055399
v 0.20520611 0.4516879 -0.08984135
v 0.20148933 0.4551454 -0.08055399
v 0.21474934 0.44810486 -0.081776485
v 0.20786366 0.45265102 -0.075116746
v 0.19331092 0.45949104 -0.083287284
v 0.20520611 0.4516879 -0.08984135
v 0.20148933 0.4551454 -0.08055399
v 0.18103133 0.46473023 -0.09267742
v 0.17449552 0.47095245 -0.0781081
v 0.16902055 0.47206822 -0.08698816
v 0.16902055 0.47206822 -0.08698816
v 0.1533204 0.48329917 -0.057994984
v 0.14684308 0.48507676 -0.06590555
v 0.1533204 0.48329917 -0.057994984
v 0.16902055 0.47206822 -0.08698816
v 0.17449552 0.47095245 -0.0781081
v 0.14684308 0.48507676 -0.06590555
v 0.12993921 0.49334085 -0.03659347
v 0.12346186 0.49511844 -0.04450404
v 0.12993921 0.49334085 -0.03659347
v 0.14684308 0.48507676 -0.06590555
v 0.1533204 0.48329917 -0.057994984
v 0.12346186 0.49511844 -0.04450404
v 0.105573304 0.5003216 -0.015073455
v 0.09909596 0.5020992 -0.022984019
v 0.105573304 0.5003216 -0.015073455
v 0.12346186 0.49511844 -0.04450404
v 0.12993921 0.49334085 -0.03659347
v 0.07397349 0.50595367 -0.0015470461
v 0.05600458 0.5048998 0.026543278
v 0.048329726 0.50664586 0.019606175
v 0.05600458 0.5048998 0.026543278
v 0.07397349 0.50595367 -0.0015470461
v 0.08045084 0.50417614 0.006363518
v 0.03978566 0.50519675 0.032070998
v 0.046171755 0.5016461 0.046666276
v 0.03572865 0.50276375 0.045736082
v 0.046171755 0.5016461 0.046666276
v 0.03978566 0.50519675 0.032070998
v 0.049256008 0.503673 0.036364898
v 0.03572865 0.50276375 0.045736082
v 0.04682179 0.4994572 0.056048654
v 0.036672756 0.49997225 0.059007615
v 0.04682179 0.4994572 0.056048654
v 0.03572865 0.50276375 0.045736082
v 0.046171755 0.5016461 0.046666276
v -0.042514976 0.49744985 0.070342176
v -0.04682285 0.49945724 0.056048695
v -0.036673818 0.49997228 0.059007652
v -0.04682285 0.49945724 0.056048695
v -0.042514976 0.49744985 0.070342176
v -0.0507411 0.49766654 0.06365514
v -0.036673818 0.49997228 0.059007652
v -0.046172827 0.50164604 0.04666632
v -0.03572972 0.50276375 0.04573612
v -0.046172827 0.50164604 0.04666632
v -0.036673818 0.49997228 0.059007652
v -0.04682285 0.49945724 0.056048695
v -0.04925707 0.503673 0.036364958
v -0.03572972 0.50276375 0.04573612
v -0.046172827 0.50164604 0.04666632
v -0.03978673 0.50519675 0.032071058
v -0.056005664 0.5048998 0.026543332
v -0.04833081 0.50664586 0.019606229
v -0.04833081 0.50664586 0.019606229
v -0.08045191 0.504176 0.0063635726
v -0.07397457 0.5059536 -0.001546994
v -0.08045191 0.504176 0.0063635726
v -0.04833081 0.50664586 0.019606229
v -0.056005664 0.5048998 0.026543332
v -0.1234629 0.49511826 -0.044503957
v -0.15332137 0.48329896 -0.057994902
v -0.14684401 0.48507655 -0.06590547
v -0.15332137 0.48329896 -0.057994902
v -0.1234629 0.49511826 -0.044503957
v -0.12994024 0.49334064 -0.0365934
v -0.14684401 0.48507655 -0.06590547
v -0.17449652 0.47095218 -0.078108005
v -0.16902155 0.47206798 -0.086988054
v -0.17449652 0.47095218 -0.078108005
v -0.14684401 0.48507655 -0.06590547
v -0.15332137 0.48329896 -0.057994902
v -0.1839354 0.46508774 -0.0825832
v -0.16902155 0.47206798 -0.086988054
v -0.17449652 0.47095218 -0.078108005
v -0.19354664 0.45754927 -0.09364807
v -0.20149027 0.45514503 -0.08055387
v -0.20520703 0.45168754 -0.089841224
v -0.20520703 0.45168754 -0.089841224
v -0.2078646 0.4526507 -0.07511663
v -0.21475029 0.44810447 -0.08177638
v -0.2078646 0.4526507 -0.07511663
v -0.20520703 0.45168754 -0.089841224
v -0.20149027 0.45514503 -0.08055387
v -0.21475029 0.44810447 -0.08177638
v -0.21216439 0.45221573 -0.06751799
v -0.2210835 0.44733053 -0.070451885
v -0.21216439 0.45221573 -0.06751799
v -0.21475029 0.44810447 -0.08177638
v -0.2078646 0.4526507 -0.07511663
v -0.2210835 0.44733053 -0.070451885
v -0.2138886 0.45384374 -0.058157478
v -0.22338456 0.44936064 -0.057207987
v -0.2138886 0.45384374 -0.058157478
v -0.2210835 0.44733053 -0.070451885
v -0.21216439 0.45221573 -0.06751799
v -0.212345 0.45729107 -0.047887467
v -0.22338456 0.44936064 -0.057207987
v -0.2138886 0.45384374 -0.058157478
v -0.22123283 0.45369747 -0.0435817
v -0.2072562 0.46196172 -0.0380997
v -0.21473593 0.4595223 -0.031158617
v -0.21473593 0.4595223 -0.031158617
v -0.18608113 0.47430852 -0.017986573
v -0.19255847 0.4725309 -0.010076013
v -0.18608113 0.47430852 -0.017986573
v -0.21473593 0.4595223 -0.031158617
v -0.2072562 0.46196172 -0.0380997
v -0.119688965 0.493408 0.05428249
v -0.08876536 0.49590936 0.06655168
v -0.09404519 0.49410018 0.075435705
v -0.08876536 0.49590936 0.06655168
v -0.119688965 0.493408 0.05428249
v -0.113211624 0.4951856 0.04637192
v -0.077666745 0.4958764 0.07106068
v -0.09404519 0.49410018 0.075435705
v -0.08876536 0.49590936 0.06655168
v -0.06556769 0.49457517 0.08217622
v -0.057496972 0.49652788 0.06908464
v -0.052550286 0.4956152 0.07839704
v -0.052550286 0.4956152 0.07839704
v -0.0507411 0.49766654 0.06365514
v -0.042514976 0.49744985 0.070342176
v -0.0507411 0.49766654 0.06365514
v -0.052550286 0.4956152 0.07839704
v -0.057496972 0.49652788 0.06908464
v 0.036672875 0.46249247 -0.19888408
v 0.050740145 0.46281937 -0.19370636
v 0.042514022 0.46597525 -0.18780689
v 0.050740145 0.46281937 -0.19370636
v 0.036672875 0.46249247 -0.19888408
v 0.04682191 0.46056694 -0.2011891
v 0.042514022 0.46597525 -0.18780689
v 0.057496034 0.46454802 -0.18843499
v 0.052549355 0.46841383 -0.17991388
v 0.057496034 0.46454802 -0.18843499
v 0.042514022 0.46597525 -0.18780689
v 0.050740145 0.46281937 -0.19370636
v 0.06674866 0.46544576 -0.18582244
v 0.052549355 0.46841383 -0.17991388
v 0.057496034 0.46454802 -0.18843499
v 0.06556676 0.46940273 -0.17612097
v 0.07766579 0.46497184 -0.18639795
v 0.079986386 0.46854213 -0.1767899
v 0.079986386 0.46854213 -0.1767899
v 0.08876444 0.46274588 -0.19031936
v 0.094044276 0.46562114 -0.181721
v 0.08876444 0.46274588 -0.19031936
v 0.079986386 0.46854213 -0.1767899
v 0.07766579 0.46497184 -0.18639795
v 0.094044276 0.46562114 -0.181721
v 0.1132107 0.45202926 -0.2074337
v 0.11968805 0.4544451 -0.19969414
v 0.1132107 0.45202926 -0.2074337
v 0.094044276 0.46562114 -0.181721
v 0.08876444 0.46274588 -0.19031936
v 0.11968805 0.4544451 -0.19969414
v 0.13833316 0.43797266 -0.22407143
v 0.1448105 0.4403885 -0.21633185
v 0.13833316 0.43797266 -0.22407143
v 0.11968805 0.4544451 -0.19969414
v 0.1132107 0.45202926 -0.2074337
v 0.19255757 0.40418586 -0.24499175
v 0.20725536 0.3810209 -0.26397642
v 0.21473509 0.38237885 -0.25674555
v 0.20725536 0.3810209 -0.26397642
v 0.19255757 0.40418586 -0.24499175
v 0.18608023 0.40177003 -0.2527313
v 0.21473509 0.38237885 -0.25674555
v 0.2123442 0.37208208 -0.2701176
v 0.22123203 0.3711228 -0.2645919
v 0.2123442 0.37208208 -0.2701176
v 0.21473509 0.38237885 -0.25674555
v 0.20725536 0.3810209 -0.26397642
v 0.22123203 0.3711228 -0.2645919
v 0.21388778 0.3639616 -0.27728802
v 0.22338375 0.3605539 -0.2742242
v 0.21388778 0.3639616 -0.27728802
v 0.22123203 0.3711228 -0.2645919
v 0.2123442 0.37208208 -0.2701176
v 0.22338375 0.3605539 -0.2742242
v 0.21216355 0.35787144 -0.2845804
v 0.22108267 0.35217378 -0.28467864
v 0.21216355 0.35787144 -0.2845804
v 0.22338375 0.3605539 -0.2742242
v 0.21388778 0.3639616 -0.27728802
v 0.22108267 0.35217378 -0.28467864
v 0.20786375 0.35444877 -0.29137853
v 0.21474944 0.3471818 -0.29487294
v 0.20786375 0.35444877 -0.29137853
v 0.22108267 0.35217378 -0.28467864
v 0.21216355 0.35787144 -0.2845804
v 0.21474944 0.3471818 -0.29487294
v 0.20148943 0.35389033 -0.29733452
v 0.20520623 0.3462524 -0.30364886
v 0.20148943 0.35389033 -0.29733452
v 0.21474944 0.3471818 -0.29487294
v 0.20786375 0.35444877 -0.29137853
v 0.19331104 0.35628718 -0.30187443
v 0.20520623 0.3462524 -0.30364886
v 0.20148943 0.35389033 -0.29733452
v 0.1935458 0.34942535 -0.3098765
v 0.18393454 0.36148626 -0.30406326
v 0.18103144 0.35612938 -0.31262612
v 0.18103144 0.35612938 -0.31262612
v 0.17449561 0.36880264 -0.30311984
v 0.16902065 0.3653289 -0.31136808
v 0.17449561 0.36880264 -0.30311984
v 0.18103144 0.35612938 -0.31262612
v 0.18393454 0.36148626 -0.30406326
v 0.16902065 0.3653289 -0.31136808
v 0.1533205 0.38955176 -0.2918747
v 0.14684317 0.38713592 -0.29961428
v 0.1533205 0.38955176 -0.2918747
v 0.16902065 0.3653289 -0.31136808
v 0.17449561 0.36880264 -0.30311984
v 0.14684317 0.38713592 -0.29961428
v 0.12993933 0.40894887 -0.2783613
v 0.12346198 0.40653303 -0.28610083
v 0.12993933 0.40894887 -0.2783613
v 0.14684317 0.38713592 -0.29961428
v 0.1533205 0.38955176 -0.2918747
v 0.07397361 0.43739516 -0.25431666
v 0.056004707 0.4505276 -0.22946276
v 0.048329853 0.44857118 -0.2363435
v 0.056004707 0.4505276 -0.22946276
v 0.07397361 0.43739516 -0.25431666
v 0.08045096 0.439811 -0.2465771
v 0.048329853 0.44857118 -0.2363435
v 0.049256124 0.454376 -0.22034362
v 0.03978578 0.45354867 -0.22482413
v 0.049256124 0.454376 -0.22034362
v 0.048329853 0.44857118 -0.2363435
v 0.056004707 0.4505276 -0.22946276
v 0.03978578 0.45354867 -0.22482413
v 0.04617187 0.45777133 -0.21040888
v 0.03572876 0.45827416 -0.2117733
v 0.04617187 0.45777133 -0.21040888
v 0.03978578 0.45354867 -0.22482413
v 0.049256124 0.454376 -0.22034362
v 0.03572876 0.45827416 -0.2117733
v 0.04682191 0.46056694 -0.2011891
v 0.036672875 0.46249247 -0.19888408
v 0.04682191 0.46056694 -0.2011891
v 0.03572876 0.45827416 -0.2117733
v 0.04617187 0.45777133 -0.21040888
v -0.04251483 0.46597528 -0.18780684
v -0.046822723 0.460567 -0.20118907
v -0.036673684 0.46249253 -0.19888407
v -0.046822723 0.460567 -0.20118907
v -0.04251483 0.46597528 -0.18780684
v -0.05074095 0.4628194 -0.19370635
v -0.036673684 0.46249253 -0.19888407
v -0.046172697 0.45777136 -0.21040885
v -0.035729595 0.45827422 -0.21177328
v -0.046172697 0.45777136 -0.21040885
v -0.036673684 0.46249253 -0.19888407
v -0.046822723 0.460567 -0.20118907
v -0.035729595 0.45827422 -0.21177328
v -0.049256936 0.45437607 -0.22034357
v -0.039786596 0.45354873 -0.22482407
v -0.049256936 0.45437607 -0.22034357
v -0.035729595 0.45827422 -0.21177328
v -0.046172697 0.45777136 -0.21040885
v -0.039786596 0.45354873 -0.22482407
v -0.056005538 0.45052767 -0.22946273
v -0.04833069 0.44857123 -0.23634349
v -0.056005538 0.45052767 -0.22946273
v -0.039786596 0.45354873 -0.22482407
v -0.049256936 0.45437607 -0.22034357
v -0.04833069 0.44857123 -0.23634349
v -0.08045179 0.43981102 -0.24657704
v -0.073974445 0.4373952 -0.2543166
v -0.08045179 0.43981102 -0.24657704
v -0.04833069 0.44857123 -0.23634349
v -0.056005538 0.45052767 -0.22946273
v -0.1234628 0.406533 -0.28610075
v -0.15332131 0.38955173 -0.2918746
v -0.14684397 0.3871359 -0.29961416
v -0.15332131 0.38955173 -0.2918746
v -0.1234628 0.406533 -0.28610075
v -0.12994014 0.40894884 -0.2783612
v -0.14684397 0.3871359 -0.29961416
v -0.1744964 0.36880258 -0.30311966
v -0.16902143 0.36532885 -0.31136793
v -0.1744964 0.36880258 -0.30311966
v -0.14684397 0.3871359 -0.29961416
v -0.15332131 0.38955173 -0.2918746
v -0.16902143 0.36532885 -0.31136793
v -0.1839353 0.3614862 -0.30406308
v -0.1810322 0.35612932 -0.31262597
v -0.1839353 0.3614862 -0.30406308
v -0.16902143 0.36532885 -0.31136793
v -0.1744964 0.36880258 -0.30311966
v -0.1810322 0.35612932 -0.31262597
v -0.19331178 0.35628712 -0.30187425
v -0.19354653 0.3494253 -0.3098763
v -0.19331178 0.35628712 -0.30187425
v -0.1810322 0.35612932 -0.31262597
v -0.1839353 0.3614862 -0.30406308
v -0.20149021 0.35389027 -0.2973343
v -0.19354653 0.3494253 -0.3098763
v -0.19331178 0.35628712 -0.30187425
v -0.20520696 0.34625232 -0.30364862
v -0.20786448 0.3544487 -0.29137832
v -0.21475016 0.3471817 -0.29487273
v -0.21475016 0.3471817 -0.29487273
v -0.2121643 0.35787135 -0.2845802
v -0.22108342 0.3521737 -0.28467846
v -0.2121643 0.35787135 -0.2845802
v -0.21475016 0.3471817 -0.29487273
v -0.20786448 0.3544487 -0.29137832
v -0.22108342 0.3521737 -0.28467846
v -0.21388854 0.36396152 -0.2772878
v -0.2233845 0.3605538 -0.27422398
v -0.21388854 0.36396152 -0.2772878
v -0.22108342 0.3521737 -0.28467846
v -0.2121643 0.35787135 -0.2845802
v -0.2233845 0.3605538 -0.27422398
v -0.21234491 0.372082 -0.27011737
v -0.22123274 0.37112272 -0.2645917
v -0.21234491 0.372082 -0.27011737
v -0.2233845 0.3605538 -0.27422398
v -0.21388854 0.36396152 -0.2772878
v -0.22123274 0.37112272 -0.2645917
v -0.2072561 0.38102078 -0.26397625
v -0.21473582 0.3823787 -0.25674537
v -0.2072561 0.38102078 -0.26397625
v -0.22123274 0.37112272 -0.2645917
v -0.21234491 0.372082 -0.27011737
v -0.21473582 0.3823787 -0.25674537
v -0.18608099 0.40176994 -0.25273114
v -0.19255833 0.40418577 -0.2449916
v -0.18608099 0.40176994 -0.25273114
v -0.21473582 0.3823787 -0.25674537
v -0.2072561 0.38102078 -0.26397625
v -0.14481129 0.44038847 -0.21633174
v -0.11321148 0.45202926 -0.20743358
v -0.119688824 0.4544451 -0.19969404
v -0.11321148 0.45202926 -0.20743358
v -0.14481129 0.44038847 -0.21633174
v -0.13833395 0.43797264 -0.22407128
v -0.119688824 0.4544451 -0.19969404
v -0.088765256 0.46274593 -0.1903193
v -0.09404509 0.46562114 -0.18172093
v -0.088765256 0.46274593 -0.1903193
v -0.119688824 0.4544451 -0.19969404
v -0.11321148 0.45202926 -0.20743358
v -0.09404509 0.46562114 -0.18172093
v -0.07766662 0.46497184 -0.18639791
v -0.07998719 0.46854213 -0.17678985
v -0.07766662 0.46497184 -0.18639791
v -0.09404509 0.46562114 -0.18172093
v -0.088765256 0.46274593 -0.1903193
v -0.07998719 0.46854213 -0.17678985
v -0.06674945 0.46544576 -0.18582241
v -0.06556756 0.46940273 -0.17612094
v -0.06674945 0.46544576 -0.18582241
v -0.07998719 0.46854213 -0.17678985
v -0.07766662 0.46497184 -0.18639791
v -0.05749685 0.46454805 -0.18843496
v -0.06556756 0.46940273 -0.17612094
v -0.06674945 0.46544576 -0.18582241
v -0.05255017 0.46841386 -0.17991385
v -0.05074095 0.4628194 -0.19370635
v -0.04251483 0.46597528 -0.18780684
v 0.036673 0.30108815 -0.40348485
v 0.050740268 0.30396008 -0.3991643
v 0.042514145 0.30964294 -0.3956331
v 0.042514145 0.30964294 -0.3956331
v 0.05749616 0.30809286 -0.39546347
v 0.052549474 0.3157013 -0.39001685
v 0.05749616 0.30809286 -0.39546347
v 0.042514145 0.30964294 -0.3956331
v 0.050740268 0.30396008 -0.3991643
v 0.052549474 0.3157013 -0.39001685
v 0.06674878 0.31017658 -0.39364976
v 0.065566875 0.31845418 -0.38722655
v 0.06674878 0.31017658 -0.39364976
v 0.052549474 0.3157013 -0.39001685
v 0.05749616 0.30809286 -0.39546347
v 0.065566875 0.31845418 -0.38722655
v 0.07766591 0.30947843 -0.39391124
v 0.0799865 0.31737444 -0.38737556
v 0.07766591 0.30947843 -0.39391124
v 0.065566875 0.31845418 -0.38722655
v 0.06674878 0.31017658 -0.39364976
v 0.0799865 0.31737444 -0.38737556
v 0.08876456 0.30558997 -0.39619428
v 0.0940444 0.31237924 -0.3901855
v 0.08876456 0.30558997 -0.39619428
v 0.0799865 0.31737444 -0.38737556
v 0.07766591 0.30947843 -0.39391124
v 0.0940444 0.31237924 -0.3901855
v 0.11321082 0.287752 -0.4056574
v 0.11968816 0.29371396 -0.40016267
v 0.11321082 0.287752 -0.4056574
v 0.0940444 0.31237924 -0.3901855
v 0.08876456 0.30558997 -0.39619428
v 0.16917652 0.25109443 -0.41225752
v 0.18608037 0.22157739 -0.41975668
v 0.1925577 0.22753933 -0.41426197
v 0.18608037 0.22157739 -0.41975668
v 0.16917652 0.25109443 -0.41225752
v 0.16269918 0.24513248 -0.41775224
v 0.1925577 0.22753933 -0.41426197
v 0.20725545 0.19798554 -0.41912067
v 0.21473518 0.20277698 -0.41353753
v 0.20725545 0.19798554 -0.41912067
v 0.1925577 0.22753933 -0.41426197
v 0.18608037 0.22157739 -0.41975668
v 0.21473518 0.20277698 -0.41353753
v 0.21234429 0.18717372 -0.41996965
v 0.22123212 0.18910582 -0.41470465
v 0.21234429 0.18717372 -0.41996965
v 0.21473518 0.20277698 -0.41353753
v 0.20725545 0.19798554 -0.41912067
v 0.2138879 0.17655599 -0.42211917
v 0.22123212 0.18910582 -0.41470465
v 0.21234429 0.18717372 -0.41996965
v 0.22108279 0.16265209 -0.42262575
v 0.20786387 0.16127239 -0.42956552
v 0.21474956 0.15323178 -0.42895827
v 0.21474956 0.15323178 -0.42895827
v 0.20148954 0.15781076 -0.43444434
v 0.20520632 0.14803895 -0.43609372
v 0.20148954 0.15781076 -0.43444434
v 0.21474956 0.15323178 -0.42895827
v 0.20786387 0.16127239 -0.42956552
v 0.20520632 0.14803895 -0.43609372
v 0.19331114 0.15761651 -0.43957445
v 0.19354591 0.14767295 -0.4430735
v 0.19331114 0.15761651 -0.43957445
v 0.20520632 0.14803895 -0.43609372
v 0.20148954 0.15781076 -0.43444434
v 0.19354591 0.14767295 -0.4430735
v 0.18393466 0.16102463 -0.44406956
v 0.18103155 0.152104 -0.4488068
v 0.18393466 0.16102463 -0.44406956
v 0.19354591 0.14767295 -0.4430735
v 0.19331114 0.15761651 -0.43957445
v 0.18103155 0.152104 -0.4488068
v 0.17449576 0.1678325 -0.44691068
v 0.16902077 0.16070005 -0.452317
v 0.17449576 0.1678325 -0.44691068
v 0.18103155 0.152104 -0.4488068
v 0.18393466 0.16102463 -0.44406956
v 0.16902077 0.16070005 -0.452317
v 0.15332063 0.19142434 -0.44754672
v 0.14684328 0.1854624 -0.45304143
v 0.15332063 0.19142434 -0.44754672
v 0.16902077 0.16070005 -0.452317
v 0.17449576 0.1678325 -0.44691068
v 0.09909619 0.23114476 -0.44632256
v 0.080451086 0.2575989 -0.4334475
v 0.073973745 0.25163698 -0.43894222
v 0.080451086 0.2575989 -0.4334475
v 0.09909619 0.23114476 -0.44632256
v 0.10557353 0.2371067 -0.44082785
v 0.073973745 0.25163698 -0.43894222
v 0.056004837 0.27543694 -0.42398438
v 0.04832998 0.27030227 -0.42896506
v 0.056004837 0.27543694 -0.42398438
v 0.073973745 0.25163698 -0.43894222
v 0.080451086 0.2575989 -0.4334475
v 0.04832998 0.27030227 -0.42896506
v 0.049256247 0.28332937 -0.41801113
v 0.039785903 0.2803726 -0.42147768
v 0.049256247 0.28332937 -0.41801113
v 0.04832998 0.27030227 -0.42896506
v 0.056004837 0.27543694 -0.42398438
v 0.046171993 0.29123715 -0.41110507
v 0.039785903 0.2803726 -0.42147768
v 0.049256247 0.28332937 -0.41801113
v -0.042514734 0.309643 -0.3956331
v -0.046822596 0.29826814 -0.40451828
v -0.036673564 0.3010882 -0.40348485
v -0.046822596 0.29826814 -0.40451828
v -0.042514734 0.309643 -0.3956331
v -0.05074085 0.30396014 -0.39916426
v -0.04617259 0.2912372 -0.41110504
v -0.036673564 0.3010882 -0.40348485
v -0.046822596 0.29826814 -0.40451828
v -0.035729486 0.29099047 -0.4125381
v -0.04925683 0.28332943 -0.4180111
v -0.039786488 0.28037265 -0.42147768
v -0.039786488 0.28037265 -0.42147768
v -0.056005437 0.27543703 -0.42398438
v -0.048330586 0.27030236 -0.42896506
v -0.056005437 0.27543703 -0.42398438
v -0.039786488 0.28037265 -0.42147768
v -0.04925683 0.28332943 -0.4180111
v -0.048330586 0.27030236 -0.42896506
v -0.08045167 0.25759897 -0.43344745
v -0.073974326 0.25163704 -0.4389422
v -0.08045167 0.25759897 -0.43344745
v -0.048330586 0.27030236 -0.42896506
v -0.056005437 0.27543703 -0.42398438
v -0.073974326 0.25163704 -0.4389422
v -0.10557414 0.23710676 -0.44082782
v -0.09909679 0.23114482 -0.44632256
v -0.10557414 0.23710676 -0.44082782
v -0.073974326 0.25163704 -0.4389422
v -0.08045167 0.25759897 -0.43344745
v -0.14684384 0.18546243 -0.45304137
v -0.17449628 0.16783254 -0.44691056
v -0.16902132 0.1607001 -0.4523169
v -0.17449628 0.16783254 -0.44691056
v -0.14684384 0.18546243 -0.45304137
v -0.15332118 0.19142437 -0.44754666
v -0.16902132 0.1607001 -0.4523169
v -0.18393518 0.16102469 -0.4440694
v -0.18103206 0.15210406 -0.44880664
v -0.18393518 0.16102469 -0.4440694
v -0.16902132 0.1607001 -0.4523169
v -0.17449628 0.16783254 -0.44691056
v -0.18103206 0.15210406 -0.44880664
v -0.19331166 0.15761656 -0.4395743
v -0.19354641 0.147673 -0.44307336
v -0.19331166 0.15761656 -0.4395743
v -0.18103206 0.15210406 -0.44880664
v -0.18393518 0.16102469 -0.4440694
v -0.19354641 0.147673 -0.44307336
v -0.20149006 0.15781082 -0.43444416
v -0.20520684 0.148039 -0.43609357
v -0.20149006 0.15781082 -0.43444416
v -0.19354641 0.147673 -0.44307336
v -0.19331166 0.15761656 -0.4395743
v -0.20520684 0.148039 -0.43609357
v -0.20786437 0.16127244 -0.42956534
v -0.21475005 0.15323183 -0.4289581
v -0.20786437 0.16127244 -0.42956534
v -0.20520684 0.148039 -0.43609357
v -0.20149006 0.15781082 -0.43444416
v -0.21475005 0.15323183 -0.4289581
v -0.21216416 0.16763555 -0.42538935
v -0.22108328 0.16265212 -0.4226256
v -0.21216416 0.16763555 -0.42538935
v -0.21475005 0.15323183 -0.4289581
v -0.20786437 0.16127244 -0.42956534
v -0.2138884 0.176556 -0.42211902
v -0.22108328 0.16265212 -0.4226256
v -0.21216416 0.16763555 -0.42538935
v -0.22338437 0.17513676 -0.4177618
v -0.2123448 0.18717375 -0.41996947
v -0.22123262 0.18910588 -0.41470447
v -0.22123262 0.18910588 -0.41470447
v -0.207256 0.19798554 -0.4191205
v -0.21473573 0.20277698 -0.41353738
v -0.207256 0.19798554 -0.4191205
v -0.22123262 0.18910588 -0.41470447
v -0.2123448 0.18717375 -0.41996947
v -0.21473573 0.20277698 -0.41353738
v -0.18608087 0.2215774 -0.41975656
v -0.19255821 0.22753935 -0.41426182
v -0.18608087 0.2215774 -0.41975656
v -0.21473573 0.20277698 -0.41353738
v -0.207256 0.19798554 -0.4191205
v -0.19255821 0.22753935 -0.41426182
v -0.16269974 0.24513252 -0.41775215
v -0.16917709 0.25109446 -0.41225743
v -0.16269974 0.24513252 -0.41775215
v -0.19255821 0.22753935 -0.41426182
v -0.18608087 0.2215774 -0.41975656
v -0.11968872 0.29371396 -0.40016264
v -0.088765115 0.3055901 -0.39619425
v -0.094044946 0.3123793 -0.3901855
v -0.088765115 0.3055901 -0.39619425
v -0.11968872 0.29371396 -0.40016264
v -0.11321137 0.287752 -0.4056574
v -0.094044946 0.3123793 -0.3901855
v -0.077666484 0.3094785 -0.39391118
v -0.07998708 0.31737447 -0.3873755
v -0.077666484 0.3094785 -0.39391118
v -0.094044946 0.3123793 -0.3901855
v -0.088765115 0.3055901 -0.39619425
v -0.07998708 0.31737447 -0.3873755
v -0.06674934 0.31017664 -0.39364976
v -0.06556745 0.31845424 -0.38722652
v -0.06674934 0.31017664 -0.39364976
v -0.07998708 0.31737447 -0.3873755
v -0.077666484 0.3094785 -0.39391118
v -0.06556745 0.31845424 -0.38722652
v -0.057496738 0.30809292 -0.39546344
v -0.052550048 0.31570137 -0.39001682
v -0.057496738 0.30809292 -0.39546344
v -0.06556745 0.31845424 -0.38722652
v -0.06674934 0.31017664 -0.39364976
v -0.052550048 0.31570137 -0.39001682
v -0.05074085 0.30396014 -0.39916426
v -0.042514734 0.309643 -0.3956331
v -0.05074085 0.30396014 -0.39916426
v -0.052550048 0.31570137 -0.39001682
v -0.057496738 0.30809292 -0.39546344
v 0.036673043 0.059007592 -0.4999722
v 0.050740324 0.06365507 -0.49766648
v 0.042514205 0.07034212 -0.4974498
v 0.050740324 0.06365507 -0.49766648
v 0.036673043 0.059007592 -0.4999722
v 0.046822082 0.056048635 -0.49945715
v 0.042514205 0.07034212 -0.4974498
v 0.05749621 0.069084555 -0.49652782
v 0.052549534 0.07839696 -0.49561515
v 0.05749621 0.069084555 -0.49652782
v 0.042514205 0.07034212 -0.4974498
v 0.050740324 0.06365507 -0.49766648
v 0.066748835 0.07179594 -0.49599898
v 0.052549534 0.07839696 -0.49561515
v 0.05749621 0.069084555 -0.49652782
v 0.06556694 0.08217614 -0.49457508
v 0.07766598 0.0710606 -0.49587634
v 0.079986565 0.08116655 -0.49416426
v 0.079986565 0.08116655 -0.49416426
v 0.08876462 0.06655157 -0.49590933
v 0.09404446 0.075435586 -0.49410015
v 0.08876462 0.06655157 -0.49590933
v 0.079986565 0.08116655 -0.49416426
v 0.07766598 0.0710606 -0.49587634
v 0.09404446 0.075435586 -0.49410015
v 0.113210864 0.046371806 -0.4951856
v 0.119688205 0.054282367 -0.49340802
v 0.113210864 0.046371806 -0.4951856
v 0.09404446 0.075435586 -0.49410015
v 0.08876462 0.06655157 -0.49590933
v 0.16917655 0.011325346 -0.48257267
v 0.18608038 -0.017986735 -0.4743086
v 0.19255772 -0.0100761745 -0.47253102
v 0.18608038 -0.017986735 -0.4743086
v 0.16917655 0.011325346 -0.48257267
v 0.16269921 0.0034147855 -0.48435026
v 0.19255772 -0.0100761745 -0.47253102
v 0.2072555 -0.038099863 -0.4619619
v 0.21473522 -0.031158792 -0.4595225
v 0.2072555 -0.038099863 -0.4619619
v 0.19255772 -0.0100761745 -0.47253102
v 0.18608038 -0.017986735 -0.4743086
v 0.21234429 -0.04788767 -0.45729122
v 0.21473522 -0.031158792 -0.4595225
v 0.2072555 -0.038099863 -0.4619619
v 0.22123215 -0.04358191 -0.45369765
v 0.21388789 -0.05815767 -0.45384392
v 0.22338386 -0.057208184 -0.44936082
v 0.22338386 -0.057208184 -0.44936082
v 0.21216367 -0.06751816 -0.45221588
v 0.22108279 -0.070452064 -0.44733068
v 0.21216367 -0.06751816 -0.45221588
v 0.22338386 -0.057208184 -0.44936082
v 0.21388789 -0.05815767 -0.45384392
v 0.22108279 -0.070452064 -0.44733068
v 0.20786388 -0.075116836 -0.45265085
v 0.21474957 -0.08177657 -0.44810468
v 0.20786388 -0.075116836 -0.45265085
v 0.22108279 -0.070452064 -0.44733068
v 0.21216367 -0.06751816 -0.45221588
v 0.21474957 -0.08177657 -0.44810468
v 0.20148955 -0.080554076 -0.45514518
v 0.20520632 -0.089841425 -0.4516877
v 0.20148955 -0.080554076 -0.45514518
v 0.21474957 -0.08177657 -0.44810468
v 0.20786388 -0.075116836 -0.45265085
v 0.19331115 -0.08328736 -0.45949087
v 0.20520632 -0.089841425 -0.4516877
v 0.20148955 -0.080554076 -0.45514518
v 0.19354591 -0.09364827 -0.45754936
v 0.18393466 -0.0825834 -0.46508783
v 0.18103155 -0.0926775 -0.46473005
v 0.18103155 -0.0926775 -0.46473005
v 0.17449576 -0.078108184 -0.47095227
v 0.16902077 -0.086988226 -0.47206804
v 0.17449576 -0.078108184 -0.47095227
v 0.18103155 -0.0926775 -0.46473005
v 0.18393466 -0.0825834 -0.46508783
v 0.16902077 -0.086988226 -0.47206804
v 0.15332063 -0.05799505 -0.48329902
v 0.14684328 -0.065905616 -0.4850766
v 0.15332063 -0.05799505 -0.48329902
v 0.16902077 -0.086988226 -0.47206804
v 0.17449576 -0.078108184 -0.47095227
v 0.09909621 -0.022984065 -0.50209904
v 0.08045113 0.0063634845 -0.504176
v 0.07397378 -0.0015470781 -0.5059536
v 0.08045113 0.0063634845 -0.504176
v 0.09909621 -0.022984065 -0.50209904
v 0.105573565 -0.015073503 -0.50032145
v 0.07397378 -0.0015470781 -0.5059536
v 0.05600487 0.026543245 -0.50489974
v 0.04833002 0.019606141 -0.5066458
v 0.05600487 0.026543245 -0.50489974
v 0.07397378 -0.0015470781 -0.5059536
v 0.08045113 0.0063634845 -0.504176
v 0.049256288 0.036364865 -0.50367296
v 0.04833002 0.019606141 -0.5066458
v 0.05600487 0.026543245 -0.50489974
v 0.03978594 0.03207097 -0.5051967
v 0.04617205 0.04666625 -0.501646
v 0.035728946 0.045736056 -0.5027637
v 0.035728946 0.045736056 -0.5027637
v 0.046822082 0.056048635 -0.49945715
v 0.036673043 0.059007592 -0.4999722
v 0.046822082 0.056048635 -0.49945715
v 0.035728946 0.045736056 -0.5027637
v 0.04617205 0.04666625 -0.501646
v -0.042514678 0.07034218 -0.4974498
v -0.046822555 0.056048702 -0.4994572
v -0.036673516 0.059007656 -0.49997225
v -0.046822555 0.056048702 -0.4994572
v -0.042514678 0.07034218 -0.4974498
v -0.050740793 0.06365514 -0.49766648
v -0.036673516 0.059007656 -0.49997225
v -0.046172533 0.04666633 -0.501646
v -0.035729427 0.045736123 -0.5027637
v -0.046172533 0.04666633 -0.501646
v -0.036673516 0.059007656 -0.49997225
v -0.046822555 0.056048702 -0.4994572
v -0.035729427 0.045736123 -0.5027637
v -0.04925679 0.03636496 -0.50367296
v -0.03978645 0.03207106 -0.50519675
v -0.04925679 0.03636496 -0.50367296
v -0.035729427 0.045736123 -0.5027637
v -0.046172533 0.04666633 -0.501646
v -0.03978645 0.03207106 -0.50519675
v -0.056005374 0.026543329 -0.50489974
v -0.048330516 0.019606225 -0.5066458
v -0.056005374 0.026543329 -0.50489974
v -0.03978645 0.03207106 -0.50519675
v -0.04925679 0.03636496 -0.50367296
v -0.048330516 0.019606225 -0.5066458
v -0.08045162 0.0063636024 -0.50417596
v -0.07397428 -0.0015469658 -0.5059536
v -0.08045162 0.0063636024 -0.50417596
v -0.048330516 0.019606225 -0.5066458
v -0.056005374 0.026543329 -0.50489974
v -0.07397428 -0.0015469658 -0.5059536
v -0.10557408 -0.015073357 -0.5003215
v -0.099096745 -0.022983922 -0.5020991
v -0.10557408 -0.015073357 -0.5003215
v -0.07397428 -0.0015469658 -0.5059536
v -0.08045162 0.0063636024 -0.50417596
v -0.099096745 -0.022983922 -0.5020991
v -0.12993997 -0.03659337 -0.49334067
v -0.12346265 -0.044503935 -0.4951183
v -0.12993997 -0.03659337 -0.49334067
v -0.099096745 -0.022983922 -0.5020991
v -0.10557408 -0.015073357 -0.5003215
v -0.20520683 -0.08984114 -0.4516876
v -0.20786437 -0.07511655 -0.45265076
v -0.21475004 -0.081776306 -0.44810456
v -0.20786437 -0.07511655 -0.45265076
v -0.20520683 -0.08984114 -0.4516876
v -0.20149004 -0.08055379 -0.4551451
v -0.21475004 -0.081776306 -0.44810456
v -0.21216418 -0.0675179 -0.4522158
v -0.2210833 -0.070451826 -0.4473306
v -0.21216418 -0.0675179 -0.4522158
v -0.21475004 -0.081776306 -0.44810456
v -0.20786437 -0.07511655 -0.45265076
v -0.2210833 -0.070451826 -0.4473306
v -0.21388844 -0.058157425 -0.45384383
v -0.2233844 -0.05720793 -0.44936073
v -0.21388844 -0.058157425 -0.45384383
v -0.2210833 -0.070451826 -0.4473306
v -0.21216418 -0.0675179 -0.4522158
v -0.2233844 -0.05720793 -0.44936073
v -0.21234481 -0.04788743 -0.45729116
v -0.22123262 -0.04358166 -0.45369756
v -0.21234481 -0.04788743 -0.45729116
v -0.2233844 -0.05720793 -0.44936073
v -0.21388844 -0.058157425 -0.45384383
v -0.22123262 -0.04358166 -0.45369756
v -0.20725597 -0.038099628 -0.4619618
v -0.2147357 -0.031158544 -0.4595224
v -0.20725597 -0.038099628 -0.4619618
v -0.22123262 -0.04358166 -0.45369756
v -0.21234481 -0.04788743 -0.45729116
v -0.2147357 -0.031158544 -0.4595224
v -0.18608086 -0.017986525 -0.47430858
v -0.1925582 -0.01007596 -0.47253096
v -0.18608086 -0.017986525 -0.47430858
v -0.2147357 -0.031158544 -0.4595224
v -0.20725597 -0.038099628 -0.4619618
v -0.1925582 -0.01007596 -0.47253096
v -0.16269973 0.0034149792 -0.4843503
v -0.16917707 0.011325545 -0.48257267
v -0.16269973 0.0034149792 -0.4843503
v -0.1925582 -0.01007596 -0.47253096
v -0.18608086 -0.017986525 -0.47430858
v -0.16917707 0.011325545 -0.48257267
v -0.1383338 0.024934985 -0.4913311
v -0.14481114 0.032845557 -0.48955348
v -0.1383338 0.024934985 -0.4913311
v -0.16917707 0.011325545 -0.48257267
v -0.16269973 0.0034149792 -0.4843503
v -0.052549984 0.07839704 -0.49561518
v -0.050740793 0.06365514 -0.49766648
v -0.042514678 0.07034218 -0.4974498
v -0.050740793 0.06365514 -0.49766648
v -0.052549984 0.07839704 -0.49561518
v -0.057496678 0.06908464 -0.49652785
v 0.036672994 -0.19888401 -0.4624924
v 0.050740268 -0.19370632 -0.4628193
v 0.04251415 -0.18780683 -0.4659752
v 0.050740268 -0.19370632 -0.4628193
v 0.036672994 -0.19888401 -0.4624924
v 0.046822026 -0.20118906 -0.46056688
v 0.04251415 -0.18780683 -0.4659752
v 0.057496157 -0.18843494 -0.46454796
v 0.052549478 -0.17991383 -0.46841377
v 0.057496157 -0.18843494 -0.46454796
v 0.04251415 -0.18780683 -0.4659752
v 0.050740268 -0.19370632 -0.4628193
v 0.052549478 -0.17991383 -0.46841377
v 0.06674878 -0.1858224 -0.4654457
v 0.06556689 -0.17612092 -0.46940267
v 0.06674878 -0.1858224 -0.4654457
v 0.052549478 -0.17991383 -0.46841377
v 0.057496157 -0.18843494 -0.46454796
v 0.06556689 -0.17612092 -0.46940267
v 0.07766592 -0.18639791 -0.46497178
v 0.07998651 -0.17678985 -0.46854207
v 0.07766592 -0.18639791 -0.46497178
v 0.06556689 -0.17612092 -0.46940267
v 0.06674878 -0.1858224 -0.4654457
v 0.07998651 -0.17678985 -0.46854207
v 0.08876457 -0.19031931 -0.46274585
v 0.09404441 -0.18172096 -0.46562105
v 0.08876457 -0.19031931 -0.46274585
v 0.07998651 -0.17678985 -0.46854207
v 0.07766592 -0.18639791 -0.46497178
v 0.1448106 -0.21633182 -0.4403884
v 0.16269915 -0.23921788 -0.42116705
v 0.16917649 -0.23147833 -0.42358288
v 0.16269915 -0.23921788 -0.42116705
v 0.1448106 -0.21633182 -0.4403884
v 0.13833323 -0.2240714 -0.43797258
v 0.19255766 -0.24499173 -0.40418577
v 0.20725542 -0.26397642 -0.3810208
v 0.21473515 -0.25674555 -0.38237873
v 0.20725542 -0.26397642 -0.3810208
v 0.19255766 -0.24499173 -0.40418577
v 0.18608032 -0.2527313 -0.40176994
v 0.21473515 -0.25674555 -0.38237873
v 0.21234424 -0.27011758 -0.372082
v 0.22123207 -0.26459187 -0.37112272
v 0.21234424 -0.27011758 -0.372082
v 0.21473515 -0.25674555 -0.38237873
v 0.20725542 -0.26397642 -0.3810208
v 0.22123207 -0.26459187 -0.37112272
v 0.21388784 -0.277288 -0.36396152
v 0.22338381 -0.27422416 -0.3605538
v 0.21388784 -0.277288 -0.36396152
v 0.22123207 -0.26459187 -0.37112272
v 0.21234424 -0.27011758 -0.372082
v 0.22338381 -0.27422416 -0.3605538
v 0.21216361 -0.2845804 -0.35787135
v 0.22108273 -0.28467864 -0.3521737
v 0.21216361 -0.2845804 -0.35787135
v 0.22338381 -0.27422416 -0.3605538
v 0.21388784 -0.277288 -0.36396152
v 0.22108273 -0.28467864 -0.3521737
v 0.20786381 -0.29137853 -0.35444868
v 0.21474949 -0.29487294 -0.3471817
v 0.20786381 -0.29137853 -0.35444868
v 0.22108273 -0.28467864 -0.3521737
v 0.21216361 -0.2845804 -0.35787135
v 0.21474949 -0.29487294 -0.3471817
v 0.20148951 -0.2973345 -0.35389024
v 0.20520627 -0.30364883 -0.3462523
v 0.20148951 -0.2973345 -0.35389024
v 0.21474949 -0.29487294 -0.3471817
v 0.20786381 -0.29137853 -0.35444868
v 0.20520627 -0.30364883 -0.3462523
v 0.1933111 -0.3018744 -0.3562871
v 0.19354583 -0.30987647 -0.34942526
v 0.1933111 -0.3018744 -0.3562871
v 0.20520627 -0.30364883 -0.3462523
v 0.20148951 -0.2973345 -0.35389024
v 0.19354583 -0.30987647 -0.34942526
v 0.1839346 -0.30406326 -0.36148617
v 0.18103147 -0.31262612 -0.3561293
v 0.1839346 -0.30406326 -0.36148617
v 0.19354583 -0.30987647 -0.34942526
v 0.1933111 -0.3018744 -0.3562871
v 0.18103147 -0.31262612 -0.3561293
v 0.1744957 -0.30311984 -0.36880255
v 0.1690207 -0.31136805 -0.36532882
v 0.1744957 -0.30311984 -0.36880255
v 0.18103147 -0.31262612 -0.3561293
v 0.1839346 -0.30406326 -0.36148617
v 0.12346205 -0.2861008 -0.40653294
v 0.105573505 -0.2632148 -0.4257543
v 0.09909616 -0.27095434 -0.4233385
v 0.105573505 -0.2632148 -0.4257543
v 0.12346205 -0.2861008 -0.40653294
v 0.12993939 -0.2783613 -0.40894878
v 0.09909616 -0.27095434 -0.4233385
v 0.080451064 -0.24657705 -0.43981093
v 0.073973715 -0.2543166 -0.4373951
v 0.080451064 -0.24657705 -0.43981093
v 0.09909616 -0.27095434 -0.4233385
v 0.105573505 -0.2632148 -0.4257543
v 0.073973715 -0.2543166 -0.4373951
v 0.056004815 -0.22946271 -0.45052758
v 0.048329957 -0.23634346 -0.44857115
v 0.056004815 -0.22946271 -0.45052758
v 0.073973715 -0.2543166 -0.4373951
v 0.080451064 -0.24657705 -0.43981093
v 0.048329957 -0.23634346 -0.44857115
v 0.04925623 -0.22034356 -0.45437598
v 0.039785888 -0.22482406 -0.45354864
v 0.04925623 -0.22034356 -0.45437598
v 0.048329957 -0.23634346 -0.44857115
v 0.056004815 -0.22946271 -0.45052758
v 0.039785888 -0.22482406 -0.45354864
v 0.046171997 -0.21040884 -0.45777127
v 0.035728887 -0.21177323 -0.45827413
v 0.046171997 -0.21040884 -0.45777127
v 0.039785888 -0.22482406 -0.45354864
v 0.04925623 -0.22034356 -0.45437598
v 0.035728887 -0.21177323 -0.45827413
v 0.046822026 -0.20118906 -0.46056688
v 0.036672994 -0.19888401 -0.4624924
v 0.046822026 -0.20118906 -0.46056688
v 0.035728887 -0.21177323 -0.45827413
v 0.046171997 -0.21040884 -0.45777127
v -0.03667356 -0.19888398 -0.46249247
v -0.046172585 -0.21040875 -0.45777133
v -0.035729483 -0.2117732 -0.4582742
v -0.046172585 -0.21040875 -0.45777133
v -0.03667356 -0.19888398 -0.46249247
v -0.046822596 -0.20118895 -0.4605669
v -0.035729483 -0.2117732 -0.4582742
v -0.049256835 -0.22034349 -0.45437607
v -0.039786488 -0.224824 -0.45354873
v -0.049256835 -0.22034349 -0.45437607
v -0.035729483 -0.2117732 -0.4582742
v -0.046172585 -0.21040875 -0.45777133
v -0.039786488 -0.224824 -0.45354873
v -0.056005426 -0.22946265 -0.45052764
v -0.048330575 -0.2363434 -0.4485712
v -0.056005426 -0.22946265 -0.45052764
v -0.039786488 -0.224824 -0.45354873
v -0.049256835 -0.22034349 -0.45437607
v -0.048330575 -0.2363434 -0.4485712
v -0.08045167 -0.24657695 -0.439811
v -0.07397433 -0.2543165 -0.43739516
v -0.08045167 -0.24657695 -0.439811
v -0.048330575 -0.2363434 -0.4485712
v -0.056005426 -0.22946265 -0.45052764
v -0.07397433 -0.2543165 -0.43739516
v -0.10557414 -0.26321462 -0.42575446
v -0.0990968 -0.27095416 -0.42333862
v -0.10557414 -0.26321462 -0.42575446
v -0.07397433 -0.2543165 -0.43739516
v -0.08045167 -0.24657695 -0.439811
v -0.0990968 -0.27095416 -0.42333862
v -0.12994005 -0.2783611 -0.40894884
v -0.123462714 -0.28610066 -0.406533
v -0.12994005 -0.2783611 -0.40894884
v -0.0990968 -0.27095416 -0.42333862
v -0.10557414 -0.26321462 -0.42575446
v -0.123462714 -0.28610066 -0.406533
v -0.15332122 -0.29187447 -0.38955176
v -0.14684388 -0.29961404 -0.38713592
v -0.15332122 -0.29187447 -0.38955176
v -0.123462714 -0.28610066 -0.406533
v -0.12994005 -0.2783611 -0.40894884
v -0.16902135 -0.3113678 -0.36532888
v -0.18393521 -0.30406296 -0.36148623
v -0.18103212 -0.31262583 -0.35612935
v -0.18393521 -0.30406296 -0.36148623
v -0.16902135 -0.3113678 -0.36532888
v -0.1744963 -0.30311954 -0.3688026
v -0.18103212 -0.31262583 -0.35612935
v -0.1933117 -0.3018741 -0.35628712
v -0.19354647 -0.30987617 -0.3494253
v -0.1933117 -0.3018741 -0.35628712
v -0.18103212 -0.31262583 -0.35612935
v -0.18393521 -0.30406296 -0.36148623
v -0.19354647 -0.30987617 -0.3494253
v -0.20149009 -0.2973342 -0.3538903
v -0.20520686 -0.3036485 -0.34625232
v -0.20149009 -0.2973342 -0.3538903
v -0.19354647 -0.30987617 -0.3494253
v -0.1933117 -0.3018741 -0.35628712
v -0.20520686 -0.3036485 -0.34625232
v -0.20786442 -0.2913782 -0.35444874
v -0.2147501 -0.2948726 -0.34718174
v -0.20786442 -0.2913782 -0.35444874
v -0.20520686 -0.3036485 -0.34625232
v -0.20149009 -0.2973342 -0.3538903
v -0.22108336 -0.28467834 -0.35217372
v -0.21388845 -0.27728766 -0.36396155
v -0.22338441 -0.27422383 -0.36055383
v -0.21388845 -0.27728766 -0.36396155
v -0.22108336 -0.28467834 -0.35217372
v -0.21216424 -0.28458008 -0.35787138
v -0.22338441 -0.27422383 -0.36055383
v -0.21234483 -0.27011725 -0.37208202
v -0.22123265 -0.26459157 -0.37112275
v -0.21234483 -0.27011725 -0.37208202
v -0.22338441 -0.27422383 -0.36055383
v -0.21388845 -0.27728766 -0.36396155
v -0.22123265 -0.26459157 -0.37112275
v -0.20725597 -0.26397613 -0.38102084
v -0.2147357 -0.25674525 -0.38237876
v -0.20725597 -0.26397613 -0.38102084
v -0.22123265 -0.26459157 -0.37112275
v -0.21234483 -0.27011725 -0.37208202
v -0.2147357 -0.25674525 -0.38237876
v -0.18608093 -0.25273103 -0.40176997
v -0.19255827 -0.24499148 -0.4041858
v -0.18608093 -0.25273103 -0.40176997
v -0.2147357 -0.25674525 -0.38237876
v -0.20725597 -0.26397613 -0.38102084
v -0.19255827 -0.24499148 -0.4041858
v -0.16269976 -0.23921764 -0.4211671
v -0.1691771 -0.23147807 -0.42358294
v -0.16269976 -0.23921764 -0.4211671
v -0.19255827 -0.24499148 -0.4041858
v -0.18608093 -0.25273103 -0.40176997
v -0.1691771 -0.23147807 -0.42358294
v -0.13833386 -0.22407117 -0.43797266
v -0.14481118 -0.21633163 -0.4403885
v -0.13833386 -0.22407117 -0.43797266
v -0.1691771 -0.23147807 -0.42358294
v -0.16269976 -0.23921764 -0.4211671
v -0.14481118 -0.21633163 -0.4403885
v -0.113211356 -0.20743349 -0.45202926
v -0.11968869 -0.19969393 -0.4544451
v -0.113211356 -0.20743349 -0.45202926
v -0.14481118 -0.21633163 -0.4403885
v -0.13833386 -0.22407117 -0.43797266
v -0.09404494 -0.18172084 -0.46562114
v -0.077666484 -0.1863978 -0.4649718
v -0.079987064 -0.17678975 -0.4685421
v -0.077666484 -0.1863978 -0.4649718
v -0.09404494 -0.18172084 -0.46562114
v -0.08876511 -0.19031921 -0.46274588
v -0.079987064 -0.17678975 -0.4685421
v -0.06674932 -0.18582232 -0.46544573
v -0.06556742 -0.17612086 -0.4694027
v -0.06674932 -0.18582232 -0.46544573
v -0.079987064 -0.17678975 -0.4685421
v -0.077666484 -0.1863978 -0.4649718
v -0.06556742 -0.17612086 -0.4694027
v -0.057496723 -0.18843488 -0.46454802
v -0.052550036 -0.17991376 -0.46841383
v -0.057496723 -0.18843488 -0.46454802
v -0.06556742 -0.17612086 -0.4694027
v -0.06674932 -0.18582232 -0.46544573
v -0.052550036 -0.17991376 -0.46841383
v -0.050740834 -0.19370626 -0.46281937
v -0.042514715 -0.18780677 -0.46597525
v -0.050740834 -0.19370626 -0.46281937
v -0.052550036 -0.17991376 -0.46841383
v -0.057496723 -0.18843488 -0.46454802
v 0.036673043 -0.40348494 -0.30108804
v 0.050740313 -0.39916435 -0.30395997
v 0.042514194 -0.3956332 -0.3096428
v 0.050740313 -0.39916435 -0.30395997
v 0.036673043 -0.40348494 -0.30108804
v 0.046822075 -0.4045184 -0.298268
v 0.042514194 -0.3956332 -0.3096428
v 0.0574962 -0.39546356 -0.3080927
v 0.05254952 -0.39001694 -0.3157012
v 0.0574962 -0.39546356 -0.3080927
v 0.042514194 -0.3956332 -0.3096428
v 0.050740313 -0.39916435 -0.30395997
v 0.05254952 -0.39001694 -0.3157012
v 0.06674882 -0.39364988 -0.31017646
v 0.06556693 -0.38722664 -0.31845406
v 0.06674882 -0.39364988 -0.31017646
v 0.05254952 -0.39001694 -0.3157012
v 0.0574962 -0.39546356 -0.3080927
v 0.06556693 -0.38722664 -0.31845406
v 0.07766596 -0.39391133 -0.3094783
v 0.07998656 -0.38737565 -0.3173743
v 0.07766596 -0.39391133 -0.3094783
v 0.06556693 -0.38722664 -0.31845406
v 0.06674882 -0.39364988 -0.31017646
v 0.07998656 -0.38737565 -0.3173743
v 0.08876462 -0.39619446 -0.30558988
v 0.094044454 -0.39018562 -0.31237906
v 0.08876462 -0.39619446 -0.30558988
v 0.07998656 -0.38737565 -0.3173743
v 0.07766596 -0.39391133 -0.3094783
v 0.14481065 -0.40754318 -0.27322152
v 0.16269921 -0.41775236 -0.2451323
v 0.16917655 -0.41225764 -0.25109422
v 0.16269921 -0.41775236 -0.2451323
v 0.14481065 -0.40754318 -0.27322152
v 0.1383333 -0.4130379 -0.26725957
v 0.16917655 -0.41225764 -0.25109422
v 0.18608038 -0.41975677 -0.22157718
v 0.19255772 -0.41426206 -0.22753914
v 0.18608038 -0.41975677 -0.22157718
v 0.16917655 -0.41225764 -0.25109422
v 0.16269921 -0.41775236 -0.2451323
v 0.19255772 -0.41426206 -0.22753914
v 0.20725548 -0.41912076 -0.19798534
v 0.21473521 -0.41353762 -0.20277677
v 0.20725548 -0.41912076 -0.19798534
v 0.19255772 -0.41426206 -0.22753914
v 0.18608038 -0.41975677 -0.22157718
v 0.21473521 -0.41353762 -0.20277677
v 0.21234429 -0.41996974 -0.18717352
v 0.22123212 -0.41470474 -0.18910563
v 0.21234429 -0.41996974 -0.18717352
v 0.21473521 -0.41353762 -0.20277677
v 0.20725548 -0.41912076 -0.19798534
v 0.22123212 -0.41470474 -0.18910563
v 0.21388789 -0.42211926 -0.17655578
v 0.22338386 -0.41776204 -0.1751365
v 0.21388789 -0.42211926 -0.17655578
v 0.22123212 -0.41470474 -0.18910563
v 0.21234429 -0.41996974 -0.18717352
v 0.22338386 -0.41776204 -0.1751365
v 0.21216366 -0.4253896 -0.16763534
v 0.22108278 -0.42262584 -0.16265191
v 0.21216366 -0.4253896 -0.16763534
v 0.22338386 -0.41776204 -0.1751365
v 0.21388789 -0.42211926 -0.17655578
v 0.22108278 -0.42262584 -0.16265191
v 0.20786385 -0.4295656 -0.16127218
v 0.21474953 -0.42895836 -0.15323158
v 0.20786385 -0.4295656 -0.16127218
v 0.22108278 -0.42262584 -0.16265191
v 0.21216366 -0.4253896 -0.16763534
v 0.21474953 -0.42895836 -0.15323158
v 0.20148954 -0.4344444 -0.15781057
v 0.2052063 -0.4360938 -0.14803873
v 0.20148954 -0.4344444 -0.15781057
v 0.21474953 -0.42895836 -0.15323158
v 0.20786385 -0.4295656 -0.16127218
v 0.2052063 -0.4360938 -0.14803873
v 0.19331114 -0.43957454 -0.15761632
v 0.1935459 -0.4430736 -0.14767276
v 0.19331114 -0.43957454 -0.15761632
v 0.2052063 -0.4360938 -0.14803873
v 0.20148954 -0.4344444 -0.15781057
v 0.1935459 -0.4430736 -0.14767276
v 0.18393464 -0.44406965 -0.16102444
v 0.18103154 -0.44880688 -0.15210381
v 0.18393464 -0.44406965 -0.16102444
v 0.1935459 -0.4430736 -0.14767276
v 0.19331114 -0.43957454 -0.15761632
v 0.18103154 -0.44880688 -0.15210381
v 0.17449576 -0.44691077 -0.1678323
v 0.16902077 -0.4523171 -0.16069986
v 0.17449576 -0.44691077 -0.1678323
v 0.18103154 -0.44880688 -0.15210381
v 0.18393464 -0.44406965 -0.16102444
v 0.1234621 -0.45103714 -0.20901729
v 0.10557355 -0.44082797 -0.23710653
v 0.0990962 -0.44632268 -0.23114459
v 0.10557355 -0.44082797 -0.23710653
v 0.1234621 -0.45103714 -0.20901729
v 0.12993944 -0.44554242 -0.21497925
v 0.0990962 -0.44632268 -0.23114459
v 0.0804511 -0.4334476 -0.2575988
v 0.07397376 -0.4389423 -0.25163683
v 0.0804511 -0.4334476 -0.2575988
v 0.0990962 -0.44632268 -0.23114459
v 0.10557355 -0.44082797 -0.23710653
v 0.07397376 -0.4389423 -0.25163683
v 0.05600486 -0.42398447 -0.27543682
v 0.048329998 -0.42896515 -0.27030215
v 0.05600486 -0.42398447 -0.27543682
v 0.07397376 -0.4389423 -0.25163683
v 0.0804511 -0.4334476 -0.2575988
v 0.048329998 -0.42896515 -0.27030215
v 0.04925628 -0.41801125 -0.28332925
v 0.039785933 -0.4214778 -0.28037247
v 0.04925628 -0.41801125 -0.28332925
v 0.048329998 -0.42896515 -0.27030215
v 0.05600486 -0.42398447 -0.27543682
v 0.039785933 -0.4214778 -0.28037247
v 0.04617204 -0.41110516 -0.29123703
v 0.03572893 -0.4125382 -0.2909903
v 0.04617204 -0.41110516 -0.29123703
v 0.039785933 -0.4214778 -0.28037247
v 0.04925628 -0.41801125 -0.28332925
v 0.03572893 -0.4125382 -0.2909903
v 0.046822075 -0.4045184 -0.298268
v 0.036673043 -0.40348494 -0.30108804
v 0.046822075 -0.4045184 -0.298268
v 0.03572893 -0.4125382 -0.2909903
v 0.04617204 -0.41110516 -0.29123703
v -0.03667351 -0.40348497 -0.3010881
v -0.04617255 -0.41110513 -0.29123712
v -0.035729453 -0.4125382 -0.29099038
v -0.04617255 -0.41110513 -0.29123712
v -0.03667351 -0.40348497 -0.3010881
v -0.046822555 -0.4045184 -0.29826805
v -0.035729453 -0.4125382 -0.29099038
v -0.04925679 -0.41801125 -0.28332934
v -0.039786443 -0.4214778 -0.28037256
v -0.04925679 -0.41801125 -0.28332934
v -0.035729453 -0.4125382 -0.29099038
v -0.04617255 -0.41110513 -0.29123712
v -0.039786443 -0.4214778 -0.28037256
v -0.05600539 -0.42398447 -0.2754369
v -0.048330545 -0.42896515 -0.27030224
v -0.05600539 -0.42398447 -0.2754369
v -0.039786443 -0.4214778 -0.28037256
v -0.04925679 -0.41801125 -0.28332934
v -0.048330545 -0.42896515 -0.27030224
v -0.08045166 -0.43344754 -0.25759888
v -0.07397432 -0.43894228 -0.25163695
v -0.08045166 -0.43344754 -0.25759888
v -0.048330545 -0.42896515 -0.27030224
v -0.05600539 -0.42398447 -0.2754369
v -0.07397432 -0.43894228 -0.25163695
v -0.1055741 -0.44082788 -0.23710667
v -0.09909676 -0.44632262 -0.23114473
v -0.1055741 -0.44082788 -0.23710667
v -0.07397432 -0.43894228 -0.25163695
v -0.08045166 -0.43344754 -0.25759888
v -0.09909676 -0.44632262 -0.23114473
v -0.12994 -0.4455423 -0.21497938
v -0.12346267 -0.45103708 -0.20901744
v -0.12994 -0.4455423 -0.21497938
v -0.09909676 -0.44632262 -0.23114473
v -0.1055741 -0.44082788 -0.23710667
v -0.12346267 -0.45103708 -0.20901744
v -0.15332118 -0.44754672 -0.19142433
v -0.14684384 -0.45304143 -0.18546237
v -0.15332118 -0.44754672 -0.19142433
v -0.12346267 -0.45103708 -0.20901744
v -0.12994 -0.4455423 -0.21497938
v -0.16902132 -0.45231697 -0.16070005
v -0.1839352 -0.44406947 -0.16102463
v -0.18103208 -0.44880673 -0.152104
v -0.1839352 -0.44406947 -0.16102463
v -0.16902132 -0.45231697 -0.16070005
v -0.17449628 -0.44691065 -0.1678325
v -0.18103208 -0.44880673 -0.152104
v -0.19331169 -0.43957433 -0.15761651
v -0.19354646 -0.4430734 -0.14767295
v -0.19331169 -0.43957433 -0.15761651
v -0.18103208 -0.44880673 -0.152104
v -0.1839352 -0.44406947 -0.16102463
v -0.19354646 -0.4430734 -0.14767295
v -0.20149009 -0.43444425 -0.15781076
v -0.20520686 -0.43609363 -0.14803894
v -0.20149009 -0.43444425 -0.15781076
v -0.19354646 -0.4430734 -0.14767295
v -0.19331169 -0.43957433 -0.15761651
v -0.20520686 -0.43609363 -0.14803894
v -0.20786442 -0.4295654 -0.16127239
v -0.2147501 -0.42895815 -0.15323178
v -0.20786442 -0.4295654 -0.16127239
v -0.20520686 -0.43609363 -0.14803894
v -0.20149009 -0.43444425 -0.15781076
v -0.22108333 -0.42262563 -0.16265208
v -0.21388842 -0.4221191 -0.17655595
v -0.22338438 -0.41776186 -0.1751367
v -0.21388842 -0.4221191 -0.17655595
v -0.22108333 -0.42262563 -0.16265208
v -0.21216421 -0.42538938 -0.1676355
v -0.22338438 -0.41776186 -0.1751367
v -0.2123448 -0.41996956 -0.18717371
v -0.22123262 -0.41470456 -0.18910582
v -0.2123448 -0.41996956 -0.18717371
v -0.22338438 -0.41776186 -0.1751367
v -0.21388842 -0.4221191 -0.17655595
v -0.22123262 -0.41470456 -0.18910582
v -0.20725596 -0.41912055 -0.19798551
v -0.21473569 -0.41353744 -0.20277695
v -0.20725596 -0.41912055 -0.19798551
v -0.22123262 -0.41470456 -0.18910582
v -0.2123448 -0.41996956 -0.18717371
v -0.21473569 -0.41353744 -0.20277695
v -0.18608087 -0.41975662 -0.22157738
v -0.19255821 -0.41426188 -0.22753932
v -0.18608087 -0.41975662 -0.22157738
v -0.21473569 -0.41353744 -0.20277695
v -0.20725596 -0.41912055 -0.19798551
v -0.19255821 -0.41426188 -0.22753932
v -0.16269971 -0.41775224 -0.24513246
v -0.16917706 -0.4122575 -0.2510944
v -0.16269971 -0.41775224 -0.24513246
v -0.19255821 -0.41426188 -0.22753932
v -0.18608087 -0.41975662 -0.22157738
v -0.16917706 -0.4122575 -0.2510944
v -0.13833381 -0.4130378 -0.26725972
v -0.14481115 -0.4075431 -0.27322167
v -0.13833381 -0.4130378 -0.26725972
v -0.16917706 -0.4122575 -0.2510944
v -0.16269971 -0.41775224 -0.24513246
v -0.14481115 -0.4075431 -0.27322167
v -0.113211356 -0.40565744 -0.28775197
v -0.1196887 -0.4001627 -0.2937139
v -0.113211356 -0.40565744 -0.28775197
v -0.14481115 -0.4075431 -0.27322167
v -0.13833381 -0.4130378 -0.26725972
v -0.094044924 -0.39018556 -0.31237924
v -0.07766644 -0.3939113 -0.30947837
v -0.079987004 -0.38737562 -0.31737438
v -0.07766644 -0.3939113 -0.30947837
v -0.094044924 -0.39018556 -0.31237924
v -0.08876511 -0.39619434 -0.30558997
v -0.079987004 -0.38737562 -0.31737438
v -0.0667493 -0.39364985 -0.31017655
v -0.065567404 -0.38722664 -0.31845412
v -0.0667493 -0.39364985 -0.31017655
v -0.079987004 -0.38737562 -0.31737438
v -0.07766644 -0.3939113 -0.30947837
v -0.065567404 -0.38722664 -0.31845412
v -0.057496678 -0.39546356 -0.30809283
v -0.05254999 -0.39001694 -0.31570128
v -0.057496678 -0.39546356 -0.30809283
v -0.065567404 -0.38722664 -0.31845412
v -0.0667493 -0.39364985 -0.31017655
v -0.05254999 -0.39001694 -0.31570128
v -0.0507408 -0.39916435 -0.30396003
v -0.04251468 -0.3956332 -0.30964288
v -0.0507408 -0.39916435 -0.30396003
v -0.05254999 -0.39001694 -0.31570128
v -0.057496678 -0.39546356 -0.30809283
v 0.036673103 -0.49997213 -0.059007324
v 0.050740376 -0.49766642 -0.0636548
v 0.042514257 -0.49744973 -0.070341855
v 0.050740376 -0.49766642 -0.0636548
v 0.036673103 -0.49997213 -0.059007324
v 0.046822134 -0.4994571 -0.056048367
v 0.042514257 -0.49744973 -0.070341855
v 0.05749626 -0.4965278 -0.06908429
v 0.05254958 -0.49561512 -0.07839669
v 0.05749626 -0.4965278 -0.06908429
v 0.042514257 -0.49744973 -0.070341855
v 0.050740376 -0.49766642 -0.0636548
v 0.05254958 -0.49561512 -0.07839669
v 0.06674888 -0.49599895 -0.071795695
v 0.06556698 -0.49457505 -0.0821759
v 0.06674888 -0.49599895 -0.071795695
v 0.05254958 -0.49561512 -0.07839669
v 0.05749626 -0.4965278 -0.06908429
v 0.06556698 -0.49457505 -0.0821759
v 0.07766603 -0.4958763 -0.07106033
v 0.079986624 -0.49416423 -0.0811663
v 0.07766603 -0.4958763 -0.07106033
v 0.06556698 -0.49457505 -0.0821759
v 0.06674888 -0.49599895 -0.071795695
v 0.079986624 -0.49416423 -0.0811663
v 0.08876467 -0.4959093 -0.06655132
v 0.09404451 -0.49410012 -0.07543534
v 0.08876467 -0.4959093 -0.06655132
v 0.079986624 -0.49416423 -0.0811663
v 0.07766603 -0.4958763 -0.07106033
v 0.1448107 -0.48955342 -0.03284513
v 0.16269927 -0.4843502 -0.003414544
v 0.16917661 -0.48257262 -0.011325107
v 0.16269927 -0.4843502 -0.003414544
v 0.1448107 -0.48955342 -0.03284513
v 0.13833337 -0.491331 -0.024934564
v 0.16917661 -0.48257262 -0.011325107
v 0.18608046 -0.47430852 0.017986968
v 0.1925578 -0.47253093 0.010076406
v 0.18608046 -0.47430852 0.017986968
v 0.16917661 -0.48257262 -0.011325107
v 0.16269927 -0.4843502 -0.003414544
v 0.1925578 -0.47253093 0.010076406
v 0.20725556 -0.46196178 0.038100094
v 0.21473528 -0.4595224 0.03115901
v 0.20725556 -0.46196178 0.038100094
v 0.1925578 -0.47253093 0.010076406
v 0.18608046 -0.47430852 0.017986968
v 0.21473528 -0.4595224 0.03115901
v 0.2123444 -0.4572911 0.047887888
v 0.2212322 -0.45369753 0.043582123
v 0.2123444 -0.4572911 0.047887888
v 0.21473528 -0.4595224 0.03115901
v 0.20725556 -0.46196178 0.038100094
v 0.2212322 -0.45369753 0.043582123
v 0.21388796 -0.4538438 0.058157887
v 0.22338393 -0.4493607 0.057208408
v 0.21388796 -0.4538438 0.058157887
v 0.2212322 -0.45369753 0.043582123
v 0.2123444 -0.4572911 0.047887888
v 0.22338393 -0.4493607 0.057208408
v 0.21216373 -0.45221576 0.06751838
v 0.22108285 -0.44733056 0.07045228
v 0.21216373 -0.45221576 0.06751838
v 0.22338393 -0.4493607 0.057208408
v 0.21388796 -0.4538438 0.058157887
v 0.22108285 -0.44733056 0.07045228
v 0.20786394 -0.45265073 0.07511704
v 0.21474963 -0.4481045 0.08177679
v 0.20786394 -0.45265073 0.07511704
v 0.22108285 -0.44733056 0.07045228
v 0.21216373 -0.45221576 0.06751838
v 0.21474963 -0.4481045 0.08177679
v 0.20148963 -0.45514506 0.08055428
v 0.2052064 -0.45168757 0.089841634
v 0.20148963 -0.45514506 0.08055428
v 0.21474963 -0.4481045 0.08177679
v 0.20786394 -0.45265073 0.07511704
v 0.2052064 -0.45168757 0.089841634
v 0.19331121 -0.45949075 0.08328758
v 0.19354598 -0.45754924 0.093648486
v 0.19331121 -0.45949075 0.08328758
v 0.2052064 -0.45168757 0.089841634
v 0.20148963 -0.45514506 0.08055428
v 0.19354598 -0.45754924 0.093648486
v 0.18393473 -0.4650877 0.08258362
v 0.18103163 -0.46472993 0.09267772
v 0.18393473 -0.4650877 0.08258362
v 0.19354598 -0.45754924 0.093648486
v 0.19331121 -0.45949075 0.08328758
v 0.18103163 -0.46472993 0.09267772
v 0.17449583 -0.47095218 0.07810841
v 0.16902085 -0.47206795 0.08698846
v 0.17449583 -0.47095218 0.07810841
v 0.18103163 -0.46472993 0.09267772
v 0.18393473 -0.4650877 0.08258362
v 0.12346219 -0.4951182 0.04450434
v 0.10557363 -0.5003214 0.015073757
v 0.09909628 -0.502099 0.02298432
v 0.10557363 -0.5003214 0.015073757
v 0.12346219 -0.4951182 0.04450434
v 0.12993954 -0.4933406 0.03659378
v 0.09909628 -0.502099 0.02298432
v 0.08045117 -0.5041759 -0.0063632233
v 0.07397383 -0.5059535 0.0015473411
v 0.08045117 -0.5041759 -0.0063632233
v 0.09909628 -0.502099 0.02298432
v 0.10557363 -0.5003214 0.015073757
v 0.07397383 -0.5059535 0.0015473411
v 0.056004927 -0.5048996 -0.02654298
v 0.04833007 -0.5066457 -0.019605879
v 0.056004927 -0.5048996 -0.02654298
v 0.07397383 -0.5059535 0.0015473411
v 0.08045117 -0.5041759 -0.0063632233
v 0.04833007 -0.5066457 -0.019605879
v 0.04925635 -0.5036729 -0.036364608
v 0.039786004 -0.50519663 -0.032070708
v 0.04925635 -0.5036729 -0.036364608
v 0.04833007 -0.5066457 -0.019605879
v 0.056004927 -0.5048996 -0.02654298
v 0.039786004 -0.50519663 -0.032070708
v 0.046172105 -0.5016459 -0.046665993
v 0.035729 -0.5027636 -0.04573579
v 0.046172105 -0.5016459 -0.046665993
v 0.039786004 -0.50519663 -0.032070708
v 0.04925635 -0.5036729 -0.036364608
v 0.035729 -0.5027636 -0.04573579
v 0.046822134 -0.4994571 -0.056048367
v 0.036673103 -0.49997213 -0.059007324
v 0.046822134 -0.4994571 -0.056048367
v 0.035729 -0.5027636 -0.04573579
v 0.046172105 -0.5016459 -0.046665993
v -0.03667346 -0.49997222 -0.059007384
v -0.046172492 -0.501646 -0.046666056
v -0.035729386 -0.5027637 -0.045735855
v -0.046172492 -0.501646 -0.046666056
v -0.03667346 -0.49997222 -0.059007384
v -0.046822496 -0.49945718 -0.056048434
v -0.035729386 -0.5027637 -0.045735855
v -0.049256723 -0.50367296 -0.03636469
v -0.03978638 -0.5051967 -0.03207079
v -0.049256723 -0.50367296 -0.03636469
v -0.035729386 -0.5027637 -0.045735855
v -0.046172492 -0.501646 -0.046666056
v -0.03978638 -0.5051967 -0.03207079
v -0.05600533 -0.50489974 -0.026543055
v -0.048330482 -0.5066458 -0.019605946
v -0.05600533 -0.50489974 -0.026543055
v -0.03978638 -0.5051967 -0.03207079
v -0.049256723 -0.50367296 -0.03636469
v -0.048330482 -0.5066458 -0.019605946
v -0.08045156 -0.50417596 -0.0063633197
v -0.07397422 -0.50595355 0.0015472483
v -0.08045156 -0.50417596 -0.0063633197
v -0.048330482 -0.5066458 -0.019605946
v -0.05600533 -0.50489974 -0.026543055
v -0.07397422 -0.50595355 0.0015472483
v -0.105574034 -0.50032145 0.015073637
v -0.0990967 -0.50209904 0.022984205
v -0.105574034 -0.50032145 0.015073637
v -0.07397422 -0.50595355 0.0015472483
v -0.08045156 -0.50417596 -0.0063633197
v -0.0990967 -0.50209904 0.022984205
v -0.12993991 -0.4933406 0.03659365
v -0.123462565 -0.4951182 0.044504218
v -0.12993991 -0.4933406 0.03659365
v -0.0990967 -0.50209904 0.022984205
v -0.105574034 -0.50032145 0.015073637
v -0.123462565 -0.4951182 0.044504218
v -0.15332112 -0.4832989 0.057995144
v -0.14684379 -0.4850765 0.06590571
v -0.15332112 -0.4832989 0.057995144
v -0.123462565 -0.4951182 0.044504218
v -0.12993991 -0.4933406 0.03659365
v -0.16902123 -0.47206792 0.0869883
v -0.18393508 -0.4650877 0.082583435
v -0.18103197 -0.46472993 0.09267753
v -0.18393508 -0.4650877 0.082583435
v -0.16902123 -0.47206792 0.0869883
v -0.17449619 -0.47095215 0.07810825
v -0.18103197 -0.46472993 0.09267753
v -0.19331156 -0.45949072 0.08328737
v -0.19354632 -0.4575492 0.093648285
v -0.19331156 -0.45949072 0.08328737
v -0.18103197 -0.46472993 0.09267753
v -0.18393508 -0.4650877 0.082583435
v -0.19354632 -0.4575492 0.093648285
v -0.20148998 -0.45514503 0.08055409
v -0.20520675 -0.45168754 0.08984144
v -0.20148998 -0.45514503 0.08055409
v -0.19354632 -0.4575492 0.093648285
v -0.19331156 -0.45949072 0.08328737
v -0.20520675 -0.45168754 0.08984144
v -0.20786431 -0.4526507 0.07511683
v -0.21474999 -0.44810447 0.08177656
v -0.20786431 -0.4526507 0.07511683
v -0.20520675 -0.45168754 0.08984144
v -0.20148998 -0.45514503 0.08055409
v -0.22108325 -0.44733053 0.07045209
v -0.21388833 -0.45384377 0.05815771
v -0.2233843 -0.44936067 0.057208195
v -0.21388833 -0.45384377 0.05815771
v -0.22108325 -0.44733053 0.07045209
v -0.21216413 -0.45221573 0.067518175
v -0.2233843 -0.44936067 0.057208195
v -0.21234472 -0.45729113 0.047887694
v -0.22123253 -0.45369753 0.04358193
v -0.21234472 -0.45729113 0.047887694
v -0.2233843 -0.44936067 0.057208195
v -0.21388833 -0.45384377 0.05815771
v -0.22123253 -0.45369753 0.04358193
v -0.20725591 -0.46196175 0.038099904
v -0.21473564 -0.45952234 0.031158831
v -0.20725591 -0.46196175 0.038099904
v -0.22123253 -0.45369753 0.04358193
v -0.21234472 -0.45729113 0.047887694
v -0.21473564 -0.45952234 0.031158831
v -0.18608077 -0.4743085 0.017986804
v -0.19255811 -0.4725309 0.01007624
v -0.18608077 -0.4743085 0.017986804
v -0.21473564 -0.45952234 0.031158831
v -0.20725591 -0.46196175 0.038099904
v -0.19255811 -0.4725309 0.01007624
v -0.16269965 -0.48435023 -0.0034147261
v -0.169177 -0.48257262 -0.011325289
v -0.16269965 -0.48435023 -0.0034147261
v -0.19255811 -0.4725309 0.01007624
v -0.18608077 -0.4743085 0.017986804
v -0.169177 -0.48257262 -0.011325289
v -0.13833377 -0.491331 -0.024934705
v -0.14481111 -0.48955342 -0.032845274
v -0.13833377 -0.491331 -0.024934705
v -0.169177 -0.48257262 -0.011325289
v -0.16269965 -0.48435023 -0.0034147261
v -0.14481111 -0.48955342 -0.032845274
v -0.11321126 -0.4951856 -0.04637167
v -0.1196886 -0.493408 -0.054282237
v -0.11321126 -0.4951856 -0.04637167
v -0.14481111 -0.48955342 -0.032845274
v -0.13833377 -0.491331 -0.024934705
v -0.09404486 -0.49410018 -0.07543543
v -0.077666365 -0.49587634 -0.07106042
v -0.07998695 -0.49416426 -0.08116639
v -0.077666365 -0.49587634 -0.07106042
v -0.09404486 -0.49410018 -0.07543543
v -0.088765025 -0.4959093 -0.0665514
v -0.07998695 -0.49416426 -0.08116639
v -0.06674924 -0.495999 -0.071795754
v -0.065567344 -0.4945751 -0.08217596
v -0.06674924 -0.495999 -0.071795754
v -0.07998695 -0.49416426 -0.08116639
v -0.077666365 -0.49587634 -0.07106042
v -0.065567344 -0.4945751 -0.08217596
v -0.057496622 -0.49652785 -0.06908436
v -0.052549936 -0.49561518 -0.07839677
v -0.057496622 -0.49652785 -0.06908436
v -0.065567344 -0.4945751 -0.08217596
v -0.06674924 -0.495999 -0.071795754
v -0.052549936 -0.49561518 -0.07839677
v -0.050740737 -0.49766648 -0.06365487
v -0.042514615 -0.4974498 -0.070341915
v -0.050740737 -0.49766648 -0.06365487
v -0.052549936 -0.49561518 -0.07839677
v -0.057496622 -0.49652785 -0.06908436
v -0.23372024 0.113817245 -0.42477176
v -0.24999994 3.2880664E-08 -0.41687953
v -0.23372021 4.132676E-08 -0.43975607
v -0.24999996 0.107896365 -0.40267473
v -0.23372024 0.21987803 -0.38083988
v -0.24999997 0.20843974 -0.36102828
v -0.23372026 0.31095442 -0.31095448
v -0.24999999 0.2947783 -0.29477835
v -0.2337203 0.38083982 -0.21987808
v -0.25 0.36102822 -0.20843984
v -0.2337203 0.4247717 -0.11381733
v -0.25 0.40267467 -0.10789644
v -0.23372033 0.439756 -5.7300234E-08
v -0.25000003 0.41687948 -5.876899E-08
v -0.23372035 0.42477155 0.11381764
v -0.25000003 0.40267456 0.107896745
v -0.23372036 0.38083965 0.21987835
v -0.25000006 0.36102805 0.20844007
v -0.23372036 0.31095415 0.31095472
v -0.25000006 0.29477802 0.2947786
v -0.23372036 0.21987765 0.38084003
v -0.2500001 0.20843938 0.3610284
v -0.23372038 0.11381686 0.4247718
v -0.25000006 0.107896 0.40267476
v -0.23372036 -3.6756916E-07 0.439756
v -0.25000006 -3.5474412E-07 0.41687948
v -0.24999993 -0.10789629 -0.40267476
v -0.23372021 4.132676E-08 -0.43975607
v -0.24999994 3.2880664E-08 -0.41687953
v -0.2337202 -0.11381717 -0.4247718
v -0.24999991 -0.20843972 -0.36102834
v -0.23372021 -0.21987793 -0.38083994
v -0.24999993 -0.29477832 -0.29477847
v -0.23372021 -0.31095442 -0.3109546
v -0.24999993 -0.36102822 -0.20843993
v -0.23372021 -0.38083982 -0.21987817
v -0.24999996 -0.40267467 -0.10789655
v -0.23372023 -0.4247717 -0.11381744
v -0.24999997 -0.41687953 -2.3435898E-07
v -0.23372024 -0.43975607 -2.4252583E-07
v -0.24999999 -0.40267476 0.10789613
v -0.23372027 -0.4247718 0.11381698
v -0.24999999 -0.3610284 0.2084395
v -0.23372027 -0.38084003 0.21987778
v -0.25 -0.29477856 0.2947781
v -0.23372032 -0.3109547 0.31095424
v -0.25000003 -0.20844007 0.3610281
v -0.23372033 -0.21987829 0.3808397
v -0.25000003 -0.10789668 0.4026746
v -0.23372033 -0.11381758 0.4247716
v -0.25000006 -3.5474412E-07 0.41687948
v -0.23372036 -3.6756916E-07 0.439756
v -0.2337202 -0.11381717 -0.4247718
v -0.12940946 5.9041735E-08 -0.48296297
v -0.23372021 4.132676E-08 -0.43975607
v -0.12940945 -0.124999925 -0.46650642
v -0.23372021 -0.21987793 -0.38083994
v 1.6769194E-08 -0.12940943 -0.48296297
v 2.1088075E-08 7.589592E-08 -0.5
v 0.12940949 5.949196E-08 -0.48296294
v -0.12940945 -0.24148138 -0.41825825
v -0.23372021 -0.31095442 -0.3109546
v 7.1932513E-09 -0.24999993 -0.43301278
v 0.12940948 -0.12499992 -0.4665064
v -0.12940945 -0.3415063 -0.3415065
v -0.23372021 -0.38083982 -0.21987817
v 0.23372023 -0.11381718 -0.42477173
v 0.23372024 4.2989274E-08 -0.43975604
v 0.23372018 -0.21987796 -0.38083988
v 0.12940945 -0.24148136 -0.41825822
v 0.23372018 -0.31095442 -0.3109545
v -6.9871664E-09 -0.3535533 -0.35355353
v 0.12940942 -0.34150633 -0.34150645
v 0.23372015 -0.38083982 -0.21987809
v -0.12940946 -0.4182581 -0.24148163
v -0.23372023 -0.4247717 -0.11381744
v -2.4805695E-08 -0.43301263 -0.25000018
v 0.1294094 -0.4182581 -0.24148163
v 0.23372014 -0.42477173 -0.11381735
v -0.12940946 -0.46650633 -0.12500022
v -0.23372024 -0.43975607 -2.4252583E-07
v -4.5048015E-08 -0.48296288 -0.12940973
v 0.12940937 -0.46650633 -0.12500016
v 0.23372012 -0.4397561 -1.7554522E-07
v -0.12940949 -0.48296297 -2.4561888E-07
v -0.23372027 -0.4247718 0.11381698
v -6.633467E-08 -0.5 -2.382984E-07
v 0.12940934 -0.482963 -1.925396E-07
v 0.2337201 -0.4247718 0.11381706
v -0.12940949 -0.46650645 0.12499974
v -0.23372027 -0.38084003 0.21987778
v -8.721501E-08 -0.48296297 0.12940928
v 0.12940934 -0.46650645 0.124999784
v 0.2337201 -0.38084006 0.21987784
v -0.12940954 -0.41825834 0.24148121
v -0.23372032 -0.3109547 0.31095424
v -1.0626604E-07 -0.43301287 0.24999975
v 0.12940933 -0.41825834 0.24148124
v 0.23372008 -0.3109547 0.3109543
v -0.12940955 -0.34150663 0.34150612
v -0.23372033 -0.21987829 0.3808397
v -1.2218949E-07 -0.35355362 0.35355318
v 0.12940931 -0.34150663 0.34150618
v 0.23372006 -0.21987832 0.38083977
v -0.12940958 -0.24148178 0.41825798
v -0.23372033 -0.11381758 0.4247716
v -1.3390022E-07 -0.25000033 0.43301257
v 0.12940931 -0.2414818 0.41825804
v 0.2337201 -0.11381757 0.42477167
v -0.1294096 -0.12500036 0.46650624
v -0.23372036 -3.6756916E-07 0.439756
v -0.12940961 -3.9002904E-07 0.4829629
v -1.4183263E-07 -3.9307145E-07 0.5
v -1.4060014E-07 -0.1294099 0.48296285
v 0.12940933 -0.12500037 0.4665063
v 0.2337201 -3.6899806E-07 0.43975607
v 0.12940934 -3.9827174E-07 0.48296297
v -0.23372038 0.11381686 0.4247718
v -0.12940961 -3.9002904E-07 0.4829629
v -0.23372036 -3.6756916E-07 0.439756
v -0.12940963 0.124999605 0.46650645
v -0.23372036 0.21987765 0.38084003
v -1.3751375E-07 0.12940912 0.48296303
v -1.4183263E-07 -3.9307145E-07 0.5
v 0.12940934 -3.9827174E-07 0.48296297
v -0.12940963 0.24148108 0.41825837
v -0.23372036 0.31095415 0.31095472
v -1.2793785E-07 0.24999963 0.43301296
v 0.12940936 0.124999605 0.4665065
v -0.12940963 0.34150603 0.34150663
v -0.23372036 0.38083965 0.21987835
v 0.23372011 0.11381686 0.42477185
v 0.2337201 -3.6899806E-07 0.43975607
v 0.23372015 0.21987762 0.3808401
v 0.12940939 0.24148108 0.41825843
v 0.23372015 0.31095415 0.31095478
v -1.1375742E-07 0.3535531 0.35355374
v 0.12940942 0.34150603 0.3415067
v 0.23372018 0.38083965 0.21987842
v -0.12940961 0.41825792 0.24148186
v -0.23372035 0.42477155 0.11381764
v -9.593888E-08 0.4330125 0.25000042
v 0.12940943 0.41825792 0.24148189
v 0.2337202 0.42477155 0.11381773
v -0.12940961 0.4665062 0.12500048
v -0.23372033 0.439756 -5.7300234E-08
v -7.569658E-08 0.48296282 0.12941004
v 0.12940946 0.4665062 0.12500052
v 0.23372021 0.439756 7.560277E-09
v -0.12940958 0.4829629 -4.2194493E-08
v -0.2337203 0.4247717 -0.11381733
v -5.4409817E-08 0.5 -2.6186656E-08
v 0.12940949 0.4829629 -9.434109E-09
v 0.23372024 0.4247717 -0.11381723
v -0.12940958 0.46650633 -0.12500009
v -0.2337203 0.38083982 -0.21987808
v -3.352951E-08 0.48296294 -0.1294096
v 0.12940949 0.46650633 -0.12500004
v 0.23372024 0.38083982 -0.21987803
v -0.12940954 0.41825813 -0.24148151
v -0.23372026 0.31095442 -0.31095448
v -1.4478462E-08 0.43301272 -0.25000006
v 0.1294095 0.41825813 -0.2414815
v 0.23372026 0.31095442 -0.3109544
v -0.12940952 0.34150633 -0.3415064
v -0.23372024 0.21987803 -0.38083988
v 1.4449746E-09 0.35355338 -0.3535534
v 0.12940952 0.34150633 -0.34150633
v 0.23372027 0.219878 -0.38083982
v -0.12940949 0.24148148 -0.4182582
v -0.23372024 0.113817245 -0.42477176
v 1.31556765E-08 0.25000003 -0.43301272
v 0.12940952 0.24148148 -0.4182581
v 0.23372024 0.113817245 -0.42477167
v -0.12940948 0.12500003 -0.4665064
v -0.23372021 4.132676E-08 -0.43975607
v -0.12940946 5.9041735E-08 -0.48296297
v 2.1088075E-08 7.589592E-08 -0.5
v 1.985559E-08 0.12940957 -0.48296297
v 0.1294095 0.12500003 -0.46650633
v 0.23372024 4.2989274E-08 -0.43975604
v 0.12940949 5.949196E-08 -0.48296294
v -0.24999996 0.107896365 -0.40267473
v -0.29969406 -6.004815E-08 -0.12301761
v -0.24999994 3.2880664E-08 -0.41687953
v -0.29969412 0.031839218 -0.1188259
v -0.24999997 0.20843974 -0.36102828
v -0.29969412 0.06150871 -0.10653638
v -0.24999999 0.2947783 -0.29477835
v -0.29969415 0.08698646 -0.086986594
v -0.25 0.36102822 -0.20843984
v -0.29969412 0.106536254 -0.061508834
v -0.25 0.40267467 -0.10789644
v -0.29969415 0.11882576 -0.03183934
v -0.25000003 0.41687948 -5.876899E-08
v -0.29969418 0.123017475 -4.6634284E-08
v -0.25000003 0.40267456 0.107896745
v -0.29969418 0.11882572 0.031839374
v -0.25000006 0.36102805 0.20844007
v -0.29969418 0.1065362 0.06150884
v -0.25000006 0.29477802 0.2947786
v -0.2996942 0.08698639 0.086986594
v -0.2500001 0.20843938 0.3610284
v -0.2996942 0.06150861 0.106536336
v -0.25000006 0.107896 0.40267476
v -0.2996942 0.031839106 0.11882582
v -0.25000006 -3.5474412E-07 0.41687948
v -0.29969418 -1.7443286E-07 0.12301751
v -0.29969403 -0.03183934 -0.118825905
v -0.24999994 3.2880664E-08 -0.41687953
v -0.29969406 -6.004815E-08 -0.12301761
v -0.24999993 -0.10789629 -0.40267476
v -0.299694 -0.061508834 -0.106536396
v -0.24999991 -0.20843972 -0.36102834
v -0.29969403 -0.08698662 -0.08698662
v -0.24999993 -0.29477832 -0.29477847
v -0.29969406 -0.106536396 -0.06150886
v -0.24999993 -0.36102822 -0.20843993
v -0.29969406 -0.11882591 -0.03183937
v -0.24999996 -0.40267467 -0.10789655
v -0.29969406 -0.12301764 -9.844938E-08
v -0.24999997 -0.41687953 -2.3435898E-07
v -0.29969415 -0.11882594 0.03183919
v -0.24999999 -0.40267476 0.10789613
v -0.29969415 -0.106536455 0.061508678
v -0.24999999 -0.3610284 0.2084395
v -0.29969412 -0.08698669 0.086986445
v -0.25 -0.29477856 0.2947781
v -0.29969415 -0.061508927 0.10653625
v -0.25000003 -0.20844007 0.3610281
v -0.29969415 -0.031839456 0.11882577
v -0.25000003 -0.10789668 0.4026746
v -0.29969418 -1.7443286E-07 0.12301751
v -0.25000006 -3.5474412E-07 0.41687948
v -0.29969412 0.031839218 -0.1188259
v -0.51119435 -4.828107E-08 -0.12301762
v -0.29969406 -6.004815E-08 -0.12301761
v -0.51119447 0.031839233 -0.118825905
v -0.29969412 0.06150871 -0.10653638
v -0.5111944 0.06150872 -0.10653638
v -0.29969415 0.08698646 -0.086986594
v -0.51119447 0.086986475 -0.086986594
v -0.29969412 0.106536254 -0.061508834
v -0.5111944 0.10653627 -0.061508827
v -0.29969415 0.11882576 -0.03183934
v -0.5111944 0.11882578 -0.03183934
v -0.29969418 0.123017475 -4.6634284E-08
v -0.5111945 0.12301749 -4.6634298E-08
v -0.29969418 0.11882572 0.031839374
v -0.5111945 0.11882573 0.03183937
v -0.29969418 0.1065362 0.06150884
v -0.51119447 0.10653622 0.06150885
v -0.2996942 0.08698639 0.086986594
v -0.5111945 0.08698641 0.086986594
v -0.2996942 0.06150861 0.106536336
v -0.5111945 0.061508622 0.106536336
v -0.2996942 0.031839106 0.11882582
v -0.5111945 0.03183912 0.118825816
v -0.29969418 -1.7443286E-07 0.12301751
v -0.51119447 -1.6266576E-07 0.123017505
v -0.51119435 -0.03183933 -0.11882591
v -0.29969406 -6.004815E-08 -0.12301761
v -0.51119435 -4.828107E-08 -0.12301762
v -0.29969403 -0.03183934 -0.118825905
v -0.51119435 -0.061508827 -0.1065364
v -0.299694 -0.061508834 -0.106536396
v -0.51119435 -0.08698661 -0.08698663
v -0.29969403 -0.08698662 -0.08698662
v -0.5111944 -0.10653638 -0.061508857
v -0.29969406 -0.106536396 -0.06150886
v -0.5111944 -0.1188259 -0.03183937
v -0.29969406 -0.11882591 -0.03183937
v -0.5111944 -0.123017624 -9.84494E-08
v -0.29969406 -0.12301764 -9.844938E-08
v -0.51119447 -0.11882593 0.03183919
v -0.29969415 -0.11882594 0.03183919
v -0.51119447 -0.10653644 0.06150868
v -0.29969415 -0.106536455 0.061508678
v -0.5111944 -0.086986676 0.08698644
v -0.29969412 -0.08698669 0.086986445
v -0.51119447 -0.06150892 0.10653624
v -0.29969415 -0.061508927 0.10653625
v -0.51119447 -0.031839445 0.11882576
v -0.29969415 -0.031839456 0.11882577
v -0.51119447 -1.6266576E-07 0.123017505
v -0.29969418 -1.7443286E-07 0.12301751
v -0.51726604 0.11689358 -4.982817E-08
v -0.517266 0.04840002 -0.048400134
v -0.517266 0.11291055 -0.030254362
v -0.517266 0.06844799 -7.2764074E-08
v -0.51726604 0.112910494 0.030254383
v -0.517266 0.04839998 0.048400097
v -0.517266 -0.048400164 -0.04840015
v -0.5172659 -0.048400205 0.048400015
v -0.5172659 -5.458861E-08 -0.06844813
v -0.517266 0.030254249 -0.11291066
v -0.5172659 -4.839952E-08 -0.11689371
v -0.5172659 -0.030254347 -0.11291067
v -0.517266 -0.068448134 -6.977213E-08
v -0.5172659 -0.11291066 -0.030254388
v -0.5172659 -0.116893716 -9.5620535E-08
v -0.517266 -0.11291069 0.030254208
v -0.517266 -1.1544187E-07 0.068448015
v -0.517266 -0.030254455 0.11291053
v -0.517266 -1.5730905E-07 0.1168936
v -0.51726604 0.030254144 0.11291059
v -0.517266 0.11291055 -0.030254362
v -0.517266 0.04840002 -0.048400134
v -0.517266 0.10123281 -0.058446873
v -0.517266 0.08265623 -0.08265634
v -0.517266 0.058446765 -0.10123292
v -0.517266 0.030254249 -0.11291066
v -0.5172659 -0.030254347 -0.11291067
v -0.517266 -0.048400164 -0.04840015
v -0.51726586 -0.058446877 -0.101232946
v -0.5172659 -0.08265635 -0.082656376
v -0.5172659 -0.10123292 -0.0584469
v -0.5172659 -0.11291066 -0.030254388
v -0.517266 -0.11291069 0.030254208
v -0.5172659 -0.048400205 0.048400015
v -0.5172659 -0.10123298 0.058446735
v -0.5172659 -0.08265641 0.08265618
v -0.517266 -0.058446962 0.101232775
v -0.517266 -0.030254455 0.11291053
v -0.51726604 0.030254144 0.11291059
v -0.517266 0.04839998 0.048400097
v -0.51726604 0.05844667 0.10123288
v -0.51726604 0.08265615 0.08265633
v -0.517266 0.10123275 0.05844689
v -0.51726604 0.112910494 0.030254383
v 0.24999994 2.7536355E-08 -0.41687945
v 0.23372024 0.113817245 -0.42477167
v 0.23372024 4.2989274E-08 -0.43975604
v 0.24999996 0.10789635 -0.40267467
v 0.23372027 0.219878 -0.38083982
v 0.24999997 0.20843974 -0.36102825
v 0.23372026 0.31095442 -0.3109544
v 0.24999996 0.2947783 -0.29477826
v 0.23372024 0.38083982 -0.21987803
v 0.24999996 0.36102822 -0.20843972
v 0.23372024 0.4247717 -0.11381723
v 0.24999996 0.40267467 -0.10789639
v 0.23372021 0.439756 7.560277E-09
v 0.24999994 0.41687948 1.0212577E-08
v 0.2337202 0.42477155 0.11381773
v 0.24999993 0.40267456 0.107896835
v 0.23372018 0.38083965 0.21987842
v 0.2499999 0.36102805 0.20844015
v 0.23372015 0.31095415 0.31095478
v 0.24999987 0.29477802 0.29477865
v 0.23372015 0.21987762 0.3808401
v 0.24999985 0.20843938 0.36102846
v 0.23372011 0.11381686 0.42477185
v 0.24999984 0.107895985 0.40267482
v 0.2337201 -3.6899806E-07 0.43975607
v 0.2499998 -3.539334E-07 0.41687953
v 0.23372024 4.2989274E-08 -0.43975604
v 0.24999993 -0.10789631 -0.40267473
v 0.24999994 2.7536355E-08 -0.41687945
v 0.23372023 -0.11381718 -0.42477173
v 0.24999991 -0.20843974 -0.36102825
v 0.23372018 -0.21987796 -0.38083988
v 0.2499999 -0.29477832 -0.29477838
v 0.23372018 -0.31095442 -0.3109545
v 0.24999987 -0.3610282 -0.20843984
v 0.23372015 -0.38083982 -0.21987809
v 0.24999984 -0.40267467 -0.107896455
v 0.23372014 -0.42477173 -0.11381735
v 0.2499998 -0.4168795 -1.4237531E-07
v 0.23372012 -0.4397561 -1.7554522E-07
v 0.24999979 -0.4026748 0.107896194
v 0.2337201 -0.4247718 0.11381706
v 0.24999979 -0.36102843 0.20843959
v 0.2337201 -0.38084006 0.21987784
v 0.24999979 -0.29477856 0.29477817
v 0.23372008 -0.3109547 0.3109543
v 0.24999978 -0.20844004 0.36102816
v 0.23372006 -0.21987832 0.38083977
v 0.24999979 -0.10789671 0.40267465
v 0.2337201 -0.11381757 0.42477167
v 0.2499998 -3.539334E-07 0.41687953
v 0.2337201 -3.6899806E-07 0.43975607
v 0.299694 -6.4608976E-08 -0.123017535
v 0.24999996 0.10789635 -0.40267467
v 0.24999994 2.7536355E-08 -0.41687945
v 0.29969397 0.031839218 -0.11882582
v 0.24999997 0.20843974 -0.36102825
v 0.29969397 0.061508697 -0.10653628
v 0.24999996 0.2947783 -0.29477826
v 0.299694 0.086986445 -0.08698647
v 0.24999996 0.36102822 -0.20843972
v 0.29969403 0.10653624 -0.06150874
v 0.24999996 0.40267467 -0.10789639
v 0.29969406 0.11882575 -0.031839248
v 0.24999994 0.41687948 1.0212577E-08
v 0.29969403 0.12301746 4.8826358E-08
v 0.24999993 0.40267456 0.107896835
v 0.29969403 0.118825704 0.031839468
v 0.2499999 0.36102805 0.20844015
v 0.29969403 0.10653619 0.061508935
v 0.24999987 0.29477802 0.29477865
v 0.299694 0.08698638 0.08698668
v 0.24999985 0.20843938 0.36102846
v 0.299694 0.061508603 0.106536426
v 0.24999984 0.107895985 0.40267482
v 0.299694 0.03183911 0.11882592
v 0.2499998 -3.539334E-07 0.41687953
v 0.29969397 -1.866793E-07 0.1230176
v 0.24999994 2.7536355E-08 -0.41687945
v 0.29969397 -0.031839345 -0.11882582
v 0.299694 -6.4608976E-08 -0.123017535
v 0.24999993 -0.10789631 -0.40267473
v 0.29969394 -0.06150884 -0.10653628
v 0.24999991 -0.20843974 -0.36102825
v 0.29969397 -0.086986646 -0.086986534
v 0.2499999 -0.29477832 -0.29477838
v 0.29969394 -0.10653642 -0.06150874
v 0.24999987 -0.3610282 -0.20843984
v 0.29969394 -0.11882591 -0.031839278
v 0.24999984 -0.40267467 -0.107896455
v 0.29969394 -0.123017654 -1.2208803E-08
v 0.2499998 -0.4168795 -1.4237531E-07
v 0.29969394 -0.11882597 0.031839285
v 0.24999979 -0.4026748 0.107896194
v 0.29969394 -0.10653648 0.061508782
v 0.24999979 -0.36102843 0.20843959
v 0.29969397 -0.086986706 0.086986534
v 0.24999979 -0.29477856 0.29477817
v 0.299694 -0.061508935 0.106536336
v 0.24999978 -0.20844004 0.36102816
v 0.299694 -0.031839464 0.11882586
v 0.24999979 -0.10789671 0.40267465
v 0.29969397 -1.866793E-07 0.1230176
v 0.2499998 -3.539334E-07 0.41687953
v 0.5111943 -6.713109E-08 -0.12301744
v 0.29969397 0.031839218 -0.11882582
v 0.299694 -6.4608976E-08 -0.123017535
v 0.51119435 0.031839214 -0.118825726
v 0.29969397 0.061508697 -0.10653628
v 0.5111943 0.06150871 -0.10653624
v 0.299694 0.086986445 -0.08698647
v 0.51119435 0.08698646 -0.08698643
v 0.29969403 0.10653624 -0.06150874
v 0.51119435 0.106536254 -0.061508648
v 0.29969406 0.11882575 -0.031839248
v 0.51119435 0.11882576 -0.03183918
v 0.29969403 0.12301746 4.8826358E-08
v 0.5111944 0.123017475 1.1380173E-07
v 0.29969403 0.118825704 0.031839468
v 0.5111944 0.11882572 0.03183953
v 0.29969403 0.10653619 0.061508935
v 0.51119435 0.1065362 0.061509028
v 0.299694 0.08698638 0.08698668
v 0.51119435 0.08698639 0.08698675
v 0.299694 0.061508603 0.106536426
v 0.51119435 0.061508603 0.1065365
v 0.299694 0.03183911 0.11882592
v 0.51119435 0.031839106 0.11882599
v 0.29969397 -1.866793E-07 0.1230176
v 0.5111943 -1.7394261E-07 0.12301767
v 0.299694 -6.4608976E-08 -0.123017535
v 0.5111943 -0.031839333 -0.118825726
v 0.5111943 -6.713109E-08 -0.12301744
v 0.29969397 -0.031839345 -0.11882582
v 0.5111943 -0.061508827 -0.10653624
v 0.29969394 -0.06150884 -0.10653628
v 0.5111943 -0.086986616 -0.08698643
v 0.29969397 -0.086986646 -0.086986534
v 0.5111943 -0.10653639 -0.061508708
v 0.29969394 -0.10653642 -0.06150874
v 0.5111943 -0.11882591 -0.03183921
v 0.29969394 -0.11882591 -0.031839278
v 0.5111943 -0.123017624 8.328414E-08
v 0.29969394 -0.123017654 -1.2208803E-08
v 0.5111943 -0.11882594 0.03183935
v 0.29969394 -0.11882597 0.031839285
v 0.5111943 -0.10653645 0.061508846
v 0.29969394 -0.10653648 0.061508782
v 0.5111943 -0.086986676 0.0869866
v 0.29969397 -0.086986706 0.086986534
v 0.51119435 -0.061508935 0.1065364
v 0.299694 -0.061508935 0.106536336
v 0.51119435 -0.031839453 0.11882593
v 0.299694 -0.031839464 0.11882586
v 0.5111943 -1.7394261E-07 0.12301767
v 0.29969397 -1.866793E-07 0.1230176
v 0.51726586 0.048400003 -0.048399974
v 0.5172659 0.11689357 1.147909E-07
v 0.51726586 0.11291053 -0.03025419
v 0.51726586 0.06844798 8.42733E-08
v 0.5172659 0.11291048 0.030254541
v 0.51726586 0.04839996 0.048400264
v 0.51726586 -0.048400186 -0.048399974
v 0.5172658 -0.048400216 0.04840017
v 0.5172658 -6.720348E-08 -0.06844798
v 0.51726586 0.030254237 -0.1129105
v 0.5172658 -6.720348E-08 -0.11689354
v 0.5172658 -0.030254357 -0.1129105
v 0.51726586 -0.06844816 8.427331E-08
v 0.5172658 -0.11291069 -0.03025422
v 0.5172658 -0.11689372 8.42733E-08
v 0.51726586 -0.11291069 0.030254388
v 0.51726586 -1.2823865E-07 0.06844818
v 0.51726586 -0.030254463 0.1129107
v 0.51726586 -1.7401503E-07 0.11689377
v 0.5172659 0.030254131 0.11291076
v 0.51726586 0.11291053 -0.03025419
v 0.51726586 0.10123279 -0.058446698
v 0.51726586 0.048400003 -0.048399974
v 0.51726586 0.082656205 -0.08265617
v 0.51726586 0.058446743 -0.10123277
v 0.51726586 0.030254237 -0.1129105
v 0.5172658 -0.030254357 -0.1129105
v 0.51726574 -0.058446895 -0.10123277
v 0.51726586 -0.048400186 -0.048399974
v 0.5172658 -0.08265635 -0.082656235
v 0.5172658 -0.10123295 -0.058446757
v 0.5172658 -0.11291069 -0.03025422
v 0.51726586 -0.11291069 0.030254388
v 0.5172658 -0.10123301 0.058446895
v 0.5172658 -0.048400216 0.04840017
v 0.5172658 -0.08265641 0.08265634
v 0.51726586 -0.05844697 0.10123294
v 0.51726586 -0.030254463 0.1129107
v 0.5172659 0.030254131 0.11291076
v 0.5172659 0.05844665 0.10123306
v 0.51726586 0.04839996 0.048400264
v 0.5172659 0.08265614 0.08265649
v 0.51726586 0.10123274 0.058447048
v 0.5172659 0.11291048 0.030254541
v 0.15973222 0.308298 0.31191012
v 0.19149919 0.30450127 0.29299003
v 0.17505535 0.30916083 0.30082393
v 0.2206326 0.2823809 0.29138705
v 0.20726693 0.2951245 0.28963226
v 0.22534958 0.22989422 0.33638316
v 0.13249299 0.29386154 0.33869433
v 0.23432788 0.25332686 0.3089637
v 0.23005562 0.26789516 0.29813164
v 0.23275828 0.24021372 0.32234514
v 0.19811034 0.21545775 0.36316735
v 0.10377537 0.27726385 0.36251855
v 0.16939273 0.19886005 0.3869916
v 0.073848285 0.25866032 0.3831597
v 0.13946564 0.18025656 0.40763277
v 0.04299197 0.23822528 0.4004245
v 0.10860933 0.1598215 0.4248976
v 0.011495388 0.21614999 0.41415134
v 0.07711273 0.13774623 0.43862438
v 0.0090868 0.15087827 0.43729344
v 0.04049127 0.13283277 0.44265577
v 0.05927526 0.13237198 0.44199908
v 0.023056846 0.13921908 0.4409019
v -0.0023373934 0.1840072 0.4266821
v 0.00026815056 0.16644844 0.4324025
v 0.0015722911 0.20131908 0.42047784
v 0.20725518 0.2639764 0.38102096
v 0.21388759 0.277288 0.36396173
v 0.21234399 0.27011758 0.37208217
v 0.20786357 0.2913785 0.3544489
v 0.21216337 0.2845804 0.35787153
v 0.17449544 0.3031198 0.36880273
v 0.18608005 0.25273126 0.40177014
v 0.19331086 0.3018744 0.3562873
v 0.20148925 0.2973345 0.35389042
v 0.18393433 0.30406323 0.36148638
v 0.15332031 0.29187468 0.38955188
v 0.1626989 0.23921783 0.42116722
v 0.12993915 0.27836126 0.40894896
v 0.13833301 0.22407132 0.43797275
v 0.10557323 0.26321474 0.42575452
v 0.113210544 0.2074336 0.45202935
v 0.080450796 0.24657701 0.43981102
v 0.088764295 0.19031925 0.46274596
v 0.05600456 0.22946265 0.45052767
v 0.050740015 0.19370624 0.46281937
v 0.046171743 0.21040875 0.45777136
v 0.049255982 0.2203435 0.45437607
v 0.046821777 0.20118894 0.46056694
v 0.06674851 0.18582234 0.4654458
v 0.0574959 0.18843487 0.46454805
v 0.07766564 0.18639785 0.46497187
v -0.22535047 0.22989383 0.33638296
v -0.23432875 0.25332642 0.30896348
v -0.23275916 0.24021333 0.32234493
v -0.22063349 0.28238052 0.29138684
v -0.2300565 0.26789472 0.29813144
v -0.15973322 0.30829772 0.31190997
v -0.13249405 0.29386127 0.33869419
v -0.1981113 0.2154574 0.3631672
v -0.10377642 0.2772636 0.3625185
v -0.1693937 0.19885977 0.38699144
v -0.073849335 0.2586602 0.38315973
v -0.1394666 0.18025634 0.40763268
v -0.042992998 0.2382252 0.40042457
v -0.10861028 0.15982132 0.42489755
v -0.011496418 0.21614997 0.4141514
v -0.07711366 0.1377461 0.43862438
v -0.19150013 0.30450094 0.29298988
v -0.20726787 0.29512408 0.28963205
v -0.17505634 0.3091605 0.30082378
v -0.009087777 0.15087828 0.4372935
v 0.0023363892 0.18400721 0.4266822
v -0.0015733084 0.20131908 0.42047793
v -0.00026914195 0.16644844 0.43240255
v -0.040492233 0.13283272 0.4426558
v -0.023057796 0.13921905 0.44090196
v -0.059276212 0.13237187 0.44199908
v -0.17449652 0.30311948 0.3688026
v -0.19331191 0.30187404 0.35628715
v -0.18393542 0.30406287 0.36148626
v -0.20786463 0.2913781 0.35444874
v -0.20149034 0.29733413 0.3538903
v -0.20725624 0.26397604 0.38102084
v -0.18608113 0.25273094 0.40176997
v -0.15332142 0.2918744 0.38955176
v -0.16269995 0.23921753 0.4211671
v -0.12994026 0.278361 0.40894887
v -0.13833405 0.22407112 0.43797266
v -0.10557439 0.26321456 0.42575446
v -0.113211624 0.20743342 0.4520293
v -0.08045193 0.24657689 0.4398111
v -0.08876537 0.1903191 0.46274593
v -0.05600567 0.22946256 0.45052773
v -0.21388866 0.2772876 0.36396155
v -0.21216445 0.28458 0.3578714
v -0.21234508 0.27011716 0.37208205
v -0.05074109 0.19370617 0.46281943
v -0.066749595 0.18582223 0.46544585
v -0.07766673 0.18639772 0.46497196
v -0.05749697 0.18843478 0.4645481
v -0.04617284 0.2104087 0.45777145
v -0.046822846 0.20118894 0.46056703
v -0.04925708 0.22034341 0.45437613
v 0.15973213 0.42294896 0.11597305
v 0.19149914 0.4102009 0.10148617
v 0.17505528 0.41815314 0.10594071
v 0.22063254 0.39024258 0.11115813
v 0.20726688 0.40040144 0.10326661
v 0.2253495 0.36728588 0.17636922
v 0.13249293 0.4238387 0.14638706
v 0.23432782 0.37386936 0.14090697
v 0.23005556 0.38106987 0.124241985
v 0.23275821 0.3692038 0.15905221
v 0.19811027 0.36817563 0.20678325
v 0.10377528 0.42137682 0.17531827
v 0.16939265 0.36571372 0.23571448
v 0.073848195 0.4155863 0.20249581
v 0.13946554 0.3599232 0.262892
v 0.04299186 0.4065214 0.22766508
v 0.10860922 0.3508583 0.28806132
v 0.011495264 0.39426708 0.2505905
v 0.07711262 0.33860397 0.31098667
v 0.009086671 0.34931117 0.30326802
v 0.040491156 0.33636448 0.31693465
v 0.05927514 0.33563706 0.31659636
v 0.023056716 0.34101823 0.3122226
v -0.0023375347 0.372696 0.27751386
v 0.00026802326 0.36034983 0.29124722
v 0.0015721663 0.3845864 0.26348484
v 0.2072551 0.41912082 0.19798563
v 0.21388754 0.42211935 0.17655607
v 0.21234395 0.4199698 0.18717381
v 0.20786352 0.42956567 0.16127248
v 0.2121633 0.42538965 0.16763563
v 0.17449535 0.44691083 0.16783258
v 0.18607996 0.4197568 0.22157747
v 0.19331077 0.43957457 0.1576166
v 0.20148918 0.43444446 0.15781087
v 0.18393429 0.44406968 0.16102472
v 0.15332025 0.44754684 0.19142443
v 0.1626988 0.41775236 0.24513257
v 0.12993905 0.44554242 0.21497948
v 0.13833289 0.4130379 0.26725984
v 0.105573155 0.44082794 0.23710676
v 0.11321042 0.4056575 0.28775206
v 0.080450684 0.43344754 0.25759897
v 0.08876419 0.39619434 0.3055901
v 0.056004442 0.42398438 0.275437
v 0.05073989 0.3991643 0.30396014
v 0.04617162 0.41110504 0.29123718
v 0.049255855 0.41801113 0.2833294
v 0.046821643 0.4045183 0.29826814
v 0.066748396 0.3936498 0.31017664
v 0.057495784 0.39546347 0.30809292
v 0.07766555 0.39391124 0.30947846
v -0.2253506 0.36728537 0.17636913
v -0.23432888 0.37386882 0.14090686
v -0.23275925 0.36920327 0.1590521
v -0.2206336 0.39024207 0.111158036
v -0.2300566 0.38106936 0.124241866
v -0.15973333 0.42294863 0.11597302
v -0.13249414 0.42383844 0.14638704
v -0.1981114 0.36817515 0.20678318
v -0.103776515 0.42137662 0.17531829
v -0.16939381 0.36571333 0.23571439
v -0.073849455 0.41558614 0.20249583
v -0.13946673 0.3599229 0.26289195
v -0.042993136 0.40652138 0.22766517
v -0.10861044 0.35085812 0.28806126
v -0.011496527 0.39426708 0.25059056
v -0.07711382 0.33860382 0.3109867
v -0.19150019 0.41020045 0.101486094
v -0.20726795 0.40040097 0.10326653
v -0.17505641 0.41815272 0.10594065
v -0.00908789 0.3493112 0.30326802
v 0.002336263 0.37269607 0.27751392
v -0.001573418 0.38458645 0.26348493
v -0.00026925397 0.3603499 0.2912473
v -0.04049236 0.33636442 0.3169347
v -0.02305791 0.34101823 0.31222266
v -0.059276327 0.33563697 0.3165964
v -0.17449665 0.44691044 0.16783252
v -0.19331202 0.43957415 0.15761656
v -0.1839355 0.44406927 0.16102466
v -0.20786473 0.4295652 0.16127239
v -0.20149042 0.434444 0.15781079
v -0.20725636 0.4191203 0.19798554
v -0.18608126 0.41975644 0.2215774
v -0.15332158 0.4475465 0.19142438
v -0.1627001 0.41775203 0.24513252
v -0.12994039 0.44554213 0.2149795
v -0.13833418 0.41303763 0.26725978
v -0.105574474 0.44082773 0.23710679
v -0.113211736 0.40565723 0.287752
v -0.080452055 0.4334474 0.25759903
v -0.08876551 0.3961942 0.30559006
v -0.056005813 0.42398426 0.2754371
v -0.21388875 0.42211884 0.176556
v -0.21216454 0.42538917 0.16763555
v -0.21234518 0.41996932 0.18717372
v -0.05074122 0.3991642 0.30396023
v -0.066749714 0.39364967 0.3101767
v -0.07766684 0.39391112 0.30947855
v -0.0574971 0.3954634 0.30809298
v -0.046172976 0.41110498 0.29123726
v -0.046822984 0.40451825 0.2982682
v -0.04925722 0.41801107 0.28332946
v 0.15973274 0.111039124 0.4242708
v 0.1914997 0.11721107 0.40598714
v 0.17505588 0.11732946 0.4151013
v 0.2206331 0.09885575 0.3935387
v 0.20726745 0.110769436 0.3983908
v 0.22535007 0.030902922 0.4062632
v 0.13249354 0.08514471 0.4402484
v 0.23432837 0.06490589 0.3942335
v 0.2300561 0.08293843 0.39213684
v 0.23275878 0.04685887 0.39926565
v 0.19811083 0.005008493 0.4222408
v 0.103775896 0.0588586 0.452582
v 0.16939324 -0.021277623 0.4345744
v 0.07384882 0.032426927 0.46115607
v 0.13946614 -0.047709275 0.4431485
v 0.042992502 0.0060972557 0.46589038
v 0.108609825 -0.074038975 0.44788277
v 0.011495896 -0.019883882 0.46674052
v 0.0771132 -0.100020096 0.44873294
v 0.009087266 -0.0879819 0.4541464
v 0.04049173 -0.106290966 0.44976753
v 0.059275728 -0.10636168 0.44896838
v 0.023057315 -0.09988332 0.4514418
v -0.0023369137 -0.05398576 0.46152118
v 0.00026863185 -0.07205227 0.45769578
v 0.0015727846 -0.03589108 0.46480402
v 0.20725575 0.038100082 0.46196178
v 0.21388817 0.058157876 0.45384374
v 0.21234459 0.047887877 0.4572911
v 0.20786414 0.07511703 0.4526507
v 0.21216393 0.06751836 0.4522157
v 0.17449601 0.07810841 0.47095218
v 0.18608062 0.017986964 0.47430852
v 0.19331141 0.083287574 0.45949075
v 0.20148984 0.08055427 0.45514503
v 0.18393493 0.08258361 0.4650877
v 0.1533209 0.0579953 0.4832989
v 0.16269946 -0.0034145366 0.4843502
v 0.12993972 0.036593795 0.49334064
v 0.13833354 -0.024934547 0.49133104
v 0.10557382 0.015073786 0.50032145
v 0.11321109 -0.046371523 0.49518558
v 0.080451354 -0.0063631837 0.5041759
v 0.08876484 -0.06655128 0.4959093
v 0.05600511 -0.026542943 0.5048996
v 0.050740544 -0.06365476 0.49766645
v 0.046172272 -0.046665944 0.5016459
v 0.04925652 -0.036364567 0.50367296
v 0.046822295 -0.056048315 0.49945715
v 0.066749044 -0.071795665 0.49599895
v 0.057496425 -0.06908425 0.4965278
v 0.07766617 -0.07106031 0.4958763
v -0.22535008 0.030902859 0.4062633
v -0.23432833 0.06490584 0.39423364
v -0.23275876 0.046858795 0.39926577
v -0.22063304 0.098855674 0.3935388
v -0.23005609 0.082938366 0.39213696
v -0.1597327 0.111039065 0.42427093
v -0.13249354 0.08514464 0.4402485
v -0.19811085 0.0050084293 0.42224088
v -0.10377588 0.05885855 0.4525821
v -0.16939324 -0.02127766 0.43457448
v -0.07384882 0.03242687 0.4611562
v -0.13946617 -0.04770933 0.44314855
v -0.042992495 0.006097207 0.46589047
v -0.10860987 -0.07403901 0.44788286
v -0.0114959115 -0.019883927 0.4667406
v -0.07711322 -0.10002014 0.44873303
v -0.19149968 0.117211 0.40598726
v -0.20726742 0.11076937 0.39839092
v -0.17505586 0.11732939 0.41510138
v -0.00908731 -0.08798192 0.45414647
v 0.0023368688 -0.053985775 0.46152124
v -0.0015728149 -0.035891116 0.4648041
v -0.0002686759 -0.0720523 0.45769587
v -0.040491793 -0.106290966 0.44976762
v -0.023057342 -0.09988332 0.45144188
v -0.05927576 -0.10636171 0.44896847
v -0.174496 0.07810834 0.47095227
v -0.1933114 0.083287485 0.45949087
v -0.18393491 0.08258353 0.4650878
v -0.20786417 0.075116955 0.45265085
v -0.20148982 0.080554195 0.45514515
v -0.20725572 0.03810003 0.46196187
v -0.1860806 0.017986918 0.47430864
v -0.15332091 0.057995237 0.48329902
v -0.16269949 -0.0034146134 0.48435032
v -0.12993973 0.03659374 0.49334073
v -0.13833357 -0.024934605 0.49133113
v -0.10557385 0.015073739 0.5003215
v -0.11321109 -0.046371568 0.49518567
v -0.0804514 -0.0063632205 0.50417614
v -0.08876486 -0.06655131 0.49590942
v -0.05600515 -0.026542982 0.5048998
v -0.21388814 0.05815781 0.45384392
v -0.21216394 0.0675183 0.45221588
v -0.21234456 0.047887817 0.45729125
v -0.050740577 -0.06365479 0.4976666
v -0.06674908 -0.071795665 0.49599913
v -0.07766621 -0.07106032 0.4958765
v -0.057496462 -0.06908429 0.49652794
v -0.046172313 -0.046665985 0.50164604
v -0.046822324 -0.056048345 0.49945727
v -0.04925655 -0.036364604 0.5036731
v 0.1597327 -0.11597273 0.42294878
v 0.19149968 -0.10148583 0.41020066
v 0.17505585 -0.10594037 0.4181529
v 0.22063304 -0.11115778 0.39024234
v 0.2072674 -0.103266284 0.4004012
v 0.22535004 -0.17636892 0.36728564
v 0.1324935 -0.14638677 0.4238386
v 0.23432833 -0.14090663 0.3738691
v 0.23005608 -0.12424164 0.3810696
v 0.23275875 -0.15905188 0.36920357
v 0.1981108 -0.20678294 0.36817545
v 0.10377586 -0.17531799 0.42137673
v 0.1693932 -0.23571418 0.36571357
v 0.07384877 -0.20249555 0.41558623
v 0.1394661 -0.26289174 0.35992312
v 0.04299245 -0.22766487 0.40652144
v 0.10860977 -0.28806105 0.3508583
v 0.011495858 -0.2505903 0.3942671
v 0.07711317 -0.31098646 0.33860397
v 0.00908722 -0.30326784 0.34931126
v 0.040491708 -0.31693453 0.33636454
v 0.059275698 -0.31659615 0.3356371
v 0.023057269 -0.31222245 0.34101832
v -0.002336963 -0.27751368 0.3726961
v 0.0002685993 -0.29124704 0.36034995
v 0.0015727492 -0.26348466 0.38458648
v 0.2072557 -0.19798528 0.41912058
v 0.21388811 -0.17655571 0.4221191
v 0.21234453 -0.18717346 0.4199696
v 0.20786409 -0.16127211 0.42956543
v 0.2121639 -0.16763526 0.42538944
v 0.17449598 -0.16783224 0.44691065
v 0.18608057 -0.22157712 0.41975662
v 0.19331138 -0.15761623 0.4395744
v 0.20148978 -0.1578105 0.43444428
v 0.1839349 -0.16102436 0.44406947
v 0.15332085 -0.19142409 0.44754672
v 0.16269942 -0.24513224 0.41775224
v 0.1299397 -0.2149792 0.4455423
v 0.1383335 -0.26725954 0.4130378
v 0.10557377 -0.23710647 0.44082788
v 0.11321105 -0.28775176 0.40565744
v 0.08045134 -0.2575987 0.43344748
v 0.088764794 -0.30558985 0.39619434
v 0.056005068 -0.27543676 0.42398435
v 0.05074051 -0.3039599 0.3991643
v 0.046172246 -0.29123697 0.41110507
v 0.049256485 -0.28332916 0.41801116
v 0.04682226 -0.2982679 0.40451834
v 0.06674901 -0.3101764 0.39364976
v 0.05749639 -0.30809265 0.39546347
v 0.07766615 -0.30947822 0.39391124
v -0.22535008 -0.17636901 0.36728567
v -0.2343284 -0.14090678 0.37386912
v -0.23275878 -0.15905201 0.3692036
v -0.2206331 -0.11115793 0.39024237
v -0.23005614 -0.124241784 0.38106963
v -0.15973276 -0.11597285 0.4229488
v -0.13249359 -0.14638685 0.42383862
v -0.19811088 -0.20678309 0.36817548
v -0.103775956 -0.1753181 0.42137673
v -0.16939329 -0.2357143 0.3657136
v -0.07384888 -0.20249565 0.4155863
v -0.1394662 -0.26289186 0.35992315
v -0.042992562 -0.22766495 0.4065215
v -0.1086099 -0.28806117 0.35085833
v -0.011495949 -0.25059035 0.39426717
v -0.077113256 -0.31098658 0.33860406
v -0.19149974 -0.10148597 0.4102007
v -0.2072675 -0.10326642 0.40040123
v -0.17505589 -0.1059405 0.41815296
v -0.009087342 -0.30326787 0.34931132
v 0.00233685 -0.27751374 0.37269613
v -0.0015728503 -0.26348472 0.3845865
v -0.0002686932 -0.29124713 0.36034998
v -0.040491823 -0.3169346 0.3363646
v -0.023057371 -0.31222248 0.34101838
v -0.05927579 -0.31659627 0.33563715
v -0.17449608 -0.16783237 0.44691068
v -0.19331144 -0.15761642 0.43957442
v -0.18393496 -0.16102453 0.44406953
v -0.2078642 -0.1612723 0.42956546
v -0.20148987 -0.15781067 0.4344443
v -0.20725578 -0.19798544 0.41912064
v -0.18608066 -0.22157729 0.41975668
v -0.15332095 -0.19142422 0.44754672
v -0.16269954 -0.24513237 0.41775227
v -0.12993975 -0.2149793 0.44554234
v -0.13833362 -0.26725966 0.41303784
v -0.10557388 -0.23710658 0.4408279
v -0.113211155 -0.28775188 0.40565747
v -0.08045144 -0.2575988 0.4334476
v -0.08876489 -0.30558988 0.39619443
v -0.056005176 -0.27543685 0.4239845
v -0.21388824 -0.17655587 0.42211914
v -0.21216398 -0.16763543 0.42538947
v -0.21234459 -0.18717362 0.41996962
v -0.05074061 -0.30396003 0.39916435
v -0.066749096 -0.3101765 0.39364994
v -0.077666275 -0.30947834 0.39391136
v -0.057496473 -0.3080928 0.3954636
v -0.04617234 -0.29123703 0.4111052
v -0.046822365 -0.298268 0.40451843
v -0.04925658 -0.28332928 0.41801125
v 0.15973261 -0.31190974 0.30829817
v 0.19149959 -0.29298967 0.30450138
v 0.17505576 -0.30082354 0.309161
v 0.22063297 -0.29138666 0.282381
v 0.20726733 -0.28963184 0.29512462
v 0.22534995 -0.3363828 0.22989438
v 0.1324934 -0.33869395 0.29386175
v 0.23432826 -0.3089633 0.25332698
v 0.230056 -0.29813123 0.26789528
v 0.23275866 -0.32234478 0.24021386
v 0.19811074 -0.36316705 0.21545796
v 0.103775784 -0.3625182 0.27726412
v 0.16939314 -0.3869913 0.1988603
v 0.073848695 -0.38315943 0.2586606
v 0.13946603 -0.4076325 0.18025683
v 0.042992383 -0.40042427 0.2382256
v 0.10860971 -0.42489737 0.1598218
v 0.011495779 -0.4141511 0.21615034
v 0.07711311 -0.4386242 0.13774656
v 0.009087175 -0.4372933 0.15087867
v 0.04049166 -0.44265562 0.13283314
v 0.059275642 -0.4419989 0.13237233
v 0.023057226 -0.44090176 0.13921946
v -0.0023370255 -0.42668197 0.18400757
v 0.00026855295 -0.4324023 0.16644883
v 0.0015726857 -0.42047763 0.20131947
v 0.20725563 -0.3810206 0.2639766
v 0.21388802 -0.3639613 0.27728817
v 0.21234445 -0.37208182 0.27011776
v 0.207864 -0.3544485 0.29137868
v 0.2121638 -0.35787117 0.28458056
v 0.1744959 -0.36880237 0.30312002
v 0.1860805 -0.4017698 0.2527315
v 0.19331129 -0.35628688 0.30187458
v 0.20148972 -0.35389006 0.29733464
v 0.18393481 -0.361486 0.30406344
v 0.15332077 -0.38955146 0.2918749
v 0.16269933 -0.4211669 0.2392181
v 0.12993959 -0.40894863 0.2783615
v 0.13833342 -0.43797246 0.22407162
v 0.105573684 -0.42575416 0.26321504
v 0.11321098 -0.45202908 0.20743392
v 0.08045124 -0.43981078 0.24657735
v 0.08876473 -0.46274576 0.1903196
v 0.05600499 -0.45052743 0.22946304
v 0.050740436 -0.4628192 0.19370665
v 0.046172168 -0.45777115 0.21040913
v 0.049256414 -0.4543758 0.2203439
v 0.04682219 -0.46056676 0.20118935
v 0.066748925 -0.46544558 0.1858227
v 0.05749632 -0.46454784 0.18843526
v 0.07766608 -0.46497166 0.18639822
v -0.22535013 -0.3363829 0.2298943
v -0.23432846 -0.3089634 0.25332686
v -0.23275885 -0.32234487 0.24021377
v -0.22063315 -0.29138672 0.28238094
v -0.23005621 -0.29813132 0.2678952
v -0.15973286 -0.31190982 0.30829808
v -0.13249366 -0.33869404 0.2938617
v -0.19811091 -0.36316714 0.21545787
v -0.10377599 -0.3625183 0.27726403
v -0.16939332 -0.38699138 0.19886024
v -0.073848926 -0.3831595 0.25866058
v -0.13946627 -0.4076326 0.1802568
v -0.042992614 -0.40042436 0.2382256
v -0.10860993 -0.42489746 0.15982176
v -0.011496028 -0.4141512 0.21615034
v -0.077113315 -0.4386243 0.13774654
v -0.19149981 -0.29298976 0.30450132
v -0.20726751 -0.28963193 0.2951245
v -0.17505597 -0.30082363 0.30916092
v -0.009087401 -0.43729335 0.15087868
v 0.0023367875 -0.42668203 0.18400761
v -0.0015729138 -0.42047775 0.20131947
v -0.0002687701 -0.43240243 0.16644885
v -0.040491864 -0.44265568 0.13283315
v -0.023057416 -0.44090182 0.13921948
v -0.059275847 -0.441999 0.1323723
v -0.17449611 -0.36880246 0.30311993
v -0.19331147 -0.35628697 0.3018745
v -0.183935 -0.36148608 0.30406335
v -0.2078642 -0.3544486 0.2913786
v -0.20148991 -0.35389018 0.29733455
v -0.20725584 -0.38102067 0.2639765
v -0.18608074 -0.40176985 0.2527314
v -0.15332098 -0.38955158 0.29187483
v -0.16269955 -0.421167 0.23921801
v -0.12993987 -0.4089487 0.27836144
v -0.13833366 -0.43797255 0.22407156
v -0.105573945 -0.42575428 0.26321495
v -0.1132112 -0.45202914 0.2074339
v -0.08045149 -0.43981087 0.24657731
v -0.088764966 -0.4627458 0.19031957
v -0.056005236 -0.45052755 0.229463
v -0.21388827 -0.36396143 0.27728808
v -0.21216401 -0.35787126 0.2845805
v -0.21234466 -0.3720819 0.27011767
v -0.050740678 -0.46281928 0.19370662
v -0.06674917 -0.46544567 0.18582267
v -0.07766631 -0.46497178 0.1863982
v -0.057496544 -0.46454793 0.18843521
v -0.0461724 -0.4577712 0.21040915
v -0.046822425 -0.46056685 0.20118937
v -0.049256645 -0.45437592 0.22034384
v 0.15973231 0.42427108 -0.11103886
v 0.1914993 0.40598747 -0.11721082
v 0.17505544 0.4151016 -0.117329195
v 0.22063269 0.39353904 -0.098855495
v 0.20726705 0.39839113 -0.1107692
v 0.22534965 0.4062635 -0.030902674
v 0.13249306 0.44024864 -0.08514442
v 0.23432797 0.39423385 -0.06490565
v 0.23005569 0.39213717 -0.082938194
v 0.23275836 0.39926597 -0.046858627
v 0.1981104 0.42224106 -0.0050082305
v 0.10377543 0.45258218 -0.05885831
v 0.16939278 0.4345746 0.021277893
v 0.073848344 0.46115625 -0.03242662
v 0.13946567 0.44314864 0.04770957
v 0.04299201 0.46589047 -0.006096936
v 0.108609356 0.4478829 0.074039266
v 0.01149541 0.46674058 0.019884208
v 0.077112734 0.44873303 0.10002041
v 0.009086798 0.45414641 0.087982215
v 0.04049128 0.44976756 0.10629126
v 0.05927526 0.44896844 0.106361985
v 0.023056844 0.45144182 0.09988361
v -0.0023373906 0.4615212 0.053986076
v 0.0002681517 0.45769578 0.07205258
v 0.0015723113 0.46480408 0.035891388
v 0.20725524 0.46196204 -0.03809979
v 0.21388769 0.4538441 -0.0581576
v 0.2123441 0.4572914 -0.047887597
v 0.20786366 0.45265102 -0.075116746
v 0.21216345 0.45221606 -0.06751807
v 0.17449552 0.47095245 -0.0781081
v 0.18608011 0.47430876 -0.017986665
v 0.19331092 0.45949104 -0.083287284
v 0.20148933 0.4551454 -0.08055399
v 0.18393444 0.465088 -0.08258332
v 0.1533204 0.48329917 -0.057994984
v 0.16269897 0.4843504 0.0034148502
v 0.12993921 0.49334085 -0.03659347
v 0.13833302 0.49133122 0.024934871
v 0.105573304 0.5003216 -0.015073455
v 0.11321057 0.49518573 0.046371847
v 0.08045084 0.50417614 0.006363518
v 0.08876432 0.4959094 0.06655161
v 0.05600458 0.5048998 0.026543278
v 0.050740026 0.49766654 0.0636551
v 0.046171755 0.5016461 0.046666276
v 0.049256008 0.503673 0.036364898
v 0.04682179 0.4994572 0.056048654
v 0.06674852 0.49599907 0.07179597
v 0.05749591 0.4965279 0.06908458
v 0.07766568 0.49587646 0.07106063
v -0.22535047 0.4062631 -0.030902566
v -0.23432875 0.39423344 -0.064905524
v -0.23275916 0.3992656 -0.04685851
v -0.22063345 0.39353865 -0.09885539
v -0.2300565 0.39213678 -0.08293806
v -0.15973315 0.42427084 -0.11103875
v -0.13249399 0.44024846 -0.085144326
v -0.19811128 0.42224073 -0.005008112
v -0.10377637 0.45258206 -0.058858223
v -0.1693937 0.43457434 0.021277994
v -0.07384929 0.46115616 -0.03242655
v -0.1394666 0.44314846 0.047709648
v -0.042992994 0.46589047 -0.006096878
v -0.10861032 0.44788277 0.07403934
v -0.011496397 0.46674067 0.01988425
v -0.07711368 0.44873294 0.10002047
v -0.19150011 0.40598717 -0.117210716
v -0.20726785 0.3983908 -0.11076906
v -0.17505626 0.41510132 -0.117329076
v -0.009087779 0.45414644 0.087982245
v 0.0023364073 0.46152127 0.05398609
v -0.0015732882 0.46480414 0.03589144
v -0.00026914082 0.45769587 0.07205261
v -0.040492248 0.44976756 0.10629129
v -0.023057798 0.45144185 0.09988364
v -0.059276212 0.4489684 0.10636203
v -0.17449652 0.47095218 -0.078108005
v -0.19331188 0.45949078 -0.08328716
v -0.1839354 0.46508774 -0.0825832
v -0.2078646 0.4526507 -0.07511663
v -0.20149027 0.45514503 -0.08055387
v -0.2072562 0.46196172 -0.0380997
v -0.18608113 0.47430852 -0.017986573
v -0.15332137 0.48329896 -0.057994902
v -0.16269997 0.4843502 0.0034149494
v -0.12994024 0.49334064 -0.0365934
v -0.13833408 0.49133104 0.024934957
v -0.10557434 0.50032145 -0.0150733655
v -0.113211624 0.4951856 0.04637192
v -0.08045191 0.504176 0.0063635726
v -0.08876536 0.49590936 0.06655168
v -0.056005664 0.5048998 0.026543332
v -0.2138886 0.45384374 -0.058157478
v -0.21216439 0.45221573 -0.06751799
v -0.212345 0.45729107 -0.047887467
v -0.0507411 0.49766654 0.06365514
v -0.06674958 0.49599904 0.071796015
v -0.077666745 0.4958764 0.07106068
v -0.057496972 0.49652788 0.06908464
v -0.046172827 0.50164604 0.04666632
v -0.04682285 0.49945724 0.056048695
v -0.04925707 0.503673 0.036364958
v 0.1597324 0.31191003 -0.30829802
v 0.19149935 0.29298994 -0.30450127
v 0.17505552 0.3008238 -0.30916083
v 0.22063275 0.29138693 -0.2823809
v 0.20726712 0.28963214 -0.2951245
v 0.22534972 0.33638307 -0.22989425
v 0.13249318 0.33869419 -0.29386157
v 0.23432805 0.30896357 -0.25332683
v 0.23005578 0.29813156 -0.26789516
v 0.23275845 0.32234505 -0.24021374
v 0.19811048 0.36316726 -0.21545778
v 0.10377553 0.36251846 -0.2772639
v 0.16939287 0.3869915 -0.19886011
v 0.07384844 0.38315964 -0.25866044
v 0.13946578 0.40763268 -0.18025665
v 0.04299212 0.40042445 -0.23822539
v 0.10860945 0.42489755 -0.15982158
v 0.011495524 0.41415125 -0.2161501
v 0.07711285 0.43862435 -0.13774632
v 0.0090868985 0.4372934 -0.15087841
v 0.040491384 0.4426557 -0.13283288
v 0.059275366 0.44199905 -0.13237208
v 0.023056958 0.44090188 -0.13921921
v -0.0023372911 0.42668208 -0.18400733
v 0.00026826654 0.43240243 -0.1664486
v 0.0015724103 0.4204778 -0.20131922
v 0.20725536 0.3810209 -0.26397642
v 0.21388778 0.3639616 -0.27728802
v 0.2123442 0.37208208 -0.2701176
v 0.20786375 0.35444877 -0.29137853
v 0.21216355 0.35787144 -0.2845804
v 0.17449561 0.36880264 -0.30311984
v 0.18608023 0.40177003 -0.2527313
v 0.19331104 0.35628718 -0.30187443
v 0.20148943 0.35389033 -0.29733452
v 0.18393454 0.36148626 -0.30406326
v 0.1533205 0.38955176 -0.2918747
v 0.16269907 0.42116714 -0.23921789
v 0.12993933 0.40894887 -0.2783613
v 0.13833316 0.43797266 -0.22407143
v 0.10557342 0.42575443 -0.2632148
v 0.1132107 0.45202926 -0.2074337
v 0.08045096 0.439811 -0.2465771
v 0.08876444 0.46274588 -0.19031936
v 0.056004707 0.4505276 -0.22946276
v 0.050740145 0.46281937 -0.19370636
v 0.04617187 0.45777133 -0.21040888
v 0.049256124 0.454376 -0.22034362
v 0.04682191 0.46056694 -0.2011891
v 0.06674866 0.46544576 -0.18582244
v 0.057496034 0.46454802 -0.18843499
v 0.07766579 0.46497184 -0.18639795
v -0.22535035 0.33638296 -0.22989403
v -0.23432869 0.30896345 -0.25332665
v -0.23275907 0.32234493 -0.24021351
v -0.2206334 0.29138684 -0.2823807
v -0.2300564 0.29813144 -0.26789495
v -0.15973306 0.31190997 -0.3082979
v -0.13249385 0.33869419 -0.29386142
v -0.19811118 0.36316717 -0.21545759
v -0.10377628 0.36251846 -0.27726382
v -0.16939361 0.38699144 -0.19885996
v -0.073849216 0.38315967 -0.25866035
v -0.1394665 0.40763265 -0.18025652
v -0.04299288 0.4004245 -0.23822534
v -0.10861019 0.42489752 -0.15982148
v -0.011496283 0.41415137 -0.21615009
v -0.077113576 0.43862435 -0.13774627
v -0.19150004 0.29298988 -0.3045011
v -0.20726778 0.28963202 -0.2951243
v -0.17505619 0.30082375 -0.30916068
v -0.009087678 0.43729347 -0.15087843
v 0.0023365067 0.42668214 -0.18400735
v -0.0015731892 0.42047787 -0.20131922
v -0.0002690107 0.43240255 -0.1664486
v -0.040492132 0.44265577 -0.13283287
v -0.023057682 0.44090194 -0.13921921
v -0.059276115 0.44199905 -0.13237207
v -0.1744964 0.36880258 -0.30311966
v -0.19331178 0.35628712 -0.30187425
v -0.1839353 0.3614862 -0.30406308
v -0.20786448 0.3544487 -0.29137832
v -0.20149021 0.35389027 -0.2973343
v -0.2072561 0.38102078 -0.26397625
v -0.18608099 0.40176994 -0.25273114
v -0.15332131 0.38955173 -0.2918746
v -0.16269985 0.42116708 -0.23921774
v -0.12994014 0.40894884 -0.2783612
v -0.13833395 0.43797264 -0.22407128
v -0.10557423 0.42575443 -0.26321474
v -0.11321148 0.45202926 -0.20743358
v -0.08045179 0.43981102 -0.24657704
v -0.088765256 0.46274593 -0.1903193
v -0.056005538 0.45052767 -0.22946273
v -0.21388854 0.36396152 -0.2772878
v -0.2121643 0.35787135 -0.2845802
v -0.21234491 0.372082 -0.27011737
v -0.05074095 0.4628194 -0.19370635
v -0.06674945 0.46544576 -0.18582241
v -0.07766662 0.46497184 -0.18639791
v -0.05749685 0.46454805 -0.18843496
v -0.046172697 0.45777136 -0.21040885
v -0.046822723 0.460567 -0.20118907
v -0.049256936 0.45437607 -0.22034357
v 0.15973248 0.115972966 -0.42294884
v 0.19149944 0.10148608 -0.41020074
v 0.17505561 0.10594063 -0.418153
v 0.22063284 0.11115804 -0.39024243
v 0.20726721 0.103266515 -0.4004013
v 0.22534983 0.17636913 -0.36728573
v 0.13249327 0.14638698 -0.42383862
v 0.23432814 0.14090689 -0.3738692
v 0.23005585 0.124241896 -0.3810697
v 0.23275852 0.1590521 -0.36920366
v 0.19811061 0.20678318 -0.36817548
v 0.10377564 0.17531821 -0.42137673
v 0.16939299 0.23571439 -0.36571357
v 0.07384856 0.20249575 -0.41558626
v 0.13946588 0.26289192 -0.35992312
v 0.042992227 0.22766505 -0.4065214
v 0.10860957 0.28806123 -0.35085824
v 0.011495628 0.25059047 -0.39426708
v 0.07711296 0.31098664 -0.33860397
v 0.009087021 0.30326796 -0.3493112
v 0.040491503 0.31693467 -0.33636448
v 0.059275486 0.31659633 -0.33563703
v 0.023057068 0.3122226 -0.34101826
v -0.0023371857 0.27751386 -0.372696
v 0.00026837277 0.29124722 -0.36034986
v 0.0015725299 0.2634848 -0.38458642
v 0.20725545 0.19798554 -0.41912067
v 0.2138879 0.17655599 -0.42211917
v 0.21234429 0.18717372 -0.41996965
v 0.20786387 0.16127239 -0.42956552
v 0.21216367 0.16763555 -0.4253895
v 0.17449576 0.1678325 -0.44691068
v 0.18608037 0.22157739 -0.41975668
v 0.19331114 0.15761651 -0.43957445
v 0.20148954 0.15781076 -0.43444434
v 0.18393466 0.16102463 -0.44406956
v 0.15332063 0.19142434 -0.44754672
v 0.16269918 0.24513248 -0.41775224
v 0.12993942 0.21497943 -0.4455423
v 0.13833328 0.26725975 -0.4130378
v 0.10557353 0.2371067 -0.44082785
v 0.11321082 0.287752 -0.4056574
v 0.080451086 0.2575989 -0.4334475
v 0.08876456 0.30558997 -0.39619428
v 0.056004837 0.27543694 -0.42398438
v 0.050740268 0.30396008 -0.3991643
v 0.046171993 0.29123715 -0.41110507
v 0.049256247 0.28332937 -0.41801113
v 0.046822034 0.2982681 -0.4045183
v 0.06674878 0.31017658 -0.39364976
v 0.05749616 0.30809286 -0.39546347
v 0.07766591 0.30947843 -0.39391124
v -0.22535029 0.17636916 -0.36728552
v -0.23432857 0.14090689 -0.373869
v -0.23275898 0.15905215 -0.36920342
v -0.22063331 0.11115806 -0.39024225
v -0.23005632 0.1242419 -0.3810695
v -0.15973298 0.11597303 -0.42294875
v -0.13249376 0.14638706 -0.42383856
v -0.19811109 0.20678322 -0.3681753
v -0.10377615 0.17531827 -0.4213767
v -0.16939346 0.23571442 -0.36571348
v -0.07384908 0.20249583 -0.4155862
v -0.1394664 0.26289198 -0.35992303
v -0.042992763 0.22766514 -0.4065214
v -0.108610116 0.2880613 -0.3508582
v -0.011496179 0.25059053 -0.3942671
v -0.07711345 0.3109867 -0.33860388
v -0.19149992 0.1014861 -0.41020063
v -0.20726769 0.10326655 -0.40040112
v -0.1750561 0.10594065 -0.41815284
v -0.009087555 0.30326802 -0.34931123
v 0.0023366273 0.2775139 -0.37269607
v -0.0015730696 0.2634849 -0.38458645
v -0.0002689045 0.29124728 -0.36034992
v -0.04049202 0.3169347 -0.33636448
v -0.023057574 0.31222266 -0.3410183
v -0.059276003 0.3165964 -0.33563703
v -0.17449628 0.16783254 -0.44691056
v -0.19331166 0.15761656 -0.4395743
v -0.18393518 0.16102469 -0.4440694
v -0.20786437 0.16127244 -0.42956534
v -0.20149006 0.15781082 -0.43444416
v -0.207256 0.19798554 -0.4191205
v -0.18608087 0.2215774 -0.41975656
v -0.15332118 0.19142437 -0.44754666
v -0.16269974 0.24513252 -0.41775215
v -0.12994002 0.21497947 -0.44554225
v -0.13833384 0.2672598 -0.41303778
v -0.10557414 0.23710676 -0.44082782
v -0.11321137 0.287752 -0.4056574
v -0.08045167 0.25759897 -0.43344745
v -0.088765115 0.3055901 -0.39619425
v -0.056005437 0.27543703 -0.42398438
v -0.2138884 0.176556 -0.42211902
v -0.21216416 0.16763555 -0.42538935
v -0.2123448 0.18717375 -0.41996947
v -0.05074085 0.30396014 -0.39916426
v -0.06674934 0.31017664 -0.39364976
v -0.077666484 0.3094785 -0.39391118
v -0.057496738 0.30809292 -0.39546344
v -0.04617259 0.2912372 -0.41110504
v -0.046822596 0.29826814 -0.40451828
v -0.04925683 0.28332943 -0.4180111
v 0.15973249 -0.11103893 -0.42427093
v 0.19149946 -0.117210895 -0.4059873
v 0.17505562 -0.11732927 -0.41510144
v 0.22063285 -0.09885558 -0.39353886
v 0.2072672 -0.11076928 -0.39839095
v 0.22534984 -0.030902756 -0.40626332
v 0.13249327 -0.08514448 -0.4402485
v 0.23432814 -0.064905725 -0.39423367
v 0.23005587 -0.082938276 -0.392137
v 0.23275855 -0.046858717 -0.3992658
v 0.19811064 -0.0050083036 -0.42224088
v 0.103775665 -0.05885835 -0.45258206
v 0.16939303 0.02127783 -0.43457446
v 0.073848575 -0.032426655 -0.46115616
v 0.13946593 0.047709513 -0.4431485
v 0.042992257 -0.0060969666 -0.4658904
v 0.10860963 0.07403922 -0.44788277
v 0.0114956675 0.019884186 -0.46674052
v 0.077113025 0.10002038 -0.44873294
v 0.009087081 0.087982215 -0.45414636
v 0.040491577 0.10629125 -0.4497675
v 0.05927556 0.106361955 -0.44896838
v 0.023057127 0.099883586 -0.4514418
v -0.002337113 0.053986065 -0.46152115
v 0.00026843176 0.07205257 -0.45769575
v 0.0015725708 0.03589138 -0.464804
v 0.2072555 -0.038099863 -0.4619619
v 0.21388789 -0.05815767 -0.45384392
v 0.21234429 -0.04788767 -0.45729122
v 0.20786388 -0.075116836 -0.45265085
v 0.21216367 -0.06751816 -0.45221588
v 0.17449576 -0.078108184 -0.47095227
v 0.18608038 -0.017986735 -0.4743086
v 0.19331115 -0.08328736 -0.45949087
v 0.20148955 -0.080554076 -0.45514518
v 0.18393466 -0.0825834 -0.46508783
v 0.15332063 -0.05799505 -0.48329902
v 0.16269921 0.0034147855 -0.48435026
v 0.12993948 -0.03659353 -0.4933407
v 0.13833332 0.024934813 -0.49133107
v 0.105573565 -0.015073503 -0.50032145
v 0.113210864 0.046371806 -0.4951856
v 0.08045113 0.0063634845 -0.504176
v 0.08876462 0.06655157 -0.49590933
v 0.05600487 0.026543245 -0.50489974
v 0.050740324 0.06365507 -0.49766648
v 0.04617205 0.04666625 -0.501646
v 0.049256288 0.036364865 -0.50367296
v 0.046822082 0.056048635 -0.49945715
v 0.066748835 0.07179594 -0.49599898
v 0.05749621 0.069084555 -0.49652782
v 0.07766598 0.0710606 -0.49587634
v -0.22535026 -0.030902488 -0.4062632
v -0.23432858 -0.06490547 -0.39423352
v -0.23275897 -0.046858437 -0.39926568
v -0.2206333 -0.098855324 -0.39353874
v -0.23005633 -0.08293802 -0.39213687
v -0.15973298 -0.11103871 -0.4242709
v -0.13249378 -0.085144304 -0.4402485
v -0.19811103 -0.00500807 -0.42224082
v -0.10377616 -0.058858205 -0.4525821
v -0.16939342 0.021278027 -0.4345744
v -0.07384907 -0.03242654 -0.46115616
v -0.13946635 0.04770969 -0.4431485
v -0.042992722 -0.0060968855 -0.46589044
v -0.10861005 0.074039355 -0.4478828
v -0.011496125 0.01988424 -0.46674058
v -0.07711341 0.10002048 -0.44873294
v -0.19149992 -0.11721067 -0.40598723
v -0.2072677 -0.11076901 -0.39839086
v -0.1750561 -0.117329046 -0.41510138
v -0.0090874955 0.08798223 -0.45414641
v 0.0023366848 0.05398608 -0.4615212
v -0.0015730287 0.03589142 -0.4648041
v -0.00026884547 0.072052605 -0.4576958
v -0.040491946 0.10629131 -0.44976753
v -0.023057513 0.09988363 -0.45144182
v -0.05927593 0.10636204 -0.4489684
v -0.17449626 -0.078107975 -0.47095224
v -0.19331162 -0.083287105 -0.45949084
v -0.18393515 -0.08258317 -0.4650878
v -0.20786437 -0.07511655 -0.45265076
v -0.20149004 -0.08055379 -0.4551451
v -0.20725597 -0.038099628 -0.4619618
v -0.18608086 -0.017986525 -0.47430858
v -0.15332119 -0.05799488 -0.483299
v -0.16269973 0.0034149792 -0.4843503
v -0.12993997 -0.03659337 -0.49334067
v -0.1383338 0.024934985 -0.4913311
v -0.10557408 -0.015073357 -0.5003215
v -0.11321132 0.046371937 -0.49518564
v -0.08045162 0.0063636024 -0.50417596
v -0.088765055 0.06655169 -0.49590933
v -0.056005374 0.026543329 -0.50489974
v -0.21388844 -0.058157425 -0.45384383
v -0.21216418 -0.0675179 -0.4522158
v -0.21234481 -0.04788743 -0.45729116
v -0.050740793 0.06365514 -0.49766648
v -0.066749275 0.07179603 -0.495999
v -0.07766643 0.07106069 -0.49587634
v -0.057496678 0.06908464 -0.49652785
v -0.046172533 0.04666633 -0.501646
v -0.046822555 0.056048702 -0.4994572
v -0.04925679 0.03636496 -0.50367296
v 0.15973242 -0.308298 -0.3119099
v 0.19149938 -0.30450127 -0.29298985
v 0.17505555 -0.30916083 -0.30082372
v 0.22063278 -0.28238088 -0.29138684
v 0.20726715 -0.2951245 -0.28963202
v 0.22534978 -0.22989425 -0.336383
v 0.13249323 -0.29386154 -0.33869413
v 0.23432809 -0.25332686 -0.30896348
v 0.23005581 -0.26789516 -0.29813147
v 0.23275848 -0.24021375 -0.32234496
v 0.19811058 -0.21545777 -0.36316717
v 0.10377559 -0.27726388 -0.36251837
v 0.16939297 -0.19886008 -0.3869914
v 0.073848516 -0.25866038 -0.3831596
v 0.13946587 -0.18025663 -0.4076326
v 0.042992212 -0.23822533 -0.40042442
v 0.10860957 -0.15982154 -0.42489746
v 0.011495625 -0.21615003 -0.41415122
v 0.07711297 -0.13774629 -0.4386243
v 0.009087029 -0.15087834 -0.43729335
v 0.04049153 -0.13283283 -0.44265568
v 0.05927551 -0.13237204 -0.441999
v 0.023057079 -0.13921915 -0.44090182
v -0.0023371673 -0.18400727 -0.42668203
v 0.00026839427 -0.1664485 -0.43240243
v 0.0015725303 -0.20131914 -0.42047775
v 0.20725542 -0.26397642 -0.3810208
v 0.21388784 -0.277288 -0.36396152
v 0.21234424 -0.27011758 -0.372082
v 0.20786381 -0.29137853 -0.35444868
v 0.21216361 -0.2845804 -0.35787135
v 0.1744957 -0.30311984 -0.36880255
v 0.18608032 -0.2527313 -0.40176994
v 0.1933111 -0.3018744 -0.3562871
v 0.20148951 -0.2973345 -0.35389024
v 0.1839346 -0.30406326 -0.36148617
v 0.15332057 -0.2918747 -0.38955164
v 0.16269915 -0.23921788 -0.42116705
v 0.12993939 -0.2783613 -0.40894878
v 0.13833323 -0.2240714 -0.43797258
v 0.105573505 -0.2632148 -0.4257543
v 0.113210805 -0.20743366 -0.4520292
v 0.080451064 -0.24657705 -0.43981093
v 0.08876457 -0.19031931 -0.46274585
v 0.056004815 -0.22946271 -0.45052758
v 0.050740268 -0.19370632 -0.4628193
v 0.046171997 -0.21040884 -0.45777127
v 0.04925623 -0.22034356 -0.45437598
v 0.046822026 -0.20118906 -0.46056688
v 0.06674878 -0.1858224 -0.4654457
v 0.057496157 -0.18843494 -0.46454796
v 0.07766592 -0.18639791 -0.46497178
v -0.22535034 -0.2298939 -0.336383
v -0.23432858 -0.2533265 -0.30896348
v -0.232759 -0.24021338 -0.32234496
v -0.22063333 -0.28238058 -0.29138684
v -0.23005633 -0.2678948 -0.29813147
v -0.15973306 -0.30829775 -0.31190997
v -0.13249381 -0.29386133 -0.33869419
v -0.19811106 -0.21545747 -0.3631672
v -0.10377619 -0.2772637 -0.36251846
v -0.16939346 -0.19885984 -0.38699144
v -0.07384913 -0.25866026 -0.38315964
v -0.1394664 -0.1802564 -0.40763268
v -0.042992786 -0.23822527 -0.40042448
v -0.10861008 -0.15982139 -0.42489755
v -0.011496182 -0.21615003 -0.41415134
v -0.07711343 -0.13774617 -0.43862432
v -0.19149996 -0.304501 -0.29298988
v -0.2072677 -0.29512417 -0.28963205
v -0.17505611 -0.30916056 -0.30082378
v -0.009087533 -0.15087837 -0.4372934
v 0.0023366304 -0.18400729 -0.42668208
v -0.0015730845 -0.20131916 -0.42047784
v -0.00026888298 -0.16644852 -0.4324025
v -0.04049198 -0.1328328 -0.44265574
v -0.023057548 -0.13921912 -0.44090188
v -0.059275962 -0.13237198 -0.44199902
v -0.1744963 -0.30311954 -0.3688026
v -0.1933117 -0.3018741 -0.35628712
v -0.18393521 -0.30406296 -0.36148623
v -0.20786442 -0.2913782 -0.35444874
v -0.20149009 -0.2973342 -0.3538903
v -0.20725597 -0.26397613 -0.38102084
v -0.18608093 -0.25273103 -0.40176997
v -0.15332122 -0.29187447 -0.38955176
v -0.16269976 -0.23921764 -0.4211671
v -0.12994005 -0.2783611 -0.40894884
v -0.13833386 -0.22407117 -0.43797266
v -0.10557414 -0.26321462 -0.42575446
v -0.113211356 -0.20743349 -0.45202926
v -0.08045167 -0.24657695 -0.439811
v -0.08876511 -0.19031921 -0.46274588
v -0.056005426 -0.22946265 -0.45052764
v -0.21388845 -0.27728766 -0.36396155
v -0.21216424 -0.28458008 -0.35787138
v -0.21234483 -0.27011725 -0.37208202
v -0.050740834 -0.19370626 -0.46281937
v -0.06674932 -0.18582232 -0.46544573
v -0.077666484 -0.1863978 -0.4649718
v -0.057496723 -0.18843488 -0.46454802
v -0.046172585 -0.21040875 -0.45777133
v -0.046822596 -0.20118895 -0.4605669
v -0.049256835 -0.22034349 -0.45437607
v 0.15973248 -0.42294893 -0.115972795
v 0.19149943 -0.41020083 -0.10148589
v 0.1750556 -0.41815308 -0.105940424
v 0.22063284 -0.3902425 -0.111157835
v 0.20726718 -0.40040138 -0.10326633
v 0.22534984 -0.36728582 -0.17636895
v 0.13249326 -0.4238387 -0.14638682
v 0.23432812 -0.37386927 -0.14090666
v 0.23005585 -0.38106978 -0.12424169
v 0.23275855 -0.36920372 -0.15905192
v 0.19811063 -0.3681756 -0.206783
v 0.10377564 -0.42137682 -0.17531806
v 0.16939302 -0.36571372 -0.23571421
v 0.07384855 -0.41558632 -0.2024956
v 0.13946593 -0.3599232 -0.26289177
v 0.042992234 -0.4065215 -0.22766493
v 0.10860962 -0.35085836 -0.28806108
v 0.011495657 -0.39426717 -0.25059035
v 0.07711301 -0.33860403 -0.31098652
v 0.009087066 -0.3493113 -0.3032679
v 0.04049156 -0.33636457 -0.3169346
v 0.05927555 -0.33563715 -0.3165962
v 0.023057131 -0.34101835 -0.3122225
v -0.0023371328 -0.37269613 -0.27751374
v 0.00026843 -0.36034995 -0.29124707
v 0.0015725634 -0.3845865 -0.26348472
v 0.20725548 -0.41912076 -0.19798534
v 0.21388789 -0.42211926 -0.17655578
v 0.21234429 -0.41996974 -0.18717352
v 0.20786385 -0.4295656 -0.16127218
v 0.21216366 -0.4253896 -0.16763534
v 0.17449576 -0.44691077 -0.1678323
v 0.18608038 -0.41975677 -0.22157718
v 0.19331114 -0.43957454 -0.15761632
v 0.20148954 -0.4344444 -0.15781057
v 0.18393464 -0.44406965 -0.16102444
v 0.15332063 -0.44754684 -0.19142415
v 0.16269921 -0.41775236 -0.2451323
v 0.12993944 -0.44554242 -0.21497925
v 0.1383333 -0.4130379 -0.26725957
v 0.10557355 -0.44082797 -0.23710653
v 0.11321086 -0.40565753 -0.28775182
v 0.0804511 -0.4334476 -0.2575988
v 0.08876462 -0.39619446 -0.30558988
v 0.05600486 -0.42398447 -0.27543682
v 0.050740313 -0.39916435 -0.30395997
v 0.04617204 -0.41110516 -0.29123703
v 0.04925628 -0.41801125 -0.28332925
v 0.046822075 -0.4045184 -0.298268
v 0.06674882 -0.39364988 -0.31017646
v 0.0574962 -0.39546356 -0.3080927
v 0.07766596 -0.39391133 -0.3094783
v -0.22535028 -0.36728558 -0.17636912
v -0.23432857 -0.37386903 -0.14090689
v -0.23275897 -0.3692035 -0.15905212
v -0.22063334 -0.3902423 -0.11115802
v -0.23005635 -0.38106954 -0.12424188
v -0.15973298 -0.42294878 -0.11597295
v -0.13249378 -0.4238386 -0.14638697
v -0.19811107 -0.36817536 -0.20678318
v -0.10377618 -0.42137676 -0.1753182
v -0.16939345 -0.36571354 -0.23571438
v -0.073849104 -0.4155863 -0.20249574
v -0.13946635 -0.35992312 -0.26289195
v -0.042992756 -0.4065215 -0.22766502
v -0.10861005 -0.3508583 -0.28806126
v -0.01149615 -0.3942672 -0.25059044
v -0.077113405 -0.338604 -0.3109866
v -0.19149996 -0.41020066 -0.10148606
v -0.2072677 -0.40040115 -0.10326652
v -0.1750561 -0.4181529 -0.1059406
v -0.00908751 -0.34931132 -0.3032679
v 0.002336665 -0.37269616 -0.27751377
v -0.0015730361 -0.38458654 -0.2634848
v -0.0002688625 -0.36035 -0.2912472
v -0.040491972 -0.3363646 -0.31693462
v -0.023057524 -0.34101838 -0.31222254
v -0.05927594 -0.33563712 -0.31659627
v -0.17449628 -0.44691065 -0.1678325
v -0.19331169 -0.43957433 -0.15761651
v -0.1839352 -0.44406947 -0.16102463
v -0.20786442 -0.4295654 -0.16127239
v -0.20149009 -0.43444425 -0.15781076
v -0.20725596 -0.41912055 -0.19798551
v -0.18608087 -0.41975662 -0.22157738
v -0.15332118 -0.44754672 -0.19142433
v -0.16269971 -0.41775224 -0.24513246
v -0.12994 -0.4455423 -0.21497938
v -0.13833381 -0.4130378 -0.26725972
v -0.1055741 -0.44082788 -0.23710667
v -0.113211356 -0.40565744 -0.28775197
v -0.08045166 -0.43344754 -0.25759888
v -0.08876511 -0.39619434 -0.30558997
v -0.05600539 -0.42398447 -0.2754369
v -0.21388842 -0.4221191 -0.17655595
v -0.21216421 -0.42538938 -0.1676355
v -0.2123448 -0.41996956 -0.18717371
v -0.0507408 -0.39916435 -0.30396003
v -0.0667493 -0.39364985 -0.31017655
v -0.07766644 -0.3939113 -0.30947837
v -0.057496678 -0.39546356 -0.30809283
v -0.04617255 -0.41110513 -0.29123712
v -0.046822555 -0.4045184 -0.29826805
v -0.04925679 -0.41801125 -0.28332934
v 0.15973255 -0.4242708 0.111039124
v 0.1914995 -0.40598717 0.11721108
v 0.17505567 -0.4151013 0.11732947
v 0.2206329 -0.39353874 0.09885577
v 0.20726727 -0.39839083 0.11076946
v 0.22534989 -0.40626323 0.030902945
v 0.13249335 -0.4402484 0.085144706
v 0.2343282 -0.39423352 0.06490591
v 0.23005593 -0.39213687 0.082938455
v 0.2327586 -0.39926568 0.0468589
v 0.19811067 -0.4222408 0.005008505
v 0.10377572 -0.45258197 0.05885858
v 0.16939308 -0.4345744 -0.021277627
v 0.073848635 -0.46115607 0.032426897
v 0.13946597 -0.44314846 -0.047709297
v 0.042992324 -0.46589035 0.0060972096
v 0.10860967 -0.44788274 -0.074039005
v 0.011495725 -0.46674046 -0.019883944
v 0.077113055 -0.4487329 -0.10002013
v 0.009087122 -0.45414633 -0.08798197
v 0.0404916 -0.4497675 -0.10629101
v 0.059275597 -0.44896835 -0.106361724
v 0.023057157 -0.45144176 -0.09988337
v -0.0023370634 -0.46152112 -0.053985808
v 0.0002684847 -0.45769572 -0.07205232
v 0.0015726169 -0.46480396 -0.035891134
v 0.20725556 -0.46196178 0.038100094
v 0.21388796 -0.4538438 0.058157887
v 0.2123444 -0.4572911 0.047887888
v 0.20786394 -0.45265073 0.07511704
v 0.21216373 -0.45221576 0.06751838
v 0.17449583 -0.47095218 0.07810841
v 0.18608046 -0.47430852 0.017986968
v 0.19331121 -0.45949075 0.08328758
v 0.20148963 -0.45514506 0.08055428
v 0.18393473 -0.4650877 0.08258362
v 0.1533207 -0.4832989 0.05799529
v 0.16269927 -0.4843502 -0.003414544
v 0.12993954 -0.4933406 0.03659378
v 0.13833337 -0.491331 -0.024934564
v 0.10557363 -0.5003214 0.015073757
v 0.11321092 -0.49518555 -0.04637155
v 0.08045117 -0.5041759 -0.0063632233
v 0.08876467 -0.4959093 -0.06655132
v 0.056004927 -0.5048996 -0.02654298
v 0.050740376 -0.49766642 -0.0636548
v 0.046172105 -0.5016459 -0.046665993
v 0.04925635 -0.5036729 -0.036364608
v 0.046822134 -0.4994571 -0.056048367
v 0.06674888 -0.49599895 -0.071795695
v 0.05749626 -0.4965278 -0.06908429
v 0.07766603 -0.4958763 -0.07106033
v -0.22535022 -0.40626314 0.030902738
v -0.23432852 -0.39423347 0.064905696
v -0.23275891 -0.39926562 0.046858687
v -0.22063325 -0.39353865 0.09885557
v -0.23005624 -0.3921368 0.08293825
v -0.15973292 -0.4242708 0.11103897
v -0.1324937 -0.4402484 0.08514455
v -0.19811101 -0.42224076 0.005008318
v -0.10377608 -0.452582 0.05885846
v -0.1693934 -0.43457437 -0.021277765
v -0.073849015 -0.4611561 0.032426797
v -0.13946632 -0.44314846 -0.047709424
v -0.04299268 -0.4658904 0.0060971384
v -0.10861001 -0.44788277 -0.074039094
v -0.011496067 -0.46674055 -0.019883994
v -0.07711336 -0.44873294 -0.10002022
v -0.19149986 -0.40598714 0.11721091
v -0.20726758 -0.39839077 0.110769264
v -0.17505601 -0.4151013 0.11732928
v -0.0090874545 -0.45414641 -0.08798197
v 0.002336719 -0.46152118 -0.05398583
v -0.0015729826 -0.46480402 -0.03589117
v -0.0002688078 -0.45769578 -0.07205236
v -0.040491935 -0.44976753 -0.10629104
v -0.023057485 -0.45144182 -0.099883385
v -0.0592759 -0.4489684 -0.10636177
v -0.17449619 -0.47095215 0.07810825
v -0.19331156 -0.45949072 0.08328737
v -0.18393508 -0.4650877 0.082583435
v -0.20786431 -0.4526507 0.07511683
v -0.20148998 -0.45514503 0.08055409
v -0.20725591 -0.46196175 0.038099904
v -0.18608077 -0.4743085 0.017986804
v -0.15332112 -0.4832989 0.057995144
v -0.16269965 -0.48435023 -0.0034147261
v -0.12993991 -0.4933406 0.03659365
v -0.13833377 -0.491331 -0.024934705
v -0.105574034 -0.50032145 0.015073637
v -0.11321126 -0.4951856 -0.04637167
v -0.08045156 -0.50417596 -0.0063633197
v -0.088765025 -0.4959093 -0.0665514
v -0.05600533 -0.50489974 -0.026543055
v -0.21388833 -0.45384377 0.05815771
v -0.21216413 -0.45221573 0.067518175
v -0.21234472 -0.45729113 0.047887694
v -0.050740737 -0.49766648 -0.06365487
v -0.06674924 -0.495999 -0.071795754
v -0.077666365 -0.49587634 -0.07106042
v -0.057496622 -0.49652785 -0.06908436
v -0.046172492 -0.501646 -0.046666056
v -0.046822496 -0.49945718 -0.056048434
v -0.049256723 -0.50367296 -0.03636469
v 0.052549213 0.17991374 0.46841386
v 0.06674851 0.18582234 0.4654458
v 0.06556662 0.17612086 0.46940276
v 0.07766564 0.18639785 0.46497187
v 0.06556662 0.17612086 0.46940276
v 0.07766564 0.18639785 0.46497187
v 0.07998624 0.17678979 0.46854216
v 0.088764295 0.19031925 0.46274596
v 0.14481033 0.2163318 0.4403886
v 0.1626989 0.23921783 0.42116722
v 0.16917625 0.23147829 0.42358306
v 0.13833301 0.22407132 0.43797275
v 0.16917625 0.23147829 0.42358306
v 0.18608005 0.25273126 0.40177014
v 0.19255741 0.24499172 0.40418595
v 0.1626989 0.23921783 0.42116722
v 0.20520604 0.30364883 0.3462525
v 0.19331086 0.3018744 0.3562873
v 0.19354562 0.30987647 0.34942546
v 0.18393433 0.30406323 0.36148638
v 0.19354562 0.30987647 0.34942546
v 0.18393433 0.30406323 0.36148638
v 0.18103124 0.3126261 0.3561295
v 0.17449544 0.3031198 0.36880273
v 0.123461805 0.28610078 0.40653312
v 0.10557323 0.26321474 0.42575452
v 0.09909588 0.27095428 0.42333868
v 0.12993915 0.27836126 0.40894896
v 0.09909588 0.27095428 0.42333868
v 0.080450796 0.24657701 0.43981102
v 0.07397345 0.25431657 0.4373952
v 0.10557323 0.26321474 0.42575452
v -0.035729732 0.21177313 0.4582743
v -0.04925708 0.22034341 0.45437613
v -0.03978674 0.22482392 0.4535488
v -0.05600567 0.22946256 0.45052773
v -0.07397459 0.25431645 0.43739527
v -0.10557439 0.26321456 0.42575446
v -0.09909705 0.2709541 0.42333862
v -0.08045193 0.24657689 0.4398111
v -0.09909705 0.2709541 0.42333862
v -0.12994026 0.278361 0.40894887
v -0.123462915 0.28610057 0.40653303
v -0.10557439 0.26321456 0.42575446
v -0.18103231 0.31262574 0.35612938
v -0.19331191 0.30187404 0.35628715
v -0.19354665 0.3098761 0.34942532
v -0.20149034 0.29733413 0.3538903
v -0.22338462 0.27422377 0.36055383
v -0.21234508 0.27011716 0.37208205
v -0.22123289 0.2645915 0.37112278
v -0.20725624 0.26397604 0.38102084
v -0.19255847 0.24499138 0.4041858
v -0.16269995 0.23921753 0.4211671
v -0.1691773 0.23147798 0.42358294
v -0.18608113 0.25273094 0.40176997
v -0.1691773 0.23147798 0.42358294
v -0.13833405 0.22407112 0.43797266
v -0.1448114 0.21633154 0.4403885
v -0.16269995 0.23921753 0.4211671
v -0.07998731 0.17678966 0.46854222
v -0.066749595 0.18582223 0.46544585
v -0.065567695 0.17612077 0.46940282
v -0.05749697 0.18843478 0.4645481
v 0.0655665 0.38722655 0.3184542
v 0.07766555 0.39391124 0.30947846
v 0.07998613 0.38737556 0.31737447
v 0.08876419 0.39619434 0.3055901
v 0.16917616 0.41225764 0.25109452
v 0.18607996 0.4197568 0.22157747
v 0.19255732 0.4142621 0.2275394
v 0.1626988 0.41775236 0.24513257
v 0.21473481 0.41353768 0.20277707
v 0.21234395 0.4199698 0.18717381
v 0.22123177 0.4147048 0.18910591
v 0.2072551 0.41912082 0.19798563
v 0.19354552 0.44307366 0.14767304
v 0.18393429 0.44406968 0.16102472
v 0.18103118 0.4488069 0.15210411
v 0.17449535 0.44691083 0.16783258
v 0.09909581 0.44632265 0.23114482
v 0.080450684 0.43344754 0.25759897
v 0.073973335 0.43894225 0.25163704
v 0.105573155 0.44082794 0.23710676
v 0.04832959 0.42896506 0.27030233
v 0.049255855 0.41801113 0.2833294
v 0.039785504 0.42147768 0.28037262
v 0.056004442 0.42398438 0.275437
v -0.036673952 0.40348482 0.30108824
v -0.046172976 0.41110498 0.29123726
v -0.03572987 0.41253805 0.29099053
v -0.04925722 0.41801107 0.28332946
v -0.03572987 0.41253805 0.29099053
v -0.04925722 0.41801107 0.28332946
v -0.03978688 0.42147765 0.28037274
v -0.056005813 0.42398426 0.2754371
v -0.07397471 0.43894213 0.25163704
v -0.105574474 0.44082773 0.23710679
v -0.09909714 0.44632247 0.23114485
v -0.080452055 0.4334474 0.25759903
v -0.09909714 0.44632247 0.23114485
v -0.12994039 0.44554213 0.2149795
v -0.12346305 0.4510369 0.20901756
v -0.105574474 0.44082773 0.23710679
v -0.16902168 0.4523168 0.16070008
v -0.1839355 0.44406927 0.16102466
v -0.1810324 0.4488065 0.15210404
v -0.19331202 0.43957415 0.15761656
v -0.1810324 0.4488065 0.15210404
v -0.19331202 0.43957415 0.15761656
v -0.19354677 0.4430732 0.147673
v -0.20149042 0.434444 0.15781079
v -0.22108364 0.42262542 0.1626521
v -0.21388875 0.42211884 0.176556
v -0.2233847 0.41776162 0.17513673
v -0.21234518 0.41996932 0.18717372
v -0.2233847 0.41776162 0.17513673
v -0.21234518 0.41996932 0.18717372
v -0.221233 0.41470426 0.18910582
v -0.20725636 0.4191203 0.19798554
v -0.1925586 0.41426167 0.22753935
v -0.1627001 0.41775203 0.24513252
v -0.16917744 0.41225728 0.25109446
v -0.18608126 0.41975644 0.2215774
v -0.16917744 0.41225728 0.25109446
v -0.13833418 0.41303763 0.26725978
v -0.14481153 0.40754285 0.27322173
v -0.1627001 0.41775203 0.24513252
v -0.14481153 0.40754285 0.27322173
v -0.113211736 0.40565723 0.287752
v -0.11968908 0.4001625 0.29371396
v -0.13833418 0.41303763 0.26725978
v -0.09404534 0.3901854 0.31237927
v -0.07766684 0.39391112 0.30947855
v -0.07998743 0.38737544 0.31737453
v -0.066749714 0.39364967 0.3101767
v -0.07998743 0.38737544 0.31737453
v -0.066749714 0.39364967 0.3101767
v -0.065567814 0.38722646 0.31845427
v -0.0574971 0.3954634 0.30809298
v 0.14481089 -0.032845113 0.48955345
v 0.16269946 -0.0034145366 0.4843502
v 0.1691768 -0.011325102 0.48257262
v 0.13833354 -0.024934547 0.49133104
v 0.1691768 -0.011325102 0.48257262
v 0.18608062 0.017986964 0.47430852
v 0.19255796 0.010076399 0.47253093
v 0.16269946 -0.0034145366 0.4843502
v 0.12346239 0.044504356 0.49511823
v 0.10557382 0.015073786 0.50032145
v 0.099096484 0.022984352 0.50209904
v 0.12993972 0.036593795 0.49334064
v 0.099096484 0.022984352 0.50209904
v 0.080451354 -0.0063631837 0.5041759
v 0.07397401 0.0015473816 0.5059535
v 0.10557382 0.015073786 0.50032145
v -0.0990965 0.022984305 0.5020991
v -0.12993973 0.03659374 0.49334073
v -0.12346239 0.044504307 0.49511832
v -0.10557385 0.015073739 0.5003215
v -0.12346239 0.044504307 0.49511832
v -0.15332091 0.057995237 0.48329902
v -0.14684357 0.0659058 0.4850766
v -0.12993973 0.03659374 0.49334073
v -0.16917683 -0.011325175 0.48257273
v -0.13833357 -0.024934605 0.49133113
v -0.14481091 -0.03284517 0.48955354
v -0.16269949 -0.0034146134 0.48435032
v -0.14481091 -0.03284517 0.48955354
v -0.11321109 -0.046371568 0.49518567
v -0.11968842 -0.054282136 0.49340808
v -0.13833357 -0.024934605 0.49133113
v 0.06556713 -0.318454 0.38722655
v 0.07766615 -0.30947822 0.39391124
v 0.07998675 -0.31737423 0.38737556
v 0.088764794 -0.30558985 0.39619434
v 0.1196884 -0.2937137 0.4001627
v 0.1383335 -0.26725954 0.4130378
v 0.14481086 -0.2732215 0.4075431
v 0.11321105 -0.28775176 0.40565744
v 0.14481086 -0.2732215 0.4075431
v 0.16269942 -0.24513224 0.41775224
v 0.16917676 -0.2510942 0.41225752
v 0.1383335 -0.26725954 0.4130378
v 0.21473542 -0.20277672 0.41353747
v 0.21234453 -0.18717346 0.4199696
v 0.22123234 -0.18910559 0.4147046
v 0.21388811 -0.17655571 0.4221191
v 0.22123234 -0.18910559 0.4147046
v 0.21388811 -0.17655571 0.4221191
v 0.22338407 -0.17513646 0.4177619
v 0.2121639 -0.16763526 0.42538944
v 0.19354613 -0.14767267 0.44307345
v 0.1839349 -0.16102436 0.44406947
v 0.1810318 -0.15210374 0.44880673
v 0.17449598 -0.16783224 0.44691065
v 0.14684351 -0.18546213 0.45304143
v 0.1299397 -0.2149792 0.4455423
v 0.12346234 -0.20901725 0.45103705
v 0.15332085 -0.19142409 0.44754672
v 0.12346234 -0.20901725 0.45103705
v 0.10557377 -0.23710647 0.44082788
v 0.099096425 -0.23114453 0.4463226
v 0.1299397 -0.2149792 0.4455423
v 0.04833022 -0.2703021 0.428965
v 0.049256485 -0.28332916 0.41801116
v 0.039786138 -0.28037238 0.4214777
v 0.046172246 -0.29123697 0.41110507
v 0.039786138 -0.28037238 0.4214777
v 0.046172246 -0.29123697 0.41110507
v 0.035729144 -0.2909902 0.4125381
v 0.04682226 -0.2982679 0.40451834
v -0.036673326 -0.30108804 0.403485
v -0.04617234 -0.29123703 0.4111052
v -0.035729233 -0.2909903 0.41253823
v -0.04925658 -0.28332928 0.41801125
v -0.035729233 -0.2909903 0.41253823
v -0.04925658 -0.28332928 0.41801125
v -0.03978624 -0.2803725 0.4214778
v -0.056005176 -0.27543685 0.4239845
v -0.123462416 -0.20901737 0.45103708
v -0.15332095 -0.19142422 0.44754672
v -0.14684363 -0.18546225 0.45304143
v -0.12993975 -0.2149793 0.44554234
v -0.16902111 -0.16069993 0.452317
v -0.18393496 -0.16102453 0.44406953
v -0.18103185 -0.1521039 0.44880676
v -0.17449608 -0.16783237 0.44691068
v -0.22108309 -0.16265197 0.42262572
v -0.21388824 -0.17655587 0.42211914
v -0.22338422 -0.17513661 0.41776192
v -0.21234459 -0.18717362 0.41996962
v -0.22338422 -0.17513661 0.41776192
v -0.21234459 -0.18717362 0.41996962
v -0.2212324 -0.18910572 0.41470462
v -0.20725578 -0.19798544 0.41912064
v -0.14481094 -0.2732216 0.40754312
v -0.113211155 -0.28775188 0.40565747
v -0.11968849 -0.2937138 0.40016273
v -0.13833362 -0.26725966 0.41303784
v -0.09404472 -0.31237912 0.3901856
v -0.077666275 -0.30947834 0.39391136
v -0.07998684 -0.31737435 0.38737568
v -0.08876489 -0.30558988 0.39619443
v 0.119688325 -0.45444492 0.19969438
v 0.13833342 -0.43797246 0.22407162
v 0.14481077 -0.4403883 0.2163321
v 0.11321098 -0.45202908 0.20743392
v 0.14684343 -0.38713562 0.29961446
v 0.12993959 -0.40894863 0.2783615
v 0.12346225 -0.4065328 0.28610104
v 0.15332077 -0.38955146 0.2918749
v -0.123462506 -0.40653285 0.28610098
v -0.15332098 -0.38955158 0.29187483
v -0.14684364 -0.38713577 0.2996144
v -0.12993987 -0.4089487 0.27836144
v -0.14684364 -0.38713577 0.2996144
v -0.17449611 -0.36880246 0.30311993
v -0.16902116 -0.36532873 0.31136817
v -0.15332098 -0.38955158 0.29187483
v -0.18103191 -0.3561292 0.3126262
v -0.19331147 -0.35628697 0.3018745
v -0.19354627 -0.34942514 0.30987656
v -0.183935 -0.36148608 0.30406335
v -0.19354627 -0.34942514 0.30987656
v -0.20148991 -0.35389018 0.29733455
v -0.2052067 -0.3462522 0.3036489
v -0.19331147 -0.35628697 0.3018745
v -0.2052067 -0.3462522 0.3036489
v -0.2078642 -0.3544486 0.2913786
v -0.21474987 -0.3471816 0.294873
v -0.20148991 -0.35389018 0.29733455
v -0.144811 -0.44038838 0.21633199
v -0.1132112 -0.45202914 0.2074339
v -0.11968854 -0.45444497 0.19969435
v -0.13833366 -0.43797255 0.22407156
v -0.11968854 -0.45444497 0.19969435
v -0.088764966 -0.4627458 0.19031957
v -0.094044805 -0.46562105 0.18172121
v -0.1132112 -0.45202914 0.2074339
v -0.0799869 -0.46854207 0.17679012
v -0.06674917 -0.46544567 0.18582267
v -0.06556728 -0.46940264 0.1761212
v -0.07766631 -0.46497178 0.1863982
v -0.06556728 -0.46940264 0.1761212
v -0.057496544 -0.46454793 0.18843521
v -0.052549858 -0.46841374 0.1799141
v -0.06674917 -0.46544567 0.18582267
v -0.052549858 -0.46841374 0.1799141
v -0.050740678 -0.46281928 0.19370662
v -0.042514555 -0.46597514 0.18780714
v -0.057496544 -0.46454793 0.18843521
v 0.052549228 0.49561524 0.07839698
v 0.06674852 0.49599907 0.07179597
v 0.06556663 0.4945752 0.08217617
v 0.07766568 0.49587646 0.07106063
v 0.06556663 0.4945752 0.08217617
v 0.07766568 0.49587646 0.07106063
v 0.079986274 0.49416438 0.08116659
v 0.08876432 0.4959094 0.06655161
v 0.16917631 0.48257282 0.011325414
v 0.18608011 0.47430876 -0.017986665
v 0.19255745 0.47253117 -0.010076103
v 0.16269897 0.4843504 0.0034148502
v 0.21473497 0.45952266 -0.031158712
v 0.2123441 0.4572914 -0.047887597
v 0.22123191 0.45369783 -0.043581832
v 0.20725524 0.46196204 -0.03809979
v 0.20520611 0.4516879 -0.08984135
v 0.19331092 0.45949104 -0.083287284
v 0.19354568 0.45754954 -0.093648195
v 0.18393444 0.465088 -0.08258332
v 0.19354568 0.45754954 -0.093648195
v 0.18393444 0.465088 -0.08258332
v 0.18103133 0.46473023 -0.09267742
v 0.17449552 0.47095245 -0.0781081
v 0.09909596 0.5020992 -0.022984019
v 0.08045084 0.50417614 0.006363518
v 0.07397349 0.50595367 -0.0015470461
v 0.105573304 0.5003216 -0.015073455
v 0.048329726 0.50664586 0.019606175
v 0.049256008 0.503673 0.036364898
v 0.03978566 0.50519675 0.032070998
v 0.05600458 0.5048998 0.026543278
v -0.03572972 0.50276375 0.04573612
v -0.04925707 0.503673 0.036364958
v -0.03978673 0.50519675 0.032071058
v -0.056005664 0.5048998 0.026543332
v -0.07397457 0.5059536 -0.001546994
v -0.10557434 0.50032145 -0.0150733655
v -0.09909699 0.5020991 -0.02298393
v -0.08045191 0.504176 0.0063635726
v -0.09909699 0.5020991 -0.02298393
v -0.12994024 0.49334064 -0.0365934
v -0.1234629 0.49511826 -0.044503957
v -0.10557434 0.50032145 -0.0150733655
v -0.16902155 0.47206798 -0.086988054
v -0.1839354 0.46508774 -0.0825832
v -0.1810323 0.46472996 -0.092677295
v -0.19331188 0.45949078 -0.08328716
v -0.1810323 0.46472996 -0.092677295
v -0.19331188 0.45949078 -0.08328716
v -0.19354664 0.45754927 -0.09364807
v -0.20149027 0.45514503 -0.08055387
v -0.22338456 0.44936064 -0.057207987
v -0.212345 0.45729107 -0.047887467
v -0.22123283 0.45369747 -0.0435817
v -0.2072562 0.46196172 -0.0380997
v -0.19255847 0.4725309 -0.010076013
v -0.16269997 0.4843502 0.0034149494
v -0.16917731 0.4825726 0.011325511
v -0.18608113 0.47430852 -0.017986573
v -0.16917731 0.4825726 0.011325511
v -0.13833408 0.49133104 0.024934957
v -0.14481142 0.48955342 0.032845527
v -0.16269997 0.4843502 0.0034149494
v -0.14481142 0.48955342 0.032845527
v -0.113211624 0.4951856 0.04637192
v -0.119688965 0.493408 0.05428249
v -0.13833408 0.49133104 0.024934957
v -0.09404519 0.49410018 0.075435705
v -0.077666745 0.4958764 0.07106068
v -0.07998732 0.4941643 0.08116665
v -0.06674958 0.49599904 0.071796015
v -0.07998732 0.4941643 0.08116665
v -0.06674958 0.49599904 0.071796015
v -0.06556769 0.49457517 0.08217622
v -0.057496972 0.49652788 0.06908464
v 0.052549355 0.46841383 -0.17991388
v 0.06674866 0.46544576 -0.18582244
v 0.06556676 0.46940273 -0.17612097
v 0.07766579 0.46497184 -0.18639795
v 0.1448105 0.4403885 -0.21633185
v 0.16269907 0.42116714 -0.23921789
v 0.16917641 0.42358297 -0.23147835
v 0.13833316 0.43797266 -0.22407143
v 0.16917641 0.42358297 -0.23147835
v 0.18608023 0.40177003 -0.2527313
v 0.19255757 0.40418586 -0.24499175
v 0.16269907 0.42116714 -0.23921789
v 0.20520623 0.3462524 -0.30364886
v 0.19331104 0.35628718 -0.30187443
v 0.1935458 0.34942535 -0.3098765
v 0.18393454 0.36148626 -0.30406326
v 0.12346198 0.40653303 -0.28610083
v 0.10557342 0.42575443 -0.2632148
v 0.099096075 0.4233386 -0.27095437
v 0.12993933 0.40894887 -0.2783613
v 0.099096075 0.4233386 -0.27095437
v 0.08045096 0.439811 -0.2465771
v 0.07397361 0.43739516 -0.25431666
v 0.10557342 0.42575443 -0.2632148
v -0.073974445 0.4373952 -0.2543166
v -0.10557423 0.42575443 -0.26321474
v -0.09909689 0.4233386 -0.2709543
v -0.08045179 0.43981102 -0.24657704
v -0.09909689 0.4233386 -0.2709543
v -0.12994014 0.40894884 -0.2783612
v -0.1234628 0.406533 -0.28610075
v -0.10557423 0.42575443 -0.26321474
v -0.19354653 0.3494253 -0.3098763
v -0.20149021 0.35389027 -0.2973343
v -0.20520696 0.34625232 -0.30364862
v -0.20786448 0.3544487 -0.29137832
v -0.19255833 0.40418577 -0.2449916
v -0.16269985 0.42116708 -0.23921774
v -0.16917719 0.4235829 -0.23147818
v -0.18608099 0.40176994 -0.25273114
v -0.16917719 0.4235829 -0.23147818
v -0.13833395 0.43797264 -0.22407128
v -0.14481129 0.44038847 -0.21633174
v -0.16269985 0.42116708 -0.23921774
v -0.06556756 0.46940273 -0.17612094
v -0.05749685 0.46454805 -0.18843496
v -0.05255017 0.46841386 -0.17991385
v -0.05074095 0.4628194 -0.19370635
v 0.050740268 0.30396008 -0.3991643
v 0.036673 0.30108815 -0.40348485
v 0.046822034 0.2982681 -0.4045183
v 0.035728883 0.2909904 -0.4125381
v 0.11968816 0.29371396 -0.40016267
v 0.13833328 0.26725975 -0.4130378
v 0.1448106 0.2732217 -0.4075431
v 0.11321082 0.287752 -0.4056574
v 0.1448106 0.2732217 -0.4075431
v 0.16269918 0.24513248 -0.41775224
v 0.16917652 0.25109443 -0.41225752
v 0.13833328 0.26725975 -0.4130378
v 0.22123212 0.18910582 -0.41470465
v 0.2138879 0.17655599 -0.42211917
v 0.22338387 0.17513672 -0.41776195
v 0.21216367 0.16763555 -0.4253895
v 0.22338387 0.17513672 -0.41776195
v 0.21216367 0.16763555 -0.4253895
v 0.22108279 0.16265209 -0.42262575
v 0.20786387 0.16127239 -0.42956552
v 0.14684328 0.1854624 -0.45304143
v 0.12993942 0.21497943 -0.4455423
v 0.1234621 0.20901749 -0.45103705
v 0.15332063 0.19142434 -0.44754672
v 0.1234621 0.20901749 -0.45103705
v 0.10557353 0.2371067 -0.44082785
v 0.09909619 0.23114476 -0.44632256
v 0.12993942 0.21497943 -0.4455423
v 0.039785903 0.2803726 -0.42147768
v 0.046171993 0.29123715 -0.41110507
v 0.035728883 0.2909904 -0.4125381
v 0.046822034 0.2982681 -0.4045183
v -0.036673564 0.3010882 -0.40348485
v -0.04617259 0.2912372 -0.41110504
v -0.035729486 0.29099047 -0.4125381
v -0.04925683 0.28332943 -0.4180111
v -0.09909679 0.23114482 -0.44632256
v -0.12994002 0.21497947 -0.44554225
v -0.12346267 0.20901753 -0.451037
v -0.10557414 0.23710676 -0.44082782
v -0.12346267 0.20901753 -0.451037
v -0.15332118 0.19142437 -0.44754666
v -0.14684384 0.18546243 -0.45304137
v -0.12994002 0.21497947 -0.44554225
v -0.22108328 0.16265212 -0.4226256
v -0.2138884 0.176556 -0.42211902
v -0.22338437 0.17513676 -0.4177618
v -0.2123448 0.18717375 -0.41996947
v -0.16917709 0.25109446 -0.41225743
v -0.13833384 0.2672598 -0.41303778
v -0.1448112 0.27322176 -0.40754303
v -0.16269974 0.24513252 -0.41775215
v -0.1448112 0.27322176 -0.40754303
v -0.11321137 0.287752 -0.4056574
v -0.11968872 0.29371396 -0.40016264
v -0.13833384 0.2672598 -0.41303778
v 0.052549534 0.07839696 -0.49561515
v 0.066748835 0.07179594 -0.49599898
v 0.06556694 0.08217614 -0.49457508
v 0.07766598 0.0710606 -0.49587634
v 0.119688205 0.054282367 -0.49340802
v 0.13833332 0.024934813 -0.49133107
v 0.14481066 0.032845374 -0.48955348
v 0.113210864 0.046371806 -0.4951856
v 0.14481066 0.032845374 -0.48955348
v 0.16269921 0.0034147855 -0.48435026
v 0.16917655 0.011325346 -0.48257267
v 0.13833332 0.024934813 -0.49133107
v 0.21473522 -0.031158792 -0.4595225
v 0.21234429 -0.04788767 -0.45729122
v 0.22123215 -0.04358191 -0.45369765
v 0.21388789 -0.05815767 -0.45384392
v 0.20520632 -0.089841425 -0.4516877
v 0.19331115 -0.08328736 -0.45949087
v 0.19354591 -0.09364827 -0.45754936
v 0.18393466 -0.0825834 -0.46508783
v 0.14684328 -0.065905616 -0.4850766
v 0.12993948 -0.03659353 -0.4933407
v 0.123462126 -0.044504095 -0.4951183
v 0.15332063 -0.05799505 -0.48329902
v 0.123462126 -0.044504095 -0.4951183
v 0.105573565 -0.015073503 -0.50032145
v 0.09909621 -0.022984065 -0.50209904
v 0.12993948 -0.03659353 -0.4933407
v 0.04833002 0.019606141 -0.5066458
v 0.049256288 0.036364865 -0.50367296
v 0.03978594 0.03207097 -0.5051967
v 0.04617205 0.04666625 -0.501646
v -0.12346265 -0.044503935 -0.4951183
v -0.15332119 -0.05799488 -0.483299
v -0.14684385 -0.065905444 -0.4850766
v -0.12993997 -0.03659337 -0.49334067
v -0.14684385 -0.065905444 -0.4850766
v -0.17449626 -0.078107975 -0.47095224
v -0.16902131 -0.086988024 -0.47206804
v -0.15332119 -0.05799488 -0.483299
v -0.16902131 -0.086988024 -0.47206804
v -0.18393515 -0.08258317 -0.4650878
v -0.18103205 -0.092677265 -0.46473002
v -0.17449626 -0.078107975 -0.47095224
v -0.18103205 -0.092677265 -0.46473002
v -0.19331162 -0.083287105 -0.45949084
v -0.1935464 -0.09364802 -0.45754933
v -0.18393515 -0.08258317 -0.4650878
v -0.1935464 -0.09364802 -0.45754933
v -0.20149004 -0.08055379 -0.4551451
v -0.20520683 -0.08984114 -0.4516876
v -0.19331162 -0.083287105 -0.45949084
v -0.14481114 0.032845557 -0.48955348
v -0.11321132 0.046371937 -0.49518564
v -0.11968867 0.054282505 -0.49340802
v -0.1383338 0.024934985 -0.4913311
v -0.11968867 0.054282505 -0.49340802
v -0.088765055 0.06655169 -0.49590933
v -0.09404489 0.07543572 -0.4941002
v -0.11321132 0.046371937 -0.49518564
v -0.09404489 0.07543572 -0.4941002
v -0.07766643 0.07106069 -0.49587634
v -0.07998701 0.081166655 -0.49416426
v -0.088765055 0.06655169 -0.49590933
v -0.07998701 0.081166655 -0.49416426
v -0.066749275 0.07179603 -0.495999
v -0.06556738 0.08217624 -0.4945751
v -0.07766643 0.07106069 -0.49587634
v -0.06556738 0.08217624 -0.4945751
v -0.057496678 0.06908464 -0.49652785
v -0.052549984 0.07839704 -0.49561518
v -0.066749275 0.07179603 -0.495999
v 0.09404441 -0.18172096 -0.46562105
v 0.113210805 -0.20743366 -0.4520292
v 0.11968815 -0.1996941 -0.45444503
v 0.08876457 -0.19031931 -0.46274585
v 0.11968815 -0.1996941 -0.45444503
v 0.13833323 -0.2240714 -0.43797258
v 0.1448106 -0.21633182 -0.4403884
v 0.113210805 -0.20743366 -0.4520292
v 0.16917649 -0.23147833 -0.42358288
v 0.18608032 -0.2527313 -0.40176994
v 0.19255766 -0.24499173 -0.40418577
v 0.16269915 -0.23921788 -0.42116705
v 0.1690207 -0.31136805 -0.36532882
v 0.15332057 -0.2918747 -0.38955164
v 0.14684322 -0.29961425 -0.38713583
v 0.1744957 -0.30311984 -0.36880255
v 0.14684322 -0.29961425 -0.38713583
v 0.12993939 -0.2783613 -0.40894878
v 0.12346205 -0.2861008 -0.40653294
v 0.15332057 -0.2918747 -0.38955164
v -0.042514715 -0.18780677 -0.46597525
v -0.046822596 -0.20118895 -0.4605669
v -0.03667356 -0.19888398 -0.46249247
v -0.050740834 -0.19370626 -0.46281937
v -0.14684388 -0.29961404 -0.38713592
v -0.1744963 -0.30311954 -0.3688026
v -0.16902135 -0.3113678 -0.36532888
v -0.15332122 -0.29187447 -0.38955176
v -0.2147501 -0.2948726 -0.34718174
v -0.21216424 -0.28458008 -0.35787138
v -0.22108336 -0.28467834 -0.35217372
v -0.20786442 -0.2913782 -0.35444874
v -0.11968869 -0.19969393 -0.4544451
v -0.08876511 -0.19031921 -0.46274588
v -0.09404494 -0.18172084 -0.46562114
v -0.113211356 -0.20743349 -0.45202926
v 0.094044454 -0.39018562 -0.31237906
v 0.11321086 -0.40565753 -0.28775182
v 0.119688205 -0.4001628 -0.29371375
v 0.08876462 -0.39619446 -0.30558988
v 0.119688205 -0.4001628 -0.29371375
v 0.1383333 -0.4130379 -0.26725957
v 0.14481065 -0.40754318 -0.27322152
v 0.11321086 -0.40565753 -0.28775182
v 0.16902077 -0.4523171 -0.16069986
v 0.15332063 -0.44754684 -0.19142415
v 0.14684328 -0.45304155 -0.18546219
v 0.17449576 -0.44691077 -0.1678323
v 0.14684328 -0.45304155 -0.18546219
v 0.12993944 -0.44554242 -0.21497925
v 0.1234621 -0.45103714 -0.20901729
v 0.15332063 -0.44754684 -0.19142415
v -0.04251468 -0.3956332 -0.30964288
v -0.046822555 -0.4045184 -0.29826805
v -0.03667351 -0.40348497 -0.3010881
v -0.0507408 -0.39916435 -0.30396003
v -0.14684384 -0.45304143 -0.18546237
v -0.17449628 -0.44691065 -0.1678325
v -0.16902132 -0.45231697 -0.16070005
v -0.15332118 -0.44754672 -0.19142433
v -0.2147501 -0.42895815 -0.15323178
v -0.21216421 -0.42538938 -0.1676355
v -0.22108333 -0.42262563 -0.16265208
v -0.20786442 -0.4295654 -0.16127239
v -0.1196887 -0.4001627 -0.2937139
v -0.08876511 -0.39619434 -0.30558997
v -0.094044924 -0.39018556 -0.31237924
v -0.113211356 -0.40565744 -0.28775197
v 0.09404451 -0.49410012 -0.07543534
v 0.11321092 -0.49518555 -0.04637155
v 0.119688265 -0.49340796 -0.054282114
v 0.08876467 -0.4959093 -0.06655132
v 0.119688265 -0.49340796 -0.054282114
v 0.13833337 -0.491331 -0.024934564
v 0.1448107 -0.48955342 -0.03284513
v 0.11321092 -0.49518555 -0.04637155
v 0.16902085 -0.47206795 0.08698846
v 0.1533207 -0.4832989 0.05799529
v 0.14684334 -0.4850765 0.06590585
v 0.17449583 -0.47095218 0.07810841
v 0.14684334 -0.4850765 0.06590585
v 0.12993954 -0.4933406 0.03659378
v 0.12346219 -0.4951182 0.04450434
v 0.1533207 -0.4832989 0.05799529
v -0.042514615 -0.4974498 -0.070341915
v -0.046822496 -0.49945718 -0.056048434
v -0.03667346 -0.49997222 -0.059007384
v -0.050740737 -0.49766648 -0.06365487
v -0.14684379 -0.4850765 0.06590571
v -0.17449619 -0.47095215 0.07810825
v -0.16902123 -0.47206792 0.0869883
v -0.15332112 -0.4832989 0.057995144
v -0.21474999 -0.44810447 0.08177656
v -0.21216413 -0.45221573 0.067518175
v -0.22108325 -0.44733053 0.07045209
v -0.20786431 -0.4526507 0.07511683
v -0.1196886 -0.493408 -0.054282237
v -0.088765025 -0.4959093 -0.0665514
v -0.09404486 -0.49410018 -0.07543543
v -0.11321126 -0.4951856 -0.04637167
v 0.0483297 0.2363434 0.44857123
v 0.0015722911 0.20131908 0.42047784
v 0.011495388 0.21614999 0.41415134
v 0.04299197 0.23822528 0.4004245
v 0.039785635 0.224824 0.45354873
v 0.07397345 0.25431657 0.4373952
v -0.0023373934 0.1840072 0.4266821
v 0.073848285 0.25866032 0.3831597
v 0.035728637 0.21177317 0.4582742
v 0.09909588 0.27095428 0.42333868
v 0.00026815056 0.16644844 0.4324025
v 0.10377537 0.27726385 0.36251855
v 0.03667274 0.19888395 0.46249247
v 0.123461805 0.28610078 0.40653312
v 0.0090868 0.15087827 0.43729344
v 0.13249299 0.29386154 0.33869433
v 0.042513892 0.18780676 0.46597525
v 0.14684297 0.29961422 0.38713604
v 0.023056846 0.13921908 0.4409019
v 0.052549213 0.17991374 0.46841386
v 0.04049127 0.13283277 0.44265577
v 0.06556662 0.17612086 0.46940276
v 0.05927526 0.13237198 0.44199908
v 0.07998624 0.17678979 0.46854216
v 0.15973222 0.308298 0.31191012
v 0.16902049 0.31136802 0.365329
v 0.18103124 0.3126261 0.3561295
v 0.17505535 0.30916083 0.30082393
v 0.19354562 0.30987647 0.34942546
v 0.19149919 0.30450127 0.29299003
v 0.20520604 0.30364883 0.3462525
v 0.20726693 0.2951245 0.28963226
v 0.21474925 0.2948729 0.34718195
v 0.2206326 0.2823809 0.29138705
v 0.2210825 0.28467864 0.35217386
v 0.23005562 0.26789516 0.29813164
v 0.22338356 0.27422416 0.360554
v 0.23432788 0.25332686 0.3089637
v 0.22123182 0.26459187 0.37112293
v 0.23275828 0.24021372 0.32234514
v 0.2147349 0.25674555 0.3823789
v 0.22534958 0.22989422 0.33638316
v 0.19811034 0.21545775 0.36316735
v 0.19255741 0.24499172 0.40418595
v 0.16939273 0.19886005 0.3869916
v 0.16917625 0.23147829 0.42358306
v 0.13946564 0.18025656 0.40763277
v 0.14481033 0.2163318 0.4403886
v 0.10860933 0.1598215 0.4248976
v 0.11968789 0.19969405 0.45444518
v 0.07711273 0.13774623 0.43862438
v 0.094044134 0.1817209 0.46562123
v -0.0015733084 0.20131908 0.42047793
v -0.04833082 0.23634332 0.44857132
v -0.011496418 0.21614997 0.4141514
v -0.042992998 0.2382252 0.40042457
v -0.03978674 0.22482392 0.4535488
v -0.07397459 0.25431645 0.43739527
v 0.0023363892 0.18400721 0.4266822
v -0.073849335 0.2586602 0.38315973
v -0.035729732 0.21177313 0.4582743
v -0.09909705 0.2709541 0.42333862
v -0.00026914195 0.16644844 0.43240255
v -0.10377642 0.2772636 0.3625185
v -0.03667381 0.19888392 0.4624926
v -0.123462915 0.28610057 0.40653303
v -0.009087777 0.15087828 0.4372935
v -0.13249405 0.29386127 0.33869419
v -0.04251497 0.1878067 0.4659753
v -0.14684407 0.29961395 0.38713592
v -0.023057796 0.13921905 0.44090196
v -0.05255028 0.17991367 0.46841392
v -0.040492233 0.13283272 0.4426558
v -0.065567695 0.17612077 0.46940282
v -0.059276212 0.13237187 0.44199908
v -0.07998731 0.17678966 0.46854222
v -0.15973322 0.30829772 0.31190997
v -0.16902155 0.31136775 0.36532888
v -0.18103231 0.31262574 0.35612938
v -0.17505634 0.3091605 0.30082378
v -0.19354665 0.3098761 0.34942532
v -0.19150013 0.30450094 0.29298988
v -0.20520711 0.30364844 0.34625235
v -0.20726787 0.29512408 0.28963205
v -0.21475032 0.29487252 0.34718174
v -0.22063349 0.28238052 0.29138684
v -0.22108357 0.28467825 0.35217375
v -0.2300565 0.26789472 0.29813144
v -0.22338462 0.27422377 0.36055383
v -0.23432875 0.25332642 0.30896348
v -0.22123289 0.2645915 0.37112278
v -0.23275916 0.24021333 0.32234493
v -0.21473594 0.25674516 0.38237876
v -0.22535047 0.22989383 0.33638296
v -0.1981113 0.2154574 0.3631672
v -0.19255847 0.24499138 0.4041858
v -0.1693937 0.19885977 0.38699144
v -0.1691773 0.23147798 0.42358294
v -0.1394666 0.18025634 0.40763268
v -0.1448114 0.21633154 0.4403885
v -0.10861028 0.15982132 0.42489755
v -0.119688965 0.19969386 0.45444512
v -0.07711366 0.1377461 0.43862438
v -0.0940452 0.18172075 0.46562114
v 0.04832959 0.42896506 0.27030233
v 0.0015721663 0.3845864 0.26348484
v 0.011495264 0.39426708 0.2505905
v 0.04299186 0.4065214 0.22766508
v 0.039785504 0.42147768 0.28037262
v 0.073973335 0.43894225 0.25163704
v -0.0023375347 0.372696 0.27751386
v 0.073848195 0.4155863 0.20249581
v 0.035728514 0.41253808 0.29099044
v 0.09909581 0.44632265 0.23114482
v 0.00026802326 0.36034983 0.29124722
v 0.10377528 0.42137682 0.17531827
v 0.036672603 0.40348485 0.30108818
v 0.12346171 0.45103714 0.20901754
v 0.009086671 0.34931117 0.30326802
v 0.13249293 0.4238387 0.14638706
v 0.042513773 0.3956331 0.30964297
v 0.1468429 0.45304155 0.18546249
v 0.023056716 0.34101823 0.3122226
v 0.052549098 0.39001685 0.31570137
v 0.040491156 0.33636448 0.31693465
v 0.0655665 0.38722655 0.3184542
v 0.05927514 0.33563706 0.31659636
v 0.07998613 0.38737556 0.31737447
v 0.15973213 0.42294896 0.11597305
v 0.16902038 0.45231715 0.16070014
v 0.18103118 0.4488069 0.15210411
v 0.17505528 0.41815314 0.10594071
v 0.19354552 0.44307366 0.14767304
v 0.19149914 0.4102009 0.10148617
v 0.20520596 0.43609387 0.14803904
v 0.20726688 0.40040144 0.10326661
v 0.2147492 0.42895842 0.15323187
v 0.22063254 0.39024258 0.11115813
v 0.22108242 0.4226259 0.1626522
v 0.23005556 0.38106987 0.124241985
v 0.22338352 0.41776213 0.1751368
v 0.23432782 0.37386936 0.14090697
v 0.22123177 0.4147048 0.18910591
v 0.23275821 0.3692038 0.15905221
v 0.21473481 0.41353768 0.20277707
v 0.2253495 0.36728588 0.17636922
v 0.19811027 0.36817563 0.20678325
v 0.19255732 0.4142621 0.2275394
v 0.16939265 0.36571372 0.23571448
v 0.16917616 0.41225764 0.25109452
v 0.13946554 0.3599232 0.262892
v 0.14481023 0.40754318 0.2732218
v 0.10860922 0.3508583 0.28806132
v 0.11968777 0.40016276 0.29371402
v 0.07711262 0.33860397 0.31098667
v 0.09404403 0.39018556 0.31237936
v -0.001573418 0.38458645 0.26348493
v -0.04833096 0.42896497 0.2703024
v -0.011496527 0.39426708 0.25059056
v -0.042993136 0.40652138 0.22766517
v -0.03978688 0.42147765 0.28037274
v -0.07397471 0.43894213 0.25163704
v 0.002336263 0.37269607 0.27751392
v -0.073849455 0.41558614 0.20249583
v -0.03572987 0.41253805 0.29099053
v -0.09909714 0.44632247 0.23114485
v -0.00026925397 0.3603499 0.2912473
v -0.103776515 0.42137662 0.17531829
v -0.036673952 0.40348482 0.30108824
v -0.12346305 0.4510369 0.20901756
v -0.00908789 0.3493112 0.30326802
v -0.13249414 0.42383844 0.14638704
v -0.04251509 0.39563304 0.30964306
v -0.14684424 0.45304126 0.18546245
v -0.02305791 0.34101823 0.31222266
v -0.052550416 0.3900168 0.31570143
v -0.04049236 0.33636442 0.3169347
v -0.065567814 0.38722646 0.31845427
v -0.059276327 0.33563697 0.3165964
v -0.07998743 0.38737544 0.31737453
v -0.15973333 0.42294863 0.11597302
v -0.16902168 0.4523168 0.16070008
v -0.1810324 0.4488065 0.15210404
v -0.17505641 0.41815272 0.10594065
v -0.19354677 0.4430732 0.147673
v -0.19150019 0.41020045 0.101486094
v -0.20520718 0.4360934 0.14803897
v -0.20726795 0.40040097 0.10326653
v -0.2147504 0.42895797 0.15323178
v -0.2206336 0.39024207 0.111158036
v -0.22108364 0.42262542 0.1626521
v -0.2300566 0.38106936 0.124241866
v -0.2233847 0.41776162 0.17513673
v -0.23432888 0.37386882 0.14090686
v -0.221233 0.41470426 0.18910582
v -0.23275925 0.36920327 0.1590521
v -0.21473606 0.4135372 0.20277698
v -0.2253506 0.36728537 0.17636913
v -0.1981114 0.36817515 0.20678318
v -0.1925586 0.41426167 0.22753935
v -0.16939381 0.36571333 0.23571439
v -0.16917744 0.41225728 0.25109446
v -0.13946673 0.3599229 0.26289195
v -0.14481153 0.40754285 0.27322173
v -0.10861044 0.35085812 0.28806126
v -0.11968908 0.4001625 0.29371396
v -0.07711382 0.33860382 0.3109867
v -0.09404534 0.3901854 0.31237927
v 0.048330255 -0.019605836 0.5066457
v 0.0015727846 -0.03589108 0.46480402
v 0.011495896 -0.019883882 0.46674052
v 0.042992502 0.0060972557 0.46589038
v 0.039786175 -0.032070663 0.5051967
v 0.07397401 0.0015473816 0.5059535
v -0.0023369137 -0.05398576 0.46152118
v 0.07384882 0.032426927 0.46115607
v 0.035729166 -0.045735747 0.5027636
v 0.099096484 0.022984352 0.50209904
v 0.00026863185 -0.07205227 0.45769578
v 0.103775896 0.0588586 0.452582
v 0.03667326 -0.059007272 0.4999722
v 0.12346239 0.044504356 0.49511823
v 0.009087266 -0.0879819 0.4541464
v 0.13249354 0.08514471 0.4402484
v 0.042514425 -0.07034181 0.49744976
v 0.14684355 0.06590586 0.4850765
v 0.023057315 -0.09988332 0.4514418
v 0.05254973 -0.078396656 0.49561512
v 0.04049173 -0.106290966 0.44976753
v 0.06556714 -0.082175866 0.49457505
v 0.059275728 -0.10636168 0.44896838
v 0.079986766 -0.081166275 0.49416423
v 0.15973274 0.111039124 0.4242708
v 0.16902106 0.086988464 0.47206795
v 0.18103182 0.09267771 0.46472993
v 0.17505588 0.11732946 0.4151013
v 0.19354616 0.09364848 0.45754924
v 0.1914997 0.11721107 0.40598714
v 0.2052066 0.08984163 0.45168754
v 0.20726745 0.110769436 0.3983908
v 0.21474981 0.081776775 0.44810447
v 0.2206331 0.09885575 0.3935387
v 0.22108303 0.070452265 0.4473305
v 0.2300561 0.08293843 0.39213684
v 0.22338414 0.057208393 0.44936064
v 0.23432837 0.06490589 0.3942335
v 0.22123238 0.043582108 0.4536975
v 0.23275878 0.04685887 0.39926565
v 0.21473546 0.031158999 0.45952237
v 0.22535007 0.030902922 0.4062632
v 0.19811083 0.005008493 0.4222408
v 0.19255796 0.010076399 0.47253093
v 0.16939324 -0.021277623 0.4345744
v 0.1691768 -0.011325102 0.48257262
v 0.13946614 -0.047709275 0.4431485
v 0.14481089 -0.032845113 0.48955345
v 0.108609825 -0.074038975 0.44788277
v 0.11968844 -0.054282088 0.493408
v 0.0771132 -0.100020096 0.44873294
v 0.09404468 -0.075435296 0.49410018
v -0.0015728149 -0.035891116 0.4648041
v -0.048330303 -0.019605873 0.50664586
v -0.0114959115 -0.019883927 0.4667406
v -0.042992495 0.006097207 0.46589047
v -0.0397862 -0.032070704 0.5051968
v -0.07397406 0.0015473451 0.50595367
v 0.0023368688 -0.053985775 0.46152124
v -0.07384882 0.03242687 0.4611562
v -0.03572921 -0.04573578 0.50276375
v -0.0990965 0.022984305 0.5020991
v -0.0002686759 -0.0720523 0.45769587
v -0.10377588 0.05885855 0.4525821
v -0.03667329 -0.059007302 0.4999723
v -0.12346239 0.044504307 0.49511832
v -0.00908731 -0.08798192 0.45414647
v -0.13249354 0.08514464 0.4402485
v -0.042514455 -0.07034184 0.4974499
v -0.14684357 0.0659058 0.4850766
v -0.023057342 -0.09988332 0.45144188
v -0.052549783 -0.07839669 0.49561527
v -0.040491793 -0.106290966 0.44976762
v -0.06556719 -0.082175866 0.49457526
v -0.05927576 -0.10636171 0.44896847
v -0.079986796 -0.08116629 0.4941644
v -0.1597327 0.111039065 0.42427093
v -0.16902104 0.08698839 0.47206804
v -0.18103181 0.09267763 0.46473002
v -0.17505586 0.11732939 0.41510138
v -0.19354615 0.0936484 0.45754936
v -0.19149968 0.117211 0.40598726
v -0.2052066 0.08984155 0.45168766
v -0.20726742 0.11076937 0.39839092
v -0.21474984 0.081776686 0.44810468
v -0.22063304 0.098855674 0.3935388
v -0.22108306 0.070452206 0.44733068
v -0.23005609 0.082938366 0.39213696
v -0.22338411 0.057208303 0.44936082
v -0.23432833 0.06490584 0.39423364
v -0.22123238 0.043582045 0.45369768
v -0.23275876 0.046858795 0.39926577
v -0.21473543 0.03115895 0.4595225
v -0.22535008 0.030902859 0.4062633
v -0.19811085 0.0050084293 0.42224088
v -0.19255796 0.010076357 0.47253105
v -0.16939324 -0.02127766 0.43457448
v -0.16917683 -0.011325175 0.48257273
v -0.13946617 -0.04770933 0.44314855
v -0.14481091 -0.03284517 0.48955354
v -0.10860987 -0.07403901 0.44788286
v -0.11968842 -0.054282136 0.49340808
v -0.07711322 -0.10002014 0.44873303
v -0.09404469 -0.07543534 0.49410024
v 0.04833022 -0.2703021 0.428965
v 0.0015727492 -0.26348466 0.38458648
v 0.011495858 -0.2505903 0.3942671
v 0.04299245 -0.22766487 0.40652144
v 0.039786138 -0.28037238 0.4214777
v 0.07397399 -0.25163677 0.4389422
v -0.002336963 -0.27751368 0.3726961
v 0.07384877 -0.20249555 0.41558623
v 0.035729144 -0.2909902 0.4125381
v 0.099096425 -0.23114453 0.4463226
v 0.0002685993 -0.29124704 0.36034995
v 0.10377586 -0.17531799 0.42137673
v 0.036673225 -0.30108798 0.40348488
v 0.12346234 -0.20901725 0.45103705
v 0.00908722 -0.30326784 0.34931126
v 0.1324935 -0.14638677 0.4238386
v 0.04251439 -0.30964273 0.39563313
v 0.14684351 -0.18546213 0.45304143
v 0.023057269 -0.31222245 0.34101832
v 0.052549705 -0.31570113 0.39001685
v 0.040491708 -0.31693453 0.33636454
v 0.06556713 -0.318454 0.38722655
v 0.059275698 -0.31659615 0.3356371
v 0.07998675 -0.31737423 0.38737556
v 0.1597327 -0.11597273 0.42294878
v 0.16902103 -0.16069978 0.45231697
v 0.1810318 -0.15210374 0.44880673
v 0.17505585 -0.10594037 0.4181529
v 0.19354613 -0.14767267 0.44307345
v 0.19149968 -0.10148583 0.41020066
v 0.20520654 -0.14803866 0.43609366
v 0.2072674 -0.103266284 0.4004012
v 0.21474977 -0.1532315 0.42895818
v 0.22063304 -0.11115778 0.39024234
v 0.221083 -0.16265185 0.42262566
v 0.23005608 -0.12424164 0.3810696
v 0.22338407 -0.17513646 0.4177619
v 0.23432833 -0.14090663 0.3738691
v 0.22123234 -0.18910559 0.4147046
v 0.23275875 -0.15905188 0.36920357
v 0.21473542 -0.20277672 0.41353747
v 0.22535004 -0.17636892 0.36728564
v 0.1981108 -0.20678294 0.36817545
v 0.19255792 -0.22753908 0.41426188
v 0.1693932 -0.23571418 0.36571357
v 0.16917676 -0.2510942 0.41225752
v 0.1394661 -0.26289174 0.35992312
v 0.14481086 -0.2732215 0.4075431
v 0.10860977 -0.28806105 0.3508583
v 0.1196884 -0.2937137 0.4001627
v 0.07711317 -0.31098646 0.33860397
v 0.094044626 -0.31237903 0.39018556
v -0.0015728503 -0.26348472 0.3845865
v -0.048330322 -0.27030218 0.42896518
v -0.011495949 -0.25059035 0.39426717
v -0.042992562 -0.22766495 0.4065215
v -0.03978624 -0.2803725 0.4214778
v -0.073974095 -0.25163686 0.4389423
v 0.00233685 -0.27751374 0.37269613
v -0.07384888 -0.20249565 0.4155863
v -0.035729233 -0.2909903 0.41253823
v -0.099096544 -0.23114464 0.44632262
v -0.0002686932 -0.29124713 0.36034998
v -0.103775956 -0.1753181 0.42137673
v -0.036673326 -0.30108804 0.403485
v -0.123462416 -0.20901737 0.45103708
v -0.009087342 -0.30326787 0.34931132
v -0.13249359 -0.14638685 0.42383862
v -0.042514484 -0.30964285 0.3956332
v -0.14684363 -0.18546225 0.45304143
v -0.023057371 -0.31222248 0.34101838
v -0.0525498 -0.31570125 0.39001697
v -0.040491823 -0.3169346 0.3363646
v -0.065567195 -0.31845406 0.3872267
v -0.05927579 -0.31659627 0.33563715
v -0.07998684 -0.31737435 0.38737568
v -0.15973276 -0.11597285 0.4229488
v -0.16902111 -0.16069993 0.452317
v -0.18103185 -0.1521039 0.44880676
v -0.17505589 -0.1059405 0.41815296
v -0.19354619 -0.14767286 0.44307348
v -0.19149974 -0.10148597 0.4102007
v -0.20520663 -0.14803883 0.4360937
v -0.2072675 -0.10326642 0.40040123
v -0.21474987 -0.1532317 0.4289582
v -0.2206331 -0.11115793 0.39024237
v -0.22108309 -0.16265197 0.42262572
v -0.23005614 -0.124241784 0.38106963
v -0.22338422 -0.17513661 0.41776192
v -0.2343284 -0.14090678 0.37386912
v -0.2212324 -0.18910572 0.41470462
v -0.23275878 -0.15905201 0.3692036
v -0.21473551 -0.20277688 0.4135375
v -0.22535008 -0.17636901 0.36728567
v -0.19811088 -0.20678309 0.36817548
v -0.192558 -0.22753923 0.41426197
v -0.16939329 -0.2357143 0.3657136
v -0.16917688 -0.2510943 0.41225755
v -0.1394662 -0.26289186 0.35992315
v -0.14481094 -0.2732216 0.40754312
v -0.1086099 -0.28806117 0.35085833
v -0.11968849 -0.2937138 0.40016273
v -0.077113256 -0.31098658 0.33860406
v -0.09404472 -0.31237912 0.3901856
v 0.048330136 -0.448571 0.23634377
v 0.0015726857 -0.42047763 0.20131947
v 0.011495779 -0.4141511 0.21615034
v 0.042992383 -0.40042427 0.2382256
v 0.03978607 -0.4535485 0.22482438
v 0.0739739 -0.43739495 0.2543169
v -0.0023370255 -0.42668197 0.18400757
v 0.073848695 -0.38315943 0.2586606
v 0.035729058 -0.458274 0.21177356
v 0.09909634 -0.42333832 0.2709546
v 0.00026855295 -0.4324023 0.16644883
v 0.103775784 -0.3625182 0.27726412
v 0.03667316 -0.46249226 0.19888435
v 0.12346225 -0.4065328 0.28610104
v 0.009087175 -0.4372933 0.15087867
v 0.1324934 -0.33869395 0.29386175
v 0.042514317 -0.46597505 0.18780714
v 0.14684343 -0.38713562 0.29961446
v 0.023057226 -0.44090176 0.13921946
v 0.052549634 -0.46841365 0.17991415
v 0.04049166 -0.44265562 0.13283314
v 0.06556703 -0.46940255 0.17612123
v 0.059275642 -0.4419989 0.13237233
v 0.07998667 -0.46854195 0.17679015
v 0.15973261 -0.31190974 0.30829817
v 0.16902092 -0.36532864 0.31136823
v 0.18103169 -0.3561291 0.3126263
v 0.17505576 -0.30082354 0.309161
v 0.19354603 -0.34942505 0.30987662
v 0.19149959 -0.29298967 0.30450138
v 0.20520645 -0.34625208 0.30364898
v 0.20726733 -0.28963184 0.29512462
v 0.2147497 -0.3471815 0.2948731
v 0.22063297 -0.29138666 0.282381
v 0.22108293 -0.3521735 0.2846788
v 0.230056 -0.29813123 0.26789528
v 0.223384 -0.3605536 0.2742243
v 0.23432826 -0.3089633 0.25332698
v 0.22123227 -0.37112254 0.26459205
v 0.23275866 -0.32234478 0.24021386
v 0.21473534 -0.38237855 0.25674573
v 0.22534995 -0.3363828 0.22989438
v 0.19811074 -0.36316705 0.21545796
v 0.19255784 -0.40418562 0.24499196
v 0.16939314 -0.3869913 0.1988603
v 0.16917667 -0.42358273 0.23147856
v 0.13946603 -0.4076325 0.18025683
v 0.14481077 -0.4403883 0.2163321
v 0.10860971 -0.42489737 0.1598218
v 0.119688325 -0.45444492 0.19969438
v 0.07711311 -0.4386242 0.13774656
v 0.09404456 -0.46562096 0.18172124
v -0.0015729138 -0.42047775 0.20131947
v -0.048330385 -0.44857112 0.23634373
v -0.011496028 -0.4141512 0.21615034
v -0.042992614 -0.40042436 0.2382256
v -0.039786298 -0.4535486 0.22482437
v -0.07397415 -0.43739504 0.25431687
v 0.0023367875 -0.42668203 0.18400761
v -0.073848926 -0.3831595 0.25866058
v -0.035729297 -0.45827407 0.21177357
v -0.0990966 -0.42333847 0.27095452
v -0.0002687701 -0.43240243 0.16644885
v -0.10377599 -0.3625183 0.27726403
v -0.036673386 -0.4624924 0.19888437
v -0.123462506 -0.40653285 0.28610098
v -0.009087401 -0.43729335 0.15087868
v -0.13249366 -0.33869404 0.2938617
v -0.042514555 -0.46597514 0.18780714
v -0.14684364 -0.38713577 0.2996144
v -0.023057416 -0.44090182 0.13921948
v -0.052549858 -0.46841374 0.1799141
v -0.040491864 -0.44265568 0.13283315
v -0.06556728 -0.46940264 0.1761212
v -0.059275847 -0.441999 0.1323723
v -0.0799869 -0.46854207 0.17679012
v -0.15973286 -0.31190982 0.30829808
v -0.16902116 -0.36532873 0.31136817
v -0.18103191 -0.3561292 0.3126262
v -0.17505597 -0.30082363 0.30916092
v -0.19354627 -0.34942514 0.30987656
v -0.19149981 -0.29298976 0.30450132
v -0.2052067 -0.3462522 0.3036489
v -0.20726751 -0.28963193 0.2951245
v -0.21474987 -0.3471816 0.294873
v -0.22063315 -0.29138672 0.28238094
v -0.22108312 -0.3521736 0.28467873
v -0.23005621 -0.29813132 0.2678952
v -0.22338425 -0.3605537 0.27422425
v -0.23432846 -0.3089634 0.25332686
v -0.22123247 -0.37112263 0.26459196
v -0.23275885 -0.32234487 0.24021377
v -0.21473557 -0.3823786 0.25674564
v -0.22535013 -0.3363829 0.2298943
v -0.19811091 -0.36316714 0.21545787
v -0.19255808 -0.40418568 0.24499188
v -0.16939332 -0.38699138 0.19886024
v -0.16917689 -0.42358282 0.23147847
v -0.13946627 -0.4076326 0.1802568
v -0.144811 -0.44038838 0.21633199
v -0.10860993 -0.42489746 0.15982176
v -0.11968854 -0.45444497 0.19969435
v -0.077113315 -0.4386243 0.13774654
v -0.094044805 -0.46562105 0.18172121
v 0.048329726 0.50664586 0.019606175
v 0.0015723113 0.46480408 0.035891388
v 0.01149541 0.46674058 0.019884208
v 0.04299201 0.46589047 -0.006096936
v 0.03978566 0.50519675 0.032070998
v 0.07397349 0.50595367 -0.0015470461
v -0.0023373906 0.4615212 0.053986076
v 0.073848344 0.46115625 -0.03242662
v 0.03572865 0.50276375 0.045736082
v 0.09909596 0.5020992 -0.022984019
v 0.0002681517 0.45769578 0.07205258
v 0.10377543 0.45258218 -0.05885831
v 0.036672756 0.49997225 0.059007615
v 0.12346186 0.49511844 -0.04450404
v 0.009086798 0.45414641 0.087982215
v 0.13249306 0.44024864 -0.08514442
v 0.042513907 0.49744985 0.070342146
v 0.14684308 0.48507676 -0.06590555
v 0.023056844 0.45144182 0.09988361
v 0.052549228 0.49561524 0.07839698
v 0.04049128 0.44976756 0.10629126
v 0.06556663 0.4945752 0.08217617
v 0.05927526 0.44896844 0.106361985
v 0.079986274 0.49416438 0.08116659
v 0.15973231 0.42427108 -0.11103886
v 0.16902055 0.47206822 -0.08698816
v 0.18103133 0.46473023 -0.09267742
v 0.17505544 0.4151016 -0.117329195
v 0.19354568 0.45754954 -0.093648195
v 0.1914993 0.40598747 -0.11721082
v 0.20520611 0.4516879 -0.08984135
v 0.20726705 0.39839113 -0.1107692
v 0.21474934 0.44810486 -0.081776485
v 0.22063269 0.39353904 -0.098855495
v 0.22108258 0.44733086 -0.07045198
v 0.23005569 0.39213717 -0.082938194
v 0.22338367 0.44936103 -0.05720811
v 0.23432797 0.39423385 -0.06490565
v 0.22123191 0.45369783 -0.043581832
v 0.23275836 0.39926597 -0.046858627
v 0.21473497 0.45952266 -0.031158712
v 0.22534965 0.4062635 -0.030902674
v 0.1981104 0.42224106 -0.0050082305
v 0.19255745 0.47253117 -0.010076103
v 0.16939278 0.4345746 0.021277893
v 0.16917631 0.48257282 0.011325414
v 0.13946567 0.44314864 0.04770957
v 0.14481036 0.48955363 0.032845434
v 0.108609356 0.4478829 0.074039266
v 0.119687915 0.49340814 0.054282412
v 0.077112734 0.44873303 0.10002041
v 0.09404416 0.49410027 0.07543562
v -0.0015732882 0.46480414 0.03589144
v -0.04833081 0.50664586 0.019606229
v -0.011496397 0.46674067 0.01988425
v -0.042992994 0.46589047 -0.006096878
v -0.03978673 0.50519675 0.032071058
v -0.07397457 0.5059536 -0.001546994
v 0.0023364073 0.46152127 0.05398609
v -0.07384929 0.46115616 -0.03242655
v -0.03572972 0.50276375 0.04573612
v -0.09909699 0.5020991 -0.02298393
v -0.00026914082 0.45769587 0.07205261
v -0.10377637 0.45258206 -0.058858223
v -0.036673818 0.49997228 0.059007652
v -0.1234629 0.49511826 -0.044503957
v -0.009087779 0.45414644 0.087982245
v -0.13249399 0.44024846 -0.085144326
v -0.042514976 0.49744985 0.070342176
v -0.14684401 0.48507655 -0.06590547
v -0.023057798 0.45144185 0.09988364
v -0.052550286 0.4956152 0.07839704
v -0.040492248 0.44976756 0.10629129
v -0.06556769 0.49457517 0.08217622
v -0.059276212 0.4489684 0.10636203
v -0.07998732 0.4941643 0.08116665
v -0.15973315 0.42427084 -0.11103875
v -0.16902155 0.47206798 -0.086988054
v -0.1810323 0.46472996 -0.092677295
v -0.17505626 0.41510132 -0.117329076
v -0.19354664 0.45754927 -0.09364807
v -0.19150011 0.40598717 -0.117210716
v -0.20520703 0.45168754 -0.089841224
v -0.20726785 0.3983908 -0.11076906
v -0.21475029 0.44810447 -0.08177638
v -0.22063345 0.39353865 -0.09885539
v -0.2210835 0.44733053 -0.070451885
v -0.2300565 0.39213678 -0.08293806
v -0.22338456 0.44936064 -0.057207987
v -0.23432875 0.39423344 -0.064905524
v -0.22123283 0.45369747 -0.0435817
v -0.23275916 0.3992656 -0.04685851
v -0.21473593 0.4595223 -0.031158617
v -0.22535047 0.4062631 -0.030902566
v -0.19811128 0.42224073 -0.005008112
v -0.19255847 0.4725309 -0.010076013
v -0.1693937 0.43457434 0.021277994
v -0.16917731 0.4825726 0.011325511
v -0.1394666 0.44314846 0.047709648
v -0.14481142 0.48955342 0.032845527
v -0.10861032 0.44788277 0.07403934
v -0.119688965 0.493408 0.05428249
v -0.07711368 0.44873294 0.10002047
v -0.09404519 0.49410018 0.075435705
v 0.048329853 0.44857118 -0.2363435
v 0.0015724103 0.4204778 -0.20131922
v 0.011495524 0.41415125 -0.2161501
v 0.04299212 0.40042445 -0.23822539
v 0.03978578 0.45354867 -0.22482413
v 0.07397361 0.43739516 -0.25431666
v -0.0023372911 0.42668208 -0.18400733
v 0.07384844 0.38315964 -0.25866044
v 0.03572876 0.45827416 -0.2117733
v 0.099096075 0.4233386 -0.27095437
v 0.00026826654 0.43240243 -0.1664486
v 0.10377553 0.36251846 -0.2772639
v 0.036672875 0.46249247 -0.19888408
v 0.12346198 0.40653303 -0.28610083
v 0.0090868985 0.4372934 -0.15087841
v 0.13249318 0.33869419 -0.29386157
v 0.042514022 0.46597525 -0.18780689
v 0.14684317 0.38713592 -0.29961428
v 0.023056958 0.44090188 -0.13921921
v 0.052549355 0.46841383 -0.17991388
v 0.040491384 0.4426557 -0.13283288
v 0.06556676 0.46940273 -0.17612097
v 0.059275366 0.44199905 -0.13237208
v 0.079986386 0.46854213 -0.1767899
v 0.1597324 0.31191003 -0.30829802
v 0.16902065 0.3653289 -0.31136808
v 0.18103144 0.35612938 -0.31262612
v 0.17505552 0.3008238 -0.30916083
v 0.1935458 0.34942535 -0.3098765
v 0.19149935 0.29298994 -0.30450127
v 0.20520623 0.3462524 -0.30364886
v 0.20726712 0.28963214 -0.2951245
v 0.21474944 0.3471818 -0.29487294
v 0.22063275 0.29138693 -0.2823809
v 0.22108267 0.35217378 -0.28467864
v 0.23005578 0.29813156 -0.26789516
v 0.22338375 0.3605539 -0.2742242
v 0.23432805 0.30896357 -0.25332683
v 0.22123203 0.3711228 -0.2645919
v 0.23275845 0.32234505 -0.24021374
v 0.21473509 0.38237885 -0.25674555
v 0.22534972 0.33638307 -0.22989425
v 0.19811048 0.36316726 -0.21545778
v 0.19255757 0.40418586 -0.24499175
v 0.16939287 0.3869915 -0.19886011
v 0.16917641 0.42358297 -0.23147835
v 0.13946578 0.40763268 -0.18025665
v 0.1448105 0.4403885 -0.21633185
v 0.10860945 0.42489755 -0.15982158
v 0.11968805 0.4544451 -0.19969414
v 0.07711285 0.43862435 -0.13774632
v 0.094044276 0.46562114 -0.181721
v -0.0015731892 0.42047787 -0.20131922
v -0.04833069 0.44857123 -0.23634349
v -0.011496283 0.41415137 -0.21615009
v -0.04299288 0.4004245 -0.23822534
v -0.039786596 0.45354873 -0.22482407
v -0.073974445 0.4373952 -0.2543166
v 0.0023365067 0.42668214 -0.18400735
v -0.073849216 0.38315967 -0.25866035
v -0.035729595 0.45827422 -0.21177328
v -0.09909689 0.4233386 -0.2709543
v -0.0002690107 0.43240255 -0.1664486
v -0.10377628 0.36251846 -0.27726382
v -0.036673684 0.46249253 -0.19888407
v -0.1234628 0.406533 -0.28610075
v -0.009087678 0.43729347 -0.15087843
v -0.13249385 0.33869419 -0.29386142
v -0.04251483 0.46597528 -0.18780684
v -0.14684397 0.3871359 -0.29961416
v -0.023057682 0.44090194 -0.13921921
v -0.05255017 0.46841386 -0.17991385
v -0.040492132 0.44265577 -0.13283287
v -0.06556756 0.46940273 -0.17612094
v -0.059276115 0.44199905 -0.13237207
v -0.07998719 0.46854213 -0.17678985
v -0.15973306 0.31190997 -0.3082979
v -0.16902143 0.36532885 -0.31136793
v -0.1810322 0.35612932 -0.31262597
v -0.17505619 0.30082375 -0.30916068
v -0.19354653 0.3494253 -0.3098763
v -0.19150004 0.29298988 -0.3045011
v -0.20520696 0.34625232 -0.30364862
v -0.20726778 0.28963202 -0.2951243
v -0.21475016 0.3471817 -0.29487273
v -0.2206334 0.29138684 -0.2823807
v -0.22108342 0.3521737 -0.28467846
v -0.2300564 0.29813144 -0.26789495
v -0.2233845 0.3605538 -0.27422398
v -0.23432869 0.30896345 -0.25332665
v -0.22123274 0.37112272 -0.2645917
v -0.23275907 0.32234493 -0.24021351
v -0.21473582 0.3823787 -0.25674537
v -0.22535035 0.33638296 -0.22989403
v -0.19811118 0.36316717 -0.21545759
v -0.19255833 0.40418577 -0.2449916
v -0.16939361 0.38699144 -0.19885996
v -0.16917719 0.4235829 -0.23147818
v -0.1394665 0.40763265 -0.18025652
v -0.14481129 0.44038847 -0.21633174
v -0.10861019 0.42489752 -0.15982148
v -0.119688824 0.4544451 -0.19969404
v -0.077113576 0.43862435 -0.13774627
v -0.09404509 0.46562114 -0.18172093
v 0.04832998 0.27030227 -0.42896506
v 0.0015725299 0.2634848 -0.38458642
v 0.011495628 0.25059047 -0.39426708
v 0.042992227 0.22766505 -0.4065214
v 0.039785903 0.2803726 -0.42147768
v 0.073973745 0.25163698 -0.43894222
v -0.0023371857 0.27751386 -0.372696
v 0.07384856 0.20249575 -0.41558626
v 0.035728883 0.2909904 -0.4125381
v 0.09909619 0.23114476 -0.44632256
v 0.00026837277 0.29124722 -0.36034986
v 0.10377564 0.17531821 -0.42137673
v 0.036673 0.30108815 -0.40348485
v 0.1234621 0.20901749 -0.45103705
v 0.009087021 0.30326796 -0.3493112
v 0.13249327 0.14638698 -0.42383862
v 0.042514145 0.30964294 -0.3956331
v 0.14684328 0.1854624 -0.45304143
v 0.023057068 0.3122226 -0.34101826
v 0.052549474 0.3157013 -0.39001685
v 0.040491503 0.31693467 -0.33636448
v 0.065566875 0.31845418 -0.38722655
v 0.059275486 0.31659633 -0.33563703
v 0.0799865 0.31737444 -0.38737556
v 0.15973248 0.115972966 -0.42294884
v 0.16902077 0.16070005 -0.452317
v 0.18103155 0.152104 -0.4488068
v 0.17505561 0.10594063 -0.418153
v 0.19354591 0.14767295 -0.4430735
v 0.19149944 0.10148608 -0.41020074
v 0.20520632 0.14803895 -0.43609372
v 0.20726721 0.103266515 -0.4004013
v 0.21474956 0.15323178 -0.42895827
v 0.22063284 0.11115804 -0.39024243
v 0.22108279 0.16265209 -0.42262575
v 0.23005585 0.124241896 -0.3810697
v 0.22338387 0.17513672 -0.41776195
v 0.23432814 0.14090689 -0.3738692
v 0.22123212 0.18910582 -0.41470465
v 0.23275852 0.1590521 -0.36920366
v 0.21473518 0.20277698 -0.41353753
v 0.22534983 0.17636913 -0.36728573
v 0.19811061 0.20678318 -0.36817548
v 0.1925577 0.22753933 -0.41426197
v 0.16939299 0.23571439 -0.36571357
v 0.16917652 0.25109443 -0.41225752
v 0.13946588 0.26289192 -0.35992312
v 0.1448106 0.2732217 -0.4075431
v 0.10860957 0.28806123 -0.35085824
v 0.11968816 0.29371396 -0.40016267
v 0.07711296 0.31098664 -0.33860397
v 0.0940444 0.31237924 -0.3901855
v -0.0015730696 0.2634849 -0.38458645
v -0.048330586 0.27030236 -0.42896506
v -0.011496179 0.25059053 -0.3942671
v -0.042992763 0.22766514 -0.4065214
v -0.039786488 0.28037265 -0.42147768
v -0.073974326 0.25163704 -0.4389422
v 0.0023366273 0.2775139 -0.37269607
v -0.07384908 0.20249583 -0.4155862
v -0.035729486 0.29099047 -0.4125381
v -0.09909679 0.23114482 -0.44632256
v -0.0002689045 0.29124728 -0.36034992
v -0.10377615 0.17531827 -0.4213767
v -0.036673564 0.3010882 -0.40348485
v -0.12346267 0.20901753 -0.451037
v -0.009087555 0.30326802 -0.34931123
v -0.13249376 0.14638706 -0.42383856
v -0.042514734 0.309643 -0.3956331
v -0.14684384 0.18546243 -0.45304137
v -0.023057574 0.31222266 -0.3410183
v -0.052550048 0.31570137 -0.39001682
v -0.04049202 0.3169347 -0.33636448
v -0.06556745 0.31845424 -0.38722652
v -0.059276003 0.3165964 -0.33563703
v -0.07998708 0.31737447 -0.3873755
v -0.15973298 0.11597303 -0.42294875
v -0.16902132 0.1607001 -0.4523169
v -0.18103206 0.15210406 -0.44880664
v -0.1750561 0.10594065 -0.41815284
v -0.19354641 0.147673 -0.44307336
v -0.19149992 0.1014861 -0.41020063
v -0.20520684 0.148039 -0.43609357
v -0.20726769 0.10326655 -0.40040112
v -0.21475005 0.15323183 -0.4289581
v -0.22063331 0.11115806 -0.39024225
v -0.22108328 0.16265212 -0.4226256
v -0.23005632 0.1242419 -0.3810695
v -0.22338437 0.17513676 -0.4177618
v -0.23432857 0.14090689 -0.373869
v -0.22123262 0.18910588 -0.41470447
v -0.23275898 0.15905215 -0.36920342
v -0.21473573 0.20277698 -0.41353738
v -0.22535029 0.17636916 -0.36728552
v -0.19811109 0.20678322 -0.3681753
v -0.19255821 0.22753935 -0.41426182
v -0.16939346 0.23571442 -0.36571348
v -0.16917709 0.25109446 -0.41225743
v -0.1394664 0.26289198 -0.35992303
v -0.1448112 0.27322176 -0.40754303
v -0.108610116 0.2880613 -0.3508582
v -0.11968872 0.29371396 -0.40016264
v -0.07711345 0.3109867 -0.33860388
v -0.094044946 0.3123793 -0.3901855
v 0.04833002 0.019606141 -0.5066458
v 0.0015725708 0.03589138 -0.464804
v 0.0114956675 0.019884186 -0.46674052
v 0.042992257 -0.0060969666 -0.4658904
v 0.03978594 0.03207097 -0.5051967
v 0.07397378 -0.0015470781 -0.5059536
v -0.002337113 0.053986065 -0.46152115
v 0.073848575 -0.032426655 -0.46115616
v 0.035728946 0.045736056 -0.5027637
v 0.09909621 -0.022984065 -0.50209904
v 0.00026843176 0.07205257 -0.45769575
v 0.103775665 -0.05885835 -0.45258206
v 0.036673043 0.059007592 -0.4999722
v 0.123462126 -0.044504095 -0.4951183
v 0.009087081 0.087982215 -0.45414636
v 0.13249327 -0.08514448 -0.4402485
v 0.042514205 0.07034212 -0.4974498
v 0.14684328 -0.065905616 -0.4850766
v 0.023057127 0.099883586 -0.4514418
v 0.052549534 0.07839696 -0.49561515
v 0.040491577 0.10629125 -0.4497675
v 0.06556694 0.08217614 -0.49457508
v 0.05927556 0.106361955 -0.44896838
v 0.079986565 0.08116655 -0.49416426
v 0.15973249 -0.11103893 -0.42427093
v 0.16902077 -0.086988226 -0.47206804
v 0.18103155 -0.0926775 -0.46473005
v 0.17505562 -0.11732927 -0.41510144
v 0.19354591 -0.09364827 -0.45754936
v 0.19149946 -0.117210895 -0.4059873
v 0.20520632 -0.089841425 -0.4516877
v 0.2072672 -0.11076928 -0.39839095
v 0.21474957 -0.08177657 -0.44810468
v 0.22063285 -0.09885558 -0.39353886
v 0.22108279 -0.070452064 -0.44733068
v 0.23005587 -0.082938276 -0.392137
v 0.22338386 -0.057208184 -0.44936082
v 0.23432814 -0.064905725 -0.39423367
v 0.22123215 -0.04358191 -0.45369765
v 0.23275855 -0.046858717 -0.3992658
v 0.21473522 -0.031158792 -0.4595225
v 0.22534984 -0.030902756 -0.40626332
v 0.19811064 -0.0050083036 -0.42224088
v 0.19255772 -0.0100761745 -0.47253102
v 0.16939303 0.02127783 -0.43457446
v 0.16917655 0.011325346 -0.48257267
v 0.13946593 0.047709513 -0.4431485
v 0.14481066 0.032845374 -0.48955348
v 0.10860963 0.07403922 -0.44788277
v 0.119688205 0.054282367 -0.49340802
v 0.077113025 0.10002038 -0.44873294
v 0.09404446 0.075435586 -0.49410015
v -0.0015730287 0.03589142 -0.4648041
v -0.048330516 0.019606225 -0.5066458
v -0.011496125 0.01988424 -0.46674058
v -0.042992722 -0.0060968855 -0.46589044
v -0.03978645 0.03207106 -0.50519675
v -0.07397428 -0.0015469658 -0.5059536
v 0.0023366848 0.05398608 -0.4615212
v -0.07384907 -0.03242654 -0.46115616
v -0.035729427 0.045736123 -0.5027637
v -0.099096745 -0.022983922 -0.5020991
v -0.00026884547 0.072052605 -0.4576958
v -0.10377616 -0.058858205 -0.4525821
v -0.036673516 0.059007656 -0.49997225
v -0.12346265 -0.044503935 -0.4951183
v -0.0090874955 0.08798223 -0.45414641
v -0.13249378 -0.085144304 -0.4402485
v -0.042514678 0.07034218 -0.4974498
v -0.14684385 -0.065905444 -0.4850766
v -0.023057513 0.09988363 -0.45144182
v -0.052549984 0.07839704 -0.49561518
v -0.040491946 0.10629131 -0.44976753
v -0.06556738 0.08217624 -0.4945751
v -0.05927593 0.10636204 -0.4489684
v -0.07998701 0.081166655 -0.49416426
v -0.15973298 -0.11103871 -0.4242709
v -0.16902131 -0.086988024 -0.47206804
v -0.18103205 -0.092677265 -0.46473002
v -0.1750561 -0.117329046 -0.41510138
v -0.1935464 -0.09364802 -0.45754933
v -0.19149992 -0.11721067 -0.40598723
v -0.20520683 -0.08984114 -0.4516876
v -0.2072677 -0.11076901 -0.39839086
v -0.21475004 -0.081776306 -0.44810456
v -0.2206333 -0.098855324 -0.39353874
v -0.2210833 -0.070451826 -0.4473306
v -0.23005633 -0.08293802 -0.39213687
v -0.2233844 -0.05720793 -0.44936073
v -0.23432858 -0.06490547 -0.39423352
v -0.22123262 -0.04358166 -0.45369756
v -0.23275897 -0.046858437 -0.39926568
v -0.2147357 -0.031158544 -0.4595224
v -0.22535026 -0.030902488 -0.4062632
v -0.19811103 -0.00500807 -0.42224082
v -0.1925582 -0.01007596 -0.47253096
v -0.16939342 0.021278027 -0.4345744
v -0.16917707 0.011325545 -0.48257267
v -0.13946635 0.04770969 -0.4431485
v -0.14481114 0.032845557 -0.48955348
v -0.10861005 0.074039355 -0.4478828
v -0.11968867 0.054282505 -0.49340802
v -0.07711341 0.10002048 -0.44873294
v -0.09404489 0.07543572 -0.4941002
v 0.048329957 -0.23634346 -0.44857115
v 0.0015725303 -0.20131914 -0.42047775
v 0.011495625 -0.21615003 -0.41415122
v 0.042992212 -0.23822533 -0.40042442
v 0.039785888 -0.22482406 -0.45354864
v 0.073973715 -0.2543166 -0.4373951
v -0.0023371673 -0.18400727 -0.42668203
v 0.073848516 -0.25866038 -0.3831596
v 0.035728887 -0.21177323 -0.45827413
v 0.09909616 -0.27095434 -0.4233385
v 0.00026839427 -0.1664485 -0.43240243
v 0.10377559 -0.27726388 -0.36251837
v 0.036672994 -0.19888401 -0.4624924
v 0.12346205 -0.2861008 -0.40653294
v 0.009087029 -0.15087834 -0.43729335
v 0.13249323 -0.29386154 -0.33869413
v 0.04251415 -0.18780683 -0.4659752
v 0.14684322 -0.29961425 -0.38713583
v 0.023057079 -0.13921915 -0.44090182
v 0.052549478 -0.17991383 -0.46841377
v 0.04049153 -0.13283283 -0.44265568
v 0.06556689 -0.17612092 -0.46940267
v 0.05927551 -0.13237204 -0.441999
v 0.07998651 -0.17678985 -0.46854207
v 0.15973242 -0.308298 -0.3119099
v 0.1690207 -0.31136805 -0.36532882
v 0.18103147 -0.31262612 -0.3561293
v 0.17505555 -0.30916083 -0.30082372
v 0.19354583 -0.30987647 -0.34942526
v 0.19149938 -0.30450127 -0.29298985
v 0.20520627 -0.30364883 -0.3462523
v 0.20726715 -0.2951245 -0.28963202
v 0.21474949 -0.29487294 -0.3471817
v 0.22063278 -0.28238088 -0.29138684
v 0.22108273 -0.28467864 -0.3521737
v 0.23005581 -0.26789516 -0.29813147
v 0.22338381 -0.27422416 -0.3605538
v 0.23432809 -0.25332686 -0.30896348
v 0.22123207 -0.26459187 -0.37112272
v 0.23275848 -0.24021375 -0.32234496
v 0.21473515 -0.25674555 -0.38237873
v 0.22534978 -0.22989425 -0.336383
v 0.19811058 -0.21545777 -0.36316717
v 0.19255766 -0.24499173 -0.40418577
v 0.16939297 -0.19886008 -0.3869914
v 0.16917649 -0.23147833 -0.42358288
v 0.13946587 -0.18025663 -0.4076326
v 0.1448106 -0.21633182 -0.4403884
v 0.10860957 -0.15982154 -0.42489746
v 0.11968815 -0.1996941 -0.45444503
v 0.07711297 -0.13774629 -0.4386243
v 0.09404441 -0.18172096 -0.46562105
v -0.0015730845 -0.20131916 -0.42047784
v -0.048330575 -0.2363434 -0.4485712
v -0.011496182 -0.21615003 -0.41415134
v -0.042992786 -0.23822527 -0.40042448
v -0.039786488 -0.224824 -0.45354873
v -0.07397433 -0.2543165 -0.43739516
v 0.0023366304 -0.18400729 -0.42668208
v -0.07384913 -0.25866026 -0.38315964
v -0.035729483 -0.2117732 -0.4582742
v -0.0990968 -0.27095416 -0.42333862
v -0.00026888298 -0.16644852 -0.4324025
v -0.10377619 -0.2772637 -0.36251846
v -0.03667356 -0.19888398 -0.46249247
v -0.123462714 -0.28610066 -0.406533
v -0.009087533 -0.15087837 -0.4372934
v -0.13249381 -0.29386133 -0.33869419
v -0.042514715 -0.18780677 -0.46597525
v -0.14684388 -0.29961404 -0.38713592
v -0.023057548 -0.13921912 -0.44090188
v -0.052550036 -0.17991376 -0.46841383
v -0.04049198 -0.1328328 -0.44265574
v -0.06556742 -0.17612086 -0.4694027
v -0.059275962 -0.13237198 -0.44199902
v -0.079987064 -0.17678975 -0.4685421
v -0.15973306 -0.30829775 -0.31190997
v -0.16902135 -0.3113678 -0.36532888
v -0.18103212 -0.31262583 -0.35612935
v -0.17505611 -0.30916056 -0.30082378
v -0.19354647 -0.30987617 -0.3494253
v -0.19149996 -0.304501 -0.29298988
v -0.20520686 -0.3036485 -0.34625232
v -0.2072677 -0.29512417 -0.28963205
v -0.2147501 -0.2948726 -0.34718174
v -0.22063333 -0.28238058 -0.29138684
v -0.22108336 -0.28467834 -0.35217372
v -0.23005633 -0.2678948 -0.29813147
v -0.22338441 -0.27422383 -0.36055383
v -0.23432858 -0.2533265 -0.30896348
v -0.22123265 -0.26459157 -0.37112275
v -0.232759 -0.24021338 -0.32234496
v -0.2147357 -0.25674525 -0.38237876
v -0.22535034 -0.2298939 -0.336383
v -0.19811106 -0.21545747 -0.3631672
v -0.19255827 -0.24499148 -0.4041858
v -0.16939346 -0.19885984 -0.38699144
v -0.1691771 -0.23147807 -0.42358294
v -0.1394664 -0.1802564 -0.40763268
v -0.14481118 -0.21633163 -0.4403885
v -0.10861008 -0.15982139 -0.42489755
v -0.11968869 -0.19969393 -0.4544451
v -0.07711343 -0.13774617 -0.43862432
v -0.09404494 -0.18172084 -0.46562114
v 0.048329998 -0.42896515 -0.27030215
v 0.0015725634 -0.3845865 -0.26348472
v 0.011495657 -0.39426717 -0.25059035
v 0.042992234 -0.4065215 -0.22766493
v 0.039785933 -0.4214778 -0.28037247
v 0.07397376 -0.4389423 -0.25163683
v -0.0023371328 -0.37269613 -0.27751374
v 0.07384855 -0.41558632 -0.2024956
v 0.03572893 -0.4125382 -0.2909903
v 0.0990962 -0.44632268 -0.23114459
v 0.00026843 -0.36034995 -0.29124707
v 0.10377564 -0.42137682 -0.17531806
v 0.036673043 -0.40348494 -0.30108804
v 0.1234621 -0.45103714 -0.20901729
v 0.009087066 -0.3493113 -0.3032679
v 0.13249326 -0.4238387 -0.14638682
v 0.042514194 -0.3956332 -0.3096428
v 0.14684328 -0.45304155 -0.18546219
v 0.023057131 -0.34101835 -0.3122225
v 0.05254952 -0.39001694 -0.3157012
v 0.04049156 -0.33636457 -0.3169346
v 0.06556693 -0.38722664 -0.31845406
v 0.05927555 -0.33563715 -0.3165962
v 0.07998656 -0.38737565 -0.3173743
v 0.15973248 -0.42294893 -0.115972795
v 0.16902077 -0.4523171 -0.16069986
v 0.18103154 -0.44880688 -0.15210381
v 0.1750556 -0.41815308 -0.105940424
v 0.1935459 -0.4430736 -0.14767276
v 0.19149943 -0.41020083 -0.10148589
v 0.2052063 -0.4360938 -0.14803873
v 0.20726718 -0.40040138 -0.10326633
v 0.21474953 -0.42895836 -0.15323158
v 0.22063284 -0.3902425 -0.111157835
v 0.22108278 -0.42262584 -0.16265191
v 0.23005585 -0.38106978 -0.12424169
v 0.22338386 -0.41776204 -0.1751365
v 0.23432812 -0.37386927 -0.14090666
v 0.22123212 -0.41470474 -0.18910563
v 0.23275855 -0.36920372 -0.15905192
v 0.21473521 -0.41353762 -0.20277677
v 0.22534984 -0.36728582 -0.17636895
v 0.19811063 -0.3681756 -0.206783
v 0.19255772 -0.41426206 -0.22753914
v 0.16939302 -0.36571372 -0.23571421
v 0.16917655 -0.41225764 -0.25109422
v 0.13946593 -0.3599232 -0.26289177
v 0.14481065 -0.40754318 -0.27322152
v 0.10860962 -0.35085836 -0.28806108
v 0.119688205 -0.4001628 -0.29371375
v 0.07711301 -0.33860403 -0.31098652
v 0.094044454 -0.39018562 -0.31237906
v -0.0015730361 -0.38458654 -0.2634848
v -0.048330545 -0.42896515 -0.27030224
v -0.01149615 -0.3942672 -0.25059044
v -0.042992756 -0.4065215 -0.22766502
v -0.039786443 -0.4214778 -0.28037256
v -0.07397432 -0.43894228 -0.25163695
v 0.002336665 -0.37269616 -0.27751377
v -0.073849104 -0.4155863 -0.20249574
v -0.035729453 -0.4125382 -0.29099038
v -0.09909676 -0.44632262 -0.23114473
v -0.0002688625 -0.36035 -0.2912472
v -0.10377618 -0.42137676 -0.1753182
v -0.03667351 -0.40348497 -0.3010881
v -0.12346267 -0.45103708 -0.20901744
v -0.00908751 -0.34931132 -0.3032679
v -0.13249378 -0.4238386 -0.14638697
v -0.04251468 -0.3956332 -0.30964288
v -0.14684384 -0.45304143 -0.18546237
v -0.023057524 -0.34101838 -0.31222254
v -0.05254999 -0.39001694 -0.31570128
v -0.040491972 -0.3363646 -0.31693462
v -0.065567404 -0.38722664 -0.31845412
v -0.05927594 -0.33563712 -0.31659627
v -0.079987004 -0.38737562 -0.31737438
v -0.15973298 -0.42294878 -0.11597295
v -0.16902132 -0.45231697 -0.16070005
v -0.18103208 -0.44880673 -0.152104
v -0.1750561 -0.4181529 -0.1059406
v -0.19354646 -0.4430734 -0.14767295
v -0.19149996 -0.41020066 -0.10148606
v -0.20520686 -0.43609363 -0.14803894
v -0.2072677 -0.40040115 -0.10326652
v -0.2147501 -0.42895815 -0.15323178
v -0.22063334 -0.3902423 -0.11115802
v -0.22108333 -0.42262563 -0.16265208
v -0.23005635 -0.38106954 -0.12424188
v -0.22338438 -0.41776186 -0.1751367
v -0.23432857 -0.37386903 -0.14090689
v -0.22123262 -0.41470456 -0.18910582
v -0.23275897 -0.3692035 -0.15905212
v -0.21473569 -0.41353744 -0.20277695
v -0.22535028 -0.36728558 -0.17636912
v -0.19811107 -0.36817536 -0.20678318
v -0.19255821 -0.41426188 -0.22753932
v -0.16939345 -0.36571354 -0.23571438
v -0.16917706 -0.4122575 -0.2510944
v -0.13946635 -0.35992312 -0.26289195
v -0.14481115 -0.4075431 -0.27322167
v -0.10861005 -0.3508583 -0.28806126
v -0.1196887 -0.4001627 -0.2937139
v -0.077113405 -0.338604 -0.3109866
v -0.094044924 -0.39018556 -0.31237924
v 0.04833007 -0.5066457 -0.019605879
v 0.0015726169 -0.46480396 -0.035891134
v 0.011495725 -0.46674046 -0.019883944
v 0.042992324 -0.46589035 0.0060972096
v 0.039786004 -0.50519663 -0.032070708
v 0.07397383 -0.5059535 0.0015473411
v -0.0023370634 -0.46152112 -0.053985808
v 0.073848635 -0.46115607 0.032426897
v 0.035729 -0.5027636 -0.04573579
v 0.09909628 -0.502099 0.02298432
v 0.0002684847 -0.45769572 -0.07205232
v 0.10377572 -0.45258197 0.05885858
v 0.036673103 -0.49997213 -0.059007324
v 0.12346219 -0.4951182 0.04450434
v 0.009087122 -0.45414633 -0.08798197
v 0.13249335 -0.4402484 0.085144706
v 0.042514257 -0.49744973 -0.070341855
v 0.14684334 -0.4850765 0.06590585
v 0.023057157 -0.45144176 -0.09988337
v 0.05254958 -0.49561512 -0.07839669
v 0.0404916 -0.4497675 -0.10629101
v 0.06556698 -0.49457505 -0.0821759
v 0.059275597 -0.44896835 -0.106361724
v 0.079986624 -0.49416423 -0.0811663
v 0.15973255 -0.4242708 0.111039124
v 0.16902085 -0.47206795 0.08698846
v 0.18103163 -0.46472993 0.09267772
v 0.17505567 -0.4151013 0.11732947
v 0.19354598 -0.45754924 0.093648486
v 0.1914995 -0.40598717 0.11721108
v 0.2052064 -0.45168757 0.089841634
v 0.20726727 -0.39839083 0.11076946
v 0.21474963 -0.4481045 0.08177679
v 0.2206329 -0.39353874 0.09885577
v 0.22108285 -0.44733056 0.07045228
v 0.23005593 -0.39213687 0.082938455
v 0.22338393 -0.4493607 0.057208408
v 0.2343282 -0.39423352 0.06490591
v 0.2212322 -0.45369753 0.043582123
v 0.2327586 -0.39926568 0.0468589
v 0.21473528 -0.4595224 0.03115901
v 0.22534989 -0.40626323 0.030902945
v 0.19811067 -0.4222408 0.005008505
v 0.1925578 -0.47253093 0.010076406
v 0.16939308 -0.4345744 -0.021277627
v 0.16917661 -0.48257262 -0.011325107
v 0.13946597 -0.44314846 -0.047709297
v 0.1448107 -0.48955342 -0.03284513
v 0.10860967 -0.44788274 -0.074039005
v 0.119688265 -0.49340796 -0.054282114
v 0.077113055 -0.4487329 -0.10002013
v 0.09404451 -0.49410012 -0.07543534
v -0.0015729826 -0.46480402 -0.03589117
v -0.048330482 -0.5066458 -0.019605946
v -0.011496067 -0.46674055 -0.019883994
v -0.04299268 -0.4658904 0.0060971384
v -0.03978638 -0.5051967 -0.03207079
v -0.07397422 -0.50595355 0.0015472483
v 0.002336719 -0.46152118 -0.05398583
v -0.073849015 -0.4611561 0.032426797
v -0.035729386 -0.5027637 -0.045735855
v -0.0990967 -0.50209904 0.022984205
v -0.0002688078 -0.45769578 -0.07205236
v -0.10377608 -0.452582 0.05885846
v -0.03667346 -0.49997222 -0.059007384
v -0.123462565 -0.4951182 0.044504218
v -0.0090874545 -0.45414641 -0.08798197
v -0.1324937 -0.4402484 0.08514455
v -0.042514615 -0.4974498 -0.070341915
v -0.14684379 -0.4850765 0.06590571
v -0.023057485 -0.45144182 -0.099883385
v -0.052549936 -0.49561518 -0.07839677
v -0.040491935 -0.44976753 -0.10629104
v -0.065567344 -0.4945751 -0.08217596
v -0.0592759 -0.4489684 -0.10636177
v -0.07998695 -0.49416426 -0.08116639
v -0.15973292 -0.4242708 0.11103897
v -0.16902123 -0.47206792 0.0869883
v -0.18103197 -0.46472993 0.09267753
v -0.17505601 -0.4151013 0.11732928
v -0.19354632 -0.4575492 0.093648285
v -0.19149986 -0.40598714 0.11721091
v -0.20520675 -0.45168754 0.08984144
v -0.20726758 -0.39839077 0.110769264
v -0.21474999 -0.44810447 0.08177656
v -0.22063325 -0.39353865 0.09885557
v -0.22108325 -0.44733053 0.07045209
v -0.23005624 -0.3921368 0.08293825
v -0.2233843 -0.44936067 0.057208195
v -0.23432852 -0.39423347 0.064905696
v -0.22123253 -0.45369753 0.04358193
v -0.23275891 -0.39926562 0.046858687
v -0.21473564 -0.45952234 0.031158831
v -0.22535022 -0.40626314 0.030902738
v -0.19811101 -0.42224076 0.005008318
v -0.19255811 -0.4725309 0.01007624
v -0.1693934 -0.43457437 -0.021277765
v -0.169177 -0.48257262 -0.011325289
v -0.13946632 -0.44314846 -0.047709424
v -0.14481111 -0.48955342 -0.032845274
v -0.10861001 -0.44788277 -0.074039094
v -0.1196886 -0.493408 -0.054282237
v -0.07711336 -0.44873294 -0.10002022
v -0.09404486 -0.49410018 -0.07543543
v -0.5111944 0.11882578 -0.03183934
v -0.51726604 0.11689358 -4.982817E-08
v -0.517266 0.11291055 -0.030254362
v -0.5111945 0.12301749 -4.6634298E-08
v -0.5111944 0.10653627 -0.061508827
v -0.51726604 0.112910494 0.030254383
v -0.517266 0.10123281 -0.058446873
v -0.5111945 0.11882573 0.03183937
v -0.51119447 0.086986475 -0.086986594
v -0.517266 0.10123275 0.05844689
v -0.517266 0.08265623 -0.08265634
v -0.51119447 0.10653622 0.06150885
v -0.5111944 0.06150872 -0.10653638
v -0.51726604 0.08265615 0.08265633
v -0.517266 0.058446765 -0.10123292
v -0.5111945 0.08698641 0.086986594
v -0.51119447 0.031839233 -0.118825905
v -0.51726604 0.05844667 0.10123288
v -0.517266 0.030254249 -0.11291066
v -0.5111945 0.061508622 0.106536336
v -0.51119435 -4.828107E-08 -0.12301762
v -0.51726604 0.030254144 0.11291059
v -0.5172659 -4.839952E-08 -0.11689371
v -0.5111945 0.03183912 0.118825816
v -0.51119435 -0.03183933 -0.11882591
v -0.517266 -1.5730905E-07 0.1168936
v -0.5172659 -0.030254347 -0.11291067
v -0.51119447 -1.6266576E-07 0.123017505
v -0.51119435 -0.061508827 -0.1065364
v -0.517266 -0.030254455 0.11291053
v -0.51726586 -0.058446877 -0.101232946
v -0.51119447 -0.031839445 0.11882576
v -0.51119435 -0.08698661 -0.08698663
v -0.517266 -0.058446962 0.101232775
v -0.5172659 -0.08265635 -0.082656376
v -0.51119447 -0.06150892 0.10653624
v -0.5111944 -0.10653638 -0.061508857
v -0.5172659 -0.08265641 0.08265618
v -0.5172659 -0.10123292 -0.0584469
v -0.5111944 -0.086986676 0.08698644
v -0.5111944 -0.1188259 -0.03183937
v -0.5172659 -0.10123298 0.058446735
v -0.5172659 -0.11291066 -0.030254388
v -0.51119447 -0.10653644 0.06150868
v -0.5111944 -0.123017624 -9.84494E-08
v -0.517266 -0.11291069 0.030254208
v -0.5172659 -0.116893716 -9.5620535E-08
v -0.51119447 -0.11882593 0.03183919
v 0.5172659 0.11689357 1.147909E-07
v 0.51119435 0.11882576 -0.03183918
v 0.51726586 0.11291053 -0.03025419
v 0.5111944 0.123017475 1.1380173E-07
v 0.51119435 0.106536254 -0.061508648
v 0.5172659 0.11291048 0.030254541
v 0.51726586 0.10123279 -0.058446698
v 0.5111944 0.11882572 0.03183953
v 0.51119435 0.08698646 -0.08698643
v 0.51726586 0.10123274 0.058447048
v 0.51726586 0.082656205 -0.08265617
v 0.51119435 0.1065362 0.061509028
v 0.5111943 0.06150871 -0.10653624
v 0.5172659 0.08265614 0.08265649
v 0.51726586 0.058446743 -0.10123277
v 0.51119435 0.08698639 0.08698675
v 0.51119435 0.031839214 -0.118825726
v 0.5172659 0.05844665 0.10123306
v 0.51726586 0.030254237 -0.1129105
v 0.51119435 0.061508603 0.1065365
v 0.5111943 -6.713109E-08 -0.12301744
v 0.5172659 0.030254131 0.11291076
v 0.5172658 -6.720348E-08 -0.11689354
v 0.51119435 0.031839106 0.11882599
v 0.5111943 -0.031839333 -0.118825726
v 0.51726586 -1.7401503E-07 0.11689377
v 0.5172658 -0.030254357 -0.1129105
v 0.5111943 -1.7394261E-07 0.12301767
v 0.5111943 -0.061508827 -0.10653624
v 0.51726586 -0.030254463 0.1129107
v 0.51726574 -0.058446895 -0.10123277
v 0.51119435 -0.031839453 0.11882593
v 0.5111943 -0.086986616 -0.08698643
v 0.51726586 -0.05844697 0.10123294
v 0.5172658 -0.08265635 -0.082656235
v 0.51119435 -0.061508935 0.1065364
v 0.5111943 -0.10653639 -0.061508708
v 0.5172658 -0.08265641 0.08265634
v 0.5172658 -0.10123295 -0.058446757
v 0.5111943 -0.086986676 0.0869866
v 0.5111943 -0.11882591 -0.03183921
v 0.5172658 -0.10123301 0.058446895
v 0.5172658 -0.11291069 -0.03025422
v 0.5111943 -0.10653645 0.061508846
v 0.5111943 -0.123017624 8.328414E-08
v 0.51726586 -0.11291069 0.030254388
v 0.5172658 -0.11689372 8.42733E-08
v 0.5111943 -0.11882594 0.03183935
vt 0.025299072 0.8510742
vt 0.01852417 0.8535156
vt 0.023757935 0.85498047
vt 0.01852417 0.8535156
vt 0.025299072 0.8510742
vt 0.0206604 0.8491211
vt 0.023757935 0.85498047
vt 0.018005371 0.85839844
vt 0.022979736 0.859375
vt 0.018005371 0.85839844
vt 0.023757935 0.85498047
vt 0.01852417 0.8535156
vt 0.017822266 0.86376953
vt 0.022979736 0.859375
vt 0.018005371 0.85839844
vt 0.023071289 0.8691406
vt 0.019622803 0.87597656
vt 0.024276733 0.8745117
vt 0.024276733 0.8745117
vt 0.027633667 0.8911133
vt 0.031555176 0.88720703
vt 0.027633667 0.8911133
vt 0.024276733 0.8745117
vt 0.019622803 0.87597656
vt 0.031555176 0.88720703
vt 0.042022705 0.9008789
vt 0.04425049 0.8959961
vt 0.042022705 0.9008789
vt 0.031555176 0.88720703
vt 0.027633667 0.8911133
vt 0.07373047 0.8989258
vt 0.0892334 0.89501953
vt 0.085998535 0.89160156
vt 0.0892334 0.89501953
vt 0.07373047 0.8989258
vt 0.07531738 0.9038086
vt 0.085998535 0.89160156
vt 0.093566895 0.890625
vt 0.089782715 0.8876953
vt 0.093566895 0.890625
vt 0.085998535 0.89160156
vt 0.0892334 0.89501953
vt 0.089782715 0.8876953
vt 0.09692383 0.8857422
vt 0.0927124 0.8833008
vt 0.09692383 0.8857422
vt 0.089782715 0.8876953
vt 0.093566895 0.890625
vt 0.0927124 0.8833008
vt 0.099487305 0.88134766
vt 0.09484863 0.87939453
vt 0.099487305 0.88134766
vt 0.0927124 0.8833008
vt 0.09692383 0.8857422
vt 0.09484863 0.87939453
vt 0.101623535 0.8769531
vt 0.09637451 0.8754883
vt 0.101623535 0.8769531
vt 0.09484863 0.87939453
vt 0.099487305 0.88134766
vt 0.09637451 0.8754883
vt 0.10217285 0.8720703
vt 0.09716797 0.87109375
vt 0.10217285 0.8720703
vt 0.09637451 0.8754883
vt 0.101623535 0.8769531
vt 0.10235596 0.8666992
vt 0.09716797 0.87109375
vt 0.10217285 0.8720703
vt 0.09710693 0.8613281
vt 0.1005249 0.8544922
vt 0.09588623 0.85595703
vt 0.09588623 0.85595703
vt 0.0925293 0.83935547
vt 0.08862305 0.8432617
vt 0.0925293 0.83935547
vt 0.09588623 0.85595703
vt 0.1005249 0.8544922
vt 0.08862305 0.8432617
vt 0.078125 0.82958984
vt 0.075927734 0.83447266
vt 0.078125 0.82958984
vt 0.08862305 0.8432617
vt 0.0925293 0.83935547
vt 0.046417236 0.83154297
vt 0.030914307 0.8354492
vt 0.034118652 0.8388672
vt 0.030914307 0.8354492
vt 0.046417236 0.83154297
vt 0.044830322 0.82666016
vt 0.034118652 0.8388672
vt 0.026565552 0.83984375
vt 0.03036499 0.84277344
vt 0.026565552 0.83984375
vt 0.034118652 0.8388672
vt 0.030914307 0.8354492
vt 0.03036499 0.84277344
vt 0.023223877 0.84472656
vt 0.027435303 0.84716797
vt 0.023223877 0.84472656
vt 0.03036499 0.84277344
vt 0.026565552 0.83984375
vt 0.027435303 0.84716797
vt 0.0206604 0.8491211
vt 0.025299072 0.8510742
vt 0.0206604 0.8491211
vt 0.027435303 0.84716797
vt 0.023223877 0.84472656
vt 0.0927124 0.8569336
vt 0.09588623 0.8510742
vt 0.09124756 0.85302734
vt 0.09588623 0.8510742
vt 0.0927124 0.8569336
vt 0.097961426 0.85546875
vt 0.09124756 0.85302734
vt 0.09338379 0.8466797
vt 0.08911133 0.8491211
vt 0.09338379 0.8466797
vt 0.09124756 0.85302734
vt 0.09588623 0.8510742
vt 0.090026855 0.8417969
vt 0.08911133 0.8491211
vt 0.09338379 0.8466797
vt 0.08618164 0.84472656
vt 0.08569336 0.83691406
vt 0.08239746 0.8408203
vt 0.08239746 0.8408203
vt 0.07141113 0.828125
vt 0.06982422 0.8334961
vt 0.07141113 0.828125
vt 0.08239746 0.8408203
vt 0.08569336 0.83691406
vt 0.040252686 0.8364258
vt 0.024002075 0.84228516
vt 0.027786255 0.84521484
vt 0.024002075 0.84228516
vt 0.040252686 0.8364258
vt 0.037902832 0.83203125
vt 0.027786255 0.84521484
vt 0.016174316 0.8569336
vt 0.020751953 0.85839844
vt 0.016174316 0.8569336
vt 0.027786255 0.84521484
vt 0.024002075 0.84228516
vt 0.020751953 0.85839844
vt 0.01474762 0.86279297
vt 0.019515991 0.86376953
vt 0.01474762 0.86279297
vt 0.020751953 0.85839844
vt 0.016174316 0.8569336
vt 0.014282227 0.86865234
vt 0.019515991 0.86376953
vt 0.01474762 0.86279297
vt 0.019119263 0.86865234
vt 0.014404297 0.87402344
vt 0.019378662 0.8730469
vt 0.019378662 0.8730469
vt 0.014862061 0.87890625
vt 0.020126343 0.8774414
vt 0.014862061 0.87890625
vt 0.019378662 0.8730469
vt 0.014404297 0.87402344
vt 0.020126343 0.8774414
vt 0.016967773 0.8833008
vt 0.021621704 0.88134766
vt 0.016967773 0.8833008
vt 0.020126343 0.8774414
vt 0.014862061 0.87890625
vt 0.021621704 0.88134766
vt 0.019485474 0.8881836
vt 0.023742676 0.8857422
vt 0.019485474 0.8881836
vt 0.021621704 0.88134766
vt 0.016967773 0.8833008
vt 0.02281189 0.8925781
vt 0.023742676 0.8857422
vt 0.019485474 0.8881836
vt 0.026687622 0.88964844
vt 0.027175903 0.89746094
vt 0.030471802 0.89404297
vt 0.030471802 0.89404297
vt 0.04144287 0.90625
vt 0.043029785 0.9013672
vt 0.04144287 0.90625
vt 0.030471802 0.89404297
vt 0.027175903 0.89746094
vt 0.0725708 0.8979492
vt 0.08886719 0.8925781
vt 0.08508301 0.88916016
vt 0.08886719 0.8925781
vt 0.0725708 0.8979492
vt 0.07495117 0.90234375
vt 0.08508301 0.88916016
vt 0.09667969 0.8779297
vt 0.09210205 0.87646484
vt 0.09667969 0.8779297
vt 0.08508301 0.88916016
vt 0.08886719 0.8925781
vt 0.09210205 0.87646484
vt 0.098083496 0.87158203
vt 0.093322754 0.87109375
vt 0.098083496 0.87158203
vt 0.09210205 0.87646484
vt 0.09667969 0.8779297
vt 0.09857178 0.86572266
vt 0.093322754 0.87109375
vt 0.098083496 0.87158203
vt 0.09375 0.86572266
vt 0.09844971 0.86083984
vt 0.09350586 0.8613281
vt 0.09350586 0.8613281
vt 0.097961426 0.85546875
vt 0.0927124 0.8569336
vt 0.097961426 0.85546875
vt 0.09350586 0.8613281
vt 0.09844971 0.86083984
vt 0.022979736 0.8486328
vt 0.01600647 0.85058594
vt 0.021087646 0.85253906
vt 0.01600647 0.85058594
vt 0.022979736 0.8486328
vt 0.018539429 0.8461914
vt 0.021087646 0.85253906
vt 0.015045166 0.85546875
vt 0.019943237 0.8569336
vt 0.015045166 0.85546875
vt 0.021087646 0.85253906
vt 0.01600647 0.85058594
vt 0.019943237 0.8569336
vt 0.0143966675 0.86083984
vt 0.019241333 0.8613281
vt 0.0143966675 0.86083984
vt 0.019943237 0.8569336
vt 0.015045166 0.85546875
vt 0.014282227 0.8666992
vt 0.019241333 0.8613281
vt 0.0143966675 0.86083984
vt 0.01914978 0.86621094
vt 0.015098572 0.8730469
vt 0.019866943 0.8720703
vt 0.019866943 0.8720703
vt 0.021728516 0.8886719
vt 0.0259552 0.8852539
vt 0.021728516 0.8886719
vt 0.019866943 0.8720703
vt 0.015098572 0.8730469
vt 0.0259552 0.8852539
vt 0.035186768 0.89990234
vt 0.03781128 0.8955078
vt 0.035186768 0.89990234
vt 0.0259552 0.8852539
vt 0.021728516 0.8886719
vt 0.03781128 0.8955078
vt 0.05102539 0.9057617
vt 0.051879883 0.9008789
vt 0.05102539 0.9057617
vt 0.03781128 0.8955078
vt 0.035186768 0.89990234
vt 0.06695557 0.9008789
vt 0.08270264 0.8984375
vt 0.079833984 0.89453125
vt 0.08270264 0.8984375
vt 0.06695557 0.9008789
vt 0.068115234 0.9057617
vt 0.08392334 0.8911133
vt 0.09118652 0.88964844
vt 0.08721924 0.88720703
vt 0.09118652 0.88964844
vt 0.08392334 0.8911133
vt 0.08746338 0.89404297
vt 0.08721924 0.88720703
vt 0.094177246 0.8857422
vt 0.08972168 0.8833008
vt 0.094177246 0.8857422
vt 0.08721924 0.88720703
vt 0.09118652 0.88964844
vt 0.08972168 0.8833008
vt 0.09667969 0.88134766
vt 0.09161377 0.87939453
vt 0.09667969 0.88134766
vt 0.08972168 0.8833008
vt 0.094177246 0.8857422
vt 0.09161377 0.87939453
vt 0.09765625 0.87646484
vt 0.09277344 0.875
vt 0.09765625 0.87646484
vt 0.09161377 0.87939453
vt 0.09667969 0.88134766
vt 0.09277344 0.875
vt 0.09832764 0.87109375
vt 0.093444824 0.87060547
vt 0.09832764 0.87109375
vt 0.09277344 0.875
vt 0.09765625 0.87646484
vt 0.09844971 0.8652344
vt 0.093444824 0.87060547
vt 0.09832764 0.87109375
vt 0.093566895 0.86572266
vt 0.097595215 0.8588867
vt 0.09283447 0.8598633
vt 0.09283447 0.8598633
vt 0.09100342 0.8432617
vt 0.08673096 0.8466797
vt 0.09100342 0.8432617
vt 0.09283447 0.8598633
vt 0.097595215 0.8588867
vt 0.08673096 0.8466797
vt 0.07751465 0.83203125
vt 0.07489014 0.8364258
vt 0.07751465 0.83203125
vt 0.08673096 0.8466797
vt 0.09100342 0.8432617
vt 0.07489014 0.8364258
vt 0.061676025 0.8261719
vt 0.060821533 0.8310547
vt 0.061676025 0.8261719
vt 0.07489014 0.8364258
vt 0.07751465 0.83203125
vt 0.045776367 0.8310547
vt 0.02998352 0.8334961
vt 0.03286743 0.83740234
vt 0.02998352 0.8334961
vt 0.045776367 0.8310547
vt 0.0446167 0.8261719
vt 0.028778076 0.8408203
vt 0.021484375 0.84228516
vt 0.025482178 0.84472656
vt 0.021484375 0.84228516
vt 0.028778076 0.8408203
vt 0.025238037 0.8378906
vt 0.025482178 0.84472656
vt 0.018539429 0.8461914
vt 0.022979736 0.8486328
vt 0.018539429 0.8461914
vt 0.025482178 0.84472656
vt 0.021484375 0.84228516
vt 0.08905029 0.8540039
vt 0.091674805 0.84765625
vt 0.08721924 0.85009766
vt 0.091674805 0.84765625
vt 0.08905029 0.8540039
vt 0.094177246 0.8520508
vt 0.08874512 0.8432617
vt 0.08721924 0.85009766
vt 0.091674805 0.84765625
vt 0.0814209 0.84228516
vt 0.08026123 0.83447266
vt 0.07727051 0.8383789
vt 0.07727051 0.8383789
vt 0.06524658 0.82714844
vt 0.064086914 0.83203125
vt 0.06524658 0.82714844
vt 0.07727051 0.8383789
vt 0.08026123 0.83447266
vt 0.034942627 0.8383789
vt 0.019256592 0.84521484
vt 0.023330688 0.84814453
vt 0.019256592 0.84521484
vt 0.034942627 0.8383789
vt 0.032226562 0.8339844
vt 0.023330688 0.84814453
vt 0.012771606 0.86035156
vt 0.017456055 0.8613281
vt 0.012771606 0.86035156
vt 0.023330688 0.84814453
vt 0.019256592 0.84521484
vt 0.011917114 0.8666992
vt 0.017456055 0.8613281
vt 0.012771606 0.86035156
vt 0.016784668 0.8720703
vt 0.012557983 0.8779297
vt 0.017440796 0.87646484
vt 0.017440796 0.87646484
vt 0.013458252 0.8828125
vt 0.018569946 0.8808594
vt 0.013458252 0.8828125
vt 0.017440796 0.87646484
vt 0.012557983 0.8779297
vt 0.018569946 0.8808594
vt 0.015945435 0.88671875
vt 0.02041626 0.8847656
vt 0.015945435 0.88671875
vt 0.018569946 0.8808594
vt 0.013458252 0.8828125
vt 0.018859863 0.8911133
vt 0.02041626 0.8847656
vt 0.015945435 0.88671875
vt 0.02619934 0.8925781
vt 0.027389526 0.89990234
vt 0.030334473 0.8959961
vt 0.030334473 0.8959961
vt 0.042388916 0.90771484
vt 0.043518066 0.90234375
vt 0.042388916 0.90771484
vt 0.030334473 0.8959961
vt 0.027389526 0.89990234
vt 0.08428955 0.88671875
vt 0.09484863 0.87402344
vt 0.090148926 0.8730469
vt 0.09484863 0.87402344
vt 0.08428955 0.88671875
vt 0.088378906 0.88964844
vt 0.095703125 0.8676758
vt 0.090148926 0.8730469
vt 0.09484863 0.87402344
vt 0.09082031 0.86279297
vt 0.09509277 0.8569336
vt 0.090148926 0.85791016
vt 0.090148926 0.85791016
vt 0.094177246 0.8520508
vt 0.08905029 0.8540039
vt 0.094177246 0.8520508
vt 0.090148926 0.85791016
vt 0.09509277 0.8569336
vt 0.024047852 0.86035156
vt 0.01802063 0.8642578
vt 0.023468018 0.8642578
vt 0.01802063 0.8642578
vt 0.024047852 0.86035156
vt 0.019088745 0.859375
vt 0.023468018 0.8642578
vt 0.018661499 0.8691406
vt 0.02368164 0.86865234
vt 0.018661499 0.8691406
vt 0.023468018 0.8642578
vt 0.01802063 0.8642578
vt 0.02368164 0.86865234
vt 0.019683838 0.87402344
vt 0.024459839 0.8730469
vt 0.019683838 0.87402344
vt 0.02368164 0.86865234
vt 0.018661499 0.8691406
vt 0.024459839 0.8730469
vt 0.02142334 0.8798828
vt 0.026000977 0.8779297
vt 0.02142334 0.8798828
vt 0.024459839 0.8730469
vt 0.019683838 0.87402344
vt 0.026000977 0.8779297
vt 0.024230957 0.8857422
vt 0.028427124 0.8833008
vt 0.024230957 0.8857422
vt 0.026000977 0.8779297
vt 0.02142334 0.8798828
vt 0.028427124 0.8833008
vt 0.035491943 0.8984375
vt 0.038482666 0.89404297
vt 0.035491943 0.8984375
vt 0.028427124 0.8833008
vt 0.024230957 0.8857422
vt 0.038482666 0.89404297
vt 0.05178833 0.90478516
vt 0.052856445 0.89990234
vt 0.05178833 0.90478516
vt 0.038482666 0.89404297
vt 0.035491943 0.8984375
vt 0.082214355 0.8955078
vt 0.09643555 0.8881836
vt 0.09246826 0.8857422
vt 0.09643555 0.8881836
vt 0.082214355 0.8955078
vt 0.08483887 0.89990234
vt 0.09246826 0.8857422
vt 0.099609375 0.8828125
vt 0.095214844 0.8808594
vt 0.099609375 0.8828125
vt 0.09246826 0.8857422
vt 0.09643555 0.8881836
vt 0.095214844 0.8808594
vt 0.101745605 0.8774414
vt 0.09710693 0.87597656
vt 0.101745605 0.8774414
vt 0.095214844 0.8808594
vt 0.099609375 0.8828125
vt 0.09710693 0.87597656
vt 0.10321045 0.8725586
vt 0.0982666 0.87158203
vt 0.10321045 0.8725586
vt 0.09710693 0.87597656
vt 0.101745605 0.8774414
vt 0.0982666 0.87158203
vt 0.10424805 0.8676758
vt 0.09881592 0.8676758
vt 0.10424805 0.8676758
vt 0.0982666 0.87158203
vt 0.10321045 0.8725586
vt 0.09881592 0.8676758
vt 0.103637695 0.86279297
vt 0.09863281 0.86328125
vt 0.103637695 0.86279297
vt 0.09881592 0.8676758
vt 0.10424805 0.8676758
vt 0.09863281 0.86328125
vt 0.1026001 0.85791016
vt 0.097839355 0.8588867
vt 0.1026001 0.85791016
vt 0.09863281 0.86328125
vt 0.103637695 0.86279297
vt 0.097839355 0.8588867
vt 0.10089111 0.8520508
vt 0.09631348 0.8540039
vt 0.10089111 0.8520508
vt 0.097839355 0.8588867
vt 0.1026001 0.85791016
vt 0.09631348 0.8540039
vt 0.098083496 0.8461914
vt 0.09387207 0.8486328
vt 0.098083496 0.8461914
vt 0.09631348 0.8540039
vt 0.10089111 0.8520508
vt 0.09387207 0.8486328
vt 0.08679199 0.8334961
vt 0.08380127 0.8378906
vt 0.08679199 0.8334961
vt 0.09387207 0.8486328
vt 0.098083496 0.8461914
vt 0.08380127 0.8378906
vt 0.070495605 0.82714844
vt 0.06945801 0.83251953
vt 0.070495605 0.82714844
vt 0.08380127 0.8378906
vt 0.08679199 0.8334961
vt 0.04006958 0.8364258
vt 0.025863647 0.84375
vt 0.029800415 0.8461914
vt 0.025863647 0.84375
vt 0.04006958 0.8364258
vt 0.03744507 0.83203125
vt 0.029800415 0.8461914
vt 0.022705078 0.8491211
vt 0.02708435 0.8510742
vt 0.022705078 0.8491211
vt 0.029800415 0.8461914
vt 0.025863647 0.84375
vt 0.02708435 0.8510742
vt 0.02053833 0.8544922
vt 0.02519226 0.85595703
vt 0.02053833 0.8544922
vt 0.02708435 0.8510742
vt 0.022705078 0.8491211
vt 0.02519226 0.85595703
vt 0.019088745 0.859375
vt 0.024047852 0.86035156
vt 0.019088745 0.859375
vt 0.02519226 0.85595703
vt 0.02053833 0.8544922
vt 0.09472656 0.8647461
vt 0.09918213 0.8598633
vt 0.094177246 0.86035156
vt 0.09918213 0.8598633
vt 0.09472656 0.8647461
vt 0.10015869 0.8642578
vt 0.094177246 0.86035156
vt 0.09777832 0.8544922
vt 0.09307861 0.85595703
vt 0.09777832 0.8544922
vt 0.094177246 0.86035156
vt 0.09918213 0.8598633
vt 0.09307861 0.85595703
vt 0.09564209 0.8491211
vt 0.09118652 0.8510742
vt 0.09564209 0.8491211
vt 0.09307861 0.85595703
vt 0.09777832 0.8544922
vt 0.09118652 0.8510742
vt 0.09246826 0.84375
vt 0.08843994 0.8461914
vt 0.09246826 0.84375
vt 0.09118652 0.8510742
vt 0.09564209 0.8491211
vt 0.08843994 0.8461914
vt 0.08062744 0.83154297
vt 0.077941895 0.8364258
vt 0.08062744 0.83154297
vt 0.08843994 0.8461914
vt 0.09246826 0.84375
vt 0.077941895 0.8364258
vt 0.06402588 0.82666016
vt 0.06341553 0.83154297
vt 0.06402588 0.82666016
vt 0.077941895 0.8364258
vt 0.08062744 0.83154297
vt 0.034210205 0.8383789
vt 0.02029419 0.8466797
vt 0.024414062 0.8491211
vt 0.02029419 0.8466797
vt 0.034210205 0.8383789
vt 0.031280518 0.83447266
vt 0.024414062 0.8491211
vt 0.017486572 0.85253906
vt 0.021987915 0.8540039
vt 0.017486572 0.85253906
vt 0.024414062 0.8491211
vt 0.02029419 0.8466797
vt 0.021987915 0.8540039
vt 0.015701294 0.85791016
vt 0.020431519 0.8588867
vt 0.015701294 0.85791016
vt 0.021987915 0.8540039
vt 0.017486572 0.85253906
vt 0.020431519 0.8588867
vt 0.014625549 0.86279297
vt 0.019622803 0.86328125
vt 0.014625549 0.86279297
vt 0.020431519 0.8588867
vt 0.015701294 0.85791016
vt 0.019622803 0.86328125
vt 0.013938904 0.86816406
vt 0.01939392 0.8676758
vt 0.013938904 0.86816406
vt 0.019622803 0.86328125
vt 0.014625549 0.86279297
vt 0.01939392 0.8676758
vt 0.014945984 0.8725586
vt 0.019927979 0.8720703
vt 0.014945984 0.8725586
vt 0.01939392 0.8676758
vt 0.013938904 0.86816406
vt 0.019927979 0.8720703
vt 0.016342163 0.8779297
vt 0.02104187 0.87646484
vt 0.016342163 0.8779297
vt 0.019927979 0.8720703
vt 0.014945984 0.8725586
vt 0.02104187 0.87646484
vt 0.018478394 0.8833008
vt 0.022918701 0.88134766
vt 0.018478394 0.8833008
vt 0.02104187 0.87646484
vt 0.016342163 0.8779297
vt 0.022918701 0.88134766
vt 0.021636963 0.8886719
vt 0.025665283 0.88623047
vt 0.021636963 0.8886719
vt 0.022918701 0.88134766
vt 0.018478394 0.8833008
vt 0.025665283 0.88623047
vt 0.0335083 0.9008789
vt 0.03616333 0.8959961
vt 0.0335083 0.9008789
vt 0.025665283 0.88623047
vt 0.021636963 0.8886719
vt 0.03616333 0.8959961
vt 0.050109863 0.9057617
vt 0.050689697 0.9008789
vt 0.050109863 0.9057617
vt 0.03616333 0.8959961
vt 0.0335083 0.9008789
vt 0.07989502 0.89404297
vt 0.093811035 0.8857422
vt 0.089660645 0.8833008
vt 0.093811035 0.8857422
vt 0.07989502 0.89404297
vt 0.08282471 0.8979492
vt 0.089660645 0.8833008
vt 0.09661865 0.8798828
vt 0.09210205 0.87841797
vt 0.09661865 0.8798828
vt 0.089660645 0.8833008
vt 0.093811035 0.8857422
vt 0.09210205 0.87841797
vt 0.09838867 0.8745117
vt 0.093688965 0.87353516
vt 0.09838867 0.8745117
vt 0.09210205 0.87841797
vt 0.09661865 0.8798828
vt 0.093688965 0.87353516
vt 0.099487305 0.8696289
vt 0.09448242 0.8691406
vt 0.099487305 0.8696289
vt 0.093688965 0.87353516
vt 0.09838867 0.8745117
vt 0.09448242 0.8691406
vt 0.10015869 0.8642578
vt 0.09472656 0.8647461
vt 0.10015869 0.8642578
vt 0.09448242 0.8691406
vt 0.099487305 0.8696289
vt 0.01626587 0.8720703
vt 0.011940002 0.8779297
vt 0.017150879 0.87646484
vt 0.011940002 0.8779297
vt 0.01626587 0.8720703
vt 0.011306763 0.8730469
vt 0.017150879 0.87646484
vt 0.014190674 0.8823242
vt 0.01878357 0.8803711
vt 0.014190674 0.8823242
vt 0.017150879 0.87646484
vt 0.011940002 0.8779297
vt 0.01878357 0.8803711
vt 0.01687622 0.88671875
vt 0.02104187 0.88427734
vt 0.01687622 0.88671875
vt 0.01878357 0.8803711
vt 0.014190674 0.8823242
vt 0.020401001 0.89160156
vt 0.02104187 0.88427734
vt 0.01687622 0.88671875
vt 0.024139404 0.8881836
vt 0.024993896 0.8959961
vt 0.028121948 0.89208984
vt 0.028121948 0.89208984
vt 0.039886475 0.9042969
vt 0.041259766 0.89941406
vt 0.039886475 0.9042969
vt 0.028121948 0.89208984
vt 0.024993896 0.8959961
vt 0.07110596 0.89501953
vt 0.08691406 0.88916016
vt 0.08300781 0.88623047
vt 0.08691406 0.88916016
vt 0.07110596 0.89501953
vt 0.07354736 0.89990234
vt 0.08300781 0.88623047
vt 0.093933105 0.8745117
vt 0.08929443 0.8730469
vt 0.093933105 0.8745117
vt 0.08300781 0.88623047
vt 0.08691406 0.88916016
vt 0.09503174 0.86816406
vt 0.08929443 0.8730469
vt 0.093933105 0.8745117
vt 0.0904541 0.86279297
vt 0.0949707 0.8569336
vt 0.090026855 0.85791016
vt 0.090026855 0.85791016
vt 0.09436035 0.8520508
vt 0.08911133 0.8540039
vt 0.09436035 0.8520508
vt 0.090026855 0.85791016
vt 0.0949707 0.8569336
vt 0.08911133 0.8540039
vt 0.09210205 0.84765625
vt 0.08746338 0.85009766
vt 0.09210205 0.84765625
vt 0.08911133 0.8540039
vt 0.09436035 0.8520508
vt 0.08746338 0.85009766
vt 0.089416504 0.8432617
vt 0.08520508 0.8457031
vt 0.089416504 0.8432617
vt 0.08746338 0.85009766
vt 0.09210205 0.84765625
vt 0.085876465 0.8388672
vt 0.08520508 0.8457031
vt 0.089416504 0.8432617
vt 0.08215332 0.8417969
vt 0.08129883 0.8339844
vt 0.078125 0.8378906
vt 0.078125 0.8378906
vt 0.06640625 0.8256836
vt 0.06500244 0.8310547
vt 0.06640625 0.8256836
vt 0.078125 0.8378906
vt 0.08129883 0.8339844
vt 0.03515625 0.83496094
vt 0.019378662 0.8413086
vt 0.023269653 0.8442383
vt 0.019378662 0.8413086
vt 0.03515625 0.83496094
vt 0.032714844 0.8305664
vt 0.023269653 0.8442383
vt 0.012367249 0.85595703
vt 0.016967773 0.8569336
vt 0.012367249 0.85595703
vt 0.023269653 0.8442383
vt 0.019378662 0.8413086
vt 0.011222839 0.8623047
vt 0.016967773 0.8569336
vt 0.012367249 0.85595703
vt 0.015823364 0.8676758
vt 0.011306763 0.8730469
vt 0.01626587 0.8720703
vt 0.09112549 0.8779297
vt 0.09698486 0.8745117
vt 0.092041016 0.87353516
vt 0.09698486 0.8745117
vt 0.09112549 0.8779297
vt 0.09631348 0.87939453
vt 0.097351074 0.8696289
vt 0.092041016 0.87353516
vt 0.09698486 0.8745117
vt 0.09234619 0.86376953
vt 0.096069336 0.8574219
vt 0.09136963 0.85839844
vt 0.09136963 0.85839844
vt 0.08892822 0.84228516
vt 0.0848999 0.84521484
vt 0.08892822 0.84228516
vt 0.09136963 0.85839844
vt 0.096069336 0.8574219
vt 0.0848999 0.84521484
vt 0.07501221 0.83154297
vt 0.072753906 0.8364258
vt 0.07501221 0.83154297
vt 0.0848999 0.84521484
vt 0.08892822 0.84228516
vt 0.072753906 0.8364258
vt 0.058746338 0.82714844
vt 0.05822754 0.83203125
vt 0.058746338 0.82714844
vt 0.072753906 0.8364258
vt 0.07501221 0.83154297
vt 0.04296875 0.83251953
vt 0.027053833 0.8359375
vt 0.03012085 0.83935547
vt 0.027053833 0.8359375
vt 0.04296875 0.83251953
vt 0.04159546 0.828125
vt 0.026168823 0.8432617
vt 0.018951416 0.84472656
vt 0.023071289 0.84765625
vt 0.018951416 0.84472656
vt 0.026168823 0.8432617
vt 0.022491455 0.84033203
vt 0.023071289 0.84765625
vt 0.016235352 0.8491211
vt 0.02079773 0.8515625
vt 0.016235352 0.8491211
vt 0.023071289 0.84765625
vt 0.018951416 0.84472656
vt 0.02079773 0.8515625
vt 0.013938904 0.8535156
vt 0.019134521 0.85546875
vt 0.013938904 0.8535156
vt 0.02079773 0.8515625
vt 0.016235352 0.8491211
vt 0.019134521 0.85546875
vt 0.013244629 0.8588867
vt 0.018203735 0.859375
vt 0.013244629 0.8588867
vt 0.019134521 0.85546875
vt 0.013938904 0.8535156
vt 0.012870789 0.86376953
vt 0.018203735 0.859375
vt 0.013244629 0.8588867
vt 0.01789856 0.8691406
vt 0.014152527 0.87597656
vt 0.018844604 0.875
vt 0.018844604 0.875
vt 0.021331787 0.8911133
vt 0.025360107 0.8876953
vt 0.021331787 0.8911133
vt 0.018844604 0.875
vt 0.014152527 0.87597656
vt 0.025360107 0.8876953
vt 0.035186768 0.90185547
vt 0.037475586 0.89697266
vt 0.035186768 0.90185547
vt 0.025360107 0.8876953
vt 0.021331787 0.8911133
vt 0.037475586 0.89697266
vt 0.051483154 0.90625
vt 0.052001953 0.9013672
vt 0.051483154 0.90625
vt 0.037475586 0.89697266
vt 0.035186768 0.90185547
vt 0.06726074 0.9003906
vt 0.08319092 0.89746094
vt 0.08013916 0.8935547
vt 0.08319092 0.89746094
vt 0.06726074 0.9003906
vt 0.06866455 0.90527344
vt 0.08404541 0.88964844
vt 0.091308594 0.8881836
vt 0.0871582 0.8857422
vt 0.091308594 0.8881836
vt 0.08404541 0.88964844
vt 0.087768555 0.8930664
vt 0.0871582 0.8857422
vt 0.09399414 0.88378906
vt 0.089416504 0.88183594
vt 0.09399414 0.88378906
vt 0.0871582 0.8857422
vt 0.091308594 0.8881836
vt 0.089416504 0.88183594
vt 0.09631348 0.87939453
vt 0.09112549 0.8779297
vt 0.09631348 0.87939453
vt 0.089416504 0.88183594
vt 0.09399414 0.88378906
vt 0.030563354 0.8857422
vt 0.028244019 0.8930664
vt 0.032684326 0.88964844
vt 0.028244019 0.8930664
vt 0.030563354 0.8857422
vt 0.026123047 0.8881836
vt 0.032684326 0.88964844
vt 0.03173828 0.8964844
vt 0.035461426 0.8930664
vt 0.03173828 0.8964844
vt 0.032684326 0.88964844
vt 0.028244019 0.8930664
vt 0.035461426 0.8930664
vt 0.03567505 0.89990234
vt 0.038848877 0.8959961
vt 0.03567505 0.89990234
vt 0.035461426 0.8930664
vt 0.03173828 0.8964844
vt 0.038848877 0.8959961
vt 0.04046631 0.9033203
vt 0.043060303 0.8989258
vt 0.04046631 0.9033203
vt 0.038848877 0.8959961
vt 0.03567505 0.89990234
vt 0.043060303 0.8989258
vt 0.04623413 0.9057617
vt 0.048065186 0.9013672
vt 0.04623413 0.9057617
vt 0.043060303 0.8989258
vt 0.04046631 0.9033203
vt 0.048065186 0.9013672
vt 0.06298828 0.9091797
vt 0.062683105 0.9038086
vt 0.06298828 0.9091797
vt 0.048065186 0.9013672
vt 0.04623413 0.9057617
vt 0.07745361 0.89941406
vt 0.093566895 0.89453125
vt 0.08984375 0.8911133
vt 0.093566895 0.89453125
vt 0.07745361 0.89941406
vt 0.079711914 0.9042969
vt 0.08984375 0.8911133
vt 0.10296631 0.8803711
vt 0.09832764 0.87841797
vt 0.10296631 0.8803711
vt 0.08984375 0.8911133
vt 0.093566895 0.89453125
vt 0.09832764 0.87841797
vt 0.10510254 0.8642578
vt 0.1003418 0.8642578
vt 0.10510254 0.8642578
vt 0.09832764 0.87841797
vt 0.10296631 0.8803711
vt 0.1003418 0.8642578
vt 0.10424805 0.85791016
vt 0.09954834 0.8588867
vt 0.10424805 0.85791016
vt 0.1003418 0.8642578
vt 0.10510254 0.8642578
vt 0.09954834 0.8588867
vt 0.10266113 0.8520508
vt 0.09820557 0.8540039
vt 0.10266113 0.8520508
vt 0.09954834 0.8588867
vt 0.10424805 0.85791016
vt 0.09820557 0.8540039
vt 0.10076904 0.84716797
vt 0.09637451 0.8496094
vt 0.10076904 0.84716797
vt 0.09820557 0.8540039
vt 0.10266113 0.8520508
vt 0.09637451 0.8496094
vt 0.09869385 0.84277344
vt 0.09423828 0.8461914
vt 0.09869385 0.84277344
vt 0.09637451 0.8496094
vt 0.10076904 0.84716797
vt 0.09423828 0.8461914
vt 0.09515381 0.83935547
vt 0.091430664 0.84277344
vt 0.09515381 0.83935547
vt 0.09423828 0.8461914
vt 0.09869385 0.84277344
vt 0.091430664 0.84277344
vt 0.09124756 0.8359375
vt 0.08807373 0.83984375
vt 0.09124756 0.8359375
vt 0.091430664 0.84277344
vt 0.09515381 0.83935547
vt 0.08807373 0.83984375
vt 0.08642578 0.83251953
vt 0.083862305 0.83691406
vt 0.08642578 0.83251953
vt 0.08807373 0.83984375
vt 0.09124756 0.8359375
vt 0.083862305 0.83691406
vt 0.08068848 0.82958984
vt 0.07885742 0.83447266
vt 0.08068848 0.82958984
vt 0.083862305 0.83691406
vt 0.08642578 0.83251953
vt 0.07885742 0.83447266
vt 0.063964844 0.82666016
vt 0.064208984 0.83154297
vt 0.063964844 0.82666016
vt 0.07885742 0.83447266
vt 0.08068848 0.82958984
vt 0.049438477 0.8359375
vt 0.033325195 0.8413086
vt 0.03704834 0.84472656
vt 0.033325195 0.8413086
vt 0.049438477 0.8359375
vt 0.047180176 0.83154297
vt 0.03704834 0.84472656
vt 0.02394104 0.85546875
vt 0.028579712 0.8574219
vt 0.02394104 0.85546875
vt 0.03704834 0.84472656
vt 0.033325195 0.8413086
vt 0.028579712 0.8574219
vt 0.021820068 0.87158203
vt 0.026565552 0.87158203
vt 0.021820068 0.87158203
vt 0.028579712 0.8574219
vt 0.02394104 0.85546875
vt 0.026565552 0.87158203
vt 0.022659302 0.8779297
vt 0.027328491 0.8769531
vt 0.022659302 0.8779297
vt 0.026565552 0.87158203
vt 0.021820068 0.87158203
vt 0.027328491 0.8769531
vt 0.024230957 0.8833008
vt 0.0287323 0.88183594
vt 0.024230957 0.8833008
vt 0.027328491 0.8769531
vt 0.022659302 0.8779297
vt 0.0287323 0.88183594
vt 0.026123047 0.8881836
vt 0.030563354 0.8857422
vt 0.026123047 0.8881836
vt 0.0287323 0.88183594
vt 0.024230957 0.8833008
vt 0.0904541 0.8901367
vt 0.0970459 0.8886719
vt 0.09259033 0.88623047
vt 0.0970459 0.8886719
vt 0.0904541 0.8901367
vt 0.09484863 0.8930664
vt 0.09259033 0.88623047
vt 0.09899902 0.88378906
vt 0.09448242 0.88183594
vt 0.09899902 0.88378906
vt 0.09259033 0.88623047
vt 0.0970459 0.8886719
vt 0.09448242 0.88183594
vt 0.10064697 0.87841797
vt 0.095947266 0.8769531
vt 0.10064697 0.87841797
vt 0.09448242 0.88183594
vt 0.09899902 0.88378906
vt 0.095947266 0.8769531
vt 0.1015625 0.8720703
vt 0.09674072 0.87158203
vt 0.1015625 0.8720703
vt 0.095947266 0.8769531
vt 0.10064697 0.87841797
vt 0.09674072 0.87158203
vt 0.09942627 0.85498047
vt 0.09454346 0.8569336
vt 0.09942627 0.85498047
vt 0.09674072 0.87158203
vt 0.1015625 0.8720703
vt 0.09454346 0.8569336
vt 0.08947754 0.8408203
vt 0.085876465 0.84472656
vt 0.08947754 0.8408203
vt 0.09454346 0.8569336
vt 0.09942627 0.85498047
vt 0.085876465 0.84472656
vt 0.07537842 0.83154297
vt 0.07330322 0.8364258
vt 0.07537842 0.83154297
vt 0.085876465 0.84472656
vt 0.08947754 0.8408203
vt 0.04425049 0.83447266
vt 0.03677368 0.8330078
vt 0.03930664 0.83691406
vt 0.03677368 0.8330078
vt 0.04425049 0.83447266
vt 0.04248047 0.8300781
vt 0.028915405 0.8461914
vt 0.022323608 0.84765625
vt 0.026748657 0.85009766
vt 0.022323608 0.84765625
vt 0.028915405 0.8461914
vt 0.024490356 0.8432617
vt 0.026748657 0.85009766
vt 0.020355225 0.85253906
vt 0.024887085 0.8544922
vt 0.020355225 0.85253906
vt 0.026748657 0.85009766
vt 0.022323608 0.84765625
vt 0.024887085 0.8544922
vt 0.018722534 0.85791016
vt 0.023452759 0.859375
vt 0.018722534 0.85791016
vt 0.024887085 0.8544922
vt 0.020355225 0.85253906
vt 0.023452759 0.859375
vt 0.017822266 0.8642578
vt 0.022644043 0.8647461
vt 0.017822266 0.8642578
vt 0.023452759 0.859375
vt 0.018722534 0.85791016
vt 0.022644043 0.8647461
vt 0.019958496 0.8808594
vt 0.02482605 0.87890625
vt 0.019958496 0.8808594
vt 0.022644043 0.8647461
vt 0.017822266 0.8642578
vt 0.02482605 0.87890625
vt 0.029907227 0.8955078
vt 0.0335083 0.89160156
vt 0.029907227 0.8955078
vt 0.02482605 0.87890625
vt 0.019958496 0.8808594
vt 0.0335083 0.89160156
vt 0.044006348 0.90478516
vt 0.046081543 0.89990234
vt 0.044006348 0.90478516
vt 0.0335083 0.89160156
vt 0.029907227 0.8955078
vt 0.07513428 0.9013672
vt 0.08258057 0.9033203
vt 0.080078125 0.8989258
vt 0.08258057 0.9033203
vt 0.07513428 0.9013672
vt 0.0769043 0.90625
vt 0.022369385 0.8496094
vt 0.015472412 0.8520508
vt 0.020645142 0.8535156
vt 0.015472412 0.8520508
vt 0.022369385 0.8496094
vt 0.017837524 0.84765625
vt 0.020645142 0.8535156
vt 0.014717102 0.8569336
vt 0.01965332 0.85791016
vt 0.014717102 0.8569336
vt 0.020645142 0.8535156
vt 0.015472412 0.8520508
vt 0.014282227 0.8618164
vt 0.01965332 0.85791016
vt 0.014717102 0.8569336
vt 0.01927185 0.8671875
vt 0.0154953 0.87402344
vt 0.020217896 0.8730469
vt 0.020217896 0.8730469
vt 0.022750854 0.88964844
vt 0.02684021 0.88623047
vt 0.022750854 0.88964844
vt 0.020217896 0.8730469
vt 0.0154953 0.87402344
vt 0.02684021 0.88623047
vt 0.03665161 0.89990234
vt 0.039123535 0.8955078
vt 0.03665161 0.89990234
vt 0.02684021 0.88623047
vt 0.022750854 0.88964844
vt 0.039123535 0.8955078
vt 0.052734375 0.90527344
vt 0.05340576 0.9003906
vt 0.052734375 0.90527344
vt 0.039123535 0.8955078
vt 0.03665161 0.89990234
vt 0.06842041 0.89990234
vt 0.084106445 0.89697266
vt 0.08105469 0.8930664
vt 0.084106445 0.89697266
vt 0.06842041 0.89990234
vt 0.06976318 0.90478516
vt 0.08502197 0.88916016
vt 0.09222412 0.8876953
vt 0.088134766 0.8852539
vt 0.09222412 0.8876953
vt 0.08502197 0.88916016
vt 0.08868408 0.8925781
vt 0.088134766 0.8852539
vt 0.09503174 0.8833008
vt 0.0904541 0.88134766
vt 0.09503174 0.8833008
vt 0.088134766 0.8852539
vt 0.09222412 0.8876953
vt 0.0904541 0.88134766
vt 0.097351074 0.87890625
vt 0.09222412 0.8774414
vt 0.097351074 0.87890625
vt 0.0904541 0.88134766
vt 0.09503174 0.8833008
vt 0.09222412 0.8774414
vt 0.09814453 0.87402344
vt 0.09320068 0.8730469
vt 0.09814453 0.87402344
vt 0.09222412 0.8774414
vt 0.097351074 0.87890625
vt 0.09857178 0.8691406
vt 0.09320068 0.8730469
vt 0.09814453 0.87402344
vt 0.093566895 0.86328125
vt 0.097351074 0.8569336
vt 0.09259033 0.85791016
vt 0.09259033 0.85791016
vt 0.09008789 0.8413086
vt 0.085998535 0.84472656
vt 0.09008789 0.8413086
vt 0.09259033 0.85791016
vt 0.097351074 0.8569336
vt 0.085998535 0.84472656
vt 0.076171875 0.8305664
vt 0.07373047 0.8354492
vt 0.076171875 0.8305664
vt 0.085998535 0.84472656
vt 0.09008789 0.8413086
vt 0.07373047 0.8354492
vt 0.06011963 0.8251953
vt 0.059448242 0.8305664
vt 0.06011963 0.8251953
vt 0.07373047 0.8354492
vt 0.076171875 0.8305664
vt 0.044403076 0.8310547
vt 0.028747559 0.8339844
vt 0.031799316 0.8378906
vt 0.028747559 0.8339844
vt 0.044403076 0.8310547
vt 0.043060303 0.8261719
vt 0.027832031 0.8417969
vt 0.020599365 0.8432617
vt 0.02470398 0.8457031
vt 0.020599365 0.8432617
vt 0.027832031 0.8417969
vt 0.024169922 0.8383789
vt 0.02470398 0.8457031
vt 0.017837524 0.84765625
vt 0.022369385 0.8496094
vt 0.017837524 0.84765625
vt 0.02470398 0.8457031
vt 0.020599365 0.8432617
vt 0.09423828 0.85498047
vt 0.09710693 0.8491211
vt 0.0925293 0.8510742
vt 0.09710693 0.8491211
vt 0.09423828 0.85498047
vt 0.09942627 0.8535156
vt 0.0925293 0.8510742
vt 0.09436035 0.84472656
vt 0.09020996 0.84716797
vt 0.09436035 0.84472656
vt 0.0925293 0.8510742
vt 0.09710693 0.8491211
vt 0.09082031 0.83984375
vt 0.09020996 0.84716797
vt 0.09436035 0.84472656
vt 0.08709717 0.8432617
vt 0.08618164 0.8354492
vt 0.08306885 0.83935547
vt 0.08306885 0.83935547
vt 0.0715332 0.8276367
vt 0.07019043 0.83251953
vt 0.0715332 0.8276367
vt 0.08306885 0.83935547
vt 0.08618164 0.8354492
vt 0.040802002 0.83740234
vt 0.024841309 0.84375
vt 0.028793335 0.8466797
vt 0.024841309 0.84375
vt 0.040802002 0.83740234
vt 0.038238525 0.8330078
vt 0.028793335 0.8466797
vt 0.017730713 0.85839844
vt 0.022369385 0.8598633
vt 0.017730713 0.85839844
vt 0.028793335 0.8466797
vt 0.024841309 0.84375
vt 0.016616821 0.8647461
vt 0.022369385 0.8598633
vt 0.017730713 0.85839844
vt 0.021255493 0.8701172
vt 0.016799927 0.87597656
vt 0.021743774 0.875
vt 0.021743774 0.875
vt 0.017501831 0.8808594
vt 0.02268982 0.87890625
vt 0.017501831 0.8808594
vt 0.021743774 0.875
vt 0.016799927 0.87597656
vt 0.02268982 0.87890625
vt 0.019821167 0.8852539
vt 0.024383545 0.8828125
vt 0.019821167 0.8852539
vt 0.02268982 0.87890625
vt 0.017501831 0.8808594
vt 0.024383545 0.8828125
vt 0.02255249 0.88964844
vt 0.02670288 0.88720703
vt 0.02255249 0.88964844
vt 0.024383545 0.8828125
vt 0.019821167 0.8852539
vt 0.026123047 0.89404297
vt 0.02670288 0.88720703
vt 0.02255249 0.88964844
vt 0.029846191 0.8911133
vt 0.030715942 0.8989258
vt 0.033813477 0.89501953
vt 0.033813477 0.89501953
vt 0.045410156 0.9067383
vt 0.046722412 0.90185547
vt 0.045410156 0.9067383
vt 0.033813477 0.89501953
vt 0.030715942 0.8989258
vt 0.088134766 0.8876953
vt 0.09918213 0.8754883
vt 0.09454346 0.8745117
vt 0.09918213 0.8754883
vt 0.088134766 0.8876953
vt 0.09210205 0.890625
vt 0.10028076 0.8691406
vt 0.09454346 0.8745117
vt 0.09918213 0.8754883
vt 0.09564209 0.86376953
vt 0.100097656 0.85839844
vt 0.09515381 0.859375
vt 0.09515381 0.859375
vt 0.09942627 0.8535156
vt 0.09423828 0.85498047
vt 0.09942627 0.8535156
vt 0.09515381 0.859375
vt 0.100097656 0.85839844
vt 0.024215698 0.8574219
vt 0.017822266 0.86083984
vt 0.023208618 0.8618164
vt 0.017822266 0.86083984
vt 0.024215698 0.8574219
vt 0.019363403 0.8564453
vt 0.023208618 0.8618164
vt 0.017944336 0.86572266
vt 0.022979736 0.86621094
vt 0.017944336 0.86572266
vt 0.023208618 0.8618164
vt 0.017822266 0.86083984
vt 0.018447876 0.87109375
vt 0.022979736 0.86621094
vt 0.017944336 0.86572266
vt 0.02330017 0.87060547
vt 0.019607544 0.8769531
vt 0.02432251 0.8754883
vt 0.02432251 0.8754883
vt 0.02180481 0.8828125
vt 0.026245117 0.8808594
vt 0.02180481 0.8828125
vt 0.02432251 0.8754883
vt 0.019607544 0.8769531
vt 0.026245117 0.8808594
vt 0.031707764 0.89697266
vt 0.035125732 0.8925781
vt 0.031707764 0.89697266
vt 0.026245117 0.8808594
vt 0.02180481 0.8828125
vt 0.035125732 0.8925781
vt 0.04727173 0.90478516
vt 0.048858643 0.89990234
vt 0.04727173 0.90478516
vt 0.035125732 0.8925781
vt 0.031707764 0.89697266
vt 0.07849121 0.8989258
vt 0.09338379 0.8930664
vt 0.08972168 0.8901367
vt 0.09338379 0.8930664
vt 0.07849121 0.8989258
vt 0.08068848 0.9033203
vt 0.08972168 0.8901367
vt 0.0970459 0.8876953
vt 0.09289551 0.8852539
vt 0.0970459 0.8876953
vt 0.08972168 0.8901367
vt 0.09338379 0.8930664
vt 0.09289551 0.8852539
vt 0.09979248 0.8828125
vt 0.09527588 0.8808594
vt 0.09979248 0.8828125
vt 0.09289551 0.8852539
vt 0.0970459 0.8876953
vt 0.09527588 0.8808594
vt 0.10168457 0.8779297
vt 0.09686279 0.87646484
vt 0.10168457 0.8779297
vt 0.09527588 0.8808594
vt 0.09979248 0.8828125
vt 0.09686279 0.87646484
vt 0.103271484 0.8730469
vt 0.097839355 0.8725586
vt 0.103271484 0.8730469
vt 0.09686279 0.87646484
vt 0.10168457 0.8779297
vt 0.097839355 0.8725586
vt 0.103149414 0.86816406
vt 0.098083496 0.86816406
vt 0.103149414 0.86816406
vt 0.097839355 0.8725586
vt 0.103271484 0.8730469
vt 0.10266113 0.86328125
vt 0.098083496 0.86816406
vt 0.103149414 0.86816406
vt 0.09777832 0.86376953
vt 0.10144043 0.8574219
vt 0.09674072 0.85839844
vt 0.09674072 0.85839844
vt 0.099243164 0.8510742
vt 0.09484863 0.8535156
vt 0.099243164 0.8510742
vt 0.09674072 0.85839844
vt 0.10144043 0.8574219
vt 0.09484863 0.8535156
vt 0.08935547 0.83740234
vt 0.0859375 0.8413086
vt 0.08935547 0.83740234
vt 0.09484863 0.8535156
vt 0.099243164 0.8510742
vt 0.0859375 0.8413086
vt 0.073791504 0.82958984
vt 0.07220459 0.83447266
vt 0.073791504 0.82958984
vt 0.0859375 0.8413086
vt 0.08935547 0.83740234
vt 0.04257202 0.8354492
vt 0.02772522 0.8413086
vt 0.03137207 0.8442383
vt 0.02772522 0.8413086
vt 0.04257202 0.8354492
vt 0.040405273 0.8310547
vt 0.03137207 0.8442383
vt 0.024002075 0.8461914
vt 0.028167725 0.8486328
vt 0.024002075 0.8461914
vt 0.03137207 0.8442383
vt 0.02772522 0.8413086
vt 0.028167725 0.8486328
vt 0.02130127 0.8515625
vt 0.025802612 0.85302734
vt 0.02130127 0.8515625
vt 0.028167725 0.8486328
vt 0.024002075 0.8461914
vt 0.025802612 0.85302734
vt 0.019363403 0.8564453
vt 0.024215698 0.8574219
vt 0.019363403 0.8564453
vt 0.025802612 0.85302734
vt 0.02130127 0.8515625
vt 0.09753418 0.8613281
vt 0.10144043 0.85595703
vt 0.09655762 0.8574219
vt 0.10144043 0.85595703
vt 0.09753418 0.8613281
vt 0.10290527 0.86083984
vt 0.09655762 0.8574219
vt 0.09954834 0.8510742
vt 0.0949707 0.85302734
vt 0.09954834 0.8510742
vt 0.09655762 0.8574219
vt 0.10144043 0.85595703
vt 0.0949707 0.85302734
vt 0.09686279 0.8457031
vt 0.09265137 0.84814453
vt 0.09686279 0.8457031
vt 0.0949707 0.85302734
vt 0.09954834 0.8510742
vt 0.09265137 0.84814453
vt 0.09313965 0.8408203
vt 0.089416504 0.84375
vt 0.09313965 0.8408203
vt 0.09265137 0.84814453
vt 0.09686279 0.8457031
vt 0.089416504 0.84375
vt 0.08013916 0.8300781
vt 0.077941895 0.83496094
vt 0.08013916 0.8300781
vt 0.089416504 0.84375
vt 0.09313965 0.8408203
vt 0.04815674 0.83447266
vt 0.031311035 0.83740234
vt 0.03463745 0.8413086
vt 0.031311035 0.83740234
vt 0.04815674 0.83447266
vt 0.046417236 0.82958984
vt 0.03463745 0.8413086
vt 0.021652222 0.8510742
vt 0.026000977 0.85302734
vt 0.021652222 0.8510742
vt 0.03463745 0.8413086
vt 0.031311035 0.83740234
vt 0.026000977 0.85302734
vt 0.019424438 0.8569336
vt 0.02407837 0.85839844
vt 0.019424438 0.8569336
vt 0.026000977 0.85302734
vt 0.021652222 0.8510742
vt 0.02407837 0.85839844
vt 0.018218994 0.86279297
vt 0.023025513 0.86328125
vt 0.018218994 0.86279297
vt 0.02407837 0.85839844
vt 0.019424438 0.8569336
vt 0.017669678 0.8676758
vt 0.023025513 0.86328125
vt 0.018218994 0.86279297
vt 0.02268982 0.8676758
vt 0.017471313 0.8730469
vt 0.022888184 0.8720703
vt 0.022888184 0.8720703
vt 0.018966675 0.8774414
vt 0.023849487 0.87646484
vt 0.018966675 0.8774414
vt 0.022888184 0.8720703
vt 0.017471313 0.8730469
vt 0.023849487 0.87646484
vt 0.020874023 0.8823242
vt 0.025421143 0.8803711
vt 0.020874023 0.8823242
vt 0.023849487 0.87646484
vt 0.018966675 0.8774414
vt 0.025421143 0.8803711
vt 0.023544312 0.8876953
vt 0.027770996 0.8852539
vt 0.023544312 0.8876953
vt 0.025421143 0.8803711
vt 0.020874023 0.8823242
vt 0.027770996 0.8852539
vt 0.027267456 0.8930664
vt 0.0309906 0.88964844
vt 0.027267456 0.8930664
vt 0.027770996 0.8852539
vt 0.023544312 0.8876953
vt 0.0309906 0.88964844
vt 0.040283203 0.9033203
vt 0.04248047 0.8989258
vt 0.040283203 0.9033203
vt 0.0309906 0.88964844
vt 0.027267456 0.8930664
vt 0.072265625 0.89941406
vt 0.08911133 0.8959961
vt 0.085754395 0.89208984
vt 0.08911133 0.8959961
vt 0.072265625 0.89941406
vt 0.07397461 0.9038086
vt 0.085754395 0.89208984
vt 0.09875488 0.8823242
vt 0.09442139 0.8803711
vt 0.09875488 0.8823242
vt 0.085754395 0.89208984
vt 0.08911133 0.8959961
vt 0.09442139 0.8803711
vt 0.10095215 0.87646484
vt 0.09631348 0.875
vt 0.10095215 0.87646484
vt 0.09442139 0.8803711
vt 0.09875488 0.8823242
vt 0.09631348 0.875
vt 0.10217285 0.87060547
vt 0.097351074 0.8701172
vt 0.10217285 0.87060547
vt 0.09631348 0.875
vt 0.10095215 0.87646484
vt 0.10272217 0.86572266
vt 0.097351074 0.8701172
vt 0.10217285 0.87060547
vt 0.097717285 0.86572266
vt 0.10290527 0.86083984
vt 0.09753418 0.8613281
vt 0.019515991 0.8691406
vt 0.014480591 0.8745117
vt 0.019851685 0.87353516
vt 0.019851685 0.87353516
vt 0.01612854 0.87890625
vt 0.020950317 0.8774414
vt 0.01612854 0.87890625
vt 0.019851685 0.87353516
vt 0.014480591 0.8745117
vt 0.020950317 0.8774414
vt 0.018203735 0.88378906
vt 0.02267456 0.88183594
vt 0.018203735 0.88378906
vt 0.020950317 0.8774414
vt 0.01612854 0.87890625
vt 0.02267456 0.88183594
vt 0.021087646 0.88916016
vt 0.02520752 0.88623047
vt 0.021087646 0.88916016
vt 0.02267456 0.88183594
vt 0.018203735 0.88378906
vt 0.02520752 0.88623047
vt 0.025054932 0.89404297
vt 0.028640747 0.890625
vt 0.025054932 0.89404297
vt 0.02520752 0.88623047
vt 0.021087646 0.88916016
vt 0.028640747 0.890625
vt 0.038757324 0.9042969
vt 0.040771484 0.89941406
vt 0.038757324 0.9042969
vt 0.028640747 0.890625
vt 0.025054932 0.89404297
vt 0.07086182 0.89941406
vt 0.08734131 0.89501953
vt 0.083862305 0.89160156
vt 0.08734131 0.89501953
vt 0.07086182 0.89941406
vt 0.07269287 0.9038086
vt 0.083862305 0.89160156
vt 0.096191406 0.88134766
vt 0.091796875 0.8798828
vt 0.096191406 0.88134766
vt 0.083862305 0.89160156
vt 0.08734131 0.89501953
vt 0.091796875 0.8798828
vt 0.09814453 0.8754883
vt 0.093444824 0.8745117
vt 0.09814453 0.8754883
vt 0.091796875 0.8798828
vt 0.096191406 0.88134766
vt 0.099121094 0.8696289
vt 0.093444824 0.8745117
vt 0.09814453 0.8754883
vt 0.09448242 0.8647461
vt 0.09954834 0.8598633
vt 0.094177246 0.86035156
vt 0.094177246 0.86035156
vt 0.09790039 0.85498047
vt 0.09307861 0.8564453
vt 0.09790039 0.85498047
vt 0.094177246 0.86035156
vt 0.09954834 0.8598633
vt 0.09307861 0.8564453
vt 0.095825195 0.85009766
vt 0.091308594 0.8520508
vt 0.095825195 0.85009766
vt 0.09307861 0.8564453
vt 0.09790039 0.85498047
vt 0.091308594 0.8520508
vt 0.09289551 0.84521484
vt 0.08880615 0.84765625
vt 0.09289551 0.84521484
vt 0.091308594 0.8520508
vt 0.095825195 0.85009766
vt 0.08880615 0.84765625
vt 0.08892822 0.83984375
vt 0.08538818 0.8432617
vt 0.08892822 0.83984375
vt 0.08880615 0.84765625
vt 0.09289551 0.84521484
vt 0.08538818 0.8432617
vt 0.07525635 0.8300781
vt 0.07324219 0.83496094
vt 0.07525635 0.8300781
vt 0.08538818 0.8432617
vt 0.08892822 0.83984375
vt 0.043121338 0.83496094
vt 0.026672363 0.8388672
vt 0.03012085 0.84228516
vt 0.026672363 0.8388672
vt 0.043121338 0.83496094
vt 0.041290283 0.8300781
vt 0.03012085 0.84228516
vt 0.017791748 0.85253906
vt 0.022201538 0.8544922
vt 0.017791748 0.85253906
vt 0.03012085 0.84228516
vt 0.026672363 0.8388672
vt 0.022201538 0.8544922
vt 0.015838623 0.85839844
vt 0.02053833 0.859375
vt 0.015838623 0.85839844
vt 0.022201538 0.8544922
vt 0.017791748 0.85253906
vt 0.014854431 0.8642578
vt 0.02053833 0.859375
vt 0.015838623 0.85839844
vt 0.09753418 0.8720703
vt 0.10290527 0.86816406
vt 0.09790039 0.8676758
vt 0.10290527 0.86816406
vt 0.09753418 0.8720703
vt 0.10290527 0.8730469
vt 0.1026001 0.86279297
vt 0.09790039 0.8676758
vt 0.10290527 0.86816406
vt 0.097717285 0.86328125
vt 0.10168457 0.8569336
vt 0.09692383 0.85791016
vt 0.09692383 0.85791016
vt 0.099731445 0.8510742
vt 0.09527588 0.85302734
vt 0.099731445 0.8510742
vt 0.09692383 0.85791016
vt 0.10168457 0.8569336
vt 0.09527588 0.85302734
vt 0.09063721 0.83691406
vt 0.08709717 0.8408203
vt 0.09063721 0.83691406
vt 0.09527588 0.85302734
vt 0.099731445 0.8510742
vt 0.08709717 0.8408203
vt 0.07556152 0.828125
vt 0.07385254 0.8330078
vt 0.07556152 0.828125
vt 0.08709717 0.8408203
vt 0.09063721 0.83691406
vt 0.043914795 0.8334961
vt 0.028533936 0.8388672
vt 0.032043457 0.84228516
vt 0.028533936 0.8388672
vt 0.043914795 0.8334961
vt 0.041900635 0.82910156
vt 0.032043457 0.84228516
vt 0.02458191 0.84375
vt 0.028640747 0.8466797
vt 0.02458191 0.84375
vt 0.032043457 0.84228516
vt 0.028533936 0.8388672
vt 0.028640747 0.8466797
vt 0.02168274 0.8491211
vt 0.02609253 0.8510742
vt 0.02168274 0.8491211
vt 0.028640747 0.8466797
vt 0.02458191 0.84375
vt 0.02609253 0.8510742
vt 0.019561768 0.8535156
vt 0.024353027 0.85498047
vt 0.019561768 0.8535156
vt 0.02609253 0.8510742
vt 0.02168274 0.8491211
vt 0.024353027 0.85498047
vt 0.017852783 0.85839844
vt 0.023223877 0.859375
vt 0.017852783 0.85839844
vt 0.024353027 0.85498047
vt 0.019561768 0.8535156
vt 0.023223877 0.859375
vt 0.017822266 0.86328125
vt 0.022857666 0.86376953
vt 0.017822266 0.86328125
vt 0.023223877 0.859375
vt 0.017852783 0.85839844
vt 0.018127441 0.86865234
vt 0.022857666 0.86376953
vt 0.017822266 0.86328125
vt 0.022994995 0.86816406
vt 0.019058228 0.87402344
vt 0.023834229 0.8730469
vt 0.023834229 0.8730469
vt 0.020996094 0.8803711
vt 0.025482178 0.87841797
vt 0.020996094 0.8803711
vt 0.023834229 0.8730469
vt 0.019058228 0.87402344
vt 0.025482178 0.87841797
vt 0.030090332 0.89453125
vt 0.03363037 0.890625
vt 0.030090332 0.89453125
vt 0.025482178 0.87841797
vt 0.020996094 0.8803711
vt 0.03363037 0.890625
vt 0.045196533 0.9033203
vt 0.046875 0.8979492
vt 0.045196533 0.9033203
vt 0.03363037 0.890625
vt 0.030090332 0.89453125
vt 0.07684326 0.8979492
vt 0.09222412 0.8925781
vt 0.08868408 0.88916016
vt 0.09222412 0.8925781
vt 0.07684326 0.8979492
vt 0.07885742 0.90234375
vt 0.08868408 0.88916016
vt 0.09613037 0.8876953
vt 0.09210205 0.8847656
vt 0.09613037 0.8876953
vt 0.08868408 0.88916016
vt 0.09222412 0.8925781
vt 0.09210205 0.8847656
vt 0.09906006 0.8823242
vt 0.09466553 0.8803711
vt 0.09906006 0.8823242
vt 0.09210205 0.8847656
vt 0.09613037 0.8876953
vt 0.09466553 0.8803711
vt 0.10119629 0.8779297
vt 0.09637451 0.87646484
vt 0.10119629 0.8779297
vt 0.09466553 0.8803711
vt 0.09906006 0.8823242
vt 0.09637451 0.87646484
vt 0.10290527 0.8730469
vt 0.09753418 0.8720703
vt 0.10290527 0.8730469
vt 0.09637451 0.87646484
vt 0.10119629 0.8779297
vt 0.029052734 0.8828125
vt 0.026062012 0.88964844
vt 0.030807495 0.88671875
vt 0.026062012 0.88964844
vt 0.029052734 0.8828125
vt 0.024398804 0.8847656
vt 0.030807495 0.88671875
vt 0.029190063 0.8935547
vt 0.033233643 0.8901367
vt 0.029190063 0.8935547
vt 0.030807495 0.88671875
vt 0.026062012 0.88964844
vt 0.03274536 0.89697266
vt 0.033233643 0.8901367
vt 0.029190063 0.8935547
vt 0.0362854 0.8935547
vt 0.03717041 0.9008789
vt 0.04019165 0.89697266
vt 0.04019165 0.89697266
vt 0.042633057 0.9042969
vt 0.044891357 0.89990234
vt 0.042633057 0.9042969
vt 0.04019165 0.89697266
vt 0.03717041 0.9008789
vt 0.044891357 0.89990234
vt 0.058929443 0.9091797
vt 0.059173584 0.9042969
vt 0.058929443 0.9091797
vt 0.044891357 0.89990234
vt 0.042633057 0.9042969
vt 0.087524414 0.89404297
vt 0.10168457 0.8847656
vt 0.097229004 0.8823242
vt 0.10168457 0.8847656
vt 0.087524414 0.89404297
vt 0.09088135 0.8979492
vt 0.097229004 0.8823242
vt 0.105407715 0.86865234
vt 0.10064697 0.86865234
vt 0.105407715 0.86865234
vt 0.097229004 0.8823242
vt 0.10168457 0.8847656
vt 0.10522461 0.8623047
vt 0.10064697 0.86865234
vt 0.105407715 0.86865234
vt 0.10046387 0.86279297
vt 0.10424805 0.8564453
vt 0.09954834 0.85791016
vt 0.09954834 0.85791016
vt 0.10284424 0.8515625
vt 0.09820557 0.8535156
vt 0.10284424 0.8515625
vt 0.09954834 0.85791016
vt 0.10424805 0.8564453
vt 0.09820557 0.8535156
vt 0.10119629 0.84716797
vt 0.09643555 0.8496094
vt 0.10119629 0.84716797
vt 0.09820557 0.8535156
vt 0.10284424 0.8515625
vt 0.09643555 0.8496094
vt 0.098083496 0.8432617
vt 0.09399414 0.8461914
vt 0.098083496 0.8432617
vt 0.09643555 0.8496094
vt 0.10119629 0.84716797
vt 0.09448242 0.83935547
vt 0.09399414 0.8461914
vt 0.098083496 0.8432617
vt 0.09094238 0.84277344
vt 0.09008789 0.8354492
vt 0.08709717 0.83935547
vt 0.08709717 0.83935547
vt 0.08459473 0.83203125
vt 0.082336426 0.8364258
vt 0.08459473 0.83203125
vt 0.08709717 0.83935547
vt 0.09008789 0.8354492
vt 0.082336426 0.8364258
vt 0.06829834 0.82714844
vt 0.0680542 0.83251953
vt 0.06829834 0.82714844
vt 0.082336426 0.8364258
vt 0.08459473 0.83203125
vt 0.03970337 0.84277344
vt 0.02557373 0.8520508
vt 0.030014038 0.8540039
vt 0.02557373 0.8520508
vt 0.03970337 0.84277344
vt 0.036376953 0.8388672
vt 0.030014038 0.8540039
vt 0.021820068 0.8676758
vt 0.026565552 0.86816406
vt 0.021820068 0.8676758
vt 0.030014038 0.8540039
vt 0.02557373 0.8520508
vt 0.022018433 0.87402344
vt 0.026565552 0.86816406
vt 0.021820068 0.8676758
vt 0.026779175 0.87353516
vt 0.023010254 0.8798828
vt 0.027679443 0.87841797
vt 0.027679443 0.87841797
vt 0.024398804 0.8847656
vt 0.029052734 0.8828125
vt 0.024398804 0.8847656
vt 0.027679443 0.87841797
vt 0.023010254 0.8798828
vt 0.087402344 0.88623047
vt 0.09387207 0.88427734
vt 0.08917236 0.8823242
vt 0.09387207 0.88427734
vt 0.087402344 0.88623047
vt 0.092163086 0.88916016
vt 0.08917236 0.8823242
vt 0.095336914 0.87939453
vt 0.09063721 0.8779297
vt 0.095336914 0.87939453
vt 0.08917236 0.8823242
vt 0.09387207 0.88427734
vt 0.09063721 0.8779297
vt 0.09637451 0.87353516
vt 0.091552734 0.8730469
vt 0.09637451 0.87353516
vt 0.09063721 0.8779297
vt 0.095336914 0.87939453
vt 0.091552734 0.8730469
vt 0.09661865 0.8671875
vt 0.091796875 0.8676758
vt 0.09661865 0.8671875
vt 0.091552734 0.8730469
vt 0.09637451 0.87353516
vt 0.091796875 0.8676758
vt 0.09277344 0.8510742
vt 0.088134766 0.8535156
vt 0.09277344 0.8510742
vt 0.091796875 0.8676758
vt 0.09661865 0.8671875
vt 0.088134766 0.8535156
vt 0.08148193 0.8378906
vt 0.07824707 0.8417969
vt 0.08148193 0.8378906
vt 0.088134766 0.8535156
vt 0.09277344 0.8510742
vt 0.07824707 0.8417969
vt 0.066467285 0.8300781
vt 0.06488037 0.83496094
vt 0.066467285 0.8300781
vt 0.07824707 0.8417969
vt 0.08148193 0.8378906
vt 0.024230957 0.8457031
vt 0.017059326 0.8466797
vt 0.021774292 0.8491211
vt 0.017059326 0.8466797
vt 0.024230957 0.8457031
vt 0.020217896 0.84277344
vt 0.021774292 0.8491211
vt 0.015342712 0.8510742
vt 0.019989014 0.85302734
vt 0.015342712 0.8510742
vt 0.021774292 0.8491211
vt 0.017059326 0.8466797
vt 0.019989014 0.85302734
vt 0.013885498 0.8564453
vt 0.018569946 0.8574219
vt 0.013885498 0.8564453
vt 0.019989014 0.85302734
vt 0.015342712 0.8510742
vt 0.018569946 0.8574219
vt 0.012825012 0.8618164
vt 0.01763916 0.86279297
vt 0.012825012 0.8618164
vt 0.018569946 0.8574219
vt 0.013885498 0.8564453
vt 0.01763916 0.86279297
vt 0.012573242 0.86816406
vt 0.017410278 0.86816406
vt 0.012573242 0.86816406
vt 0.01763916 0.86279297
vt 0.012825012 0.8618164
vt 0.017410278 0.86816406
vt 0.01638794 0.8847656
vt 0.021026611 0.8823242
vt 0.01638794 0.8847656
vt 0.017410278 0.86816406
vt 0.012573242 0.86816406
vt 0.021026611 0.8823242
vt 0.027740479 0.8979492
vt 0.030960083 0.89404297
vt 0.027740479 0.8979492
vt 0.021026611 0.8823242
vt 0.01638794 0.8847656
vt 0.030960083 0.89404297
vt 0.04269409 0.9057617
vt 0.044311523 0.9008789
vt 0.04269409 0.9057617
vt 0.030960083 0.89404297
vt 0.027740479 0.8979492
vt 0.08496094 0.88964844
vt 0.092163086 0.88916016
vt 0.087402344 0.88623047
vt 0.092163086 0.88916016
vt 0.08496094 0.88964844
vt 0.08898926 0.8930664
vt 0.032348633 0.89160156
vt 0.030944824 0.8989258
vt 0.034942627 0.89501953
vt 0.030944824 0.8989258
vt 0.032348633 0.89160156
vt 0.028259277 0.89453125
vt 0.034942627 0.89501953
vt 0.03488159 0.90185547
vt 0.038116455 0.8979492
vt 0.03488159 0.90185547
vt 0.034942627 0.89501953
vt 0.030944824 0.8989258
vt 0.038116455 0.8979492
vt 0.039215088 0.90478516
vt 0.041900635 0.9003906
vt 0.039215088 0.90478516
vt 0.038116455 0.8979492
vt 0.03488159 0.90185547
vt 0.041900635 0.9003906
vt 0.044403076 0.90722656
vt 0.046447754 0.90283203
vt 0.044403076 0.90722656
vt 0.041900635 0.9003906
vt 0.039215088 0.90478516
vt 0.046447754 0.90283203
vt 0.05050659 0.9091797
vt 0.051727295 0.90478516
vt 0.05050659 0.9091797
vt 0.046447754 0.90283203
vt 0.044403076 0.90722656
vt 0.08062744 0.8989258
vt 0.095947266 0.89208984
vt 0.091796875 0.8886719
vt 0.095947266 0.89208984
vt 0.08062744 0.8989258
vt 0.083496094 0.9033203
vt 0.09857178 0.8754883
vt 0.103393555 0.86035156
vt 0.09875488 0.8613281
vt 0.103393555 0.86035156
vt 0.09857178 0.8754883
vt 0.103393555 0.87646484
vt 0.09875488 0.8613281
vt 0.101745605 0.8540039
vt 0.09729004 0.85595703
vt 0.101745605 0.8540039
vt 0.09875488 0.8613281
vt 0.103393555 0.86035156
vt 0.09729004 0.85595703
vt 0.099487305 0.8486328
vt 0.095214844 0.8510742
vt 0.099487305 0.8486328
vt 0.09729004 0.85595703
vt 0.101745605 0.8540039
vt 0.095214844 0.8510742
vt 0.09698486 0.8442383
vt 0.09289551 0.84716797
vt 0.09698486 0.8442383
vt 0.095214844 0.8510742
vt 0.099487305 0.8486328
vt 0.09289551 0.84716797
vt 0.09429932 0.83984375
vt 0.090270996 0.84375
vt 0.09429932 0.83984375
vt 0.09289551 0.84716797
vt 0.09698486 0.8442383
vt 0.090270996 0.84375
vt 0.09033203 0.83691406
vt 0.08709717 0.8408203
vt 0.09033203 0.83691406
vt 0.090270996 0.84375
vt 0.09429932 0.83984375
vt 0.08709717 0.8408203
vt 0.085998535 0.8339844
vt 0.08331299 0.8383789
vt 0.085998535 0.8339844
vt 0.08709717 0.8408203
vt 0.09033203 0.83691406
vt 0.08331299 0.8383789
vt 0.08081055 0.83154297
vt 0.07879639 0.8359375
vt 0.08081055 0.83154297
vt 0.08331299 0.8383789
vt 0.085998535 0.8339844
vt 0.07879639 0.8359375
vt 0.07470703 0.82910156
vt 0.07348633 0.8339844
vt 0.07470703 0.82910156
vt 0.07879639 0.8359375
vt 0.08081055 0.83154297
vt 0.04458618 0.83984375
vt 0.029281616 0.8466797
vt 0.033416748 0.85009766
vt 0.029281616 0.8466797
vt 0.04458618 0.83984375
vt 0.04171753 0.8354492
vt 0.033416748 0.85009766
vt 0.021820068 0.8623047
vt 0.026657104 0.86328125
vt 0.021820068 0.8623047
vt 0.033416748 0.85009766
vt 0.029281616 0.8466797
vt 0.026657104 0.86328125
vt 0.021820068 0.87841797
vt 0.026489258 0.8774414
vt 0.021820068 0.87841797
vt 0.026657104 0.86328125
vt 0.021820068 0.8623047
vt 0.026489258 0.8774414
vt 0.023483276 0.8847656
vt 0.02796936 0.8828125
vt 0.023483276 0.8847656
vt 0.026489258 0.8774414
vt 0.021820068 0.87841797
vt 0.02796936 0.8828125
vt 0.025756836 0.8901367
vt 0.02999878 0.8876953
vt 0.025756836 0.8901367
vt 0.02796936 0.8828125
vt 0.023483276 0.8847656
vt 0.02999878 0.8876953
vt 0.028259277 0.89453125
vt 0.032348633 0.89160156
vt 0.028259277 0.89453125
vt 0.02999878 0.8876953
vt 0.025756836 0.8901367
vt 0.087768555 0.890625
vt 0.09442139 0.88916016
vt 0.09020996 0.88671875
vt 0.09442139 0.88916016
vt 0.087768555 0.890625
vt 0.09185791 0.8935547
vt 0.09020996 0.88671875
vt 0.09680176 0.88378906
vt 0.09222412 0.88183594
vt 0.09680176 0.88378906
vt 0.09020996 0.88671875
vt 0.09442139 0.88916016
vt 0.09222412 0.88183594
vt 0.09851074 0.8774414
vt 0.09375 0.87646484
vt 0.09851074 0.8774414
vt 0.09222412 0.88183594
vt 0.09680176 0.88378906
vt 0.09375 0.87646484
vt 0.09857178 0.86083984
vt 0.09350586 0.8618164
vt 0.09857178 0.86083984
vt 0.09375 0.87646484
vt 0.09851074 0.8774414
vt 0.09350586 0.8618164
vt 0.09057617 0.84521484
vt 0.08648682 0.8486328
vt 0.09057617 0.84521484
vt 0.09350586 0.8618164
vt 0.09857178 0.86083984
vt 0.08648682 0.8486328
vt 0.077819824 0.8339844
vt 0.07513428 0.8383789
vt 0.077819824 0.8339844
vt 0.08648682 0.8486328
vt 0.09057617 0.84521484
vt 0.07513428 0.8383789
vt 0.061920166 0.8276367
vt 0.06109619 0.83251953
vt 0.061920166 0.8276367
vt 0.07513428 0.8383789
vt 0.077819824 0.8339844
vt 0.046539307 0.8330078
vt 0.03933716 0.8305664
vt 0.0413208 0.83496094
vt 0.03933716 0.8305664
vt 0.046539307 0.8330078
vt 0.04534912 0.8286133
vt 0.0413208 0.83496094
vt 0.03414917 0.8334961
vt 0.03677368 0.83740234
vt 0.03414917 0.8334961
vt 0.0413208 0.83496094
vt 0.03933716 0.8305664
vt 0.03677368 0.83740234
vt 0.029815674 0.8359375
vt 0.03302002 0.83984375
vt 0.029815674 0.8359375
vt 0.03677368 0.83740234
vt 0.03414917 0.8334961
vt 0.03302002 0.83984375
vt 0.025848389 0.8388672
vt 0.029815674 0.84277344
vt 0.025848389 0.8388672
vt 0.03302002 0.83984375
vt 0.029815674 0.8359375
vt 0.027191162 0.8461914
vt 0.02053833 0.84765625
vt 0.024780273 0.85009766
vt 0.02053833 0.84765625
vt 0.027191162 0.8461914
vt 0.023117065 0.8432617
vt 0.024780273 0.85009766
vt 0.018188477 0.85302734
vt 0.022720337 0.85498047
vt 0.018188477 0.85302734
vt 0.024780273 0.85009766
vt 0.02053833 0.84765625
vt 0.022720337 0.85498047
vt 0.016464233 0.859375
vt 0.021209717 0.86035156
vt 0.016464233 0.859375
vt 0.022720337 0.85498047
vt 0.018188477 0.85302734
vt 0.021209717 0.86035156
vt 0.016418457 0.87597656
vt 0.021484375 0.875
vt 0.016418457 0.87597656
vt 0.021209717 0.86035156
vt 0.016464233 0.859375
vt 0.021484375 0.875
vt 0.024414062 0.89160156
vt 0.02848816 0.8881836
vt 0.024414062 0.89160156
vt 0.021484375 0.875
vt 0.016418457 0.87597656
vt 0.02848816 0.8881836
vt 0.03717041 0.90283203
vt 0.039855957 0.8984375
vt 0.03717041 0.90283203
vt 0.02848816 0.8881836
vt 0.024414062 0.89160156
vt 0.039855957 0.8984375
vt 0.05303955 0.9091797
vt 0.053863525 0.9042969
vt 0.05303955 0.9091797
vt 0.039855957 0.8984375
vt 0.03717041 0.90283203
vt 0.06842041 0.9033203
vt 0.07562256 0.90625
vt 0.07366943 0.90185547
vt 0.07562256 0.90625
vt 0.06842041 0.9033203
vt 0.06964111 0.9082031
vt 0.07366943 0.90185547
vt 0.08081055 0.9033203
vt 0.078186035 0.89941406
vt 0.08081055 0.9033203
vt 0.07366943 0.90185547
vt 0.07562256 0.90625
vt 0.078186035 0.89941406
vt 0.08514404 0.9008789
vt 0.081970215 0.89697266
vt 0.08514404 0.9008789
vt 0.078186035 0.89941406
vt 0.08081055 0.9033203
vt 0.081970215 0.89697266
vt 0.08911133 0.8979492
vt 0.08514404 0.89404297
vt 0.08911133 0.8979492
vt 0.081970215 0.89697266
vt 0.08514404 0.9008789
vt 0.029785156 0.89208984
vt 0.029022217 0.89941406
vt 0.032684326 0.8955078
vt 0.029022217 0.89941406
vt 0.029785156 0.89208984
vt 0.025970459 0.8955078
vt 0.032684326 0.8955078
vt 0.033203125 0.90234375
vt 0.036102295 0.8979492
vt 0.033203125 0.90234375
vt 0.032684326 0.8955078
vt 0.029022217 0.89941406
vt 0.036102295 0.8979492
vt 0.03778076 0.90478516
vt 0.040100098 0.9003906
vt 0.03778076 0.90478516
vt 0.036102295 0.8979492
vt 0.033203125 0.90234375
vt 0.040100098 0.9003906
vt 0.04321289 0.9067383
vt 0.044830322 0.90234375
vt 0.04321289 0.9067383
vt 0.040100098 0.9003906
vt 0.03778076 0.90478516
vt 0.044830322 0.90234375
vt 0.049468994 0.9082031
vt 0.05026245 0.9038086
vt 0.049468994 0.9082031
vt 0.044830322 0.90234375
vt 0.04321289 0.9067383
vt 0.078552246 0.8955078
vt 0.09313965 0.88671875
vt 0.08874512 0.88427734
vt 0.09313965 0.88671875
vt 0.078552246 0.8955078
vt 0.08178711 0.89941406
vt 0.08874512 0.88427734
vt 0.09918213 0.87109375
vt 0.09429932 0.8701172
vt 0.09918213 0.87109375
vt 0.08874512 0.88427734
vt 0.09313965 0.88671875
vt 0.09429932 0.8701172
vt 0.097717285 0.8544922
vt 0.09313965 0.85595703
vt 0.097717285 0.8544922
vt 0.09429932 0.8701172
vt 0.09918213 0.87109375
vt 0.09313965 0.85595703
vt 0.09552002 0.8486328
vt 0.09124756 0.85058594
vt 0.09552002 0.8486328
vt 0.09313965 0.85595703
vt 0.097717285 0.8544922
vt 0.09124756 0.85058594
vt 0.09277344 0.84375
vt 0.08880615 0.8461914
vt 0.09277344 0.84375
vt 0.09124756 0.85058594
vt 0.09552002 0.8486328
vt 0.08880615 0.8461914
vt 0.089904785 0.83935547
vt 0.08605957 0.84277344
vt 0.089904785 0.83935547
vt 0.08880615 0.8461914
vt 0.09277344 0.84375
vt 0.08605957 0.84277344
vt 0.08685303 0.8354492
vt 0.08319092 0.83935547
vt 0.08685303 0.8354492
vt 0.08605957 0.84277344
vt 0.089904785 0.83935547
vt 0.08319092 0.83935547
vt 0.0826416 0.83251953
vt 0.07977295 0.83691406
vt 0.0826416 0.83251953
vt 0.08319092 0.83935547
vt 0.08685303 0.8354492
vt 0.07977295 0.83691406
vt 0.078063965 0.8300781
vt 0.07574463 0.83447266
vt 0.078063965 0.8300781
vt 0.07977295 0.83691406
vt 0.0826416 0.83251953
vt 0.07574463 0.83447266
vt 0.072631836 0.828125
vt 0.07104492 0.83251953
vt 0.072631836 0.828125
vt 0.07574463 0.83447266
vt 0.078063965 0.8300781
vt 0.07104492 0.83251953
vt 0.06640625 0.82666016
vt 0.06561279 0.8310547
vt 0.06640625 0.82666016
vt 0.07104492 0.83251953
vt 0.072631836 0.828125
vt 0.037322998 0.83935547
vt 0.022720337 0.84814453
vt 0.02709961 0.85058594
vt 0.022720337 0.84814453
vt 0.037322998 0.83935547
vt 0.034088135 0.8354492
vt 0.02709961 0.85058594
vt 0.016662598 0.86376953
vt 0.021575928 0.8647461
vt 0.016662598 0.86376953
vt 0.02709961 0.85058594
vt 0.022720337 0.84814453
vt 0.021575928 0.8647461
vt 0.018127441 0.8803711
vt 0.022705078 0.87890625
vt 0.018127441 0.8803711
vt 0.021575928 0.8647461
vt 0.016662598 0.86376953
vt 0.022705078 0.87890625
vt 0.020324707 0.88623047
vt 0.024642944 0.88427734
vt 0.020324707 0.88623047
vt 0.022705078 0.87890625
vt 0.018127441 0.8803711
vt 0.024642944 0.88427734
vt 0.023071289 0.8911133
vt 0.02708435 0.8886719
vt 0.023071289 0.8911133
vt 0.024642944 0.88427734
vt 0.020324707 0.88623047
vt 0.02708435 0.8886719
vt 0.025970459 0.8955078
vt 0.029785156 0.89208984
vt 0.025970459 0.8955078
vt 0.02708435 0.8886719
vt 0.023071289 0.8911133
vt 0.09161377 0.8925781
vt 0.09832764 0.89160156
vt 0.09436035 0.88916016
vt 0.09832764 0.89160156
vt 0.09161377 0.8925781
vt 0.09539795 0.8959961
vt 0.09436035 0.88916016
vt 0.10119629 0.88671875
vt 0.09680176 0.8847656
vt 0.10119629 0.88671875
vt 0.09436035 0.88916016
vt 0.09832764 0.89160156
vt 0.09680176 0.8847656
vt 0.10345459 0.8808594
vt 0.09881592 0.87939453
vt 0.10345459 0.8808594
vt 0.09680176 0.8847656
vt 0.10119629 0.88671875
vt 0.09881592 0.87939453
vt 0.10498047 0.86376953
vt 0.099853516 0.8647461
vt 0.10498047 0.86376953
vt 0.09881592 0.87939453
vt 0.10345459 0.8808594
vt 0.099853516 0.8647461
vt 0.09838867 0.84765625
vt 0.094055176 0.85058594
vt 0.09838867 0.84765625
vt 0.099853516 0.8647461
vt 0.10498047 0.86376953
vt 0.094055176 0.85058594
vt 0.08673096 0.8359375
vt 0.083618164 0.83984375
vt 0.08673096 0.8359375
vt 0.094055176 0.85058594
vt 0.09838867 0.84765625
vt 0.083618164 0.83984375
vt 0.07147217 0.8276367
vt 0.070251465 0.83251953
vt 0.07147217 0.8276367
vt 0.083618164 0.83984375
vt 0.08673096 0.8359375
vt 0.055664062 0.83203125
vt 0.048706055 0.8286133
vt 0.05029297 0.8330078
vt 0.048706055 0.8286133
vt 0.055664062 0.83203125
vt 0.054901123 0.82714844
vt 0.05029297 0.8330078
vt 0.04333496 0.8310547
vt 0.04559326 0.83496094
vt 0.04333496 0.8310547
vt 0.05029297 0.8330078
vt 0.048706055 0.8286133
vt 0.04559326 0.83496094
vt 0.038757324 0.8334961
vt 0.04159546 0.83740234
vt 0.038757324 0.8334961
vt 0.04559326 0.83496094
vt 0.04333496 0.8310547
vt 0.04159546 0.83740234
vt 0.0345459 0.8359375
vt 0.038146973 0.83984375
vt 0.0345459 0.8359375
vt 0.04159546 0.83740234
vt 0.038757324 0.8334961
vt 0.035217285 0.8432617
vt 0.028457642 0.8442383
vt 0.032470703 0.8466797
vt 0.028457642 0.8442383
vt 0.035217285 0.8432617
vt 0.031433105 0.83984375
vt 0.032470703 0.8466797
vt 0.025634766 0.8491211
vt 0.02999878 0.8515625
vt 0.025634766 0.8491211
vt 0.032470703 0.8466797
vt 0.028457642 0.8442383
vt 0.02999878 0.8515625
vt 0.023361206 0.85498047
vt 0.028015137 0.8564453
vt 0.023361206 0.85498047
vt 0.02999878 0.8515625
vt 0.025634766 0.8491211
vt 0.028015137 0.8564453
vt 0.021820068 0.8720703
vt 0.026977539 0.87109375
vt 0.021820068 0.8720703
vt 0.028015137 0.8564453
vt 0.023361206 0.85498047
vt 0.026977539 0.87109375
vt 0.028411865 0.8881836
vt 0.03274536 0.8852539
vt 0.028411865 0.8881836
vt 0.026977539 0.87109375
vt 0.021820068 0.8720703
vt 0.03274536 0.8852539
vt 0.040100098 0.9003906
vt 0.043182373 0.8959961
vt 0.040100098 0.9003906
vt 0.03274536 0.8852539
vt 0.028411865 0.8881836
vt 0.043182373 0.8959961
vt 0.05532837 0.9082031
vt 0.05657959 0.9033203
vt 0.05532837 0.9082031
vt 0.043182373 0.8959961
vt 0.040100098 0.9003906
vt 0.07116699 0.9038086
vt 0.078125 0.90722656
vt 0.076538086 0.90283203
vt 0.078125 0.90722656
vt 0.07116699 0.9038086
vt 0.071899414 0.9086914
vt 0.076538086 0.90283203
vt 0.083496094 0.90527344
vt 0.08123779 0.9008789
vt 0.083496094 0.90527344
vt 0.076538086 0.90283203
vt 0.078125 0.90722656
vt 0.08123779 0.9008789
vt 0.08807373 0.90283203
vt 0.08520508 0.8984375
vt 0.08807373 0.90283203
vt 0.08123779 0.9008789
vt 0.083496094 0.90527344
vt 0.08520508 0.8984375
vt 0.092285156 0.89990234
vt 0.08868408 0.8959961
vt 0.092285156 0.89990234
vt 0.08520508 0.8984375
vt 0.08807373 0.90283203
vt 0.028366089 0.88964844
vt 0.027313232 0.89697266
vt 0.03112793 0.8930664
vt 0.027313232 0.89697266
vt 0.028366089 0.88964844
vt 0.024429321 0.8930664
vt 0.03112793 0.8930664
vt 0.03137207 0.89990234
vt 0.034423828 0.8959961
vt 0.03137207 0.89990234
vt 0.03112793 0.8930664
vt 0.027313232 0.89697266
vt 0.034423828 0.8959961
vt 0.035858154 0.90234375
vt 0.038330078 0.8984375
vt 0.035858154 0.90234375
vt 0.034423828 0.8959961
vt 0.03137207 0.89990234
vt 0.038330078 0.8984375
vt 0.041168213 0.90478516
vt 0.042999268 0.9003906
vt 0.041168213 0.90478516
vt 0.038330078 0.8984375
vt 0.035858154 0.90234375
vt 0.042999268 0.9003906
vt 0.04736328 0.9067383
vt 0.048339844 0.90185547
vt 0.04736328 0.9067383
vt 0.042999268 0.9003906
vt 0.041168213 0.90478516
vt 0.07696533 0.89501953
vt 0.091918945 0.88720703
vt 0.087646484 0.88427734
vt 0.091918945 0.88720703
vt 0.07696533 0.89501953
vt 0.08001709 0.8989258
vt 0.087646484 0.88427734
vt 0.09863281 0.87158203
vt 0.09375 0.87060547
vt 0.09863281 0.87158203
vt 0.087646484 0.88427734
vt 0.091918945 0.88720703
vt 0.09375 0.87060547
vt 0.09777832 0.85498047
vt 0.09320068 0.85595703
vt 0.09777832 0.85498047
vt 0.09375 0.87060547
vt 0.09863281 0.87158203
vt 0.09320068 0.85595703
vt 0.09588623 0.8491211
vt 0.091430664 0.8510742
vt 0.09588623 0.8491211
vt 0.09320068 0.85595703
vt 0.09777832 0.85498047
vt 0.091430664 0.8510742
vt 0.093322754 0.84375
vt 0.0892334 0.8461914
vt 0.093322754 0.84375
vt 0.091430664 0.8510742
vt 0.09588623 0.8491211
vt 0.0892334 0.8461914
vt 0.09057617 0.83935547
vt 0.08666992 0.84277344
vt 0.09057617 0.83935547
vt 0.0892334 0.8461914
vt 0.093322754 0.84375
vt 0.08666992 0.84277344
vt 0.08770752 0.8354492
vt 0.083862305 0.83935547
vt 0.08770752 0.8354492
vt 0.08666992 0.84277344
vt 0.09057617 0.83935547
vt 0.083862305 0.83935547
vt 0.083618164 0.83251953
vt 0.080566406 0.8364258
vt 0.083618164 0.83251953
vt 0.083862305 0.83935547
vt 0.08770752 0.8354492
vt 0.080566406 0.8364258
vt 0.0791626 0.8300781
vt 0.076660156 0.8339844
vt 0.0791626 0.8300781
vt 0.080566406 0.8364258
vt 0.083618164 0.83251953
vt 0.076660156 0.8339844
vt 0.07385254 0.8276367
vt 0.072021484 0.83203125
vt 0.07385254 0.8276367
vt 0.076660156 0.8339844
vt 0.0791626 0.8300781
vt 0.072021484 0.83203125
vt 0.06762695 0.8256836
vt 0.06665039 0.8305664
vt 0.06762695 0.8256836
vt 0.072021484 0.83203125
vt 0.07385254 0.8276367
vt 0.03805542 0.83740234
vt 0.023117065 0.84521484
vt 0.027404785 0.84814453
vt 0.023117065 0.84521484
vt 0.03805542 0.83740234
vt 0.035003662 0.8334961
vt 0.027404785 0.84814453
vt 0.016418457 0.86083984
vt 0.02130127 0.8618164
vt 0.016418457 0.86083984
vt 0.027404785 0.84814453
vt 0.023117065 0.84521484
vt 0.02130127 0.8618164
vt 0.017211914 0.8774414
vt 0.021835327 0.87646484
vt 0.017211914 0.8774414
vt 0.02130127 0.8618164
vt 0.016418457 0.86083984
vt 0.021835327 0.87646484
vt 0.019165039 0.8833008
vt 0.02355957 0.88134766
vt 0.019165039 0.8833008
vt 0.021835327 0.87646484
vt 0.017211914 0.8774414
vt 0.02355957 0.88134766
vt 0.021697998 0.8886719
vt 0.025817871 0.88623047
vt 0.021697998 0.8886719
vt 0.02355957 0.88134766
vt 0.019165039 0.8833008
vt 0.025817871 0.88623047
vt 0.024429321 0.8930664
vt 0.028366089 0.88964844
vt 0.024429321 0.8930664
vt 0.025817871 0.88623047
vt 0.021697998 0.8886719
vt 0.09234619 0.890625
vt 0.099121094 0.88964844
vt 0.0949707 0.88671875
vt 0.099121094 0.88964844
vt 0.09234619 0.890625
vt 0.09631348 0.89404297
vt 0.0949707 0.88671875
vt 0.10168457 0.88427734
vt 0.097229004 0.8823242
vt 0.10168457 0.88427734
vt 0.0949707 0.88671875
vt 0.099121094 0.88964844
vt 0.097229004 0.8823242
vt 0.10369873 0.8779297
vt 0.09899902 0.8769531
vt 0.10369873 0.8779297
vt 0.097229004 0.8823242
vt 0.10168457 0.88427734
vt 0.09899902 0.8769531
vt 0.10455322 0.8613281
vt 0.09942627 0.8623047
vt 0.10455322 0.8613281
vt 0.09899902 0.8769531
vt 0.10369873 0.8779297
vt 0.09942627 0.8623047
vt 0.09729004 0.8457031
vt 0.09307861 0.8486328
vt 0.09729004 0.8457031
vt 0.09942627 0.8623047
vt 0.10455322 0.8613281
vt 0.09307861 0.8486328
vt 0.08502197 0.8339844
vt 0.08215332 0.8378906
vt 0.08502197 0.8339844
vt 0.09307861 0.8486328
vt 0.09729004 0.8457031
vt 0.08215332 0.8378906
vt 0.06951904 0.82666016
vt 0.068481445 0.83154297
vt 0.06951904 0.82666016
vt 0.08215332 0.8378906
vt 0.08502197 0.8339844
vt 0.053894043 0.83154297
vt 0.046813965 0.8286133
vt 0.048583984 0.8330078
vt 0.046813965 0.8286133
vt 0.053894043 0.83154297
vt 0.05291748 0.82666016
vt 0.048583984 0.8330078
vt 0.04156494 0.8310547
vt 0.04397583 0.83496094
vt 0.04156494 0.8310547
vt 0.048583984 0.8330078
vt 0.046813965 0.8286133
vt 0.04397583 0.83496094
vt 0.037109375 0.8334961
vt 0.040100098 0.83740234
vt 0.037109375 0.8334961
vt 0.04397583 0.83496094
vt 0.04156494 0.8310547
vt 0.040100098 0.83740234
vt 0.03302002 0.8364258
vt 0.0368042 0.84033203
vt 0.03302002 0.8364258
vt 0.040100098 0.83740234
vt 0.037109375 0.8334961
vt 0.0340271 0.8432617
vt 0.02734375 0.84472656
vt 0.031463623 0.84716797
vt 0.02734375 0.84472656
vt 0.0340271 0.8432617
vt 0.03012085 0.84033203
vt 0.031463623 0.84716797
vt 0.024765015 0.8496094
vt 0.029159546 0.8515625
vt 0.024765015 0.8496094
vt 0.031463623 0.84716797
vt 0.02734375 0.84472656
vt 0.029159546 0.8515625
vt 0.022766113 0.85595703
vt 0.027389526 0.8569336
vt 0.022766113 0.85595703
vt 0.029159546 0.8515625
vt 0.024765015 0.8496094
vt 0.027389526 0.8569336
vt 0.021820068 0.8720703
vt 0.026779175 0.87158203
vt 0.021820068 0.8720703
vt 0.027389526 0.8569336
vt 0.022766113 0.85595703
vt 0.026779175 0.87158203
vt 0.028640747 0.8881836
vt 0.033050537 0.8852539
vt 0.028640747 0.8881836
vt 0.026779175 0.87158203
vt 0.021820068 0.8720703
vt 0.033050537 0.8852539
vt 0.041015625 0.9003906
vt 0.043945312 0.8959961
vt 0.041015625 0.9003906
vt 0.033050537 0.8852539
vt 0.028640747 0.8881836
vt 0.043945312 0.8959961
vt 0.056671143 0.90771484
vt 0.057739258 0.90283203
vt 0.056671143 0.90771484
vt 0.043945312 0.8959961
vt 0.041015625 0.9003906
vt 0.072387695 0.90283203
vt 0.07946777 0.9057617
vt 0.077697754 0.9013672
vt 0.07946777 0.9057617
vt 0.072387695 0.90283203
vt 0.07336426 0.90722656
vt 0.077697754 0.9013672
vt 0.08477783 0.9033203
vt 0.082336426 0.8989258
vt 0.08477783 0.9033203
vt 0.077697754 0.9013672
vt 0.07946777 0.9057617
vt 0.082336426 0.8989258
vt 0.08929443 0.9008789
vt 0.086242676 0.8964844
vt 0.08929443 0.9008789
vt 0.082336426 0.8989258
vt 0.08477783 0.9033203
vt 0.086242676 0.8964844
vt 0.09338379 0.8979492
vt 0.08959961 0.89404297
vt 0.09338379 0.8979492
vt 0.086242676 0.8964844
vt 0.08929443 0.9008789
vt 0.7504883 0.93115234
vt 0.7441406 0.9277344
vt 0.7504883 0.9370117
vt 0.7441406 0.9223633
vt 0.7504883 0.9135742
vt 0.7441406 0.90527344
vt 0.7504883 0.8852539
vt 0.7441406 0.87890625
vt 0.7504883 0.8486328
vt 0.7441406 0.8442383
vt 0.7504883 0.80615234
vt 0.7441406 0.80371094
vt 0.7504883 0.7607422
vt 0.7441406 0.7607422
vt 0.7504883 0.71484375
vt 0.7441406 0.71728516
vt 0.7504883 0.6723633
vt 0.7441406 0.6767578
vt 0.7504883 0.6357422
vt 0.7441406 0.6425781
vt 0.7504883 0.60791016
vt 0.7441406 0.61572266
vt 0.7504883 0.59033203
vt 0.7441406 0.5991211
vt 0.7504883 0.5839844
vt 0.7441406 0.5932617
vt 0.7441406 0.9223633
vt 0.7504883 0.9370117
vt 0.7441406 0.9277344
vt 0.7504883 0.93115234
vt 0.7441406 0.90527344
vt 0.7504883 0.9135742
vt 0.7441406 0.87890625
vt 0.7504883 0.8852539
vt 0.7441406 0.8442383
vt 0.7504883 0.8486328
vt 0.7441406 0.80371094
vt 0.7504883 0.80615234
vt 0.7441406 0.7607422
vt 0.7504883 0.7607422
vt 0.7441406 0.71728516
vt 0.7504883 0.71484375
vt 0.7441406 0.6767578
vt 0.7504883 0.6723633
vt 0.7441406 0.6425781
vt 0.7504883 0.6357422
vt 0.7441406 0.61572266
vt 0.7504883 0.60791016
vt 0.7441406 0.5991211
vt 0.7504883 0.59033203
vt 0.7441406 0.5932617
vt 0.7504883 0.5839844
vt 0.7807617 0.9350586
vt 0.8227539 0.9584961
vt 0.7807617 0.94091797
vt 0.8227539 0.95166016
vt 0.7807617 0.91748047
vt 0.8745117 0.9584961
vt 0.8745117 0.96533203
vt 0.92626953 0.9584961
vt 0.8227539 0.9321289
vt 0.7807617 0.88916016
vt 0.8745117 0.93847656
vt 0.92626953 0.95166016
vt 0.8227539 0.9013672
vt 0.7807617 0.85253906
vt 0.9682617 0.9350586
vt 0.9682617 0.94091797
vt 0.9682617 0.91748047
vt 0.92626953 0.9321289
vt 0.9682617 0.88916016
vt 0.8745117 0.90625
vt 0.92626953 0.9013672
vt 0.9682617 0.85253906
vt 0.8227539 0.8613281
vt 0.7807617 0.8100586
vt 0.8745117 0.8647461
vt 0.92626953 0.8613281
vt 0.9682617 0.8100586
vt 0.8227539 0.8144531
vt 0.7807617 0.76464844
vt 0.8745117 0.81640625
vt 0.92626953 0.8144531
vt 0.9682617 0.76464844
vt 0.8227539 0.76464844
vt 0.7807617 0.71875
vt 0.8745117 0.76464844
vt 0.92626953 0.76464844
vt 0.9682617 0.71875
vt 0.8227539 0.71435547
vt 0.7807617 0.67626953
vt 0.8745117 0.71240234
vt 0.92626953 0.71435547
vt 0.9682617 0.67626953
vt 0.8227539 0.66748047
vt 0.7807617 0.63964844
vt 0.8745117 0.6640625
vt 0.92626953 0.66748047
vt 0.9682617 0.63964844
vt 0.8227539 0.6274414
vt 0.7807617 0.6118164
vt 0.8745117 0.6225586
vt 0.92626953 0.6274414
vt 0.9682617 0.6118164
vt 0.8227539 0.5966797
vt 0.7807617 0.5942383
vt 0.8745117 0.5908203
vt 0.92626953 0.5966797
vt 0.9682617 0.5942383
vt 0.8227539 0.57714844
vt 0.7807617 0.5878906
vt 0.8227539 0.5708008
vt 0.8745117 0.56396484
vt 0.8745117 0.5708008
vt 0.92626953 0.57714844
vt 0.9682617 0.5878906
vt 0.92626953 0.5708008
vt 0.7807617 0.5942383
vt 0.8227539 0.5708008
vt 0.7807617 0.5878906
vt 0.8227539 0.57714844
vt 0.7807617 0.6118164
vt 0.8745117 0.5708008
vt 0.8745117 0.56396484
vt 0.92626953 0.5708008
vt 0.8227539 0.5966797
vt 0.7807617 0.63964844
vt 0.8745117 0.5908203
vt 0.92626953 0.57714844
vt 0.8227539 0.6274414
vt 0.7807617 0.67626953
vt 0.9682617 0.5942383
vt 0.9682617 0.5878906
vt 0.9682617 0.6118164
vt 0.92626953 0.5966797
vt 0.9682617 0.63964844
vt 0.8745117 0.6225586
vt 0.92626953 0.6274414
vt 0.9682617 0.67626953
vt 0.8227539 0.66748047
vt 0.7807617 0.71875
vt 0.8745117 0.6640625
vt 0.92626953 0.66748047
vt 0.9682617 0.71875
vt 0.8227539 0.71435547
vt 0.7807617 0.76464844
vt 0.8745117 0.71240234
vt 0.92626953 0.71435547
vt 0.9682617 0.76464844
vt 0.8227539 0.76464844
vt 0.7807617 0.8100586
vt 0.8745117 0.76464844
vt 0.92626953 0.76464844
vt 0.9682617 0.8100586
vt 0.8227539 0.8144531
vt 0.7807617 0.85253906
vt 0.8745117 0.81640625
vt 0.92626953 0.8144531
vt 0.9682617 0.85253906
vt 0.8227539 0.8613281
vt 0.7807617 0.88916016
vt 0.8745117 0.8647461
vt 0.92626953 0.8613281
vt 0.9682617 0.88916016
vt 0.8227539 0.9013672
vt 0.7807617 0.91748047
vt 0.8745117 0.90625
vt 0.92626953 0.9013672
vt 0.9682617 0.91748047
vt 0.8227539 0.9321289
vt 0.7807617 0.9350586
vt 0.8745117 0.93847656
vt 0.92626953 0.9321289
vt 0.9682617 0.9350586
vt 0.8227539 0.95166016
vt 0.7807617 0.94091797
vt 0.8227539 0.9584961
vt 0.8745117 0.96533203
vt 0.8745117 0.9584961
vt 0.92626953 0.95166016
vt 0.9682617 0.94091797
vt 0.92626953 0.9584961
vt 0.7441406 0.9223633
vt 0.7241211 0.8100586
vt 0.7441406 0.9277344
vt 0.7241211 0.80810547
vt 0.7441406 0.90527344
vt 0.7241211 0.80322266
vt 0.7441406 0.87890625
vt 0.7241211 0.79541016
vt 0.7441406 0.8442383
vt 0.7241211 0.78515625
vt 0.7441406 0.80371094
vt 0.7241211 0.7734375
vt 0.7441406 0.7607422
vt 0.7241211 0.7607422
vt 0.7441406 0.71728516
vt 0.7241211 0.7480469
vt 0.7441406 0.6767578
vt 0.7241211 0.73583984
vt 0.7441406 0.6425781
vt 0.7241211 0.72558594
vt 0.7441406 0.61572266
vt 0.7241211 0.71777344
vt 0.7441406 0.5991211
vt 0.7241211 0.7128906
vt 0.7441406 0.5932617
vt 0.7241211 0.7114258
vt 0.7241211 0.80810547
vt 0.7441406 0.9277344
vt 0.7241211 0.8100586
vt 0.7441406 0.9223633
vt 0.7241211 0.80322266
vt 0.7441406 0.90527344
vt 0.7241211 0.79541016
vt 0.7441406 0.87890625
vt 0.7241211 0.78515625
vt 0.7441406 0.8442383
vt 0.7241211 0.7734375
vt 0.7441406 0.80371094
vt 0.7241211 0.7607422
vt 0.7441406 0.7607422
vt 0.7241211 0.7480469
vt 0.7441406 0.71728516
vt 0.7241211 0.73583984
vt 0.7441406 0.6767578
vt 0.7241211 0.72558594
vt 0.7441406 0.6425781
vt 0.7241211 0.71777344
vt 0.7441406 0.61572266
vt 0.7241211 0.7128906
vt 0.7441406 0.5991211
vt 0.7241211 0.7114258
vt 0.7441406 0.5932617
vt 0.7241211 0.80810547
vt 0.63916016 0.8100586
vt 0.7241211 0.8100586
vt 0.63916016 0.80810547
vt 0.7241211 0.80322266
vt 0.63916016 0.80322266
vt 0.7241211 0.79541016
vt 0.63916016 0.79541016
vt 0.7241211 0.78515625
vt 0.63916016 0.78515625
vt 0.7241211 0.7734375
vt 0.63916016 0.7734375
vt 0.7241211 0.7607422
vt 0.63916016 0.7607422
vt 0.7241211 0.7480469
vt 0.63916016 0.7480469
vt 0.7241211 0.73583984
vt 0.63916016 0.73583984
vt 0.7241211 0.72558594
vt 0.63916016 0.72558594
vt 0.7241211 0.71777344
vt 0.63916016 0.71777344
vt 0.7241211 0.7128906
vt 0.63916016 0.7128906
vt 0.7241211 0.7114258
vt 0.63916016 0.7114258
vt 0.63916016 0.80810547
vt 0.7241211 0.8100586
vt 0.63916016 0.8100586
vt 0.7241211 0.80810547
vt 0.63916016 0.80322266
vt 0.7241211 0.80322266
vt 0.63916016 0.79541016
vt 0.7241211 0.79541016
vt 0.63916016 0.78515625
vt 0.7241211 0.78515625
vt 0.63916016 0.7734375
vt 0.7241211 0.7734375
vt 0.63916016 0.7607422
vt 0.7241211 0.7607422
vt 0.63916016 0.7480469
vt 0.7241211 0.7480469
vt 0.63916016 0.73583984
vt 0.7241211 0.73583984
vt 0.63916016 0.72558594
vt 0.7241211 0.72558594
vt 0.63916016 0.71777344
vt 0.7241211 0.71777344
vt 0.63916016 0.7128906
vt 0.7241211 0.7128906
vt 0.63916016 0.7114258
vt 0.7241211 0.7114258
vt 0.6923828 0.90478516
vt 0.6586914 0.92871094
vt 0.6904297 0.9199219
vt 0.66845703 0.90478516
vt 0.6904297 0.8901367
vt 0.6586914 0.88134766
vt 0.61083984 0.92871094
vt 0.61083984 0.88134766
vt 0.6347656 0.93896484
vt 0.64990234 0.9604492
vt 0.6347656 0.96240234
vt 0.6201172 0.9604492
vt 0.6010742 0.90478516
vt 0.57910156 0.9199219
vt 0.57714844 0.90478516
vt 0.57910156 0.8901367
vt 0.6347656 0.87109375
vt 0.6196289 0.8496094
vt 0.6347656 0.84716797
vt 0.64990234 0.8496094
vt 0.70166016 0.92333984
vt 0.6635742 0.93408203
vt 0.6948242 0.9399414
vt 0.68408203 0.95410156
vt 0.6694336 0.96533203
vt 0.65283203 0.97216797
vt 0.6166992 0.97216797
vt 0.60595703 0.93408203
vt 0.60009766 0.96533203
vt 0.5854492 0.95458984
vt 0.57470703 0.9399414
vt 0.5678711 0.92333984
vt 0.5678711 0.88720703
vt 0.60595703 0.87646484
vt 0.57470703 0.87060547
vt 0.5854492 0.85595703
vt 0.60009766 0.84521484
vt 0.6166992 0.8383789
vt 0.65283203 0.8383789
vt 0.6635742 0.87646484
vt 0.6694336 0.84521484
vt 0.68408203 0.85595703
vt 0.6948242 0.87060547
vt 0.70166016 0.88720703
vt 0.7451172 0.9277344
vt 0.7519531 0.93115234
vt 0.7519531 0.9370117
vt 0.7451172 0.9223633
vt 0.7519531 0.9135742
vt 0.7451172 0.90527344
vt 0.7519531 0.8852539
vt 0.7451172 0.87890625
vt 0.7519531 0.8486328
vt 0.7451172 0.8442383
vt 0.7519531 0.80615234
vt 0.7451172 0.80371094
vt 0.7519531 0.7607422
vt 0.7451172 0.7607422
vt 0.7519531 0.71484375
vt 0.7451172 0.71728516
vt 0.7519531 0.6723633
vt 0.7451172 0.6767578
vt 0.7519531 0.6357422
vt 0.7451172 0.6425781
vt 0.7519531 0.60791016
vt 0.7451172 0.61572266
vt 0.7519531 0.59033203
vt 0.7451172 0.5991211
vt 0.7519531 0.5839844
vt 0.7451172 0.5932617
vt 0.7519531 0.9370117
vt 0.7451172 0.9223633
vt 0.7451172 0.9277344
vt 0.7519531 0.93115234
vt 0.7451172 0.90527344
vt 0.7519531 0.9135742
vt 0.7451172 0.87890625
vt 0.7519531 0.8852539
vt 0.7451172 0.8442383
vt 0.7519531 0.8486328
vt 0.7451172 0.80371094
vt 0.7519531 0.80615234
vt 0.7451172 0.7607422
vt 0.7519531 0.7607422
vt 0.7451172 0.71728516
vt 0.7519531 0.71484375
vt 0.7451172 0.6767578
vt 0.7519531 0.6723633
vt 0.7451172 0.6425781
vt 0.7519531 0.6357422
vt 0.7451172 0.61572266
vt 0.7519531 0.60791016
vt 0.7451172 0.5991211
vt 0.7519531 0.59033203
vt 0.7451172 0.5932617
vt 0.7519531 0.5839844
vt 0.72558594 0.8100586
vt 0.7451172 0.9223633
vt 0.7451172 0.9277344
vt 0.72558594 0.80810547
vt 0.7451172 0.90527344
vt 0.72558594 0.80322266
vt 0.7451172 0.87890625
vt 0.72558594 0.79541016
vt 0.7451172 0.8442383
vt 0.72558594 0.78515625
vt 0.7451172 0.80371094
vt 0.72558594 0.7734375
vt 0.7451172 0.7607422
vt 0.72558594 0.7607422
vt 0.7451172 0.71728516
vt 0.72558594 0.7480469
vt 0.7451172 0.6767578
vt 0.72558594 0.73583984
vt 0.7451172 0.6425781
vt 0.72558594 0.72558594
vt 0.7451172 0.61572266
vt 0.72558594 0.71777344
vt 0.7451172 0.5991211
vt 0.72558594 0.7128906
vt 0.7451172 0.5932617
vt 0.72558594 0.7114258
vt 0.7451172 0.9277344
vt 0.72558594 0.80810547
vt 0.72558594 0.8100586
vt 0.7451172 0.9223633
vt 0.72558594 0.80322266
vt 0.7451172 0.90527344
vt 0.72558594 0.79541016
vt 0.7451172 0.87890625
vt 0.72558594 0.78515625
vt 0.7451172 0.8442383
vt 0.72558594 0.7734375
vt 0.7451172 0.80371094
vt 0.72558594 0.7607422
vt 0.7451172 0.7607422
vt 0.72558594 0.7480469
vt 0.7451172 0.71728516
vt 0.72558594 0.73583984
vt 0.7451172 0.6767578
vt 0.72558594 0.72558594
vt 0.7451172 0.6425781
vt 0.72558594 0.71777344
vt 0.7451172 0.61572266
vt 0.72558594 0.7128906
vt 0.7451172 0.5991211
vt 0.72558594 0.7114258
vt 0.7451172 0.5932617
vt 0.640625 0.8100586
vt 0.72558594 0.80810547
vt 0.72558594 0.8100586
vt 0.640625 0.80810547
vt 0.72558594 0.80322266
vt 0.640625 0.80322266
vt 0.72558594 0.79541016
vt 0.640625 0.79541016
vt 0.72558594 0.78515625
vt 0.640625 0.78515625
vt 0.72558594 0.7734375
vt 0.640625 0.7734375
vt 0.72558594 0.7607422
vt 0.640625 0.7607422
vt 0.72558594 0.7480469
vt 0.640625 0.7480469
vt 0.72558594 0.73583984
vt 0.640625 0.73583984
vt 0.72558594 0.72558594
vt 0.640625 0.72558594
vt 0.72558594 0.71777344
vt 0.640625 0.71777344
vt 0.72558594 0.7128906
vt 0.640625 0.7128906
vt 0.72558594 0.7114258
vt 0.640625 0.7114258
vt 0.72558594 0.8100586
vt 0.640625 0.80810547
vt 0.640625 0.8100586
vt 0.72558594 0.80810547
vt 0.640625 0.80322266
vt 0.72558594 0.80322266
vt 0.640625 0.79541016
vt 0.72558594 0.79541016
vt 0.640625 0.78515625
vt 0.72558594 0.78515625
vt 0.640625 0.7734375
vt 0.72558594 0.7734375
vt 0.640625 0.7607422
vt 0.72558594 0.7607422
vt 0.640625 0.7480469
vt 0.72558594 0.7480469
vt 0.640625 0.73583984
vt 0.72558594 0.73583984
vt 0.640625 0.72558594
vt 0.72558594 0.72558594
vt 0.640625 0.71777344
vt 0.72558594 0.71777344
vt 0.640625 0.7128906
vt 0.72558594 0.7128906
vt 0.640625 0.7114258
vt 0.72558594 0.7114258
vt 0.61083984 0.9291992
vt 0.57714844 0.90527344
vt 0.57910156 0.92041016
vt 0.6010742 0.90527344
vt 0.57910156 0.8901367
vt 0.61083984 0.88134766
vt 0.6586914 0.9291992
vt 0.6586914 0.88134766
vt 0.6347656 0.93896484
vt 0.6201172 0.9609375
vt 0.6347656 0.9628906
vt 0.64990234 0.9609375
vt 0.66845703 0.90527344
vt 0.6904297 0.92041016
vt 0.6923828 0.9057617
vt 0.6904297 0.890625
vt 0.6347656 0.87158203
vt 0.64990234 0.8496094
vt 0.6347656 0.84765625
vt 0.6201172 0.8496094
vt 0.5678711 0.92333984
vt 0.57470703 0.9399414
vt 0.60595703 0.93408203
vt 0.5859375 0.95458984
vt 0.60009766 0.9658203
vt 0.6166992 0.97265625
vt 0.65283203 0.97265625
vt 0.6694336 0.9658203
vt 0.6635742 0.93408203
vt 0.68408203 0.95458984
vt 0.6948242 0.9404297
vt 0.70166016 0.92333984
vt 0.70166016 0.8876953
vt 0.6948242 0.87060547
vt 0.6635742 0.8769531
vt 0.68408203 0.8564453
vt 0.6694336 0.84521484
vt 0.65283203 0.8383789
vt 0.6166992 0.8383789
vt 0.60009766 0.84521484
vt 0.60595703 0.87646484
vt 0.5859375 0.8564453
vt 0.57470703 0.87060547
vt 0.5678711 0.88720703
vt 0.084106445 0.8652344
vt 0.085510254 0.8691406
vt 0.08526611 0.8676758
vt 0.0847168 0.8720703
vt 0.08538818 0.87060547
vt 0.0803833 0.8774414
vt 0.07861328 0.8588867
vt 0.08392334 0.875
vt 0.08459473 0.87353516
vt 0.0826416 0.87646484
vt 0.07318115 0.8803711
vt 0.0692749 0.85253906
vt 0.062561035 0.8808594
vt 0.057617188 0.8496094
vt 0.05090332 0.8774414
vt 0.046966553 0.85009766
vt 0.041534424 0.87158203
vt 0.039764404 0.85302734
vt 0.036071777 0.8652344
vt 0.03543091 0.85839844
vt 0.034606934 0.86083984
vt 0.03488159 0.86279297
vt 0.03475952 0.8598633
vt 0.036224365 0.85546875
vt 0.03555298 0.8569336
vt 0.03753662 0.8540039
vt 0.08642578 0.9716797
vt 0.09008789 0.9790039
vt 0.08892822 0.97558594
vt 0.08843994 0.98583984
vt 0.08984375 0.98291016
vt 0.07446289 0.9868164
vt 0.07733154 0.96435547
vt 0.08258057 0.98876953
vt 0.0859375 0.98779297
vt 0.078552246 0.98828125
vt 0.06536865 0.9794922
vt 0.06774902 0.95703125
vt 0.055786133 0.97216797
vt 0.05819702 0.94921875
vt 0.046203613 0.96435547
vt 0.048614502 0.94189453
vt 0.03665161 0.95703125
vt 0.039489746 0.9345703
vt 0.027542114 0.94970703
vt 0.025543213 0.93603516
vt 0.023880005 0.9423828
vt 0.025024414 0.94628906
vt 0.024108887 0.93847656
vt 0.031402588 0.9326172
vt 0.028015137 0.93359375
vt 0.03540039 0.93310547
vt 0.036193848 0.8798828
vt 0.03262329 0.8769531
vt 0.03390503 0.87841797
vt 0.031799316 0.87402344
vt 0.031921387 0.8754883
vt 0.032409668 0.8676758
vt 0.037841797 0.86083984
vt 0.043426514 0.8828125
vt 0.04711914 0.85498047
vt 0.054138184 0.8828125
vt 0.05871582 0.8515625
vt 0.06573486 0.8798828
vt 0.06939697 0.8520508
vt 0.07501221 0.87353516
vt 0.076660156 0.85498047
vt 0.080444336 0.8671875
vt 0.0309906 0.87158203
vt 0.03112793 0.8730469
vt 0.03125 0.8696289
vt 0.08105469 0.86035156
vt 0.08026123 0.8574219
vt 0.07891846 0.85595703
vt 0.08093262 0.8588867
vt 0.081848145 0.86328125
vt 0.081726074 0.8618164
vt 0.081604004 0.8647461
vt 0.04397583 0.98583984
vt 0.035888672 0.98779297
vt 0.039886475 0.9873047
vt 0.030029297 0.984375
vt 0.03250122 0.9863281
vt 0.03201294 0.9707031
vt 0.041137695 0.9633789
vt 0.053100586 0.9785156
vt 0.050689697 0.9560547
vt 0.062683105 0.9707031
vt 0.060272217 0.9482422
vt 0.07220459 0.9633789
vt 0.06982422 0.94091797
vt 0.08178711 0.9555664
vt 0.07891846 0.93359375
vt 0.09088135 0.94873047
vt 0.028366089 0.97802734
vt 0.02859497 0.9814453
vt 0.029510498 0.9741211
vt 0.09289551 0.9345703
vt 0.08703613 0.9316406
vt 0.08300781 0.9316406
vt 0.0904541 0.9326172
vt 0.09454346 0.94091797
vt 0.09429932 0.9375
vt 0.093444824 0.9448242
vt 0.08026123 0.86816406
vt 0.08135986 0.8725586
vt 0.08123779 0.87060547
vt 0.08026123 0.875
vt 0.08105469 0.87353516
vt 0.07543945 0.8798828
vt 0.07537842 0.8613281
vt 0.07922363 0.8774414
vt 0.08001709 0.87646484
vt 0.077819824 0.87890625
vt 0.0680542 0.8823242
vt 0.06665039 0.8544922
vt 0.057403564 0.88183594
vt 0.05529785 0.85009766
vt 0.046081543 0.8774414
vt 0.044677734 0.8496094
vt 0.03729248 0.87060547
vt 0.037231445 0.8520508
vt 0.032440186 0.86376953
vt 0.032409668 0.8569336
vt 0.03137207 0.859375
vt 0.031463623 0.8613281
vt 0.03164673 0.85791016
vt 0.033477783 0.8540039
vt 0.032684326 0.85546875
vt 0.03488159 0.85302734
vt 0.08679199 0.96728516
vt 0.089782715 0.97509766
vt 0.08898926 0.9711914
vt 0.087524414 0.98095703
vt 0.0892334 0.9785156
vt 0.07354736 0.98095703
vt 0.07836914 0.9589844
vt 0.0814209 0.9838867
vt 0.0848999 0.98291016
vt 0.07745361 0.98291016
vt 0.06512451 0.97314453
vt 0.06951904 0.9506836
vt 0.056243896 0.96484375
vt 0.060668945 0.9423828
vt 0.047424316 0.95654297
vt 0.051849365 0.93408203
vt 0.03857422 0.9477539
vt 0.043395996 0.92578125
vt 0.030136108 0.9399414
vt 0.029388428 0.92578125
vt 0.027160645 0.9321289
vt 0.027954102 0.93603516
vt 0.027709961 0.92871094
vt 0.035491943 0.92333984
vt 0.032043457 0.9243164
vt 0.039489746 0.9238281
vt 0.03475952 0.88134766
vt 0.030960083 0.87890625
vt 0.03237915 0.8803711
vt 0.029891968 0.87646484
vt 0.030166626 0.8779297
vt 0.029907227 0.8696289
vt 0.034729004 0.86279297
vt 0.042236328 0.88378906
vt 0.043426514 0.85595703
vt 0.05291748 0.8833008
vt 0.0546875 0.8515625
vt 0.064208984 0.87890625
vt 0.06536865 0.8510742
vt 0.07287598 0.8720703
vt 0.07287598 0.85302734
vt 0.077697754 0.8647461
vt 0.02885437 0.87353516
vt 0.029129028 0.875
vt 0.028945923 0.8720703
vt 0.077697754 0.85839844
vt 0.076660156 0.85546875
vt 0.07525635 0.8540039
vt 0.07745361 0.8569336
vt 0.07879639 0.86083984
vt 0.07849121 0.859375
vt 0.07867432 0.86279297
vt 0.045410156 0.9824219
vt 0.03753662 0.98535156
vt 0.041503906 0.9848633
vt 0.031402588 0.98291016
vt 0.034057617 0.984375
vt 0.032165527 0.96875
vt 0.04058838 0.9604492
vt 0.053863525 0.9746094
vt 0.049438477 0.95214844
vt 0.062683105 0.9663086
vt 0.058258057 0.94384766
vt 0.0715332 0.9580078
vt 0.06713867 0.9355469
vt 0.0803833 0.94921875
vt 0.07556152 0.9272461
vt 0.08880615 0.94140625
vt 0.029190063 0.9765625
vt 0.029724121 0.97998047
vt 0.029968262 0.97265625
vt 0.089538574 0.9272461
vt 0.08343506 0.9248047
vt 0.07946777 0.92529297
vt 0.08691406 0.92578125
vt 0.091796875 0.93359375
vt 0.09124756 0.9301758
vt 0.09100342 0.9375
vt 0.08453369 0.86083984
vt 0.08685303 0.8642578
vt 0.08618164 0.8623047
vt 0.08673096 0.8671875
vt 0.08703613 0.86572266
vt 0.083740234 0.87353516
vt 0.077697754 0.85546875
vt 0.08654785 0.8696289
vt 0.08691406 0.86865234
vt 0.085632324 0.87158203
vt 0.07739258 0.8779297
vt 0.06719971 0.8515625
vt 0.06713867 0.8808594
vt 0.055145264 0.8515625
vt 0.05508423 0.8803711
vt 0.044891357 0.8540039
vt 0.04458618 0.87646484
vt 0.0385437 0.85839844
vt 0.037750244 0.87158203
vt 0.035583496 0.8652344
vt 0.03543091 0.8676758
vt 0.036132812 0.8696289
vt 0.035247803 0.86621094
vt 0.035736084 0.8623047
vt 0.035369873 0.86376953
vt 0.03665161 0.86035156
vt 0.08642578 0.96191406
vt 0.091674805 0.9682617
vt 0.089660645 0.96484375
vt 0.091552734 0.97509766
vt 0.092285156 0.9716797
vt 0.07824707 0.9794922
vt 0.0758667 0.95703125
vt 0.08654785 0.9794922
vt 0.08959961 0.97753906
vt 0.08258057 0.97998047
vt 0.06768799 0.9746094
vt 0.064819336 0.95166016
vt 0.056640625 0.9692383
vt 0.053771973 0.94677734
vt 0.04559326 0.9638672
vt 0.04269409 0.94140625
vt 0.0345459 0.9589844
vt 0.032165527 0.93652344
vt 0.024002075 0.95410156
vt 0.018875122 0.94091797
vt 0.018722534 0.9477539
vt 0.020721436 0.9511719
vt 0.0181427 0.94384766
vt 0.023864746 0.93652344
vt 0.02079773 0.93847656
vt 0.027816772 0.93603516
vt 0.034484863 0.87353516
vt 0.03164673 0.8701172
vt 0.032562256 0.8720703
vt 0.03149414 0.8671875
vt 0.031311035 0.86865234
vt 0.03363037 0.86083984
vt 0.040405273 0.85595703
vt 0.040893555 0.8779297
vt 0.050842285 0.8520508
vt 0.051208496 0.8808594
vt 0.06286621 0.8515625
vt 0.06323242 0.8803711
vt 0.07324219 0.8544922
vt 0.07366943 0.87646484
vt 0.079589844 0.8588867
vt 0.08050537 0.87158203
vt 0.031341553 0.8642578
vt 0.031158447 0.86572266
vt 0.032043457 0.86279297
vt 0.08258057 0.8652344
vt 0.082458496 0.8623047
vt 0.08154297 0.86035156
vt 0.08282471 0.86376953
vt 0.08276367 0.86816406
vt 0.08294678 0.8666992
vt 0.082092285 0.8696289
vt 0.033599854 0.9667969
vt 0.025299072 0.9667969
vt 0.029251099 0.96777344
vt 0.020309448 0.96240234
vt 0.022232056 0.96533203
vt 0.025436401 0.94970703
vt 0.035980225 0.9448242
vt 0.044128418 0.96191406
vt 0.047027588 0.9394531
vt 0.0552063 0.95703125
vt 0.05807495 0.93408203
vt 0.066223145 0.95166016
vt 0.06915283 0.9291992
vt 0.07727051 0.94677734
vt 0.07965088 0.9243164
vt 0.08782959 0.94140625
vt 0.02017212 0.9560547
vt 0.019577026 0.95947266
vt 0.022155762 0.9526367
vt 0.09295654 0.92871094
vt 0.08795166 0.9243164
vt 0.08404541 0.92333984
vt 0.09100342 0.92578125
vt 0.09307861 0.9350586
vt 0.093688965 0.9316406
vt 0.09112549 0.93847656
vt 0.07336426 0.8520508
vt 0.07672119 0.8544922
vt 0.07550049 0.8535156
vt 0.07751465 0.8574219
vt 0.07739258 0.85595703
vt 0.0769043 0.8642578
vt 0.06518555 0.8496094
vt 0.07836914 0.86035156
vt 0.07824707 0.8588867
vt 0.078125 0.8623047
vt 0.07244873 0.87060547
vt 0.05404663 0.8496094
vt 0.0637207 0.8769531
vt 0.04257202 0.8535156
vt 0.052246094 0.8803711
vt 0.033843994 0.859375
vt 0.04107666 0.8803711
vt 0.029388428 0.86572266
vt 0.03289795 0.8779297
vt 0.028747559 0.8725586
vt 0.029541016 0.8754883
vt 0.030776978 0.8769531
vt 0.028884888 0.87402344
vt 0.027893066 0.8701172
vt 0.028045654 0.87158203
vt 0.028167725 0.86816406
vt 0.091796875 0.96777344
vt 0.09893799 0.9716797
vt 0.09588623 0.9692383
vt 0.10101318 0.97802734
vt 0.10064697 0.97509766
vt 0.090026855 0.9868164
vt 0.08026123 0.9663086
vt 0.09777832 0.9838867
vt 0.100097656 0.98095703
vt 0.09429932 0.98583984
vt 0.078430176 0.98583984
vt 0.068115234 0.96533203
vt 0.06628418 0.984375
vt 0.05593872 0.96435547
vt 0.054107666 0.98339844
vt 0.043792725 0.9628906
vt 0.04196167 0.9824219
vt 0.032196045 0.96191406
vt 0.030380249 0.98095703
vt 0.02116394 0.9707031
vt 0.023254395 0.9770508
vt 0.026321411 0.9794922
vt 0.021530151 0.9736328
vt 0.024414062 0.96484375
vt 0.022125244 0.96728516
vt 0.027893066 0.9628906
vt 0.03137207 0.86621094
vt 0.02986145 0.8618164
vt 0.030136108 0.86376953
vt 0.030715942 0.8588867
vt 0.030029297 0.86035156
vt 0.034851074 0.8535156
vt 0.042938232 0.8510742
vt 0.035888672 0.8725586
vt 0.05407715 0.8510742
vt 0.044677734 0.87841797
vt 0.06555176 0.85498047
vt 0.05618286 0.8823242
vt 0.07434082 0.86083984
vt 0.06726074 0.88183594
vt 0.07885742 0.8671875
vt 0.07537842 0.87939453
vt 0.03149414 0.8564453
vt 0.030853271 0.8574219
vt 0.03274536 0.85498047
vt 0.07952881 0.8745117
vt 0.0803833 0.87158203
vt 0.080078125 0.8696289
vt 0.080200195 0.8730469
vt 0.07873535 0.8769531
vt 0.07940674 0.8754883
vt 0.07751465 0.87841797
vt 0.032196045 0.95654297
vt 0.024414062 0.9536133
vt 0.027893066 0.9555664
vt 0.02116394 0.9477539
vt 0.022125244 0.9511719
vt 0.030380249 0.9375
vt 0.04196167 0.93603516
vt 0.043792725 0.9555664
vt 0.054107666 0.9350586
vt 0.05593872 0.95410156
vt 0.06628418 0.93408203
vt 0.068115234 0.953125
vt 0.078430176 0.9326172
vt 0.08026123 0.95214844
vt 0.090026855 0.9316406
vt 0.091796875 0.9506836
vt 0.023254395 0.94140625
vt 0.021530151 0.9448242
vt 0.026321411 0.93896484
vt 0.10101318 0.9404297
vt 0.09777832 0.9345703
vt 0.09429932 0.9326172
vt 0.100097656 0.9370117
vt 0.09893799 0.94677734
vt 0.10064697 0.9433594
vt 0.09588623 0.94921875
vt 0.07873535 0.8491211
vt 0.08270264 0.85058594
vt 0.08105469 0.8496094
vt 0.08428955 0.85302734
vt 0.083740234 0.8515625
vt 0.08581543 0.8598633
vt 0.070129395 0.8496094
vt 0.0859375 0.85546875
vt 0.08532715 0.8540039
vt 0.08630371 0.8574219
vt 0.08355713 0.8671875
vt 0.059539795 0.85302734
vt 0.07714844 0.87597656
vt 0.049743652 0.8598633
vt 0.06738281 0.8828125
vt 0.04336548 0.86865234
vt 0.056762695 0.88623047
vt 0.04107666 0.87597656
vt 0.048187256 0.88623047
vt 0.042633057 0.8828125
vt 0.04421997 0.8852539
vt 0.045837402 0.88623047
vt 0.04321289 0.88378906
vt 0.04095459 0.8803711
vt 0.04156494 0.88183594
vt 0.040618896 0.87841797
vt 0.084106445 0.9350586
vt 0.092163086 0.9370117
vt 0.08850098 0.9355469
vt 0.09613037 0.9423828
vt 0.0947876 0.9394531
vt 0.088256836 0.9536133
vt 0.072753906 0.9375
vt 0.0947876 0.94873047
vt 0.09613037 0.9453125
vt 0.09210205 0.95166016
vt 0.0769043 0.95654297
vt 0.060821533 0.9399414
vt 0.06500244 0.9589844
vt 0.048919678 0.9428711
vt 0.053100586 0.9614258
vt 0.036987305 0.9453125
vt 0.04119873 0.96435547
vt 0.025650024 0.9482422
vt 0.029830933 0.9667969
vt 0.017807007 0.95947266
vt 0.021743774 0.96484375
vt 0.02545166 0.9663086
vt 0.019134521 0.96240234
vt 0.019104004 0.953125
vt 0.01777649 0.95654297
vt 0.02180481 0.9501953
vt 0.03729248 0.86035156
vt 0.03717041 0.85595703
vt 0.0368042 0.85791016
vt 0.03881836 0.8535156
vt 0.03778076 0.8544922
vt 0.04437256 0.8496094
vt 0.052886963 0.8496094
vt 0.039611816 0.8676758
vt 0.06347656 0.85302734
vt 0.046081543 0.87597656
vt 0.07330322 0.8598633
vt 0.055908203 0.8833008
vt 0.07977295 0.86865234
vt 0.066467285 0.88671875
vt 0.082092285 0.87597656
vt 0.07501221 0.88671875
vt 0.040405273 0.8510742
vt 0.039398193 0.8520508
vt 0.042022705 0.85009766
vt 0.08050537 0.8828125
vt 0.082214355 0.8803711
vt 0.08258057 0.87841797
vt 0.081604004 0.88183594
vt 0.07891846 0.8852539
vt 0.079956055 0.88427734
vt 0.07733154 0.88623047
vt 0.030517578 0.94677734
vt 0.023971558 0.94140625
vt 0.026687622 0.94433594
vt 0.02267456 0.9350586
vt 0.022644043 0.93847656
vt 0.034698486 0.9277344
vt 0.046051025 0.9301758
vt 0.041870117 0.94921875
vt 0.0579834 0.93310547
vt 0.053771973 0.95166016
vt 0.069885254 0.9355469
vt 0.06567383 0.95458984
vt 0.08178711 0.93847656
vt 0.07757568 0.95703125
vt 0.09313965 0.94091797
vt 0.08898926 0.95947266
vt 0.026611328 0.9296875
vt 0.024002075 0.9321289
vt 0.030319214 0.92822266
vt 0.10101318 0.9526367
vt 0.09967041 0.9458008
vt 0.09698486 0.9428711
vt 0.10101318 0.94921875
vt 0.0970459 0.9580078
vt 0.09967041 0.9555664
vt 0.093322754 0.95947266
vt 0.0803833 0.8666992
vt 0.08166504 0.87060547
vt 0.08148193 0.8691406
vt 0.08068848 0.87353516
vt 0.0814209 0.8720703
vt 0.07611084 0.87890625
vt 0.07525635 0.8598633
vt 0.07977295 0.87646484
vt 0.08050537 0.875
vt 0.078430176 0.8774414
vt 0.06878662 0.88134766
vt 0.066223145 0.8535156
vt 0.05810547 0.88134766
vt 0.054718018 0.8496094
vt 0.04663086 0.8774414
vt 0.044067383 0.8496094
vt 0.03756714 0.87109375
vt 0.036743164 0.8520508
vt 0.032440186 0.8642578
vt 0.03213501 0.8574219
vt 0.031188965 0.8598633
vt 0.03137207 0.8618164
vt 0.031402588 0.8588867
vt 0.033081055 0.8544922
vt 0.032348633 0.85595703
vt 0.034423828 0.85302734
vt 0.093688965 0.9692383
vt 0.09692383 0.9770508
vt 0.0960083 0.97314453
vt 0.0949707 0.98339844
vt 0.09655762 0.98046875
vt 0.08099365 0.9838867
vt 0.0848999 0.9614258
vt 0.08898926 0.98583984
vt 0.09240723 0.98535156
vt 0.08496094 0.98535156
vt 0.07220459 0.9760742
vt 0.07574463 0.9536133
vt 0.06304932 0.9682617
vt 0.06652832 0.9453125
vt 0.053863525 0.95996094
vt 0.05734253 0.9375
vt 0.044677734 0.95214844
vt 0.048583984 0.9296875
vt 0.03591919 0.94433594
vt 0.034606934 0.9301758
vt 0.03262329 0.93652344
vt 0.033569336 0.9404297
vt 0.03302002 0.93310547
vt 0.04058838 0.9277344
vt 0.03717041 0.92822266
vt 0.04458618 0.92822266
vt 0.038848877 0.8803711
vt 0.035125732 0.8779297
vt 0.03652954 0.87939453
vt 0.034179688 0.875
vt 0.03439331 0.87646484
vt 0.034484863 0.86865234
vt 0.0395813 0.8618164
vt 0.04623413 0.8828125
vt 0.048553467 0.85498047
vt 0.056915283 0.8828125
vt 0.05999756 0.8515625
vt 0.068359375 0.87890625
vt 0.07067871 0.8510742
vt 0.07733154 0.8725586
vt 0.078063965 0.8535156
vt 0.082458496 0.86572266
vt 0.03326416 0.8725586
vt 0.033477783 0.87402344
vt 0.033416748 0.87060547
vt 0.08270264 0.8588867
vt 0.08178711 0.8564453
vt 0.0803833 0.85498047
vt 0.08251953 0.8574219
vt 0.0836792 0.8618164
vt 0.08343506 0.86035156
vt 0.083496094 0.86376953
vt 0.046569824 0.9824219
vt 0.03857422 0.984375
vt 0.04257202 0.9838867
vt 0.032592773 0.9819336
vt 0.03515625 0.98339844
vt 0.03390503 0.96777344
vt 0.042663574 0.95996094
vt 0.05532837 0.9746094
vt 0.051849365 0.95214844
vt 0.06451416 0.9663086
vt 0.06100464 0.94384766
vt 0.07373047 0.9584961
vt 0.07019043 0.93603516
vt 0.08288574 0.9506836
vt 0.07897949 0.92822266
vt 0.09161377 0.9428711
vt 0.03060913 0.97558594
vt 0.03100586 0.9790039
vt 0.031555176 0.9716797
vt 0.09295654 0.92871094
vt 0.0869751 0.92626953
vt 0.08294678 0.92626953
vt 0.09039307 0.9267578
vt 0.09490967 0.9350586
vt 0.09454346 0.9316406
vt 0.09399414 0.93896484
vt 0.084350586 0.8642578
vt 0.08630371 0.8676758
vt 0.08581543 0.86621094
vt 0.085876465 0.87060547
vt 0.086364746 0.8691406
vt 0.08227539 0.87646484
vt 0.078063965 0.85839844
vt 0.08544922 0.87353516
vt 0.0859375 0.8720703
vt 0.084350586 0.875
vt 0.07550049 0.8803711
vt 0.067993164 0.8535156
vt 0.06500244 0.8823242
vt 0.05606079 0.8520508
vt 0.05307007 0.8808594
vt 0.045562744 0.8535156
vt 0.042999268 0.87597656
vt 0.03881836 0.8574219
vt 0.036712646 0.8701172
vt 0.035217285 0.86328125
vt 0.03475952 0.86621094
vt 0.03527832 0.86816406
vt 0.034729004 0.8647461
vt 0.03564453 0.86083984
vt 0.03515625 0.8618164
vt 0.036743164 0.8588867
vt 0.085998535 0.95947266
vt 0.09063721 0.9663086
vt 0.08898926 0.9628906
vt 0.089782715 0.97314453
vt 0.09082031 0.96972656
vt 0.07611084 0.9760742
vt 0.076049805 0.9536133
vt 0.08441162 0.9765625
vt 0.087646484 0.97509766
vt 0.0803833 0.9770508
vt 0.06616211 0.96972656
vt 0.06555176 0.9472656
vt 0.055664062 0.9638672
vt 0.055114746 0.94091797
vt 0.045196533 0.95751953
vt 0.044647217 0.9345703
vt 0.034729004 0.9511719
vt 0.03463745 0.92871094
vt 0.024749756 0.9453125
vt 0.020980835 0.9316406
vt 0.02015686 0.93847656
vt 0.02178955 0.94189453
vt 0.019927979 0.9345703
vt 0.026382446 0.9277344
vt 0.023147583 0.9291992
vt 0.030380249 0.9277344
vt 0.038513184 0.87646484
vt 0.035308838 0.8730469
vt 0.03640747 0.875
vt 0.03488159 0.8701172
vt 0.034820557 0.87158203
vt 0.036346436 0.86376953
vt 0.04257202 0.85791016
vt 0.045318604 0.8803711
vt 0.052581787 0.85302734
vt 0.055877686 0.88183594
vt 0.06451416 0.8515625
vt 0.06781006 0.8803711
vt 0.07507324 0.85302734
vt 0.077819824 0.8754883
vt 0.08190918 0.8569336
vt 0.08404541 0.8696289
vt 0.034423828 0.8676758
vt 0.03439331 0.8691406
vt 0.034942627 0.86572266
vt 0.085510254 0.86328125
vt 0.08508301 0.86035156
vt 0.083984375 0.85839844
vt 0.08557129 0.8618164
vt 0.0859375 0.86572266
vt 0.085998535 0.8642578
vt 0.08544922 0.8676758
vt 0.04107666 0.9785156
vt 0.032806396 0.9794922
vt 0.0368042 0.9794922
vt 0.027389526 0.97558594
vt 0.029571533 0.97802734
vt 0.031173706 0.96191406
vt 0.041168213 0.9560547
vt 0.05105591 0.97265625
vt 0.051635742 0.94970703
vt 0.061523438 0.9663086
vt 0.06210327 0.9433594
vt 0.07196045 0.95996094
vt 0.0725708 0.9370117
vt 0.082458496 0.9536133
vt 0.08251953 0.93115234
vt 0.09246826 0.9477539
vt 0.02658081 0.96875
vt 0.026351929 0.97265625
vt 0.028213501 0.96533203
vt 0.096191406 0.93408203
vt 0.09082031 0.9301758
vt 0.08679199 0.9301758
vt 0.094055176 0.9316406
vt 0.0970459 0.94091797
vt 0.09729004 0.9370117
vt 0.09539795 0.94433594
vt 0.07873535 0.8569336
vt 0.08178711 0.8598633
vt 0.08068848 0.85839844
vt 0.082214355 0.86279297
vt 0.082214355 0.8613281
vt 0.08062744 0.8696289
vt 0.07098389 0.85302734
vt 0.0826416 0.8652344
vt 0.08270264 0.86376953
vt 0.08215332 0.8671875
vt 0.07537842 0.875
vt 0.059936523 0.8515625
vt 0.06591797 0.8798828
vt 0.048065186 0.8540039
vt 0.05407715 0.8823242
vt 0.038635254 0.8588867
vt 0.042999268 0.8808594
vt 0.033355713 0.8647461
vt 0.035247803 0.8769531
vt 0.031799316 0.87158203
vt 0.03225708 0.87402344
vt 0.033294678 0.87597656
vt 0.0317688 0.8730469
vt 0.031341553 0.86865234
vt 0.031311035 0.8701172
vt 0.03186035 0.8666992
vt 0.08660889 0.95654297
vt 0.09313965 0.96191406
vt 0.0904541 0.9589844
vt 0.09436035 0.9682617
vt 0.09442139 0.96484375
vt 0.08227539 0.97558594
vt 0.07525635 0.95410156
vt 0.09039307 0.9736328
vt 0.09301758 0.9711914
vt 0.08666992 0.97509766
vt 0.07098389 0.97265625
vt 0.06335449 0.9511719
vt 0.059051514 0.97021484
vt 0.051483154 0.94873047
vt 0.047180176 0.96728516
vt 0.0395813 0.9458008
vt 0.03527832 0.96435547
vt 0.028244019 0.9433594
vt 0.02394104 0.96191406
vt 0.016174316 0.9501953
vt 0.017425537 0.95654297
vt 0.020126343 0.95996094
vt 0.016113281 0.9536133
vt 0.020141602 0.9448242
vt 0.017532349 0.9472656
vt 0.023864746 0.9433594
vt 0.036743164 0.86816406
vt 0.034698486 0.8642578
vt 0.035247803 0.86621094
vt 0.035186768 0.8613281
vt 0.03466797 0.86279297
vt 0.03857422 0.85546875
vt 0.046295166 0.8520508
vt 0.042053223 0.87402344
vt 0.05731201 0.85058594
vt 0.051574707 0.87890625
vt 0.06915283 0.85253906
vt 0.06341553 0.8808594
vt 0.07867432 0.8574219
vt 0.07446289 0.87939453
vt 0.083984375 0.86328125
vt 0.08215332 0.87597656
vt 0.035614014 0.85839844
vt 0.035125732 0.8598633
vt 0.03665161 0.8569336
vt 0.08557129 0.8701172
vt 0.08605957 0.8671875
vt 0.085510254 0.8652344
vt 0.08605957 0.86865234
vt 0.08514404 0.8730469
vt 0.085632324 0.87158203
vt 0.084106445 0.8745117
vt 0.036987305 0.9609375
vt 0.028869629 0.9589844
vt 0.032592773 0.9604492
vt 0.024902344 0.9536133
vt 0.026245117 0.95654297
vt 0.03265381 0.94189453
vt 0.044006348 0.9394531
vt 0.048309326 0.9584961
vt 0.055908203 0.93652344
vt 0.06021118 0.9555664
vt 0.06781006 0.93408203
vt 0.07208252 0.9526367
vt 0.07965088 0.93115234
vt 0.083984375 0.9501953
vt 0.09100342 0.92871094
vt 0.095336914 0.9472656
vt 0.026153564 0.9472656
vt 0.024841309 0.9506836
vt 0.028839111 0.94433594
vt 0.10308838 0.93603516
vt 0.099121094 0.93066406
vt 0.09539795 0.9291992
vt 0.101745605 0.93310547
vt 0.101867676 0.9423828
vt 0.103149414 0.93896484
vt 0.099121094 0.9453125
vt 0.08068848 0.8515625
vt 0.08453369 0.85302734
vt 0.08300781 0.8520508
vt 0.085876465 0.85546875
vt 0.08538818 0.8540039
vt 0.08673096 0.86279297
vt 0.072143555 0.85058594
vt 0.08728027 0.85791016
vt 0.08679199 0.8569336
vt 0.087402344 0.86035156
vt 0.0836792 0.8696289
vt 0.06124878 0.85302734
vt 0.076416016 0.8774414
vt 0.050811768 0.8588867
vt 0.065979004 0.88378906
vt 0.0435791 0.8666992
vt 0.05508423 0.8857422
vt 0.04055786 0.87402344
vt 0.046569824 0.8852539
vt 0.041381836 0.8808594
vt 0.042755127 0.8833008
vt 0.04425049 0.88427734
vt 0.0418396 0.8823242
vt 0.039978027 0.87841797
vt 0.04043579 0.8798828
vt 0.03982544 0.87646484
vt 0.088256836 0.93896484
vt 0.09613037 0.94189453
vt 0.09259033 0.9399414
vt 0.099487305 0.9477539
vt 0.09844971 0.94433594
vt 0.09051514 0.9584961
vt 0.076660156 0.9404297
vt 0.09753418 0.9536133
vt 0.09918213 0.9506836
vt 0.09454346 0.95654297
vt 0.07891846 0.95947266
vt 0.064575195 0.94189453
vt 0.066833496 0.9609375
vt 0.052459717 0.9433594
vt 0.054718018 0.96240234
vt 0.04034424 0.9448242
vt 0.04257202 0.9638672
vt 0.028778076 0.94628906
vt 0.031021118 0.96533203
vt 0.01979065 0.95703125
vt 0.023162842 0.96240234
vt 0.02670288 0.96435547
vt 0.020828247 0.95996094
vt 0.021743774 0.9506836
vt 0.020080566 0.9536133
vt 0.024734497 0.9477539
vt 0.03152466 0.8623047
vt 0.030929565 0.85791016
vt 0.030776978 0.8598633
vt 0.032348633 0.85498047
vt 0.031402588 0.8564453
vt 0.037475586 0.8510742
vt 0.045959473 0.85009766
vt 0.034576416 0.8696289
vt 0.05682373 0.85253906
vt 0.041900635 0.8774414
vt 0.06732178 0.85839844
vt 0.052368164 0.8833008
vt 0.07458496 0.86621094
vt 0.06323242 0.8852539
vt 0.077697754 0.87353516
vt 0.07171631 0.8847656
vt 0.033691406 0.85253906
vt 0.03277588 0.8540039
vt 0.035186768 0.8515625
vt 0.07684326 0.8803711
vt 0.07824707 0.8779297
vt 0.078430176 0.87597656
vt 0.077819824 0.87939453
vt 0.07550049 0.8828125
vt 0.076416016 0.88183594
vt 0.07397461 0.88378906
vt 0.025100708 0.95458984
vt 0.018066406 0.9501953
vt 0.021072388 0.953125
vt 0.016113281 0.94384766
vt 0.016403198 0.9472656
vt 0.027359009 0.9355469
vt 0.038909912 0.9370117
vt 0.03665161 0.9560547
vt 0.05102539 0.93847656
vt 0.04876709 0.95751953
vt 0.06317139 0.9399414
vt 0.06088257 0.9589844
vt 0.07525635 0.94140625
vt 0.07299805 0.9604492
vt 0.08679199 0.9428711
vt 0.08459473 0.96191406
vt 0.019485474 0.93847656
vt 0.017150879 0.94091797
vt 0.023025513 0.93652344
vt 0.095825195 0.9536133
vt 0.09387207 0.9472656
vt 0.09088135 0.94433594
vt 0.09552002 0.9501953
vt 0.09240723 0.9589844
vt 0.0947876 0.95654297
vt 0.08886719 0.9609375
vt 0.07531738 0.8491211
vt 0.07946777 0.8496094
vt 0.077697754 0.8491211
vt 0.08135986 0.8520508
vt 0.080566406 0.85058594
vt 0.083740234 0.85839844
vt 0.066833496 0.85009766
vt 0.08331299 0.8540039
vt 0.08251953 0.85302734
vt 0.08392334 0.85595703
vt 0.082458496 0.86621094
vt 0.056762695 0.85498047
vt 0.07720947 0.8754883
vt 0.04800415 0.86328125
vt 0.068481445 0.88378906
vt 0.042785645 0.8725586
vt 0.058380127 0.8886719
vt 0.04147339 0.8803711
vt 0.04989624 0.88964844
vt 0.043884277 0.88671875
vt 0.045776367 0.8886719
vt 0.04751587 0.88964844
vt 0.044647217 0.8881836
vt 0.041931152 0.8847656
vt 0.04269409 0.8857422
vt 0.0413208 0.8828125
vt 0.07910156 0.9394531
vt 0.08734131 0.9399414
vt 0.083496094 0.93896484
vt 0.091918945 0.9448242
vt 0.090270996 0.94189453
vt 0.08569336 0.95751953
vt 0.06817627 0.9433594
vt 0.0914917 0.95166016
vt 0.09240723 0.9482422
vt 0.0892334 0.95458984
vt 0.07476807 0.9614258
vt 0.05670166 0.9472656
vt 0.06329346 0.96533203
vt 0.04522705 0.95166016
vt 0.051818848 0.96972656
vt 0.03375244 0.9555664
vt 0.040374756 0.9741211
vt 0.022827148 0.95996094
vt 0.029434204 0.97802734
vt 0.016571045 0.97216797
vt 0.02116394 0.9770508
vt 0.025039673 0.97802734
vt 0.01826477 0.97509766
vt 0.01701355 0.9658203
vt 0.016113281 0.9692383
vt 0.019317627 0.96240234
vt 0.036315918 0.8574219
vt 0.03677368 0.85302734
vt 0.03616333 0.85498047
vt 0.038726807 0.8510742
vt 0.03753662 0.8520508
vt 0.044708252 0.84814453
vt 0.053131104 0.8491211
vt 0.03765869 0.8652344
vt 0.06317139 0.8540039
vt 0.042938232 0.8745117
vt 0.072021484 0.8623047
vt 0.05178833 0.8828125
vt 0.07733154 0.87158203
vt 0.061828613 0.8876953
vt 0.07867432 0.87890625
vt 0.070251465 0.8886719
vt 0.040618896 0.8491211
vt 0.039489746 0.8496094
vt 0.04232788 0.84814453
vt 0.07623291 0.8857422
vt 0.078186035 0.88378906
vt 0.07879639 0.88183594
vt 0.07739258 0.8847656
vt 0.07434082 0.8876953
vt 0.07550049 0.88720703
vt 0.072631836 0.8886719
vt 0.024337769 0.9501953
vt 0.01852417 0.94433594
vt 0.020828247 0.9477539
vt 0.018081665 0.9375
vt 0.017623901 0.94091797
vt 0.030944824 0.9321289
vt 0.041870117 0.93603516
vt 0.03527832 0.95410156
vt 0.053344727 0.9404297
vt 0.046722412 0.9584961
vt 0.064819336 0.94433594
vt 0.05819702 0.96240234
vt 0.07623291 0.94873047
vt 0.06964111 0.9667969
vt 0.08721924 0.9526367
vt 0.080566406 0.9707031
vt 0.02267456 0.93310547
vt 0.01977539 0.9350586
vt 0.026550293 0.9316406
vt 0.093444824 0.96533203
vt 0.09301758 0.9584961
vt 0.09069824 0.9550781
vt 0.093933105 0.96191406
vt 0.08886719 0.96972656
vt 0.09173584 0.96777344
vt 0.08496094 0.9711914
vt 0.06878662 0.8461914
vt 0.07293701 0.8466797
vt 0.07116699 0.8457031
vt 0.07501221 0.8486328
vt 0.074157715 0.84716797
vt 0.07800293 0.85498047
vt 0.060424805 0.84814453
vt 0.07714844 0.85058594
vt 0.076293945 0.8491211
vt 0.077941895 0.8520508
vt 0.07739258 0.8623047
vt 0.050811768 0.8535156
vt 0.07305908 0.8720703
vt 0.042816162 0.86279297
vt 0.06506348 0.88134766
vt 0.03845215 0.8725586
vt 0.055419922 0.88671875
vt 0.037841797 0.8803711
vt 0.047088623 0.8886719
vt 0.04083252 0.88671875
vt 0.042907715 0.8881836
vt 0.044708252 0.88916016
vt 0.04168701 0.8876953
vt 0.03869629 0.88427734
vt 0.0395813 0.8857422
vt 0.03793335 0.8828125
vt 0.08154297 0.9375
vt 0.08984375 0.9375
vt 0.085876465 0.93652344
vt 0.09484863 0.94189453
vt 0.09289551 0.9394531
vt 0.08972168 0.9550781
vt 0.07098389 0.9423828
vt 0.0949707 0.9482422
vt 0.095581055 0.9448242
vt 0.09301758 0.95166016
vt 0.07922363 0.95996094
vt 0.05996704 0.9477539
vt 0.06817627 0.96484375
vt 0.048919678 0.9526367
vt 0.057128906 0.97021484
vt 0.037872314 0.9580078
vt 0.046081543 0.97558594
vt 0.02734375 0.9628906
vt 0.03555298 0.98046875
vt 0.022232056 0.9760742
vt 0.027236938 0.98046875
vt 0.031188965 0.98095703
vt 0.024169922 0.9785156
vt 0.022079468 0.9692383
vt 0.021499634 0.97265625
vt 0.02407837 0.9658203
vt 0.043273926 0.85546875
vt 0.044158936 0.8510742
vt 0.04336548 0.85253906
vt 0.046295166 0.8491211
vt 0.045043945 0.8496094
vt 0.052520752 0.8466797
vt 0.060791016 0.8486328
vt 0.043914795 0.86328125
vt 0.070373535 0.8540039
vt 0.04837036 0.8730469
vt 0.078430176 0.86279297
vt 0.056427002 0.88183594
vt 0.08288574 0.8725586
vt 0.06604004 0.88720703
vt 0.08355713 0.8803711
vt 0.074279785 0.88916016
vt 0.04837036 0.84716797
vt 0.04714966 0.84765625
vt 0.05014038 0.8461914
vt 0.08050537 0.88671875
vt 0.08270264 0.8847656
vt 0.08343506 0.8833008
vt 0.08178711 0.88623047
vt 0.07849121 0.8886719
vt 0.07965088 0.8881836
vt 0.076660156 0.88964844
vt 0.0284729 0.94433594
vt 0.023223877 0.9375
vt 0.02520752 0.94140625
vt 0.023361206 0.93115234
vt 0.022628784 0.93408203
vt 0.03668213 0.9267578
vt 0.047210693 0.9316406
vt 0.039001465 0.94921875
vt 0.058258057 0.9370117
vt 0.050048828 0.95410156
vt 0.0692749 0.94189453
vt 0.06109619 0.95947266
vt 0.080322266 0.9472656
vt 0.072143555 0.96484375
vt 0.09088135 0.95214844
vt 0.0826416 0.96972656
vt 0.028366089 0.9267578
vt 0.025299072 0.92871094
vt 0.032318115 0.92626953
vt 0.095947266 0.96533203
vt 0.09613037 0.9584961
vt 0.09411621 0.9550781
vt 0.09674072 0.96191406
vt 0.09100342 0.96972656
vt 0.094055176 0.96777344
vt 0.08703613 0.97021484
vt 0.06921387 0.84521484
vt 0.07336426 0.8457031
vt 0.07159424 0.84521484
vt 0.07537842 0.84765625
vt 0.07458496 0.8466797
vt 0.078125 0.8544922
vt 0.060821533 0.8466797
vt 0.07745361 0.85009766
vt 0.07659912 0.8486328
vt 0.078125 0.8515625
vt 0.07714844 0.8618164
vt 0.050964355 0.8520508
vt 0.072387695 0.87158203
vt 0.04260254 0.86083984
vt 0.06402588 0.8803711
vt 0.037841797 0.8701172
vt 0.05419922 0.8857422
vt 0.036895752 0.8779297
vt 0.045806885 0.88720703
vt 0.039642334 0.8847656
vt 0.041625977 0.88671875
vt 0.043395996 0.88720703
vt 0.04046631 0.8857422
vt 0.037597656 0.8823242
vt 0.03842163 0.88378906
vt 0.036895752 0.8803711
vt 0.08691406 0.9223633
vt 0.09515381 0.92285156
vt 0.09124756 0.921875
vt 0.099975586 0.9272461
vt 0.09814453 0.9248047
vt 0.09436035 0.9404297
vt 0.076171875 0.9272461
vt 0.099853516 0.93408203
vt 0.10058594 0.93066406
vt 0.097717285 0.9375
vt 0.083618164 0.9448242
vt 0.064941406 0.9316406
vt 0.072387695 0.94970703
vt 0.05368042 0.93652344
vt 0.06112671 0.95410156
vt 0.042419434 0.94140625
vt 0.04989624 0.9589844
vt 0.031707764 0.9458008
vt 0.039154053 0.9633789
vt 0.026046753 0.9584961
vt 0.03086853 0.9628906
vt 0.03479004 0.9638672
vt 0.027877808 0.9614258
vt 0.026168823 0.95214844
vt 0.025436401 0.9555664
vt 0.028305054 0.94873047
vt 0.042510986 0.85546875
vt 0.043182373 0.85058594
vt 0.042510986 0.85253906
vt 0.04525757 0.8486328
vt 0.044036865 0.8496094
vt 0.051361084 0.8461914
vt 0.059692383 0.84765625
vt 0.04345703 0.86279297
vt 0.06951904 0.85302734
vt 0.04827881 0.8725586
vt 0.077941895 0.8613281
vt 0.05670166 0.88134766
vt 0.08282471 0.87109375
vt 0.06652832 0.88623047
vt 0.08380127 0.87890625
vt 0.07489014 0.8881836
vt 0.04724121 0.8466797
vt 0.046051025 0.84765625
vt 0.048980713 0.8461914
vt 0.08105469 0.8852539
vt 0.08312988 0.8833008
vt 0.08380127 0.88134766
vt 0.08227539 0.88427734
vt 0.07904053 0.88720703
vt 0.08026123 0.88671875
vt 0.07727051 0.8881836
vt 0.027191162 0.9511719
vt 0.02168274 0.9448242
vt 0.02381897 0.9482422
vt 0.021560669 0.9379883
vt 0.020950317 0.94140625
vt 0.03466797 0.93310547
vt 0.04537964 0.9375
vt 0.03793335 0.9555664
vt 0.056640625 0.9423828
vt 0.04916382 0.95996094
vt 0.067871094 0.9472656
vt 0.060424805 0.96484375
vt 0.0791626 0.95166016
vt 0.07165527 0.96972656
vt 0.08984375 0.95654297
vt 0.08239746 0.9741211
vt 0.026367188 0.93359375
vt 0.023376465 0.9355469
vt 0.030303955 0.9326172
vt 0.09552002 0.9692383
vt 0.09539795 0.96240234
vt 0.09326172 0.9589844
vt 0.09613037 0.9663086
vt 0.09069824 0.9736328
vt 0.093688965 0.9716797
vt 0.08679199 0.9746094
vt 0.022979736 0.859375
vt 0.017822266 0.86376953
vt 0.02268982 0.86376953
vt 0.018234253 0.8696289
vt 0.02268982 0.86376953
vt 0.018234253 0.8696289
vt 0.023071289 0.8691406
vt 0.019622803 0.87597656
vt 0.04425049 0.8959961
vt 0.05834961 0.90527344
vt 0.058746338 0.9003906
vt 0.042022705 0.9008789
vt 0.058746338 0.9003906
vt 0.07531738 0.9038086
vt 0.07373047 0.8989258
vt 0.05834961 0.90527344
vt 0.09716797 0.87109375
vt 0.10235596 0.8666992
vt 0.097473145 0.8666992
vt 0.10192871 0.86083984
vt 0.097473145 0.8666992
vt 0.10192871 0.86083984
vt 0.09710693 0.8613281
vt 0.1005249 0.8544922
vt 0.075927734 0.83447266
vt 0.061828613 0.8251953
vt 0.061401367 0.8300781
vt 0.078125 0.82958984
vt 0.061401367 0.8300781
vt 0.044830322 0.82666016
vt 0.046417236 0.83154297
vt 0.061828613 0.8251953
vt 0.08911133 0.8491211
vt 0.090026855 0.8417969
vt 0.08618164 0.84472656
vt 0.08569336 0.83691406
vt 0.06982422 0.8334961
vt 0.05404663 0.82714844
vt 0.054656982 0.83203125
vt 0.07141113 0.828125
vt 0.054656982 0.83203125
vt 0.037902832 0.83203125
vt 0.040252686 0.8364258
vt 0.05404663 0.82714844
vt 0.019515991 0.86376953
vt 0.014282227 0.86865234
vt 0.019119263 0.86865234
vt 0.014404297 0.87402344
vt 0.023742676 0.8857422
vt 0.02281189 0.8925781
vt 0.026687622 0.88964844
vt 0.027175903 0.89746094
vt 0.043029785 0.9013672
vt 0.058807373 0.90771484
vt 0.05819702 0.90234375
vt 0.04144287 0.90625
vt 0.05819702 0.90234375
vt 0.07495117 0.90234375
vt 0.0725708 0.8979492
vt 0.058807373 0.90771484
vt 0.093322754 0.87109375
vt 0.09857178 0.86572266
vt 0.09375 0.86572266
vt 0.09844971 0.86083984
vt 0.019241333 0.8613281
vt 0.014282227 0.8666992
vt 0.01914978 0.86621094
vt 0.015098572 0.8730469
vt 0.051879883 0.9008789
vt 0.068115234 0.9057617
vt 0.06695557 0.9008789
vt 0.05102539 0.9057617
vt 0.079833984 0.89453125
vt 0.08746338 0.89404297
vt 0.08392334 0.8911133
vt 0.08270264 0.8984375
vt 0.093444824 0.87060547
vt 0.09844971 0.8652344
vt 0.093566895 0.86572266
vt 0.097595215 0.8588867
vt 0.060821533 0.8310547
vt 0.0446167 0.8261719
vt 0.045776367 0.8310547
vt 0.061676025 0.8261719
vt 0.03286743 0.83740234
vt 0.025238037 0.8378906
vt 0.028778076 0.8408203
vt 0.02998352 0.8334961
vt 0.08721924 0.85009766
vt 0.08874512 0.8432617
vt 0.0847168 0.8461914
vt 0.08502197 0.8388672
vt 0.0847168 0.8461914
vt 0.08502197 0.8388672
vt 0.0814209 0.84228516
vt 0.08026123 0.83447266
vt 0.064086914 0.83203125
vt 0.047821045 0.8276367
vt 0.04888916 0.83251953
vt 0.06524658 0.82714844
vt 0.04888916 0.83251953
vt 0.032226562 0.8339844
vt 0.034942627 0.8383789
vt 0.047821045 0.8276367
vt 0.017456055 0.8613281
vt 0.011917114 0.8666992
vt 0.016723633 0.8666992
vt 0.01197052 0.8725586
vt 0.016723633 0.8666992
vt 0.01197052 0.8725586
vt 0.016784668 0.8720703
vt 0.012557983 0.8779297
vt 0.02041626 0.8847656
vt 0.018859863 0.8911133
vt 0.022903442 0.8886719
vt 0.022613525 0.8955078
vt 0.022903442 0.8886719
vt 0.022613525 0.8955078
vt 0.02619934 0.8925781
vt 0.027389526 0.89990234
vt 0.043518066 0.90234375
vt 0.059783936 0.90722656
vt 0.058746338 0.90234375
vt 0.042388916 0.90771484
vt 0.058746338 0.90234375
vt 0.07537842 0.9008789
vt 0.07269287 0.8964844
vt 0.059783936 0.90722656
vt 0.07269287 0.8964844
vt 0.088378906 0.88964844
vt 0.08428955 0.88671875
vt 0.07537842 0.9008789
vt 0.090148926 0.8730469
vt 0.095703125 0.8676758
vt 0.09088135 0.8676758
vt 0.09564209 0.8618164
vt 0.09088135 0.8676758
vt 0.09564209 0.8618164
vt 0.09082031 0.86279297
vt 0.09509277 0.8569336
vt 0.052856445 0.89990234
vt 0.068725586 0.90527344
vt 0.06793213 0.9003906
vt 0.05178833 0.90478516
vt 0.06793213 0.9003906
vt 0.08483887 0.89990234
vt 0.082214355 0.8955078
vt 0.068725586 0.90527344
vt 0.06945801 0.83251953
vt 0.053588867 0.82666016
vt 0.054351807 0.83154297
vt 0.070495605 0.82714844
vt 0.054351807 0.83154297
vt 0.03744507 0.83203125
vt 0.04006958 0.8364258
vt 0.053588867 0.82666016
vt 0.06341553 0.83154297
vt 0.04714966 0.8276367
vt 0.04837036 0.83251953
vt 0.06402588 0.82666016
vt 0.04837036 0.83251953
vt 0.031280518 0.83447266
vt 0.034210205 0.8383789
vt 0.04714966 0.8276367
vt 0.050689697 0.9008789
vt 0.06695557 0.90478516
vt 0.06573486 0.89990234
vt 0.050109863 0.9057617
vt 0.06573486 0.89990234
vt 0.08282471 0.8979492
vt 0.07989502 0.89404297
vt 0.06695557 0.90478516
vt 0.02104187 0.88427734
vt 0.020401001 0.89160156
vt 0.024139404 0.8881836
vt 0.024993896 0.8959961
vt 0.041259766 0.89941406
vt 0.057373047 0.90478516
vt 0.056671143 0.89941406
vt 0.039886475 0.9042969
vt 0.056671143 0.89941406
vt 0.07354736 0.89990234
vt 0.07110596 0.89501953
vt 0.057373047 0.90478516
vt 0.08929443 0.8730469
vt 0.09503174 0.86816406
vt 0.090270996 0.8676758
vt 0.09527588 0.8623047
vt 0.090270996 0.8676758
vt 0.09527588 0.8623047
vt 0.0904541 0.86279297
vt 0.0949707 0.8569336
vt 0.08520508 0.8457031
vt 0.085876465 0.8388672
vt 0.08215332 0.8417969
vt 0.08129883 0.8339844
vt 0.06500244 0.8310547
vt 0.04888916 0.8251953
vt 0.049591064 0.8305664
vt 0.06640625 0.8256836
vt 0.049591064 0.8305664
vt 0.032714844 0.8305664
vt 0.03515625 0.83496094
vt 0.04888916 0.8251953
vt 0.016967773 0.8569336
vt 0.011222839 0.8623047
vt 0.016021729 0.8623047
vt 0.0109939575 0.8676758
vt 0.016021729 0.8623047
vt 0.0109939575 0.8676758
vt 0.015823364 0.8676758
vt 0.011306763 0.8730469
vt 0.092041016 0.87353516
vt 0.097351074 0.8696289
vt 0.09246826 0.8691406
vt 0.09716797 0.86376953
vt 0.09246826 0.8691406
vt 0.09716797 0.86376953
vt 0.09234619 0.86376953
vt 0.096069336 0.8574219
vt 0.05822754 0.83203125
vt 0.04159546 0.828125
vt 0.04296875 0.83251953
vt 0.058746338 0.82714844
vt 0.03012085 0.83935547
vt 0.022491455 0.84033203
vt 0.026168823 0.8432617
vt 0.027053833 0.8359375
vt 0.018203735 0.859375
vt 0.012870789 0.86376953
vt 0.017745972 0.8642578
vt 0.013046265 0.8696289
vt 0.017745972 0.8642578
vt 0.013046265 0.8696289
vt 0.01789856 0.8691406
vt 0.014152527 0.87597656
vt 0.052001953 0.9013672
vt 0.06866455 0.90527344
vt 0.06726074 0.9003906
vt 0.051483154 0.90625
vt 0.08013916 0.8935547
vt 0.087768555 0.8930664
vt 0.08404541 0.88964844
vt 0.08319092 0.89746094
vt 0.062683105 0.9038086
vt 0.079711914 0.9042969
vt 0.07745361 0.89941406
vt 0.06298828 0.9091797
vt 0.064208984 0.83154297
vt 0.047180176 0.83154297
vt 0.049438477 0.8359375
vt 0.063964844 0.82666016
vt 0.07330322 0.8364258
vt 0.058776855 0.82714844
vt 0.058624268 0.83203125
vt 0.07537842 0.83154297
vt 0.058624268 0.83203125
vt 0.04248047 0.8300781
vt 0.04425049 0.83447266
vt 0.058776855 0.82714844
vt 0.03930664 0.83691406
vt 0.031982422 0.8364258
vt 0.035125732 0.83984375
vt 0.03677368 0.8330078
vt 0.035125732 0.83984375
vt 0.028030396 0.83984375
vt 0.031707764 0.8432617
vt 0.031982422 0.8364258
vt 0.031707764 0.8432617
vt 0.024490356 0.8432617
vt 0.028915405 0.8461914
vt 0.028030396 0.83984375
vt 0.046081543 0.89990234
vt 0.06060791 0.9091797
vt 0.060760498 0.9042969
vt 0.044006348 0.90478516
vt 0.060760498 0.9042969
vt 0.0769043 0.90625
vt 0.07513428 0.9013672
vt 0.06060791 0.9091797
vt 0.080078125 0.8989258
vt 0.087402344 0.89990234
vt 0.084228516 0.8964844
vt 0.08258057 0.9033203
vt 0.084228516 0.8964844
vt 0.091308594 0.8964844
vt 0.087646484 0.8930664
vt 0.087402344 0.89990234
vt 0.087646484 0.8930664
vt 0.09484863 0.8930664
vt 0.0904541 0.8901367
vt 0.091308594 0.8964844
vt 0.01965332 0.85791016
vt 0.014282227 0.8618164
vt 0.019134521 0.8623047
vt 0.014411926 0.8676758
vt 0.019134521 0.8623047
vt 0.014411926 0.8676758
vt 0.01927185 0.8671875
vt 0.0154953 0.87402344
vt 0.05340576 0.9003906
vt 0.06976318 0.90478516
vt 0.06842041 0.89990234
vt 0.052734375 0.90527344
vt 0.08105469 0.8930664
vt 0.08868408 0.8925781
vt 0.08502197 0.88916016
vt 0.084106445 0.89697266
vt 0.09320068 0.8730469
vt 0.09857178 0.8691406
vt 0.093688965 0.86865234
vt 0.09844971 0.86328125
vt 0.093688965 0.86865234
vt 0.09844971 0.86328125
vt 0.093566895 0.86328125
vt 0.097351074 0.8569336
vt 0.059448242 0.8305664
vt 0.043060303 0.8261719
vt 0.044403076 0.8310547
vt 0.06011963 0.8251953
vt 0.031799316 0.8378906
vt 0.024169922 0.8383789
vt 0.027832031 0.8417969
vt 0.028747559 0.8339844
vt 0.09020996 0.84716797
vt 0.09082031 0.83984375
vt 0.08709717 0.8432617
vt 0.08618164 0.8354492
vt 0.07019043 0.83251953
vt 0.054138184 0.82714844
vt 0.05496216 0.83203125
vt 0.0715332 0.8276367
vt 0.05496216 0.83203125
vt 0.038238525 0.8330078
vt 0.040802002 0.83740234
vt 0.054138184 0.82714844
vt 0.022369385 0.8598633
vt 0.016616821 0.8647461
vt 0.021408081 0.8652344
vt 0.016433716 0.87060547
vt 0.021408081 0.8652344
vt 0.016433716 0.87060547
vt 0.021255493 0.8701172
vt 0.016799927 0.87597656
vt 0.02670288 0.88720703
vt 0.026123047 0.89404297
vt 0.029846191 0.8911133
vt 0.030715942 0.8989258
vt 0.046722412 0.90185547
vt 0.062805176 0.90722656
vt 0.061950684 0.90234375
vt 0.045410156 0.9067383
vt 0.061950684 0.90234375
vt 0.07867432 0.9013672
vt 0.07611084 0.89697266
vt 0.062805176 0.90722656
vt 0.07611084 0.89697266
vt 0.09210205 0.890625
vt 0.088134766 0.8876953
vt 0.07867432 0.9013672
vt 0.09454346 0.8745117
vt 0.10028076 0.8691406
vt 0.09552002 0.8691406
vt 0.10046387 0.86376953
vt 0.09552002 0.8691406
vt 0.10046387 0.86376953
vt 0.09564209 0.86376953
vt 0.100097656 0.85839844
vt 0.022979736 0.86621094
vt 0.018447876 0.87109375
vt 0.02330017 0.87060547
vt 0.019607544 0.8769531
vt 0.048858643 0.89990234
vt 0.06402588 0.90722656
vt 0.06378174 0.90185547
vt 0.04727173 0.90478516
vt 0.06378174 0.90185547
vt 0.08068848 0.9033203
vt 0.07849121 0.8989258
vt 0.06402588 0.90722656
vt 0.098083496 0.86816406
vt 0.10266113 0.86328125
vt 0.09777832 0.86376953
vt 0.10144043 0.8574219
vt 0.07220459 0.83447266
vt 0.057037354 0.82714844
vt 0.057281494 0.83203125
vt 0.073791504 0.82958984
vt 0.057281494 0.83203125
vt 0.040405273 0.8310547
vt 0.04257202 0.8354492
vt 0.057037354 0.82714844
vt 0.077941895 0.83496094
vt 0.06304932 0.82666016
vt 0.06298828 0.83154297
vt 0.08013916 0.8300781
vt 0.06298828 0.83154297
vt 0.046417236 0.82958984
vt 0.04815674 0.83447266
vt 0.06304932 0.82666016
vt 0.023025513 0.86328125
vt 0.017669678 0.8676758
vt 0.02268982 0.8676758
vt 0.017471313 0.8730469
vt 0.04248047 0.8989258
vt 0.05731201 0.9067383
vt 0.057373047 0.90185547
vt 0.040283203 0.9033203
vt 0.057373047 0.90185547
vt 0.07397461 0.9038086
vt 0.072265625 0.89941406
vt 0.05731201 0.9067383
vt 0.097351074 0.8701172
vt 0.10272217 0.86572266
vt 0.097717285 0.86572266
vt 0.10290527 0.86083984
vt 0.014480591 0.8745117
vt 0.019515991 0.8691406
vt 0.01448822 0.8696289
vt 0.019683838 0.8647461
vt 0.040771484 0.89941406
vt 0.055999756 0.9067383
vt 0.055999756 0.90185547
vt 0.038757324 0.9042969
vt 0.055999756 0.90185547
vt 0.07269287 0.9038086
vt 0.07086182 0.89941406
vt 0.055999756 0.9067383
vt 0.093444824 0.8745117
vt 0.099121094 0.8696289
vt 0.09429932 0.8696289
vt 0.099487305 0.8647461
vt 0.09429932 0.8696289
vt 0.099487305 0.8647461
vt 0.09448242 0.8647461
vt 0.09954834 0.8598633
vt 0.07324219 0.83496094
vt 0.0579834 0.82714844
vt 0.058013916 0.83251953
vt 0.07525635 0.8300781
vt 0.058013916 0.83251953
vt 0.041290283 0.8300781
vt 0.043121338 0.83496094
vt 0.0579834 0.82714844
vt 0.02053833 0.859375
vt 0.014854431 0.8642578
vt 0.019683838 0.8647461
vt 0.01448822 0.8696289
vt 0.09790039 0.8676758
vt 0.1026001 0.86279297
vt 0.097717285 0.86328125
vt 0.10168457 0.8569336
vt 0.07385254 0.8330078
vt 0.058807373 0.8261719
vt 0.058929443 0.8310547
vt 0.07556152 0.828125
vt 0.058929443 0.8310547
vt 0.041900635 0.82910156
vt 0.043914795 0.8334961
vt 0.058807373 0.8261719
vt 0.022857666 0.86376953
vt 0.018127441 0.86865234
vt 0.022994995 0.86816406
vt 0.019058228 0.87402344
vt 0.046875 0.8979492
vt 0.061950684 0.90527344
vt 0.061798096 0.9003906
vt 0.045196533 0.9033203
vt 0.061798096 0.9003906
vt 0.07885742 0.90234375
vt 0.07684326 0.8979492
vt 0.061950684 0.90527344
vt 0.033233643 0.8901367
vt 0.03274536 0.89697266
vt 0.0362854 0.8935547
vt 0.03717041 0.9008789
vt 0.059173584 0.9042969
vt 0.07611084 0.90625
vt 0.07434082 0.9013672
vt 0.058929443 0.9091797
vt 0.07434082 0.9013672
vt 0.09088135 0.8979492
vt 0.087524414 0.89404297
vt 0.07611084 0.90625
vt 0.10064697 0.86865234
vt 0.10522461 0.8623047
vt 0.10046387 0.86279297
vt 0.10424805 0.8564453
vt 0.09399414 0.8461914
vt 0.09448242 0.83935547
vt 0.09094238 0.84277344
vt 0.09008789 0.8354492
vt 0.0680542 0.83251953
vt 0.051116943 0.8305664
vt 0.052886963 0.8354492
vt 0.06829834 0.82714844
vt 0.052886963 0.8354492
vt 0.036376953 0.8388672
vt 0.03970337 0.84277344
vt 0.051116943 0.8305664
vt 0.026565552 0.86816406
vt 0.022018433 0.87402344
vt 0.026779175 0.87353516
vt 0.023010254 0.8798828
vt 0.06488037 0.83496094
vt 0.04953003 0.82714844
vt 0.049865723 0.83203125
vt 0.066467285 0.8300781
vt 0.049865723 0.83203125
vt 0.03363037 0.83203125
vt 0.035858154 0.8359375
vt 0.04953003 0.82714844
vt 0.035858154 0.8359375
vt 0.02822876 0.8354492
vt 0.031173706 0.8388672
vt 0.03363037 0.83203125
vt 0.031173706 0.8388672
vt 0.023803711 0.8388672
vt 0.027297974 0.84228516
vt 0.02822876 0.8354492
vt 0.027297974 0.84228516
vt 0.020217896 0.84277344
vt 0.024230957 0.8457031
vt 0.023803711 0.8388672
vt 0.044311523 0.9008789
vt 0.059661865 0.9086914
vt 0.059326172 0.9033203
vt 0.04269409 0.9057617
vt 0.059326172 0.9033203
vt 0.07556152 0.9038086
vt 0.07336426 0.89941406
vt 0.059661865 0.9086914
vt 0.07336426 0.89941406
vt 0.08093262 0.9003906
vt 0.07800293 0.8964844
vt 0.07556152 0.9038086
vt 0.07800293 0.8964844
vt 0.08538818 0.8964844
vt 0.08190918 0.8930664
vt 0.08093262 0.9003906
vt 0.08190918 0.8930664
vt 0.08898926 0.8930664
vt 0.08496094 0.88964844
vt 0.08538818 0.8964844
vt 0.051727295 0.90478516
vt 0.06750488 0.91064453
vt 0.06652832 0.90527344
vt 0.05050659 0.9091797
vt 0.06652832 0.90527344
vt 0.083496094 0.9033203
vt 0.08062744 0.8989258
vt 0.06750488 0.91064453
vt 0.091796875 0.8886719
vt 0.103393555 0.87646484
vt 0.09857178 0.8754883
vt 0.095947266 0.89208984
vt 0.07348633 0.8339844
vt 0.05770874 0.828125
vt 0.058685303 0.8334961
vt 0.07470703 0.82910156
vt 0.058685303 0.8334961
vt 0.04171753 0.8354492
vt 0.04458618 0.83984375
vt 0.05770874 0.828125
vt 0.08514404 0.89404297
vt 0.09185791 0.8935547
vt 0.087768555 0.890625
vt 0.08911133 0.8979492
vt 0.06109619 0.83251953
vt 0.04534912 0.8286133
vt 0.046539307 0.8330078
vt 0.061920166 0.8276367
vt 0.029815674 0.84277344
vt 0.023117065 0.8432617
vt 0.027191162 0.8461914
vt 0.025848389 0.8388672
vt 0.053863525 0.9042969
vt 0.06964111 0.9082031
vt 0.06842041 0.9033203
vt 0.05303955 0.9091797
vt 0.05026245 0.9038086
vt 0.06652832 0.90771484
vt 0.06506348 0.90283203
vt 0.049468994 0.9082031
vt 0.06506348 0.90283203
vt 0.08178711 0.89941406
vt 0.078552246 0.8955078
vt 0.06652832 0.90771484
vt 0.06561279 0.8310547
vt 0.049346924 0.82714844
vt 0.05078125 0.83203125
vt 0.06640625 0.82666016
vt 0.05078125 0.83203125
vt 0.034088135 0.8354492
vt 0.037322998 0.83935547
vt 0.049346924 0.82714844
vt 0.08868408 0.8959961
vt 0.09539795 0.8959961
vt 0.09161377 0.8925781
vt 0.092285156 0.89990234
vt 0.070251465 0.83251953
vt 0.054901123 0.82714844
vt 0.055664062 0.83203125
vt 0.07147217 0.8276367
vt 0.038146973 0.83984375
vt 0.031433105 0.83984375
vt 0.035217285 0.8432617
vt 0.0345459 0.8359375
vt 0.05657959 0.9033203
vt 0.071899414 0.9086914
vt 0.07116699 0.9038086
vt 0.05532837 0.9082031
vt 0.048339844 0.90185547
vt 0.06439209 0.90722656
vt 0.06317139 0.90185547
vt 0.04736328 0.9067383
vt 0.06317139 0.90185547
vt 0.08001709 0.8989258
vt 0.07696533 0.89501953
vt 0.06439209 0.90722656
vt 0.06665039 0.8305664
vt 0.050598145 0.8251953
vt 0.051818848 0.8305664
vt 0.06762695 0.8256836
vt 0.051818848 0.8305664
vt 0.035003662 0.8334961
vt 0.03805542 0.83740234
vt 0.050598145 0.8251953
vt 0.08959961 0.89404297
vt 0.09631348 0.89404297
vt 0.09234619 0.890625
vt 0.09338379 0.8979492
vt 0.068481445 0.83154297
vt 0.05291748 0.82666016
vt 0.053894043 0.83154297
vt 0.06951904 0.82666016
vt 0.0368042 0.84033203
vt 0.03012085 0.84033203
vt 0.0340271 0.8432617
vt 0.03302002 0.8364258
vt 0.057739258 0.90283203
vt 0.07336426 0.90722656
vt 0.072387695 0.90283203
vt 0.056671143 0.90771484
vt 0.034118652 0.8388672
vt 0.03753662 0.8540039
vt 0.039764404 0.85302734
vt 0.046966553 0.85009766
vt 0.03036499 0.84277344
vt 0.046417236 0.83154297
vt 0.036224365 0.85546875
vt 0.057617188 0.8496094
vt 0.027435303 0.84716797
vt 0.061401367 0.8300781
vt 0.03555298 0.8569336
vt 0.0692749 0.85253906
vt 0.025299072 0.8510742
vt 0.075927734 0.83447266
vt 0.03543091 0.85839844
vt 0.07861328 0.8588867
vt 0.023757935 0.85498047
vt 0.08862305 0.8432617
vt 0.03475952 0.8598633
vt 0.022979736 0.859375
vt 0.034606934 0.86083984
vt 0.02268982 0.86376953
vt 0.03488159 0.86279297
vt 0.023071289 0.8691406
vt 0.084106445 0.8652344
vt 0.09588623 0.85595703
vt 0.09710693 0.8613281
vt 0.08526611 0.8676758
vt 0.097473145 0.8666992
vt 0.085510254 0.8691406
vt 0.09716797 0.87109375
vt 0.08538818 0.87060547
vt 0.09637451 0.8754883
vt 0.0847168 0.8720703
vt 0.09484863 0.87939453
vt 0.08459473 0.87353516
vt 0.0927124 0.8833008
vt 0.08392334 0.875
vt 0.089782715 0.8876953
vt 0.0826416 0.87646484
vt 0.085998535 0.89160156
vt 0.0803833 0.8774414
vt 0.07318115 0.8803711
vt 0.07373047 0.8989258
vt 0.062561035 0.8808594
vt 0.058746338 0.9003906
vt 0.05090332 0.8774414
vt 0.04425049 0.8959961
vt 0.041534424 0.87158203
vt 0.031555176 0.88720703
vt 0.036071777 0.8652344
vt 0.024276733 0.8745117
vt 0.07891846 0.85595703
vt 0.08239746 0.8408203
vt 0.076660156 0.85498047
vt 0.06939697 0.8520508
vt 0.08618164 0.84472656
vt 0.06982422 0.8334961
vt 0.08026123 0.8574219
vt 0.05871582 0.8515625
vt 0.08911133 0.8491211
vt 0.054656982 0.83203125
vt 0.08093262 0.8588867
vt 0.04711914 0.85498047
vt 0.09124756 0.85302734
vt 0.040252686 0.8364258
vt 0.08105469 0.86035156
vt 0.037841797 0.86083984
vt 0.0927124 0.8569336
vt 0.027786255 0.84521484
vt 0.081726074 0.8618164
vt 0.09350586 0.8613281
vt 0.081848145 0.86328125
vt 0.09375 0.86572266
vt 0.081604004 0.8647461
vt 0.093322754 0.87109375
vt 0.032409668 0.8676758
vt 0.020751953 0.85839844
vt 0.019515991 0.86376953
vt 0.03125 0.8696289
vt 0.019119263 0.86865234
vt 0.0309906 0.87158203
vt 0.019378662 0.8730469
vt 0.03112793 0.8730469
vt 0.020126343 0.8774414
vt 0.031799316 0.87402344
vt 0.021621704 0.88134766
vt 0.031921387 0.8754883
vt 0.023742676 0.8857422
vt 0.03262329 0.8769531
vt 0.026687622 0.88964844
vt 0.03390503 0.87841797
vt 0.030471802 0.89404297
vt 0.036193848 0.8798828
vt 0.043426514 0.8828125
vt 0.043029785 0.9013672
vt 0.054138184 0.8828125
vt 0.05819702 0.90234375
vt 0.06573486 0.8798828
vt 0.0725708 0.8979492
vt 0.07501221 0.87353516
vt 0.08508301 0.88916016
vt 0.080444336 0.8671875
vt 0.09210205 0.87646484
vt 0.03286743 0.83740234
vt 0.03488159 0.85302734
vt 0.037231445 0.8520508
vt 0.044677734 0.8496094
vt 0.028778076 0.8408203
vt 0.045776367 0.8310547
vt 0.033477783 0.8540039
vt 0.05529785 0.85009766
vt 0.025482178 0.84472656
vt 0.060821533 0.8310547
vt 0.032684326 0.85546875
vt 0.06665039 0.8544922
vt 0.022979736 0.8486328
vt 0.07489014 0.8364258
vt 0.032409668 0.8569336
vt 0.07537842 0.8613281
vt 0.021087646 0.85253906
vt 0.08673096 0.8466797
vt 0.03164673 0.85791016
vt 0.019943237 0.8569336
vt 0.03137207 0.859375
vt 0.019241333 0.8613281
vt 0.031463623 0.8613281
vt 0.01914978 0.86621094
vt 0.08026123 0.86816406
vt 0.09283447 0.8598633
vt 0.093566895 0.86572266
vt 0.08123779 0.87060547
vt 0.093444824 0.87060547
vt 0.08135986 0.8725586
vt 0.09277344 0.875
vt 0.08105469 0.87353516
vt 0.09161377 0.87939453
vt 0.08026123 0.875
vt 0.08972168 0.8833008
vt 0.08001709 0.87646484
vt 0.08721924 0.88720703
vt 0.07922363 0.8774414
vt 0.08392334 0.8911133
vt 0.077819824 0.87890625
vt 0.079833984 0.89453125
vt 0.07543945 0.8798828
vt 0.0680542 0.8823242
vt 0.06695557 0.9008789
vt 0.057403564 0.88183594
vt 0.051879883 0.9008789
vt 0.046081543 0.8774414
vt 0.03781128 0.8955078
vt 0.03729248 0.87060547
vt 0.0259552 0.8852539
vt 0.032440186 0.86376953
vt 0.019866943 0.8720703
vt 0.07525635 0.8540039
vt 0.07727051 0.8383789
vt 0.07287598 0.85302734
vt 0.06536865 0.8510742
vt 0.0814209 0.84228516
vt 0.064086914 0.83203125
vt 0.076660156 0.85546875
vt 0.0546875 0.8515625
vt 0.0847168 0.8461914
vt 0.04888916 0.83251953
vt 0.07745361 0.8569336
vt 0.043426514 0.85595703
vt 0.08721924 0.85009766
vt 0.034942627 0.8383789
vt 0.077697754 0.85839844
vt 0.034729004 0.86279297
vt 0.08905029 0.8540039
vt 0.023330688 0.84814453
vt 0.07849121 0.859375
vt 0.090148926 0.85791016
vt 0.07879639 0.86083984
vt 0.09082031 0.86279297
vt 0.07867432 0.86279297
vt 0.09088135 0.8676758
vt 0.029907227 0.8696289
vt 0.017456055 0.8613281
vt 0.016723633 0.8666992
vt 0.028945923 0.8720703
vt 0.016784668 0.8720703
vt 0.02885437 0.87353516
vt 0.017440796 0.87646484
vt 0.029129028 0.875
vt 0.018569946 0.8808594
vt 0.029891968 0.87646484
vt 0.02041626 0.8847656
vt 0.030166626 0.8779297
vt 0.022903442 0.8886719
vt 0.030960083 0.87890625
vt 0.02619934 0.8925781
vt 0.03237915 0.8803711
vt 0.030334473 0.8959961
vt 0.03475952 0.88134766
vt 0.042236328 0.88378906
vt 0.043518066 0.90234375
vt 0.05291748 0.8833008
vt 0.058746338 0.90234375
vt 0.064208984 0.87890625
vt 0.07269287 0.8964844
vt 0.07287598 0.8720703
vt 0.08428955 0.88671875
vt 0.077697754 0.8647461
vt 0.090148926 0.8730469
vt 0.029800415 0.8461914
vt 0.03665161 0.86035156
vt 0.0385437 0.85839844
vt 0.044891357 0.8540039
vt 0.02708435 0.8510742
vt 0.04006958 0.8364258
vt 0.035736084 0.8623047
vt 0.055145264 0.8515625
vt 0.02519226 0.85595703
vt 0.054351807 0.83154297
vt 0.035369873 0.86376953
vt 0.06719971 0.8515625
vt 0.024047852 0.86035156
vt 0.06945801 0.83251953
vt 0.035583496 0.8652344
vt 0.077697754 0.85546875
vt 0.023468018 0.8642578
vt 0.08380127 0.8378906
vt 0.035247803 0.86621094
vt 0.02368164 0.86865234
vt 0.03543091 0.8676758
vt 0.024459839 0.8730469
vt 0.036132812 0.8696289
vt 0.026000977 0.8779297
vt 0.08453369 0.86083984
vt 0.09387207 0.8486328
vt 0.09631348 0.8540039
vt 0.08618164 0.8623047
vt 0.097839355 0.8588867
vt 0.08685303 0.8642578
vt 0.09863281 0.86328125
vt 0.08703613 0.86572266
vt 0.09881592 0.8676758
vt 0.08673096 0.8671875
vt 0.0982666 0.87158203
vt 0.08691406 0.86865234
vt 0.09710693 0.87597656
vt 0.08654785 0.8696289
vt 0.095214844 0.8808594
vt 0.085632324 0.87158203
vt 0.09246826 0.8857422
vt 0.083740234 0.87353516
vt 0.07739258 0.8779297
vt 0.082214355 0.8955078
vt 0.06713867 0.8808594
vt 0.06793213 0.9003906
vt 0.05508423 0.8803711
vt 0.052856445 0.89990234
vt 0.04458618 0.87646484
vt 0.038482666 0.89404297
vt 0.037750244 0.87158203
vt 0.028427124 0.8833008
vt 0.08154297 0.86035156
vt 0.08843994 0.8461914
vt 0.079589844 0.8588867
vt 0.07324219 0.8544922
vt 0.09118652 0.8510742
vt 0.077941895 0.8364258
vt 0.082458496 0.8623047
vt 0.06286621 0.8515625
vt 0.09307861 0.85595703
vt 0.06341553 0.83154297
vt 0.08282471 0.86376953
vt 0.050842285 0.8520508
vt 0.094177246 0.86035156
vt 0.04837036 0.83251953
vt 0.08258057 0.8652344
vt 0.040405273 0.85595703
vt 0.09472656 0.8647461
vt 0.034210205 0.8383789
vt 0.08294678 0.8666992
vt 0.09448242 0.8691406
vt 0.08276367 0.86816406
vt 0.093688965 0.87353516
vt 0.082092285 0.8696289
vt 0.09210205 0.87841797
vt 0.03363037 0.86083984
vt 0.024414062 0.8491211
vt 0.021987915 0.8540039
vt 0.032043457 0.86279297
vt 0.020431519 0.8588867
vt 0.031341553 0.8642578
vt 0.019622803 0.86328125
vt 0.031158447 0.86572266
vt 0.01939392 0.8676758
vt 0.03149414 0.8671875
vt 0.019927979 0.8720703
vt 0.031311035 0.86865234
vt 0.02104187 0.87646484
vt 0.03164673 0.8701172
vt 0.022918701 0.88134766
vt 0.032562256 0.8720703
vt 0.025665283 0.88623047
vt 0.034484863 0.87353516
vt 0.040893555 0.8779297
vt 0.03616333 0.8959961
vt 0.051208496 0.8808594
vt 0.050689697 0.9008789
vt 0.06323242 0.8803711
vt 0.06573486 0.89990234
vt 0.07366943 0.87646484
vt 0.07989502 0.89404297
vt 0.08050537 0.87158203
vt 0.089660645 0.8833008
vt 0.016967773 0.8569336
vt 0.028167725 0.86816406
vt 0.029388428 0.86572266
vt 0.033843994 0.859375
vt 0.016021729 0.8623047
vt 0.023269653 0.8442383
vt 0.027893066 0.8701172
vt 0.04257202 0.8535156
vt 0.015823364 0.8676758
vt 0.03515625 0.83496094
vt 0.028045654 0.87158203
vt 0.05404663 0.8496094
vt 0.01626587 0.8720703
vt 0.049591064 0.8305664
vt 0.028747559 0.8725586
vt 0.06518555 0.8496094
vt 0.017150879 0.87646484
vt 0.06500244 0.8310547
vt 0.028884888 0.87402344
vt 0.01878357 0.8803711
vt 0.029541016 0.8754883
vt 0.02104187 0.88427734
vt 0.030776978 0.8769531
vt 0.024139404 0.8881836
vt 0.07336426 0.8520508
vt 0.078125 0.8378906
vt 0.08215332 0.8417969
vt 0.07550049 0.8535156
vt 0.08520508 0.8457031
vt 0.07672119 0.8544922
vt 0.08746338 0.85009766
vt 0.07739258 0.85595703
vt 0.08911133 0.8540039
vt 0.07751465 0.8574219
vt 0.090026855 0.85791016
vt 0.07824707 0.8588867
vt 0.0904541 0.86279297
vt 0.07836914 0.86035156
vt 0.090270996 0.8676758
vt 0.078125 0.8623047
vt 0.08929443 0.8730469
vt 0.0769043 0.8642578
vt 0.07244873 0.87060547
vt 0.08300781 0.88623047
vt 0.0637207 0.8769531
vt 0.07110596 0.89501953
vt 0.052246094 0.8803711
vt 0.056671143 0.89941406
vt 0.04107666 0.8803711
vt 0.041259766 0.89941406
vt 0.03289795 0.8779297
vt 0.028121948 0.89208984
vt 0.080078125 0.8696289
vt 0.09136963 0.85839844
vt 0.07885742 0.8671875
vt 0.07434082 0.86083984
vt 0.09234619 0.86376953
vt 0.0848999 0.84521484
vt 0.0803833 0.87158203
vt 0.06555176 0.85498047
vt 0.09246826 0.8691406
vt 0.072753906 0.8364258
vt 0.080200195 0.8730469
vt 0.05407715 0.8510742
vt 0.092041016 0.87353516
vt 0.05822754 0.83203125
vt 0.07952881 0.8745117
vt 0.042938232 0.8510742
vt 0.09112549 0.8779297
vt 0.04296875 0.83251953
vt 0.07940674 0.8754883
vt 0.089416504 0.88183594
vt 0.07873535 0.8769531
vt 0.0871582 0.8857422
vt 0.07751465 0.87841797
vt 0.08404541 0.88964844
vt 0.034851074 0.8535156
vt 0.03012085 0.83935547
vt 0.026168823 0.8432617
vt 0.03274536 0.85498047
vt 0.023071289 0.84765625
vt 0.03149414 0.8564453
vt 0.02079773 0.8515625
vt 0.030853271 0.8574219
vt 0.019134521 0.85546875
vt 0.030715942 0.8588867
vt 0.018203735 0.859375
vt 0.030029297 0.86035156
vt 0.017745972 0.8642578
vt 0.02986145 0.8618164
vt 0.01789856 0.8691406
vt 0.030136108 0.86376953
vt 0.018844604 0.875
vt 0.03137207 0.86621094
vt 0.035888672 0.8725586
vt 0.025360107 0.8876953
vt 0.044677734 0.87841797
vt 0.037475586 0.89697266
vt 0.05618286 0.8823242
vt 0.052001953 0.9013672
vt 0.06726074 0.88183594
vt 0.06726074 0.9003906
vt 0.07537842 0.87939453
vt 0.08013916 0.8935547
vt 0.026565552 0.87158203
vt 0.040618896 0.87841797
vt 0.04107666 0.87597656
vt 0.04336548 0.86865234
vt 0.027328491 0.8769531
vt 0.028579712 0.8574219
vt 0.04095459 0.8803711
vt 0.049743652 0.8598633
vt 0.0287323 0.88183594
vt 0.03704834 0.84472656
vt 0.04156494 0.88183594
vt 0.059539795 0.85302734
vt 0.030563354 0.8857422
vt 0.049438477 0.8359375
vt 0.042633057 0.8828125
vt 0.070129395 0.8496094
vt 0.032684326 0.88964844
vt 0.064208984 0.83154297
vt 0.04321289 0.88378906
vt 0.035461426 0.8930664
vt 0.04421997 0.8852539
vt 0.038848877 0.8959961
vt 0.045837402 0.88623047
vt 0.043060303 0.8989258
vt 0.07873535 0.8491211
vt 0.07885742 0.83447266
vt 0.083862305 0.83691406
vt 0.08105469 0.8496094
vt 0.08807373 0.83984375
vt 0.08270264 0.85058594
vt 0.091430664 0.84277344
vt 0.083740234 0.8515625
vt 0.09423828 0.8461914
vt 0.08428955 0.85302734
vt 0.09637451 0.8496094
vt 0.08532715 0.8540039
vt 0.09820557 0.8540039
vt 0.0859375 0.85546875
vt 0.09954834 0.8588867
vt 0.08630371 0.8574219
vt 0.1003418 0.8642578
vt 0.08581543 0.8598633
vt 0.08355713 0.8671875
vt 0.09832764 0.87841797
vt 0.07714844 0.87597656
vt 0.08984375 0.8911133
vt 0.06738281 0.8828125
vt 0.07745361 0.89941406
vt 0.056762695 0.88623047
vt 0.062683105 0.9038086
vt 0.048187256 0.88623047
vt 0.048065186 0.9013672
vt 0.08258057 0.87841797
vt 0.09674072 0.87158203
vt 0.082092285 0.87597656
vt 0.07977295 0.86865234
vt 0.095947266 0.8769531
vt 0.09454346 0.8569336
vt 0.082214355 0.8803711
vt 0.07330322 0.8598633
vt 0.09448242 0.88183594
vt 0.085876465 0.84472656
vt 0.081604004 0.88183594
vt 0.06347656 0.85302734
vt 0.09259033 0.88623047
vt 0.07330322 0.8364258
vt 0.08050537 0.8828125
vt 0.052886963 0.8496094
vt 0.0904541 0.8901367
vt 0.058624268 0.83203125
vt 0.079956055 0.88427734
vt 0.087646484 0.8930664
vt 0.07891846 0.8852539
vt 0.084228516 0.8964844
vt 0.07733154 0.88623047
vt 0.080078125 0.8989258
vt 0.04437256 0.8496094
vt 0.04425049 0.83447266
vt 0.03930664 0.83691406
vt 0.042022705 0.85009766
vt 0.035125732 0.83984375
vt 0.040405273 0.8510742
vt 0.031707764 0.8432617
vt 0.039398193 0.8520508
vt 0.028915405 0.8461914
vt 0.03881836 0.8535156
vt 0.026748657 0.85009766
vt 0.03778076 0.8544922
vt 0.024887085 0.8544922
vt 0.03717041 0.85595703
vt 0.023452759 0.859375
vt 0.0368042 0.85791016
vt 0.022644043 0.8647461
vt 0.03729248 0.86035156
vt 0.039611816 0.8676758
vt 0.02482605 0.87890625
vt 0.046081543 0.87597656
vt 0.0335083 0.89160156
vt 0.055908203 0.8833008
vt 0.046081543 0.89990234
vt 0.066467285 0.88671875
vt 0.060760498 0.9042969
vt 0.07501221 0.88671875
vt 0.07513428 0.9013672
vt 0.031799316 0.8378906
vt 0.034423828 0.85302734
vt 0.036743164 0.8520508
vt 0.044067383 0.8496094
vt 0.027832031 0.8417969
vt 0.044403076 0.8310547
vt 0.033081055 0.8544922
vt 0.054718018 0.8496094
vt 0.02470398 0.8457031
vt 0.059448242 0.8305664
vt 0.032348633 0.85595703
vt 0.066223145 0.8535156
vt 0.022369385 0.8496094
vt 0.07373047 0.8354492
vt 0.03213501 0.8574219
vt 0.07525635 0.8598633
vt 0.020645142 0.8535156
vt 0.085998535 0.84472656
vt 0.031402588 0.8588867
vt 0.01965332 0.85791016
vt 0.031188965 0.8598633
vt 0.019134521 0.8623047
vt 0.03137207 0.8618164
vt 0.01927185 0.8671875
vt 0.0803833 0.8666992
vt 0.09259033 0.85791016
vt 0.093566895 0.86328125
vt 0.08148193 0.8691406
vt 0.093688965 0.86865234
vt 0.08166504 0.87060547
vt 0.09320068 0.8730469
vt 0.0814209 0.8720703
vt 0.09222412 0.8774414
vt 0.08068848 0.87353516
vt 0.0904541 0.88134766
vt 0.08050537 0.875
vt 0.088134766 0.8852539
vt 0.07977295 0.87646484
vt 0.08502197 0.88916016
vt 0.078430176 0.8774414
vt 0.08105469 0.8930664
vt 0.07611084 0.87890625
vt 0.06878662 0.88134766
vt 0.06842041 0.89990234
vt 0.05810547 0.88134766
vt 0.05340576 0.9003906
vt 0.04663086 0.8774414
vt 0.039123535 0.8955078
vt 0.03756714 0.87109375
vt 0.02684021 0.88623047
vt 0.032440186 0.8642578
vt 0.020217896 0.8730469
vt 0.0803833 0.85498047
vt 0.08306885 0.83935547
vt 0.078063965 0.8535156
vt 0.07067871 0.8510742
vt 0.08709717 0.8432617
vt 0.07019043 0.83251953
vt 0.08178711 0.8564453
vt 0.05999756 0.8515625
vt 0.09020996 0.84716797
vt 0.05496216 0.83203125
vt 0.08251953 0.8574219
vt 0.048553467 0.85498047
vt 0.0925293 0.8510742
vt 0.040802002 0.83740234
vt 0.08270264 0.8588867
vt 0.0395813 0.8618164
vt 0.09423828 0.85498047
vt 0.028793335 0.8466797
vt 0.08343506 0.86035156
vt 0.09515381 0.859375
vt 0.0836792 0.8618164
vt 0.09564209 0.86376953
vt 0.083496094 0.86376953
vt 0.09552002 0.8691406
vt 0.034484863 0.86865234
vt 0.022369385 0.8598633
vt 0.021408081 0.8652344
vt 0.033416748 0.87060547
vt 0.021255493 0.8701172
vt 0.03326416 0.8725586
vt 0.021743774 0.875
vt 0.033477783 0.87402344
vt 0.02268982 0.87890625
vt 0.034179688 0.875
vt 0.024383545 0.8828125
vt 0.03439331 0.87646484
vt 0.02670288 0.88720703
vt 0.035125732 0.8779297
vt 0.029846191 0.8911133
vt 0.03652954 0.87939453
vt 0.033813477 0.89501953
vt 0.038848877 0.8803711
vt 0.04623413 0.8828125
vt 0.046722412 0.90185547
vt 0.056915283 0.8828125
vt 0.061950684 0.90234375
vt 0.068359375 0.87890625
vt 0.07611084 0.89697266
vt 0.07733154 0.8725586
vt 0.088134766 0.8876953
vt 0.082458496 0.86572266
vt 0.09454346 0.8745117
vt 0.03137207 0.8442383
vt 0.036743164 0.8588867
vt 0.03881836 0.8574219
vt 0.045562744 0.8535156
vt 0.028167725 0.8486328
vt 0.04257202 0.8354492
vt 0.03564453 0.86083984
vt 0.05606079 0.8520508
vt 0.025802612 0.85302734
vt 0.057281494 0.83203125
vt 0.03515625 0.8618164
vt 0.067993164 0.8535156
vt 0.024215698 0.8574219
vt 0.07220459 0.83447266
vt 0.035217285 0.86328125
vt 0.078063965 0.85839844
vt 0.023208618 0.8618164
vt 0.0859375 0.8413086
vt 0.034729004 0.8647461
vt 0.022979736 0.86621094
vt 0.03475952 0.86621094
vt 0.02330017 0.87060547
vt 0.03527832 0.86816406
vt 0.02432251 0.8754883
vt 0.084350586 0.8642578
vt 0.09484863 0.8535156
vt 0.09674072 0.85839844
vt 0.08581543 0.86621094
vt 0.09777832 0.86376953
vt 0.08630371 0.8676758
vt 0.098083496 0.86816406
vt 0.086364746 0.8691406
vt 0.097839355 0.8725586
vt 0.085876465 0.87060547
vt 0.09686279 0.87646484
vt 0.0859375 0.8720703
vt 0.09527588 0.8808594
vt 0.08544922 0.87353516
vt 0.09289551 0.8852539
vt 0.084350586 0.875
vt 0.08972168 0.8901367
vt 0.08227539 0.87646484
vt 0.07550049 0.8803711
vt 0.07849121 0.8989258
vt 0.06500244 0.8823242
vt 0.06378174 0.90185547
vt 0.05307007 0.8808594
vt 0.048858643 0.89990234
vt 0.042999268 0.87597656
vt 0.035125732 0.8925781
vt 0.036712646 0.8701172
vt 0.026245117 0.8808594
vt 0.083984375 0.85839844
vt 0.089416504 0.84375
vt 0.08190918 0.8569336
vt 0.07507324 0.85302734
vt 0.09265137 0.84814453
vt 0.077941895 0.83496094
vt 0.08508301 0.86035156
vt 0.06451416 0.8515625
vt 0.0949707 0.85302734
vt 0.06298828 0.83154297
vt 0.08557129 0.8618164
vt 0.052581787 0.85302734
vt 0.09655762 0.8574219
vt 0.04815674 0.83447266
vt 0.085510254 0.86328125
vt 0.04257202 0.85791016
vt 0.09753418 0.8613281
vt 0.03463745 0.8413086
vt 0.085998535 0.8642578
vt 0.097717285 0.86572266
vt 0.0859375 0.86572266
vt 0.097351074 0.8701172
vt 0.08544922 0.8676758
vt 0.09631348 0.875
vt 0.036346436 0.86376953
vt 0.026000977 0.85302734
vt 0.02407837 0.85839844
vt 0.034942627 0.86572266
vt 0.023025513 0.86328125
vt 0.034423828 0.8676758
vt 0.02268982 0.8676758
vt 0.03439331 0.8691406
vt 0.022888184 0.8720703
vt 0.03488159 0.8701172
vt 0.023849487 0.87646484
vt 0.034820557 0.87158203
vt 0.025421143 0.8803711
vt 0.035308838 0.8730469
vt 0.027770996 0.8852539
vt 0.03640747 0.875
vt 0.0309906 0.88964844
vt 0.038513184 0.87646484
vt 0.045318604 0.8803711
vt 0.04248047 0.8989258
vt 0.055877686 0.88183594
vt 0.057373047 0.90185547
vt 0.06781006 0.8803711
vt 0.072265625 0.89941406
vt 0.077819824 0.8754883
vt 0.085754395 0.89208984
vt 0.08404541 0.8696289
vt 0.09442139 0.8803711
vt 0.022201538 0.8544922
vt 0.03186035 0.8666992
vt 0.033355713 0.8647461
vt 0.038635254 0.8588867
vt 0.02053833 0.859375
vt 0.03012085 0.84228516
vt 0.031341553 0.86865234
vt 0.048065186 0.8540039
vt 0.019683838 0.8647461
vt 0.043121338 0.83496094
vt 0.031311035 0.8701172
vt 0.059936523 0.8515625
vt 0.019515991 0.8691406
vt 0.058013916 0.83251953
vt 0.031799316 0.87158203
vt 0.07098389 0.85302734
vt 0.019851685 0.87353516
vt 0.07324219 0.83496094
vt 0.0317688 0.8730469
vt 0.020950317 0.8774414
vt 0.03225708 0.87402344
vt 0.02267456 0.88183594
vt 0.033294678 0.87597656
vt 0.02520752 0.88623047
vt 0.07873535 0.8569336
vt 0.08538818 0.8432617
vt 0.08880615 0.84765625
vt 0.08068848 0.85839844
vt 0.091308594 0.8520508
vt 0.08178711 0.8598633
vt 0.09307861 0.8564453
vt 0.082214355 0.8613281
vt 0.094177246 0.86035156
vt 0.082214355 0.86279297
vt 0.09448242 0.8647461
vt 0.08270264 0.86376953
vt 0.09429932 0.8696289
vt 0.0826416 0.8652344
vt 0.093444824 0.8745117
vt 0.08215332 0.8671875
vt 0.091796875 0.8798828
vt 0.08062744 0.8696289
vt 0.07537842 0.875
vt 0.083862305 0.89160156
vt 0.06591797 0.8798828
vt 0.07086182 0.89941406
vt 0.05407715 0.8823242
vt 0.055999756 0.90185547
vt 0.042999268 0.8808594
vt 0.040771484 0.89941406
vt 0.035247803 0.8769531
vt 0.028640747 0.890625
vt 0.085510254 0.8652344
vt 0.09527588 0.85302734
vt 0.083984375 0.86328125
vt 0.07867432 0.8574219
vt 0.09692383 0.85791016
vt 0.08709717 0.8408203
vt 0.08605957 0.8671875
vt 0.06915283 0.85253906
vt 0.097717285 0.86328125
vt 0.07385254 0.8330078
vt 0.08605957 0.86865234
vt 0.05731201 0.85058594
vt 0.09790039 0.8676758
vt 0.058929443 0.8310547
vt 0.08557129 0.8701172
vt 0.046295166 0.8520508
vt 0.09753418 0.8720703
vt 0.043914795 0.8334961
vt 0.085632324 0.87158203
vt 0.09637451 0.87646484
vt 0.08514404 0.8730469
vt 0.09466553 0.8803711
vt 0.084106445 0.8745117
vt 0.09210205 0.8847656
vt 0.03857422 0.85546875
vt 0.032043457 0.84228516
vt 0.028640747 0.8466797
vt 0.03665161 0.8569336
vt 0.02609253 0.8510742
vt 0.035614014 0.85839844
vt 0.024353027 0.85498047
vt 0.035125732 0.8598633
vt 0.023223877 0.859375
vt 0.035186768 0.8613281
vt 0.022857666 0.86376953
vt 0.03466797 0.86279297
vt 0.022994995 0.86816406
vt 0.034698486 0.8642578
vt 0.023834229 0.8730469
vt 0.035247803 0.86621094
vt 0.025482178 0.87841797
vt 0.036743164 0.86816406
vt 0.042053223 0.87402344
vt 0.03363037 0.890625
vt 0.051574707 0.87890625
vt 0.046875 0.8979492
vt 0.06341553 0.8808594
vt 0.061798096 0.9003906
vt 0.07446289 0.87939453
vt 0.07684326 0.8979492
vt 0.08215332 0.87597656
vt 0.08868408 0.88916016
vt 0.026565552 0.86816406
vt 0.03982544 0.87646484
vt 0.04055786 0.87402344
vt 0.0435791 0.8666992
vt 0.026779175 0.87353516
vt 0.030014038 0.8540039
vt 0.039978027 0.87841797
vt 0.050811768 0.8588867
vt 0.027679443 0.87841797
vt 0.03970337 0.84277344
vt 0.04043579 0.8798828
vt 0.06124878 0.85302734
vt 0.029052734 0.8828125
vt 0.052886963 0.8354492
vt 0.041381836 0.8808594
vt 0.072143555 0.85058594
vt 0.030807495 0.88671875
vt 0.0680542 0.83251953
vt 0.0418396 0.8823242
vt 0.033233643 0.8901367
vt 0.042755127 0.8833008
vt 0.0362854 0.8935547
vt 0.04425049 0.88427734
vt 0.04019165 0.89697266
vt 0.08068848 0.8515625
vt 0.082336426 0.8364258
vt 0.08709717 0.83935547
vt 0.08300781 0.8520508
vt 0.09094238 0.84277344
vt 0.08453369 0.85302734
vt 0.09399414 0.8461914
vt 0.08538818 0.8540039
vt 0.09643555 0.8496094
vt 0.085876465 0.85546875
vt 0.09820557 0.8535156
vt 0.08679199 0.8569336
vt 0.09954834 0.85791016
vt 0.08728027 0.85791016
vt 0.10046387 0.86279297
vt 0.087402344 0.86035156
vt 0.10064697 0.86865234
vt 0.08673096 0.86279297
vt 0.0836792 0.8696289
vt 0.097229004 0.8823242
vt 0.076416016 0.8774414
vt 0.087524414 0.89404297
vt 0.065979004 0.88378906
vt 0.07434082 0.9013672
vt 0.05508423 0.8857422
vt 0.059173584 0.9042969
vt 0.046569824 0.8852539
vt 0.044891357 0.89990234
vt 0.078430176 0.87597656
vt 0.091796875 0.8676758
vt 0.077697754 0.87353516
vt 0.07458496 0.86621094
vt 0.091552734 0.8730469
vt 0.088134766 0.8535156
vt 0.07824707 0.8779297
vt 0.06732178 0.85839844
vt 0.09063721 0.8779297
vt 0.07824707 0.8417969
vt 0.077819824 0.87939453
vt 0.05682373 0.85253906
vt 0.08917236 0.8823242
vt 0.06488037 0.83496094
vt 0.07684326 0.8803711
vt 0.045959473 0.85009766
vt 0.087402344 0.88623047
vt 0.049865723 0.83203125
vt 0.076416016 0.88183594
vt 0.08496094 0.88964844
vt 0.07550049 0.8828125
vt 0.08190918 0.8930664
vt 0.07397461 0.88378906
vt 0.07800293 0.8964844
vt 0.037475586 0.8510742
vt 0.035858154 0.8359375
vt 0.031173706 0.8388672
vt 0.035186768 0.8515625
vt 0.027297974 0.84228516
vt 0.033691406 0.85253906
vt 0.024230957 0.8457031
vt 0.03277588 0.8540039
vt 0.021774292 0.8491211
vt 0.032348633 0.85498047
vt 0.019989014 0.85302734
vt 0.031402588 0.8564453
vt 0.018569946 0.8574219
vt 0.030929565 0.85791016
vt 0.01763916 0.86279297
vt 0.030776978 0.8598633
vt 0.017410278 0.86816406
vt 0.03152466 0.8623047
vt 0.034576416 0.8696289
vt 0.021026611 0.8823242
vt 0.041900635 0.8774414
vt 0.030960083 0.89404297
vt 0.052368164 0.8833008
vt 0.044311523 0.9008789
vt 0.06323242 0.8852539
vt 0.059326172 0.9033203
vt 0.07171631 0.8847656
vt 0.07336426 0.89941406
vt 0.026489258 0.8774414
vt 0.0413208 0.8828125
vt 0.04147339 0.8803711
vt 0.042785645 0.8725586
vt 0.02796936 0.8828125
vt 0.026657104 0.86328125
vt 0.041931152 0.8847656
vt 0.04800415 0.86328125
vt 0.02999878 0.8876953
vt 0.033416748 0.85009766
vt 0.04269409 0.8857422
vt 0.056762695 0.85498047
vt 0.032348633 0.89160156
vt 0.04458618 0.83984375
vt 0.043884277 0.88671875
vt 0.066833496 0.85009766
vt 0.034942627 0.89501953
vt 0.058685303 0.8334961
vt 0.044647217 0.8881836
vt 0.038116455 0.8979492
vt 0.045776367 0.8886719
vt 0.041900635 0.9003906
vt 0.04751587 0.88964844
vt 0.046447754 0.90283203
vt 0.07531738 0.8491211
vt 0.07348633 0.8339844
vt 0.07879639 0.8359375
vt 0.077697754 0.8491211
vt 0.08331299 0.8383789
vt 0.07946777 0.8496094
vt 0.08709717 0.8408203
vt 0.080566406 0.85058594
vt 0.090270996 0.84375
vt 0.08135986 0.8520508
vt 0.09289551 0.84716797
vt 0.08251953 0.85302734
vt 0.095214844 0.8510742
vt 0.08331299 0.8540039
vt 0.09729004 0.85595703
vt 0.08392334 0.85595703
vt 0.09875488 0.8613281
vt 0.083740234 0.85839844
vt 0.082458496 0.86621094
vt 0.09857178 0.8754883
vt 0.07720947 0.8754883
vt 0.091796875 0.8886719
vt 0.068481445 0.88378906
vt 0.08062744 0.8989258
vt 0.058380127 0.8886719
vt 0.06652832 0.90527344
vt 0.04989624 0.88964844
vt 0.051727295 0.90478516
vt 0.07879639 0.88183594
vt 0.09375 0.87646484
vt 0.07867432 0.87890625
vt 0.07733154 0.87158203
vt 0.09222412 0.88183594
vt 0.09350586 0.8618164
vt 0.078186035 0.88378906
vt 0.072021484 0.8623047
vt 0.09020996 0.88671875
vt 0.08648682 0.8486328
vt 0.07739258 0.8847656
vt 0.06317139 0.8540039
vt 0.087768555 0.890625
vt 0.07513428 0.8383789
vt 0.07623291 0.8857422
vt 0.053131104 0.8491211
vt 0.08514404 0.89404297
vt 0.06109619 0.83251953
vt 0.07550049 0.88720703
vt 0.081970215 0.89697266
vt 0.07434082 0.8876953
vt 0.078186035 0.89941406
vt 0.072631836 0.8886719
vt 0.07366943 0.90185547
vt 0.044708252 0.84814453
vt 0.046539307 0.8330078
vt 0.0413208 0.83496094
vt 0.04232788 0.84814453
vt 0.03677368 0.83740234
vt 0.040618896 0.8491211
vt 0.03302002 0.83984375
vt 0.039489746 0.8496094
vt 0.029815674 0.84277344
vt 0.038726807 0.8510742
vt 0.027191162 0.8461914
vt 0.03753662 0.8520508
vt 0.024780273 0.85009766
vt 0.03677368 0.85302734
vt 0.022720337 0.85498047
vt 0.03616333 0.85498047
vt 0.021209717 0.86035156
vt 0.036315918 0.8574219
vt 0.03765869 0.8652344
vt 0.021484375 0.875
vt 0.042938232 0.8745117
vt 0.02848816 0.8881836
vt 0.05178833 0.8828125
vt 0.039855957 0.8984375
vt 0.061828613 0.8876953
vt 0.053863525 0.9042969
vt 0.070251465 0.8886719
vt 0.06842041 0.9033203
vt 0.022705078 0.87890625
vt 0.03793335 0.8828125
vt 0.037841797 0.8803711
vt 0.03845215 0.8725586
vt 0.024642944 0.88427734
vt 0.021575928 0.8647461
vt 0.03869629 0.88427734
vt 0.042816162 0.86279297
vt 0.02708435 0.8886719
vt 0.02709961 0.85058594
vt 0.0395813 0.8857422
vt 0.050811768 0.8535156
vt 0.029785156 0.89208984
vt 0.037322998 0.83935547
vt 0.04083252 0.88671875
vt 0.060424805 0.84814453
vt 0.032684326 0.8955078
vt 0.05078125 0.83203125
vt 0.04168701 0.8876953
vt 0.036102295 0.8979492
vt 0.042907715 0.8881836
vt 0.040100098 0.9003906
vt 0.044708252 0.88916016
vt 0.044830322 0.90234375
vt 0.06878662 0.8461914
vt 0.06561279 0.8310547
vt 0.07104492 0.83251953
vt 0.07116699 0.8457031
vt 0.07574463 0.83447266
vt 0.07293701 0.8466797
vt 0.07977295 0.83691406
vt 0.074157715 0.84716797
vt 0.08319092 0.83935547
vt 0.07501221 0.8486328
vt 0.08605957 0.84277344
vt 0.076293945 0.8491211
vt 0.08880615 0.8461914
vt 0.07714844 0.85058594
vt 0.09124756 0.85058594
vt 0.077941895 0.8520508
vt 0.09313965 0.85595703
vt 0.07800293 0.85498047
vt 0.07739258 0.8623047
vt 0.09429932 0.8701172
vt 0.07305908 0.8720703
vt 0.08874512 0.88427734
vt 0.06506348 0.88134766
vt 0.078552246 0.8955078
vt 0.055419922 0.88671875
vt 0.06506348 0.90283203
vt 0.047088623 0.8886719
vt 0.05026245 0.9038086
vt 0.08343506 0.8833008
vt 0.09881592 0.87939453
vt 0.08355713 0.8803711
vt 0.08288574 0.8725586
vt 0.09680176 0.8847656
vt 0.099853516 0.8647461
vt 0.08270264 0.8847656
vt 0.078430176 0.86279297
vt 0.09436035 0.88916016
vt 0.094055176 0.85058594
vt 0.08178711 0.88623047
vt 0.070373535 0.8540039
vt 0.09161377 0.8925781
vt 0.083618164 0.83984375
vt 0.08050537 0.88671875
vt 0.060791016 0.8486328
vt 0.08868408 0.8959961
vt 0.070251465 0.83251953
vt 0.07965088 0.8881836
vt 0.08520508 0.8984375
vt 0.07849121 0.8886719
vt 0.08123779 0.9008789
vt 0.076660156 0.88964844
vt 0.076538086 0.90283203
vt 0.052520752 0.8466797
vt 0.055664062 0.83203125
vt 0.05029297 0.8330078
vt 0.05014038 0.8461914
vt 0.04559326 0.83496094
vt 0.04837036 0.84716797
vt 0.04159546 0.83740234
vt 0.04714966 0.84765625
vt 0.038146973 0.83984375
vt 0.046295166 0.8491211
vt 0.035217285 0.8432617
vt 0.045043945 0.8496094
vt 0.032470703 0.8466797
vt 0.044158936 0.8510742
vt 0.02999878 0.8515625
vt 0.04336548 0.85253906
vt 0.028015137 0.8564453
vt 0.043273926 0.85546875
vt 0.043914795 0.86328125
vt 0.026977539 0.87109375
vt 0.04837036 0.8730469
vt 0.03274536 0.8852539
vt 0.056427002 0.88183594
vt 0.043182373 0.8959961
vt 0.06604004 0.88720703
vt 0.05657959 0.9033203
vt 0.074279785 0.88916016
vt 0.07116699 0.9038086
vt 0.021835327 0.87646484
vt 0.036895752 0.8803711
vt 0.036895752 0.8779297
vt 0.037841797 0.8701172
vt 0.02355957 0.88134766
vt 0.02130127 0.8618164
vt 0.037597656 0.8823242
vt 0.04260254 0.86083984
vt 0.025817871 0.88623047
vt 0.027404785 0.84814453
vt 0.03842163 0.88378906
vt 0.050964355 0.8520508
vt 0.028366089 0.88964844
vt 0.03805542 0.83740234
vt 0.039642334 0.8847656
vt 0.060821533 0.8466797
vt 0.03112793 0.8930664
vt 0.051818848 0.8305664
vt 0.04046631 0.8857422
vt 0.034423828 0.8959961
vt 0.041625977 0.88671875
vt 0.038330078 0.8984375
vt 0.043395996 0.88720703
vt 0.042999268 0.9003906
vt 0.06921387 0.84521484
vt 0.06665039 0.8305664
vt 0.072021484 0.83203125
vt 0.07159424 0.84521484
vt 0.076660156 0.8339844
vt 0.07336426 0.8457031
vt 0.080566406 0.8364258
vt 0.07458496 0.8466797
vt 0.083862305 0.83935547
vt 0.07537842 0.84765625
vt 0.08666992 0.84277344
vt 0.07659912 0.8486328
vt 0.0892334 0.8461914
vt 0.07745361 0.85009766
vt 0.091430664 0.8510742
vt 0.078125 0.8515625
vt 0.09320068 0.85595703
vt 0.078125 0.8544922
vt 0.07714844 0.8618164
vt 0.09375 0.87060547
vt 0.072387695 0.87158203
vt 0.087646484 0.88427734
vt 0.06402588 0.8803711
vt 0.07696533 0.89501953
vt 0.05419922 0.8857422
vt 0.06317139 0.90185547
vt 0.045806885 0.88720703
vt 0.048339844 0.90185547
vt 0.08380127 0.88134766
vt 0.09899902 0.8769531
vt 0.08380127 0.87890625
vt 0.08282471 0.87109375
vt 0.097229004 0.8823242
vt 0.09942627 0.8623047
vt 0.08312988 0.8833008
vt 0.077941895 0.8613281
vt 0.0949707 0.88671875
vt 0.09307861 0.8486328
vt 0.08227539 0.88427734
vt 0.06951904 0.85302734
vt 0.09234619 0.890625
vt 0.08215332 0.8378906
vt 0.08105469 0.8852539
vt 0.059692383 0.84765625
vt 0.08959961 0.89404297
vt 0.068481445 0.83154297
vt 0.08026123 0.88671875
vt 0.086242676 0.8964844
vt 0.07904053 0.88720703
vt 0.082336426 0.8989258
vt 0.07727051 0.8881836
vt 0.077697754 0.9013672
vt 0.051361084 0.8461914
vt 0.053894043 0.83154297
vt 0.048583984 0.8330078
vt 0.048980713 0.8461914
vt 0.04397583 0.83496094
vt 0.04724121 0.8466797
vt 0.040100098 0.83740234
vt 0.046051025 0.84765625
vt 0.0368042 0.84033203
vt 0.04525757 0.8486328
vt 0.0340271 0.8432617
vt 0.044036865 0.8496094
vt 0.031463623 0.84716797
vt 0.043182373 0.85058594
vt 0.029159546 0.8515625
vt 0.042510986 0.85253906
vt 0.027389526 0.8569336
vt 0.042510986 0.85546875
vt 0.04345703 0.86279297
vt 0.026779175 0.87158203
vt 0.04827881 0.8725586
vt 0.033050537 0.8852539
vt 0.05670166 0.88134766
vt 0.043945312 0.8959961
vt 0.06652832 0.88623047
vt 0.057739258 0.90283203
vt 0.07489014 0.8881836
vt 0.072387695 0.90283203
vt 0.70703125 0.9243164
vt 0.70410156 0.90527344
vt 0.70166016 0.92333984
vt 0.70947266 0.90527344
vt 0.69921875 0.9423828
vt 0.70166016 0.88720703
vt 0.6948242 0.9399414
vt 0.70703125 0.8857422
vt 0.6875 0.9580078
vt 0.6948242 0.87060547
vt 0.68408203 0.95410156
vt 0.69921875 0.8676758
vt 0.671875 0.96972656
vt 0.68408203 0.85595703
vt 0.6694336 0.96533203
vt 0.6875 0.85253906
vt 0.6542969 0.9770508
vt 0.6694336 0.84521484
vt 0.65283203 0.97216797
vt 0.671875 0.84033203
vt 0.6347656 0.97998047
vt 0.65283203 0.8383789
vt 0.6347656 0.9746094
vt 0.6542969 0.8330078
vt 0.61572266 0.9770508
vt 0.6347656 0.8359375
vt 0.6166992 0.97216797
vt 0.6347656 0.8305664
vt 0.59765625 0.96972656
vt 0.6166992 0.8383789
vt 0.60009766 0.96533203
vt 0.6152344 0.8330078
vt 0.58203125 0.9580078
vt 0.60009766 0.84521484
vt 0.5854492 0.95458984
vt 0.59765625 0.84033203
vt 0.5703125 0.9423828
vt 0.5854492 0.85595703
vt 0.57470703 0.9399414
vt 0.58203125 0.85253906
vt 0.5625 0.9243164
vt 0.57470703 0.87060547
vt 0.5678711 0.92333984
vt 0.5703125 0.8676758
vt 0.5600586 0.90527344
vt 0.5678711 0.88720703
vt 0.5654297 0.90527344
vt 0.5625 0.8857422
vt 0.5654297 0.90527344
vt 0.5625 0.9248047
vt 0.5678711 0.92333984
vt 0.5600586 0.90527344
vt 0.5703125 0.9428711
vt 0.5678711 0.88720703
vt 0.57470703 0.9399414
vt 0.5629883 0.8857422
vt 0.58203125 0.9584961
vt 0.57470703 0.87060547
vt 0.5859375 0.95458984
vt 0.5703125 0.86816406
vt 0.59765625 0.97021484
vt 0.5859375 0.8564453
vt 0.60009766 0.9658203
vt 0.58203125 0.85253906
vt 0.61572266 0.97753906
vt 0.60009766 0.84521484
vt 0.6166992 0.97265625
vt 0.59765625 0.8408203
vt 0.6347656 0.97998047
vt 0.6166992 0.8383789
vt 0.6347656 0.9746094
vt 0.61572266 0.8334961
vt 0.6542969 0.97753906
vt 0.6347656 0.8359375
vt 0.65283203 0.97265625
vt 0.6347656 0.8310547
vt 0.6723633 0.97021484
vt 0.65283203 0.8383789
vt 0.6694336 0.9658203
vt 0.6542969 0.8334961
vt 0.6875 0.9580078
vt 0.6694336 0.84521484
vt 0.68408203 0.95458984
vt 0.6723633 0.8408203
vt 0.69921875 0.9428711
vt 0.68408203 0.8564453
vt 0.6948242 0.9404297
vt 0.6875 0.85253906
vt 0.70703125 0.9248047
vt 0.6948242 0.87060547
vt 0.70166016 0.92333984
vt 0.69970703 0.86816406
vt 0.70947266 0.9057617
vt 0.70166016 0.8876953
vt 0.70410156 0.9057617
vt 0.70703125 0.88623047
vn 0.10681152 0.3491211 0.93115234
vn 0.10681152 0.3491211 0.93115234
vn 0.10681152 0.3491211 0.93115234
vn 0.1015625 0.33520508 0.93652344
vn 0.1015625 0.33520508 0.93652344
vn 0.1015625 0.33520508 0.93652344
vn 0.072143555 0.37695312 0.92333984
vn 0.072143555 0.37695312 0.92333984
vn 0.072143555 0.37695312 0.92333984
vn 0.07098389 0.3918457 0.91748047
vn 0.07098389 0.3918457 0.91748047
vn 0.07098389 0.3918457 0.91748047
vn 0.02444458 0.40112305 0.91552734
vn 0.02444458 0.40112305 0.91552734
vn 0.02444458 0.40112305 0.91552734
vn 0.06939697 0.3544922 0.9326172
vn 0.06939697 0.3544922 0.9326172
vn 0.06939697 0.3544922 0.9326172
vn 0.124816895 0.3894043 0.91259766
vn 0.124816895 0.3894043 0.91259766
vn 0.124816895 0.3894043 0.91259766
vn 0.13049316 0.38549805 0.9135742
vn 0.13049316 0.38549805 0.9135742
vn 0.13049316 0.38549805 0.9135742
vn 0.19885254 0.43969727 0.87597656
vn 0.19885254 0.43969727 0.87597656
vn 0.19885254 0.43969727 0.87597656
vn 0.19885254 0.43969727 0.87597656
vn 0.19885254 0.43969727 0.87597656
vn 0.19885254 0.43969727 0.87597656
vn 0.41064453 0.5600586 0.71972656
vn 0.41064453 0.5600586 0.71972656
vn 0.41064453 0.5600586 0.71972656
vn 0.40551758 0.56396484 0.7192383
vn 0.40551758 0.56396484 0.7192383
vn 0.40551758 0.56396484 0.7192383
vn 0.44262695 0.59521484 0.67041016
vn 0.44262695 0.59521484 0.67041016
vn 0.44262695 0.59521484 0.67041016
vn 0.45288086 0.5932617 0.66552734
vn 0.45288086 0.5932617 0.66552734
vn 0.45288086 0.5932617 0.66552734
vn 0.4345703 0.6201172 0.6533203
vn 0.4345703 0.6201172 0.6533203
vn 0.4345703 0.6201172 0.6533203
vn 0.4555664 0.6225586 0.63623047
vn 0.4555664 0.6225586 0.63623047
vn 0.4555664 0.6225586 0.63623047
vn 0.41625977 0.6225586 0.66259766
vn 0.41625977 0.6225586 0.66259766
vn 0.41625977 0.6225586 0.66259766
vn 0.43408203 0.6357422 0.6381836
vn 0.43408203 0.6357422 0.6381836
vn 0.43408203 0.6357422 0.6381836
vn 0.41992188 0.5961914 0.6845703
vn 0.41992188 0.5961914 0.6845703
vn 0.41992188 0.5961914 0.6845703
vn 0.42333984 0.6064453 0.67285156
vn 0.42333984 0.6064453 0.67285156
vn 0.42333984 0.6064453 0.67285156
vn 0.45336914 0.56591797 0.68847656
vn 0.45336914 0.56591797 0.68847656
vn 0.45336914 0.56591797 0.68847656
vn 0.4555664 0.55322266 0.6977539
vn 0.4555664 0.55322266 0.6977539
vn 0.4555664 0.55322266 0.6977539
vn 0.4970703 0.5341797 0.68359375
vn 0.4970703 0.5341797 0.68359375
vn 0.4970703 0.5341797 0.68359375
vn 0.45385742 0.58447266 0.6723633
vn 0.45385742 0.58447266 0.6723633
vn 0.45385742 0.58447266 0.6723633
vn 0.40673828 0.5644531 0.7182617
vn 0.40673828 0.5644531 0.7182617
vn 0.40673828 0.5644531 0.7182617
vn 0.4013672 0.56884766 0.71777344
vn 0.4013672 0.56884766 0.71777344
vn 0.4013672 0.56884766 0.71777344
vn 0.34057617 0.52783203 0.7783203
vn 0.34057617 0.52783203 0.7783203
vn 0.34057617 0.52783203 0.7783203
vn 0.34057617 0.52783203 0.7783203
vn 0.34057617 0.52783203 0.7783203
vn 0.34057617 0.52783203 0.7783203
vn 0.12097168 0.39404297 0.9111328
vn 0.12097168 0.39404297 0.9111328
vn 0.12097168 0.39404297 0.9111328
vn 0.12646484 0.39038086 0.9121094
vn 0.12646484 0.39038086 0.9121094
vn 0.12646484 0.39038086 0.9121094
vn 0.08105469 0.34399414 0.9355469
vn 0.08105469 0.34399414 0.9355469
vn 0.08105469 0.34399414 0.9355469
vn 0.06945801 0.34375 0.93652344
vn 0.06945801 0.34375 0.93652344
vn 0.06945801 0.34375 0.93652344
vn 0.08666992 0.31518555 0.9448242
vn 0.08666992 0.31518555 0.9448242
vn 0.08666992 0.31518555 0.9448242
vn 0.061584473 0.30566406 0.9501953
vn 0.061584473 0.30566406 0.9501953
vn 0.061584473 0.30566406 0.9501953
vn 0.10699463 0.31640625 0.9423828
vn 0.10699463 0.31640625 0.9423828
vn 0.10699463 0.31640625 0.9423828
vn 0.084350586 0.29467773 0.95166016
vn 0.084350586 0.29467773 0.95166016
vn 0.084350586 0.29467773 0.95166016
vn -0.09863281 0.34545898 0.93310547
vn -0.09863281 0.34545898 0.93310547
vn -0.09863281 0.34545898 0.93310547
vn -0.11383057 0.34057617 0.93310547
vn -0.11383057 0.34057617 0.93310547
vn -0.11383057 0.34057617 0.93310547
vn -0.08673096 0.31567383 0.9448242
vn -0.08673096 0.31567383 0.9448242
vn -0.08673096 0.31567383 0.9448242
vn -0.112854004 0.2956543 0.94873047
vn -0.112854004 0.2956543 0.94873047
vn -0.112854004 0.2956543 0.94873047
vn -0.08477783 0.29858398 0.9506836
vn -0.08477783 0.29858398 0.9506836
vn -0.08477783 0.29858398 0.9506836
vn -0.07434082 0.3486328 0.9345703
vn -0.07434082 0.3486328 0.9345703
vn -0.07434082 0.3486328 0.9345703
vn -0.124816895 0.3894043 0.91259766
vn -0.124816895 0.3894043 0.91259766
vn -0.124816895 0.3894043 0.91259766
vn -0.12231445 0.39526367 0.91015625
vn -0.12231445 0.39526367 0.91015625
vn -0.12231445 0.39526367 0.91015625
vn -0.34057617 0.52783203 0.7783203
vn -0.34057617 0.52783203 0.7783203
vn -0.34057617 0.52783203 0.7783203
vn -0.34057617 0.52783203 0.7783203
vn -0.34057617 0.52783203 0.7783203
vn -0.34057617 0.52783203 0.7783203
vn -0.40283203 0.56933594 0.7167969
vn -0.40283203 0.56933594 0.7167969
vn -0.40283203 0.56933594 0.7167969
vn -0.40551758 0.56396484 0.7192383
vn -0.40551758 0.56396484 0.7192383
vn -0.40551758 0.56396484 0.7192383
vn -0.4572754 0.578125 0.67578125
vn -0.4572754 0.578125 0.67578125
vn -0.4572754 0.578125 0.67578125
vn -0.45898438 0.5859375 0.66796875
vn -0.45898438 0.5859375 0.66796875
vn -0.45898438 0.5859375 0.66796875
vn -0.49536133 0.5751953 0.6508789
vn -0.49536133 0.5751953 0.6508789
vn -0.49536133 0.5751953 0.6508789
vn -0.47924805 0.54785156 0.68603516
vn -0.47924805 0.54785156 0.68603516
vn -0.47924805 0.54785156 0.68603516
vn -0.44873047 0.56152344 0.6953125
vn -0.44873047 0.56152344 0.6953125
vn -0.44873047 0.56152344 0.6953125
vn -0.46264648 0.5595703 0.6875
vn -0.46264648 0.5595703 0.6875
vn -0.46264648 0.5595703 0.6875
vn -0.42700195 0.59765625 0.67871094
vn -0.42700195 0.59765625 0.67871094
vn -0.42700195 0.59765625 0.67871094
vn -0.41259766 0.6040039 0.6816406
vn -0.41259766 0.6040039 0.6816406
vn -0.41259766 0.6040039 0.6816406
vn -0.4345703 0.6196289 0.6538086
vn -0.4345703 0.6196289 0.6538086
vn -0.4345703 0.6196289 0.6538086
vn -0.4086914 0.6401367 0.6508789
vn -0.4086914 0.6401367 0.6508789
vn -0.4086914 0.6401367 0.6508789
vn -0.43432617 0.6328125 0.6411133
vn -0.43432617 0.6328125 0.6411133
vn -0.43432617 0.6328125 0.6411133
vn -0.4489746 0.59033203 0.67089844
vn -0.4489746 0.59033203 0.67089844
vn -0.4489746 0.59033203 0.67089844
vn -0.40673828 0.5644531 0.7182617
vn -0.40673828 0.5644531 0.7182617
vn -0.40673828 0.5644531 0.7182617
vn -0.40966797 0.55908203 0.7207031
vn -0.40966797 0.55908203 0.7207031
vn -0.40966797 0.55908203 0.7207031
vn -0.19885254 0.43969727 0.87597656
vn -0.19885254 0.43969727 0.87597656
vn -0.19885254 0.43969727 0.87597656
vn -0.19885254 0.43969727 0.87597656
vn -0.19885254 0.43969727 0.87597656
vn -0.19885254 0.43969727 0.87597656
vn -0.12878418 0.38476562 0.9140625
vn -0.12878418 0.38476562 0.9140625
vn -0.12878418 0.38476562 0.9140625
vn -0.12646484 0.39038086 0.9121094
vn -0.12646484 0.39038086 0.9121094
vn -0.12646484 0.39038086 0.9121094
vn -0.06640625 0.36157227 0.9301758
vn -0.06640625 0.36157227 0.9301758
vn -0.06640625 0.36157227 0.9301758
vn -0.06329346 0.35131836 0.93408203
vn -0.06329346 0.35131836 0.93408203
vn -0.06329346 0.35131836 0.93408203
vn -0.022003174 0.3527832 0.9355469
vn -0.022003174 0.3527832 0.9355469
vn -0.022003174 0.3527832 0.9355469
vn -0.044189453 0.39135742 0.9189453
vn -0.044189453 0.39135742 0.9189453
vn -0.044189453 0.39135742 0.9189453
vn -0.07800293 0.38354492 0.92041016
vn -0.07800293 0.38354492 0.92041016
vn -0.07800293 0.38354492 0.92041016
vn -0.06225586 0.38208008 0.921875
vn -0.06225586 0.38208008 0.921875
vn -0.06225586 0.38208008 0.921875
vn 0.10681152 0.7675781 0.63183594
vn 0.10681152 0.7675781 0.63183594
vn 0.10681152 0.7675781 0.63183594
vn 0.1015625 0.75878906 0.6435547
vn 0.1015625 0.75878906 0.6435547
vn 0.1015625 0.75878906 0.6435547
vn 0.072143555 0.78808594 0.6113281
vn 0.072143555 0.78808594 0.6113281
vn 0.072143555 0.78808594 0.6113281
vn 0.07098389 0.79785156 0.5986328
vn 0.07098389 0.79785156 0.5986328
vn 0.07098389 0.79785156 0.5986328
vn 0.038391113 0.7866211 0.61621094
vn 0.038391113 0.7866211 0.61621094
vn 0.038391113 0.7866211 0.61621094
vn 0.02444458 0.8051758 0.59228516
vn 0.02444458 0.8051758 0.59228516
vn 0.02444458 0.8051758 0.59228516
vn 0.020431519 0.7885742 0.6147461
vn 0.020431519 0.7885742 0.6147461
vn 0.020431519 0.7885742 0.6147461
vn 0.06939697 0.7734375 0.6303711
vn 0.06939697 0.7734375 0.6303711
vn 0.06939697 0.7734375 0.6303711
vn 0.124816895 0.79345703 0.5957031
vn 0.124816895 0.79345703 0.5957031
vn 0.124816895 0.79345703 0.5957031
vn 0.13049316 0.79052734 0.59814453
vn 0.13049316 0.79052734 0.59814453
vn 0.13049316 0.79052734 0.59814453
vn 0.19885254 0.81884766 0.5385742
vn 0.19885254 0.81884766 0.5385742
vn 0.19885254 0.81884766 0.5385742
vn 0.19885254 0.81884766 0.5385742
vn 0.19885254 0.81884766 0.5385742
vn 0.19885254 0.81884766 0.5385742
vn 0.2709961 0.8364258 0.4765625
vn 0.2709961 0.8364258 0.4765625
vn 0.2709961 0.8364258 0.4765625
vn 0.2709961 0.8364258 0.4765625
vn 0.2709961 0.8364258 0.4765625
vn 0.2709961 0.8364258 0.4765625
vn 0.41064453 0.84472656 0.34301758
vn 0.41064453 0.84472656 0.34301758
vn 0.41064453 0.84472656 0.34301758
vn 0.40551758 0.84814453 0.34106445
vn 0.40551758 0.84814453 0.34106445
vn 0.40551758 0.84814453 0.34106445
vn 0.4345703 0.86376953 0.25585938
vn 0.4345703 0.86376953 0.25585938
vn 0.4345703 0.86376953 0.25585938
vn 0.4555664 0.8574219 0.2397461
vn 0.4555664 0.8574219 0.2397461
vn 0.4555664 0.8574219 0.2397461
vn 0.41625977 0.87060547 0.26245117
vn 0.41625977 0.87060547 0.26245117
vn 0.41625977 0.87060547 0.26245117
vn 0.43408203 0.8696289 0.23486328
vn 0.43408203 0.8696289 0.23486328
vn 0.43408203 0.8696289 0.23486328
vn 0.41992188 0.85839844 0.29467773
vn 0.41992188 0.85839844 0.29467773
vn 0.41992188 0.85839844 0.29467773
vn 0.42333984 0.8618164 0.27954102
vn 0.42333984 0.8618164 0.27954102
vn 0.42333984 0.8618164 0.27954102
vn 0.45336914 0.83447266 0.31323242
vn 0.45336914 0.83447266 0.31323242
vn 0.45336914 0.83447266 0.31323242
vn 0.4555664 0.8276367 0.32763672
vn 0.4555664 0.8276367 0.32763672
vn 0.4555664 0.8276367 0.32763672
vn 0.48291016 0.8222656 0.30078125
vn 0.48291016 0.8222656 0.30078125
vn 0.48291016 0.8222656 0.30078125
vn 0.4970703 0.8046875 0.32495117
vn 0.4970703 0.8046875 0.32495117
vn 0.4970703 0.8046875 0.32495117
vn 0.49853516 0.81396484 0.2980957
vn 0.49853516 0.81396484 0.2980957
vn 0.49853516 0.81396484 0.2980957
vn 0.45385742 0.84228516 0.2902832
vn 0.45385742 0.84228516 0.2902832
vn 0.45385742 0.84228516 0.2902832
vn 0.40673828 0.84814453 0.3395996
vn 0.40673828 0.84814453 0.3395996
vn 0.40673828 0.84814453 0.3395996
vn 0.4013672 0.8515625 0.33740234
vn 0.4013672 0.8515625 0.33740234
vn 0.4013672 0.8515625 0.33740234
vn 0.34057617 0.8461914 0.4099121
vn 0.34057617 0.8461914 0.4099121
vn 0.34057617 0.8461914 0.4099121
vn 0.34057617 0.8461914 0.4099121
vn 0.34057617 0.8461914 0.4099121
vn 0.34057617 0.8461914 0.4099121
vn 0.2709961 0.8364258 0.4765625
vn 0.2709961 0.8364258 0.4765625
vn 0.2709961 0.8364258 0.4765625
vn 0.2709961 0.8364258 0.4765625
vn 0.2709961 0.8364258 0.4765625
vn 0.2709961 0.8364258 0.4765625
vn 0.12097168 0.796875 0.59228516
vn 0.12097168 0.796875 0.59228516
vn 0.12097168 0.796875 0.59228516
vn 0.12646484 0.7939453 0.59472656
vn 0.12646484 0.7939453 0.59472656
vn 0.12646484 0.7939453 0.59472656
vn 0.08666992 0.74560547 0.66064453
vn 0.08666992 0.74560547 0.66064453
vn 0.08666992 0.74560547 0.66064453
vn 0.061584473 0.7397461 0.6699219
vn 0.061584473 0.7397461 0.6699219
vn 0.061584473 0.7397461 0.6699219
vn 0.10699463 0.7451172 0.6582031
vn 0.10699463 0.7451172 0.6582031
vn 0.10699463 0.7451172 0.6582031
vn 0.084350586 0.73095703 0.6772461
vn 0.084350586 0.73095703 0.6772461
vn 0.084350586 0.73095703 0.6772461
vn -0.09863281 0.765625 0.6357422
vn -0.09863281 0.765625 0.6357422
vn -0.09863281 0.765625 0.6357422
vn -0.11383057 0.76171875 0.6381836
vn -0.11383057 0.76171875 0.6381836
vn -0.11383057 0.76171875 0.6381836
vn -0.112854004 0.73046875 0.6738281
vn -0.112854004 0.73046875 0.6738281
vn -0.112854004 0.73046875 0.6738281
vn -0.07434082 0.76904297 0.6347656
vn -0.07434082 0.76904297 0.6347656
vn -0.07434082 0.76904297 0.6347656
vn -0.124816895 0.79345703 0.5957031
vn -0.124816895 0.79345703 0.5957031
vn -0.124816895 0.79345703 0.5957031
vn -0.12231445 0.7973633 0.5908203
vn -0.12231445 0.7973633 0.5908203
vn -0.12231445 0.7973633 0.5908203
vn -0.34057617 0.8461914 0.4099121
vn -0.34057617 0.8461914 0.4099121
vn -0.34057617 0.8461914 0.4099121
vn -0.34057617 0.8461914 0.4099121
vn -0.34057617 0.8461914 0.4099121
vn -0.34057617 0.8461914 0.4099121
vn -0.40283203 0.8515625 0.3359375
vn -0.40283203 0.8515625 0.3359375
vn -0.40283203 0.8515625 0.3359375
vn -0.40551758 0.84814453 0.34106445
vn -0.40551758 0.84814453 0.34106445
vn -0.40551758 0.84814453 0.34106445
vn -0.45898438 0.8413086 0.2854004
vn -0.45898438 0.8413086 0.2854004
vn -0.45898438 0.8413086 0.2854004
vn -0.47924805 0.8173828 0.32006836
vn -0.47924805 0.8173828 0.32006836
vn -0.47924805 0.8173828 0.32006836
vn -0.44873047 0.8339844 0.32128906
vn -0.44873047 0.8339844 0.32128906
vn -0.44873047 0.8339844 0.32128906
vn -0.46264648 0.8286133 0.31567383
vn -0.46264648 0.8286133 0.31567383
vn -0.46264648 0.8286133 0.31567383
vn -0.42700195 0.8569336 0.2890625
vn -0.42700195 0.8569336 0.2890625
vn -0.42700195 0.8569336 0.2890625
vn -0.4128418 0.8642578 0.28808594
vn -0.4128418 0.8642578 0.28808594
vn -0.4128418 0.8642578 0.28808594
vn -0.4086914 0.87939453 0.24353027
vn -0.4086914 0.87939453 0.24353027
vn -0.4086914 0.87939453 0.24353027
vn -0.4489746 0.8466797 0.28564453
vn -0.4489746 0.8466797 0.28564453
vn -0.4489746 0.8466797 0.28564453
vn -0.40673828 0.84814453 0.3395996
vn -0.40673828 0.84814453 0.3395996
vn -0.40673828 0.84814453 0.3395996
vn -0.40966797 0.84472656 0.34472656
vn -0.40966797 0.84472656 0.34472656
vn -0.40966797 0.84472656 0.34472656
vn -0.12878418 0.79003906 0.5991211
vn -0.12878418 0.79003906 0.5991211
vn -0.12878418 0.79003906 0.5991211
vn -0.12646484 0.7939453 0.59472656
vn -0.12646484 0.7939453 0.59472656
vn -0.12646484 0.7939453 0.59472656
vn -0.06329346 0.7714844 0.6333008
vn -0.06329346 0.7714844 0.6333008
vn -0.06329346 0.7714844 0.6333008
vn -0.044189453 0.79833984 0.60058594
vn -0.044189453 0.79833984 0.60058594
vn -0.044189453 0.79833984 0.60058594
vn -0.07800293 0.79248047 0.60498047
vn -0.07800293 0.79248047 0.60498047
vn -0.07800293 0.79248047 0.60498047
vn -0.06225586 0.7919922 0.6074219
vn -0.06225586 0.7919922 0.6074219
vn -0.06225586 0.7919922 0.6074219
vn 0.10681152 -0.16320801 0.98095703
vn 0.10681152 -0.16320801 0.98095703
vn 0.10681152 -0.16320801 0.98095703
vn 0.1015625 -0.17810059 0.9785156
vn 0.1015625 -0.17810059 0.9785156
vn 0.1015625 -0.17810059 0.9785156
vn 0.072143555 -0.13513184 0.98828125
vn 0.072143555 -0.13513184 0.98828125
vn 0.072143555 -0.13513184 0.98828125
vn 0.07098389 -0.119384766 0.9902344
vn 0.07098389 -0.119384766 0.9902344
vn 0.07098389 -0.119384766 0.9902344
vn 0.038391113 -0.14013672 0.9892578
vn 0.038391113 -0.14013672 0.9892578
vn 0.038391113 -0.14013672 0.9892578
vn 0.02444458 -0.11035156 0.99365234
vn 0.02444458 -0.11035156 0.99365234
vn 0.02444458 -0.11035156 0.99365234
vn 0.03918457 -0.15820312 0.9868164
vn 0.03918457 -0.15820312 0.9868164
vn 0.03918457 -0.15820312 0.9868164
vn 0.020431519 -0.1381836 0.9902344
vn 0.020431519 -0.1381836 0.9902344
vn 0.020431519 -0.1381836 0.9902344
vn 0.06939697 -0.15930176 0.9848633
vn 0.06939697 -0.15930176 0.9848633
vn 0.06939697 -0.15930176 0.9848633
vn 0.059417725 -0.15344238 0.9863281
vn 0.059417725 -0.15344238 0.9863281
vn 0.059417725 -0.15344238 0.9863281
vn 0.124816895 -0.119140625 0.9848633
vn 0.124816895 -0.119140625 0.9848633
vn 0.124816895 -0.119140625 0.9848633
vn 0.13049316 -0.122802734 0.9838867
vn 0.13049316 -0.122802734 0.9838867
vn 0.13049316 -0.122802734 0.9838867
vn 0.19885254 -0.05706787 0.9785156
vn 0.19885254 -0.05706787 0.9785156
vn 0.19885254 -0.05706787 0.9785156
vn 0.19885254 -0.05706787 0.9785156
vn 0.19885254 -0.05706787 0.9785156
vn 0.19885254 -0.05706787 0.9785156
vn 0.41064453 0.12524414 0.9033203
vn 0.41064453 0.12524414 0.9033203
vn 0.41064453 0.12524414 0.9033203
vn 0.40551758 0.12866211 0.90478516
vn 0.40551758 0.12866211 0.90478516
vn 0.40551758 0.12866211 0.90478516
vn 0.44262695 0.18041992 0.87841797
vn 0.44262695 0.18041992 0.87841797
vn 0.44262695 0.18041992 0.87841797
vn 0.45288086 0.18115234 0.8730469
vn 0.45288086 0.18115234 0.8730469
vn 0.45288086 0.18115234 0.8730469
vn 0.4345703 0.21008301 0.87597656
vn 0.4345703 0.21008301 0.87597656
vn 0.4345703 0.21008301 0.87597656
vn 0.4555664 0.22094727 0.8623047
vn 0.4555664 0.22094727 0.8623047
vn 0.4555664 0.22094727 0.8623047
vn 0.41625977 0.20800781 0.8852539
vn 0.41625977 0.20800781 0.8852539
vn 0.41625977 0.20800781 0.8852539
vn 0.43408203 0.23144531 0.87060547
vn 0.43408203 0.23144531 0.87060547
vn 0.43408203 0.23144531 0.87060547
vn 0.41992188 0.1739502 0.890625
vn 0.41992188 0.1739502 0.890625
vn 0.41992188 0.1739502 0.890625
vn 0.42333984 0.1887207 0.88623047
vn 0.42333984 0.1887207 0.88623047
vn 0.42333984 0.1887207 0.88623047
vn 0.45336914 0.14587402 0.87939453
vn 0.45336914 0.14587402 0.87939453
vn 0.45336914 0.14587402 0.87939453
vn 0.4555664 0.13012695 0.8808594
vn 0.4555664 0.13012695 0.8808594
vn 0.4555664 0.13012695 0.8808594
vn 0.48291016 0.15075684 0.86279297
vn 0.48291016 0.15075684 0.86279297
vn 0.48291016 0.15075684 0.86279297
vn 0.4970703 0.12097168 0.859375
vn 0.4970703 0.12097168 0.859375
vn 0.4970703 0.12097168 0.859375
vn 0.4807129 0.16870117 0.86035156
vn 0.4807129 0.16870117 0.86035156
vn 0.4807129 0.16870117 0.86035156
vn 0.49853516 0.14868164 0.8540039
vn 0.49853516 0.14868164 0.8540039
vn 0.49853516 0.14868164 0.8540039
vn 0.45385742 0.16992188 0.8745117
vn 0.45385742 0.16992188 0.8745117
vn 0.45385742 0.16992188 0.8745117
vn 0.4633789 0.1640625 0.87109375
vn 0.4633789 0.1640625 0.87109375
vn 0.4633789 0.1640625 0.87109375
vn 0.40673828 0.13000488 0.9042969
vn 0.40673828 0.13000488 0.9042969
vn 0.40673828 0.13000488 0.9042969
vn 0.4013672 0.13366699 0.90625
vn 0.4013672 0.13366699 0.90625
vn 0.4013672 0.13366699 0.90625
vn 0.34057617 0.0680542 0.9379883
vn 0.34057617 0.0680542 0.9379883
vn 0.34057617 0.0680542 0.9379883
vn 0.34057617 0.0680542 0.9379883
vn 0.34057617 0.0680542 0.9379883
vn 0.34057617 0.0680542 0.9379883
vn 0.12097168 -0.11437988 0.98583984
vn 0.12097168 -0.11437988 0.98583984
vn 0.12097168 -0.11437988 0.98583984
vn 0.12646484 -0.11779785 0.9848633
vn 0.12646484 -0.11779785 0.9848633
vn 0.12646484 -0.11779785 0.9848633
vn 0.08105469 -0.16967773 0.9819336
vn 0.08105469 -0.16967773 0.9819336
vn 0.08105469 -0.16967773 0.9819336
vn 0.06951904 -0.17053223 0.98291016
vn 0.06951904 -0.17053223 0.98291016
vn 0.06951904 -0.17053223 0.98291016
vn 0.08666992 -0.19946289 0.9760742
vn 0.08666992 -0.19946289 0.9760742
vn 0.08666992 -0.19946289 0.9760742
vn 0.061584473 -0.21044922 0.97558594
vn 0.061584473 -0.21044922 0.97558594
vn 0.061584473 -0.21044922 0.97558594
vn 0.10699463 -0.1973877 0.9746094
vn 0.10699463 -0.1973877 0.9746094
vn 0.10699463 -0.1973877 0.9746094
vn 0.084350586 -0.2208252 0.9716797
vn 0.084350586 -0.2208252 0.9716797
vn 0.084350586 -0.2208252 0.9716797
vn -0.09863281 -0.16748047 0.98095703
vn -0.09863281 -0.16748047 0.98095703
vn -0.09863281 -0.16748047 0.98095703
vn -0.11383057 -0.17175293 0.9785156
vn -0.11383057 -0.17175293 0.9785156
vn -0.11383057 -0.17175293 0.9785156
vn -0.08673096 -0.19909668 0.9760742
vn -0.08673096 -0.19909668 0.9760742
vn -0.08673096 -0.19909668 0.9760742
vn -0.112854004 -0.21826172 0.9692383
vn -0.112854004 -0.21826172 0.9692383
vn -0.112854004 -0.21826172 0.9692383
vn -0.06915283 -0.19470215 0.9785156
vn -0.06915283 -0.19470215 0.9785156
vn -0.06915283 -0.19470215 0.9785156
vn -0.08477783 -0.21679688 0.97265625
vn -0.08477783 -0.21679688 0.97265625
vn -0.08477783 -0.21679688 0.97265625
vn -0.07434082 -0.1652832 0.98339844
vn -0.07434082 -0.1652832 0.98339844
vn -0.07434082 -0.1652832 0.98339844
vn -0.07800293 -0.17614746 0.9814453
vn -0.07800293 -0.17614746 0.9814453
vn -0.07800293 -0.17614746 0.9814453
vn -0.124816895 -0.119140625 0.9848633
vn -0.124816895 -0.119140625 0.9848633
vn -0.124816895 -0.119140625 0.9848633
vn -0.12231445 -0.112854004 0.98583984
vn -0.12231445 -0.112854004 0.98583984
vn -0.12231445 -0.112854004 0.98583984
vn -0.19885254 -0.05706787 0.9785156
vn -0.19885254 -0.05706787 0.9785156
vn -0.19885254 -0.05706787 0.9785156
vn -0.19885254 -0.05706787 0.9785156
vn -0.19885254 -0.05706787 0.9785156
vn -0.19885254 -0.05706787 0.9785156
vn -0.40283203 0.13464355 0.90527344
vn -0.40283203 0.13464355 0.90527344
vn -0.40283203 0.13464355 0.90527344
vn -0.40551758 0.12866211 0.90478516
vn -0.40551758 0.12866211 0.90478516
vn -0.40551758 0.12866211 0.90478516
vn -0.4572754 0.16247559 0.8745117
vn -0.4572754 0.16247559 0.8745117
vn -0.4572754 0.16247559 0.8745117
vn -0.45898438 0.17358398 0.87109375
vn -0.45898438 0.17358398 0.87109375
vn -0.45898438 0.17358398 0.87109375
vn -0.4831543 0.15063477 0.8623047
vn -0.4831543 0.15063477 0.8623047
vn -0.4831543 0.15063477 0.8623047
vn -0.49536133 0.17260742 0.8515625
vn -0.49536133 0.17260742 0.8515625
vn -0.49536133 0.17260742 0.8515625
vn -0.47924805 0.13134766 0.8676758
vn -0.47924805 0.13134766 0.8676758
vn -0.47924805 0.13134766 0.8676758
vn -0.5024414 0.14831543 0.8520508
vn -0.5024414 0.14831543 0.8520508
vn -0.5024414 0.14831543 0.8520508
vn -0.44873047 0.13879395 0.8828125
vn -0.44873047 0.13879395 0.8828125
vn -0.44873047 0.13879395 0.8828125
vn -0.46264648 0.14074707 0.8754883
vn -0.46264648 0.14074707 0.8754883
vn -0.46264648 0.14074707 0.8754883
vn -0.42700195 0.17822266 0.88671875
vn -0.42700195 0.17822266 0.88671875
vn -0.42700195 0.17822266 0.88671875
vn -0.4128418 0.18249512 0.8925781
vn -0.4128418 0.18249512 0.8925781
vn -0.4128418 0.18249512 0.8925781
vn -0.4345703 0.2097168 0.87597656
vn -0.4345703 0.2097168 0.87597656
vn -0.4345703 0.2097168 0.87597656
vn -0.4086914 0.22888184 0.8833008
vn -0.4086914 0.22888184 0.8833008
vn -0.4086914 0.22888184 0.8833008
vn -0.4506836 0.20532227 0.86865234
vn -0.4506836 0.20532227 0.86865234
vn -0.4506836 0.20532227 0.86865234
vn -0.43432617 0.22729492 0.87158203
vn -0.43432617 0.22729492 0.87158203
vn -0.43432617 0.22729492 0.87158203
vn -0.4489746 0.17590332 0.87597656
vn -0.4489746 0.17590332 0.87597656
vn -0.4489746 0.17590332 0.87597656
vn -0.44458008 0.18676758 0.87597656
vn -0.44458008 0.18676758 0.87597656
vn -0.44458008 0.18676758 0.87597656
vn -0.40673828 0.13000488 0.9042969
vn -0.40673828 0.13000488 0.9042969
vn -0.40673828 0.13000488 0.9042969
vn -0.40966797 0.12365723 0.9038086
vn -0.40966797 0.12365723 0.9038086
vn -0.40966797 0.12365723 0.9038086
vn -0.34057617 0.0680542 0.9379883
vn -0.34057617 0.0680542 0.9379883
vn -0.34057617 0.0680542 0.9379883
vn -0.34057617 0.0680542 0.9379883
vn -0.34057617 0.0680542 0.9379883
vn -0.34057617 0.0680542 0.9379883
vn -0.12878418 -0.12384033 0.9838867
vn -0.12878418 -0.12384033 0.9838867
vn -0.12878418 -0.12384033 0.9838867
vn -0.12646484 -0.11779785 0.9848633
vn -0.12646484 -0.11779785 0.9848633
vn -0.12646484 -0.11779785 0.9848633
vn -0.06640625 -0.15185547 0.9863281
vn -0.06640625 -0.15185547 0.9863281
vn -0.06640625 -0.15185547 0.9863281
vn -0.06329346 -0.16296387 0.984375
vn -0.06329346 -0.16296387 0.984375
vn -0.06329346 -0.16296387 0.984375
vn -0.037994385 -0.14001465 0.9892578
vn -0.037994385 -0.14001465 0.9892578
vn -0.037994385 -0.14001465 0.9892578
vn -0.022003174 -0.16210938 0.9863281
vn -0.022003174 -0.16210938 0.9863281
vn -0.022003174 -0.16210938 0.9863281
vn -0.044189453 -0.120666504 0.9916992
vn -0.044189453 -0.120666504 0.9916992
vn -0.044189453 -0.120666504 0.9916992
vn -0.01625061 -0.13769531 0.9902344
vn -0.01625061 -0.13769531 0.9902344
vn -0.01625061 -0.13769531 0.9902344
vn -0.07800293 -0.12805176 0.98876953
vn -0.07800293 -0.12805176 0.98876953
vn -0.07800293 -0.12805176 0.98876953
vn -0.06225586 -0.13000488 0.9897461
vn -0.06225586 -0.13000488 0.9897461
vn -0.06225586 -0.13000488 0.9897461
vn 0.10681152 -0.63183594 0.7675781
vn 0.10681152 -0.63183594 0.7675781
vn 0.10681152 -0.63183594 0.7675781
vn 0.1015625 -0.6435547 0.75878906
vn 0.1015625 -0.6435547 0.75878906
vn 0.1015625 -0.6435547 0.75878906
vn 0.072143555 -0.6113281 0.78808594
vn 0.072143555 -0.6113281 0.78808594
vn 0.072143555 -0.6113281 0.78808594
vn 0.07098389 -0.5986328 0.79785156
vn 0.07098389 -0.5986328 0.79785156
vn 0.07098389 -0.5986328 0.79785156
vn 0.038391113 -0.61621094 0.7866211
vn 0.038391113 -0.61621094 0.7866211
vn 0.038391113 -0.61621094 0.7866211
vn 0.02444458 -0.59228516 0.8051758
vn 0.02444458 -0.59228516 0.8051758
vn 0.02444458 -0.59228516 0.8051758
vn 0.020431519 -0.6147461 0.7885742
vn 0.020431519 -0.6147461 0.7885742
vn 0.020431519 -0.6147461 0.7885742
vn 0.06939697 -0.6303711 0.7734375
vn 0.06939697 -0.6303711 0.7734375
vn 0.06939697 -0.6303711 0.7734375
vn 0.124816895 -0.5957031 0.79345703
vn 0.124816895 -0.5957031 0.79345703
vn 0.124816895 -0.5957031 0.79345703
vn 0.13049316 -0.59814453 0.79052734
vn 0.13049316 -0.59814453 0.79052734
vn 0.13049316 -0.59814453 0.79052734
vn 0.34057617 -0.4099121 0.8461914
vn 0.34057617 -0.4099121 0.8461914
vn 0.34057617 -0.4099121 0.8461914
vn 0.34057617 -0.4099121 0.8461914
vn 0.34057617 -0.4099121 0.8461914
vn 0.34057617 -0.4099121 0.8461914
vn 0.41064453 -0.34301758 0.84472656
vn 0.41064453 -0.34301758 0.84472656
vn 0.41064453 -0.34301758 0.84472656
vn 0.40551758 -0.34106445 0.84814453
vn 0.40551758 -0.34106445 0.84814453
vn 0.40551758 -0.34106445 0.84814453
vn 0.45288086 -0.27954102 0.8466797
vn 0.45288086 -0.27954102 0.8466797
vn 0.45288086 -0.27954102 0.8466797
vn 0.41625977 -0.26245117 0.87060547
vn 0.41625977 -0.26245117 0.87060547
vn 0.41625977 -0.26245117 0.87060547
vn 0.41992188 -0.29467773 0.85839844
vn 0.41992188 -0.29467773 0.85839844
vn 0.41992188 -0.29467773 0.85839844
vn 0.42333984 -0.27954102 0.8618164
vn 0.42333984 -0.27954102 0.8618164
vn 0.42333984 -0.27954102 0.8618164
vn 0.45336914 -0.31323242 0.83447266
vn 0.45336914 -0.31323242 0.83447266
vn 0.45336914 -0.31323242 0.83447266
vn 0.4555664 -0.32763672 0.8276367
vn 0.4555664 -0.32763672 0.8276367
vn 0.4555664 -0.32763672 0.8276367
vn 0.48291016 -0.30078125 0.8222656
vn 0.48291016 -0.30078125 0.8222656
vn 0.48291016 -0.30078125 0.8222656
vn 0.4970703 -0.32495117 0.8046875
vn 0.4970703 -0.32495117 0.8046875
vn 0.4970703 -0.32495117 0.8046875
vn 0.49853516 -0.2980957 0.81396484
vn 0.49853516 -0.2980957 0.81396484
vn 0.49853516 -0.2980957 0.81396484
vn 0.45385742 -0.2902832 0.84228516
vn 0.45385742 -0.2902832 0.84228516
vn 0.45385742 -0.2902832 0.84228516
vn 0.40673828 -0.3395996 0.84814453
vn 0.40673828 -0.3395996 0.84814453
vn 0.40673828 -0.3395996 0.84814453
vn 0.4013672 -0.33740234 0.8515625
vn 0.4013672 -0.33740234 0.8515625
vn 0.4013672 -0.33740234 0.8515625
vn 0.19885254 -0.5385742 0.81884766
vn 0.19885254 -0.5385742 0.81884766
vn 0.19885254 -0.5385742 0.81884766
vn 0.19885254 -0.5385742 0.81884766
vn 0.19885254 -0.5385742 0.81884766
vn 0.19885254 -0.5385742 0.81884766
vn 0.12097168 -0.59228516 0.796875
vn 0.12097168 -0.59228516 0.796875
vn 0.12097168 -0.59228516 0.796875
vn 0.12646484 -0.59472656 0.7939453
vn 0.12646484 -0.59472656 0.7939453
vn 0.12646484 -0.59472656 0.7939453
vn 0.06951904 -0.63916016 0.7661133
vn 0.06951904 -0.63916016 0.7661133
vn 0.06951904 -0.63916016 0.7661133
vn 0.10699463 -0.6582031 0.7451172
vn 0.10699463 -0.6582031 0.7451172
vn 0.10699463 -0.6582031 0.7451172
vn -0.09863281 -0.6357422 0.765625
vn -0.09863281 -0.6357422 0.765625
vn -0.09863281 -0.6357422 0.765625
vn -0.11383057 -0.6381836 0.76171875
vn -0.11383057 -0.6381836 0.76171875
vn -0.11383057 -0.6381836 0.76171875
vn -0.112854004 -0.6738281 0.73046875
vn -0.112854004 -0.6738281 0.73046875
vn -0.112854004 -0.6738281 0.73046875
vn -0.07434082 -0.6347656 0.76904297
vn -0.07434082 -0.6347656 0.76904297
vn -0.07434082 -0.6347656 0.76904297
vn -0.124816895 -0.5957031 0.79345703
vn -0.124816895 -0.5957031 0.79345703
vn -0.124816895 -0.5957031 0.79345703
vn -0.12231445 -0.5908203 0.7973633
vn -0.12231445 -0.5908203 0.7973633
vn -0.12231445 -0.5908203 0.7973633
vn -0.19885254 -0.5385742 0.81884766
vn -0.19885254 -0.5385742 0.81884766
vn -0.19885254 -0.5385742 0.81884766
vn -0.19885254 -0.5385742 0.81884766
vn -0.19885254 -0.5385742 0.81884766
vn -0.19885254 -0.5385742 0.81884766
vn -0.2709961 -0.4765625 0.8364258
vn -0.2709961 -0.4765625 0.8364258
vn -0.2709961 -0.4765625 0.8364258
vn -0.2709961 -0.4765625 0.8364258
vn -0.2709961 -0.4765625 0.8364258
vn -0.2709961 -0.4765625 0.8364258
vn -0.40283203 -0.3359375 0.8515625
vn -0.40283203 -0.3359375 0.8515625
vn -0.40283203 -0.3359375 0.8515625
vn -0.40551758 -0.34106445 0.84814453
vn -0.40551758 -0.34106445 0.84814453
vn -0.40551758 -0.34106445 0.84814453
vn -0.4831543 -0.30078125 0.8222656
vn -0.4831543 -0.30078125 0.8222656
vn -0.4831543 -0.30078125 0.8222656
vn -0.49536133 -0.27612305 0.82373047
vn -0.49536133 -0.27612305 0.82373047
vn -0.49536133 -0.27612305 0.82373047
vn -0.47924805 -0.32006836 0.8173828
vn -0.47924805 -0.32006836 0.8173828
vn -0.47924805 -0.32006836 0.8173828
vn -0.5024414 -0.29760742 0.8120117
vn -0.5024414 -0.29760742 0.8120117
vn -0.5024414 -0.29760742 0.8120117
vn -0.44873047 -0.32128906 0.8339844
vn -0.44873047 -0.32128906 0.8339844
vn -0.44873047 -0.32128906 0.8339844
vn -0.46264648 -0.31567383 0.8286133
vn -0.46264648 -0.31567383 0.8286133
vn -0.46264648 -0.31567383 0.8286133
vn -0.42700195 -0.2890625 0.8569336
vn -0.42700195 -0.2890625 0.8569336
vn -0.42700195 -0.2890625 0.8569336
vn -0.41259766 -0.28808594 0.8642578
vn -0.41259766 -0.28808594 0.8642578
vn -0.41259766 -0.28808594 0.8642578
vn -0.4086914 -0.24353027 0.87939453
vn -0.4086914 -0.24353027 0.87939453
vn -0.4086914 -0.24353027 0.87939453
vn -0.4489746 -0.28564453 0.8466797
vn -0.4489746 -0.28564453 0.8466797
vn -0.4489746 -0.28564453 0.8466797
vn -0.40673828 -0.3395996 0.84814453
vn -0.40673828 -0.3395996 0.84814453
vn -0.40673828 -0.3395996 0.84814453
vn -0.40966797 -0.34472656 0.84472656
vn -0.40966797 -0.34472656 0.84472656
vn -0.40966797 -0.34472656 0.84472656
vn -0.34057617 -0.4099121 0.8461914
vn -0.34057617 -0.4099121 0.8461914
vn -0.34057617 -0.4099121 0.8461914
vn -0.34057617 -0.4099121 0.8461914
vn -0.34057617 -0.4099121 0.8461914
vn -0.34057617 -0.4099121 0.8461914
vn -0.2709961 -0.4765625 0.8364258
vn -0.2709961 -0.4765625 0.8364258
vn -0.2709961 -0.4765625 0.8364258
vn -0.2709961 -0.4765625 0.8364258
vn -0.2709961 -0.4765625 0.8364258
vn -0.2709961 -0.4765625 0.8364258
vn -0.12878418 -0.5991211 0.79003906
vn -0.12878418 -0.5991211 0.79003906
vn -0.12878418 -0.5991211 0.79003906
vn -0.12646484 -0.59472656 0.7939453
vn -0.12646484 -0.59472656 0.7939453
vn -0.12646484 -0.59472656 0.7939453
vn -0.037994385 -0.61621094 0.7866211
vn -0.037994385 -0.61621094 0.7866211
vn -0.037994385 -0.61621094 0.7866211
vn -0.022003174 -0.63378906 0.7734375
vn -0.022003174 -0.63378906 0.7734375
vn -0.022003174 -0.63378906 0.7734375
vn -0.044189453 -0.60058594 0.79833984
vn -0.044189453 -0.60058594 0.79833984
vn -0.044189453 -0.60058594 0.79833984
vn -0.01625061 -0.6142578 0.7885742
vn -0.01625061 -0.6142578 0.7885742
vn -0.01625061 -0.6142578 0.7885742
vn -0.07800293 -0.60498047 0.79248047
vn -0.07800293 -0.60498047 0.79248047
vn -0.07800293 -0.60498047 0.79248047
vn -0.06225586 -0.6074219 0.7919922
vn -0.06225586 -0.6074219 0.7919922
vn -0.06225586 -0.6074219 0.7919922
vn 0.10681152 -0.93115234 0.3491211
vn 0.10681152 -0.93115234 0.3491211
vn 0.10681152 -0.93115234 0.3491211
vn 0.1015625 -0.93652344 0.33520508
vn 0.1015625 -0.93652344 0.33520508
vn 0.1015625 -0.93652344 0.33520508
vn 0.072143555 -0.92333984 0.37695312
vn 0.072143555 -0.92333984 0.37695312
vn 0.072143555 -0.92333984 0.37695312
vn 0.07098389 -0.91748047 0.3918457
vn 0.07098389 -0.91748047 0.3918457
vn 0.07098389 -0.91748047 0.3918457
vn 0.038391113 -0.9267578 0.37329102
vn 0.038391113 -0.9267578 0.37329102
vn 0.038391113 -0.9267578 0.37329102
vn 0.02444458 -0.91552734 0.40112305
vn 0.02444458 -0.91552734 0.40112305
vn 0.02444458 -0.91552734 0.40112305
vn 0.03918457 -0.93359375 0.3564453
vn 0.03918457 -0.93359375 0.3564453
vn 0.03918457 -0.93359375 0.3564453
vn 0.020431519 -0.9267578 0.37548828
vn 0.020431519 -0.9267578 0.37548828
vn 0.020431519 -0.9267578 0.37548828
vn 0.06945801 -0.9326172 0.3544922
vn 0.06945801 -0.9326172 0.3544922
vn 0.06945801 -0.9326172 0.3544922
vn 0.059417725 -0.93115234 0.36035156
vn 0.059417725 -0.93115234 0.36035156
vn 0.059417725 -0.93115234 0.36035156
vn 0.124816895 -0.91259766 0.3894043
vn 0.124816895 -0.91259766 0.3894043
vn 0.124816895 -0.91259766 0.3894043
vn 0.13049316 -0.9135742 0.38549805
vn 0.13049316 -0.9135742 0.38549805
vn 0.13049316 -0.9135742 0.38549805
vn 0.2709961 -0.8310547 0.48608398
vn 0.2709961 -0.8310547 0.48608398
vn 0.2709961 -0.8310547 0.48608398
vn 0.2709961 -0.8310547 0.48608398
vn 0.2709961 -0.8310547 0.48608398
vn 0.2709961 -0.8310547 0.48608398
vn 0.34057617 -0.7783203 0.52783203
vn 0.34057617 -0.7783203 0.52783203
vn 0.34057617 -0.7783203 0.52783203
vn 0.34057617 -0.7783203 0.52783203
vn 0.34057617 -0.7783203 0.52783203
vn 0.34057617 -0.7783203 0.52783203
vn 0.41064453 -0.71972656 0.5600586
vn 0.41064453 -0.71972656 0.5600586
vn 0.41064453 -0.71972656 0.5600586
vn 0.40551758 -0.7192383 0.56396484
vn 0.40551758 -0.7192383 0.56396484
vn 0.40551758 -0.7192383 0.56396484
vn 0.44262695 -0.67041016 0.59521484
vn 0.44262695 -0.67041016 0.59521484
vn 0.44262695 -0.67041016 0.59521484
vn 0.45288086 -0.66552734 0.5932617
vn 0.45288086 -0.66552734 0.5932617
vn 0.45288086 -0.66552734 0.5932617
vn 0.4345703 -0.6533203 0.6201172
vn 0.4345703 -0.6533203 0.6201172
vn 0.4345703 -0.6533203 0.6201172
vn 0.4555664 -0.63623047 0.6225586
vn 0.4555664 -0.63623047 0.6225586
vn 0.4555664 -0.63623047 0.6225586
vn 0.41625977 -0.66259766 0.6225586
vn 0.41625977 -0.66259766 0.6225586
vn 0.41625977 -0.66259766 0.6225586
vn 0.43408203 -0.6381836 0.6357422
vn 0.43408203 -0.6381836 0.6357422
vn 0.43408203 -0.6381836 0.6357422
vn 0.41992188 -0.6845703 0.5961914
vn 0.41992188 -0.6845703 0.5961914
vn 0.41992188 -0.6845703 0.5961914
vn 0.42333984 -0.67285156 0.6064453
vn 0.42333984 -0.67285156 0.6064453
vn 0.42333984 -0.67285156 0.6064453
vn 0.45336914 -0.68847656 0.56591797
vn 0.45336914 -0.68847656 0.56591797
vn 0.45336914 -0.68847656 0.56591797
vn 0.4555664 -0.6977539 0.55322266
vn 0.4555664 -0.6977539 0.55322266
vn 0.4555664 -0.6977539 0.55322266
vn 0.48291016 -0.671875 0.5620117
vn 0.48291016 -0.671875 0.5620117
vn 0.48291016 -0.671875 0.5620117
vn 0.4970703 -0.68359375 0.5341797
vn 0.4970703 -0.68359375 0.5341797
vn 0.4970703 -0.68359375 0.5341797
vn 0.4807129 -0.66064453 0.5761719
vn 0.4807129 -0.66064453 0.5761719
vn 0.4807129 -0.66064453 0.5761719
vn 0.49853516 -0.66503906 0.55566406
vn 0.49853516 -0.66503906 0.55566406
vn 0.49853516 -0.66503906 0.55566406
vn 0.45385742 -0.6723633 0.58447266
vn 0.45385742 -0.6723633 0.58447266
vn 0.45385742 -0.6723633 0.58447266
vn 0.4633789 -0.6723633 0.5776367
vn 0.4633789 -0.6723633 0.5776367
vn 0.4633789 -0.6723633 0.5776367
vn 0.40673828 -0.7182617 0.5644531
vn 0.40673828 -0.7182617 0.5644531
vn 0.40673828 -0.7182617 0.5644531
vn 0.4013672 -0.71777344 0.56884766
vn 0.4013672 -0.71777344 0.56884766
vn 0.4013672 -0.71777344 0.56884766
vn 0.2709961 -0.8310547 0.48608398
vn 0.2709961 -0.8310547 0.48608398
vn 0.2709961 -0.8310547 0.48608398
vn 0.2709961 -0.8310547 0.48608398
vn 0.2709961 -0.8310547 0.48608398
vn 0.2709961 -0.8310547 0.48608398
vn 0.19885254 -0.87597656 0.43969727
vn 0.19885254 -0.87597656 0.43969727
vn 0.19885254 -0.87597656 0.43969727
vn 0.19885254 -0.87597656 0.43969727
vn 0.19885254 -0.87597656 0.43969727
vn 0.19885254 -0.87597656 0.43969727
vn 0.12097168 -0.9111328 0.39404297
vn 0.12097168 -0.9111328 0.39404297
vn 0.12097168 -0.9111328 0.39404297
vn 0.12646484 -0.9121094 0.39038086
vn 0.12646484 -0.9121094 0.39038086
vn 0.12646484 -0.9121094 0.39038086
vn 0.08105469 -0.9355469 0.34399414
vn 0.08105469 -0.9355469 0.34399414
vn 0.08105469 -0.9355469 0.34399414
vn 0.06945801 -0.93652344 0.34375
vn 0.06945801 -0.93652344 0.34375
vn 0.06945801 -0.93652344 0.34375
vn 0.08666992 -0.9448242 0.31518555
vn 0.08666992 -0.9448242 0.31518555
vn 0.08666992 -0.9448242 0.31518555
vn 0.061584473 -0.9501953 0.30566406
vn 0.061584473 -0.9501953 0.30566406
vn 0.061584473 -0.9501953 0.30566406
vn 0.10699463 -0.9423828 0.31640625
vn 0.10699463 -0.9423828 0.31640625
vn 0.10699463 -0.9423828 0.31640625
vn 0.084350586 -0.95166016 0.29467773
vn 0.084350586 -0.95166016 0.29467773
vn 0.084350586 -0.95166016 0.29467773
vn -0.09863281 -0.93310547 0.34545898
vn -0.09863281 -0.93310547 0.34545898
vn -0.09863281 -0.93310547 0.34545898
vn -0.11383057 -0.93310547 0.34057617
vn -0.11383057 -0.93310547 0.34057617
vn -0.11383057 -0.93310547 0.34057617
vn -0.08673096 -0.9448242 0.31567383
vn -0.08673096 -0.9448242 0.31567383
vn -0.08673096 -0.9448242 0.31567383
vn -0.112854004 -0.94873047 0.2956543
vn -0.112854004 -0.94873047 0.2956543
vn -0.112854004 -0.94873047 0.2956543
vn -0.06915283 -0.9448242 0.32055664
vn -0.06915283 -0.9448242 0.32055664
vn -0.06915283 -0.9448242 0.32055664
vn -0.08477783 -0.9506836 0.29858398
vn -0.08477783 -0.9506836 0.29858398
vn -0.08477783 -0.9506836 0.29858398
vn -0.07434082 -0.9345703 0.3486328
vn -0.07434082 -0.9345703 0.3486328
vn -0.07434082 -0.9345703 0.3486328
vn -0.07800293 -0.9379883 0.33813477
vn -0.07800293 -0.9379883 0.33813477
vn -0.07800293 -0.9379883 0.33813477
vn -0.124816895 -0.91259766 0.3894043
vn -0.124816895 -0.91259766 0.3894043
vn -0.124816895 -0.91259766 0.3894043
vn -0.12231445 -0.91015625 0.39526367
vn -0.12231445 -0.91015625 0.39526367
vn -0.12231445 -0.91015625 0.39526367
vn -0.19885254 -0.87597656 0.43969727
vn -0.19885254 -0.87597656 0.43969727
vn -0.19885254 -0.87597656 0.43969727
vn -0.19885254 -0.87597656 0.43969727
vn -0.19885254 -0.87597656 0.43969727
vn -0.19885254 -0.87597656 0.43969727
vn -0.2709961 -0.8310547 0.48608398
vn -0.2709961 -0.8310547 0.48608398
vn -0.2709961 -0.8310547 0.48608398
vn -0.2709961 -0.8310547 0.48608398
vn -0.2709961 -0.8310547 0.48608398
vn -0.2709961 -0.8310547 0.48608398
vn -0.4572754 -0.67578125 0.578125
vn -0.4572754 -0.67578125 0.578125
vn -0.4572754 -0.67578125 0.578125
vn -0.45898438 -0.66796875 0.5859375
vn -0.45898438 -0.66796875 0.5859375
vn -0.45898438 -0.66796875 0.5859375
vn -0.42700195 -0.67871094 0.59765625
vn -0.42700195 -0.67871094 0.59765625
vn -0.42700195 -0.67871094 0.59765625
vn -0.41259766 -0.6816406 0.6040039
vn -0.41259766 -0.6816406 0.6040039
vn -0.41259766 -0.6816406 0.6040039
vn -0.4345703 -0.6538086 0.6196289
vn -0.4345703 -0.6538086 0.6196289
vn -0.4345703 -0.6538086 0.6196289
vn -0.4086914 -0.6508789 0.6401367
vn -0.4086914 -0.6508789 0.6401367
vn -0.4086914 -0.6508789 0.6401367
vn -0.4506836 -0.64990234 0.6123047
vn -0.4506836 -0.64990234 0.6123047
vn -0.4506836 -0.64990234 0.6123047
vn -0.43432617 -0.6411133 0.6328125
vn -0.43432617 -0.6411133 0.6328125
vn -0.43432617 -0.6411133 0.6328125
vn -0.4489746 -0.67089844 0.59033203
vn -0.4489746 -0.67089844 0.59033203
vn -0.4489746 -0.67089844 0.59033203
vn -0.44458008 -0.66503906 0.5996094
vn -0.44458008 -0.66503906 0.5996094
vn -0.44458008 -0.66503906 0.5996094
vn -0.40673828 -0.7182617 0.5644531
vn -0.40673828 -0.7182617 0.5644531
vn -0.40673828 -0.7182617 0.5644531
vn -0.40966797 -0.7207031 0.55908203
vn -0.40966797 -0.7207031 0.55908203
vn -0.40966797 -0.7207031 0.55908203
vn -0.34057617 -0.7783203 0.52783203
vn -0.34057617 -0.7783203 0.52783203
vn -0.34057617 -0.7783203 0.52783203
vn -0.34057617 -0.7783203 0.52783203
vn -0.34057617 -0.7783203 0.52783203
vn -0.34057617 -0.7783203 0.52783203
vn -0.2709961 -0.8310547 0.48608398
vn -0.2709961 -0.8310547 0.48608398
vn -0.2709961 -0.8310547 0.48608398
vn -0.2709961 -0.8310547 0.48608398
vn -0.2709961 -0.8310547 0.48608398
vn -0.2709961 -0.8310547 0.48608398
vn -0.06640625 -0.9301758 0.36157227
vn -0.06640625 -0.9301758 0.36157227
vn -0.06640625 -0.9301758 0.36157227
vn -0.06323242 -0.93408203 0.35131836
vn -0.06323242 -0.93408203 0.35131836
vn -0.06323242 -0.93408203 0.35131836
vn 0.10681152 0.98095703 0.16320801
vn 0.10681152 0.98095703 0.16320801
vn 0.10681152 0.98095703 0.16320801
vn 0.1015625 0.9785156 0.17810059
vn 0.1015625 0.9785156 0.17810059
vn 0.1015625 0.9785156 0.17810059
vn 0.072143555 0.98828125 0.13513184
vn 0.072143555 0.98828125 0.13513184
vn 0.072143555 0.98828125 0.13513184
vn 0.07098389 0.9902344 0.119384766
vn 0.07098389 0.9902344 0.119384766
vn 0.07098389 0.9902344 0.119384766
vn 0.02444458 0.99365234 0.11035156
vn 0.02444458 0.99365234 0.11035156
vn 0.02444458 0.99365234 0.11035156
vn 0.06939697 0.9848633 0.15930176
vn 0.06939697 0.9848633 0.15930176
vn 0.06939697 0.9848633 0.15930176
vn 0.124816895 0.9848633 0.119140625
vn 0.124816895 0.9848633 0.119140625
vn 0.124816895 0.9848633 0.119140625
vn 0.13049316 0.9838867 0.122802734
vn 0.13049316 0.9838867 0.122802734
vn 0.13049316 0.9838867 0.122802734
vn 0.19885254 0.9785156 0.05706787
vn 0.19885254 0.9785156 0.05706787
vn 0.19885254 0.9785156 0.05706787
vn 0.19885254 0.9785156 0.05706787
vn 0.19885254 0.9785156 0.05706787
vn 0.19885254 0.9785156 0.05706787
vn 0.2709961 0.96240234 -0.005519867
vn 0.2709961 0.96240234 -0.005519867
vn 0.2709961 0.96240234 -0.005519867
vn 0.2709961 0.96240234 -0.005519867
vn 0.2709961 0.96240234 -0.005519867
vn 0.2709961 0.96240234 -0.005519867
vn 0.41064453 0.9033203 -0.12524414
vn 0.41064453 0.9033203 -0.12524414
vn 0.41064453 0.9033203 -0.12524414
vn 0.40551758 0.90478516 -0.12866211
vn 0.40551758 0.90478516 -0.12866211
vn 0.40551758 0.90478516 -0.12866211
vn 0.4345703 0.87597656 -0.21008301
vn 0.4345703 0.87597656 -0.21008301
vn 0.4345703 0.87597656 -0.21008301
vn 0.4555664 0.8623047 -0.22094727
vn 0.4555664 0.8623047 -0.22094727
vn 0.4555664 0.8623047 -0.22094727
vn 0.41625977 0.8852539 -0.20800781
vn 0.41625977 0.8852539 -0.20800781
vn 0.41625977 0.8852539 -0.20800781
vn 0.43408203 0.87060547 -0.23144531
vn 0.43408203 0.87060547 -0.23144531
vn 0.43408203 0.87060547 -0.23144531
vn 0.41992188 0.890625 -0.1739502
vn 0.41992188 0.890625 -0.1739502
vn 0.41992188 0.890625 -0.1739502
vn 0.42333984 0.88623047 -0.1887207
vn 0.42333984 0.88623047 -0.1887207
vn 0.42333984 0.88623047 -0.1887207
vn 0.45336914 0.87939453 -0.14587402
vn 0.45336914 0.87939453 -0.14587402
vn 0.45336914 0.87939453 -0.14587402
vn 0.4555664 0.8808594 -0.13012695
vn 0.4555664 0.8808594 -0.13012695
vn 0.4555664 0.8808594 -0.13012695
vn 0.4970703 0.859375 -0.12097168
vn 0.4970703 0.859375 -0.12097168
vn 0.4970703 0.859375 -0.12097168
vn 0.45385742 0.8745117 -0.16992188
vn 0.45385742 0.8745117 -0.16992188
vn 0.45385742 0.8745117 -0.16992188
vn 0.40673828 0.9042969 -0.13000488
vn 0.40673828 0.9042969 -0.13000488
vn 0.40673828 0.9042969 -0.13000488
vn 0.4013672 0.90625 -0.13366699
vn 0.4013672 0.90625 -0.13366699
vn 0.4013672 0.90625 -0.13366699
vn 0.34057617 0.9379883 -0.0680542
vn 0.34057617 0.9379883 -0.0680542
vn 0.34057617 0.9379883 -0.0680542
vn 0.34057617 0.9379883 -0.0680542
vn 0.34057617 0.9379883 -0.0680542
vn 0.34057617 0.9379883 -0.0680542
vn 0.2709961 0.96240234 -0.005519867
vn 0.2709961 0.96240234 -0.005519867
vn 0.2709961 0.96240234 -0.005519867
vn 0.2709961 0.96240234 -0.005519867
vn 0.2709961 0.96240234 -0.005519867
vn 0.2709961 0.96240234 -0.005519867
vn 0.12097168 0.98583984 0.11437988
vn 0.12097168 0.98583984 0.11437988
vn 0.12097168 0.98583984 0.11437988
vn 0.12646484 0.9848633 0.11779785
vn 0.12646484 0.9848633 0.11779785
vn 0.12646484 0.9848633 0.11779785
vn 0.08666992 0.9760742 0.19946289
vn 0.08666992 0.9760742 0.19946289
vn 0.08666992 0.9760742 0.19946289
vn 0.061584473 0.97558594 0.21044922
vn 0.061584473 0.97558594 0.21044922
vn 0.061584473 0.97558594 0.21044922
vn 0.10699463 0.9746094 0.1973877
vn 0.10699463 0.9746094 0.1973877
vn 0.10699463 0.9746094 0.1973877
vn 0.084350586 0.9716797 0.2208252
vn 0.084350586 0.9716797 0.2208252
vn 0.084350586 0.9716797 0.2208252
vn -0.09863281 0.98095703 0.16748047
vn -0.09863281 0.98095703 0.16748047
vn -0.09863281 0.98095703 0.16748047
vn -0.11383057 0.9785156 0.17175293
vn -0.11383057 0.9785156 0.17175293
vn -0.11383057 0.9785156 0.17175293
vn -0.08673096 0.9760742 0.19909668
vn -0.08673096 0.9760742 0.19909668
vn -0.08673096 0.9760742 0.19909668
vn -0.112854004 0.9692383 0.21826172
vn -0.112854004 0.9692383 0.21826172
vn -0.112854004 0.9692383 0.21826172
vn -0.08477783 0.97265625 0.21679688
vn -0.08477783 0.97265625 0.21679688
vn -0.08477783 0.97265625 0.21679688
vn -0.07434082 0.98339844 0.1652832
vn -0.07434082 0.98339844 0.1652832
vn -0.07434082 0.98339844 0.1652832
vn -0.124816895 0.9848633 0.119140625
vn -0.124816895 0.9848633 0.119140625
vn -0.124816895 0.9848633 0.119140625
vn -0.12231445 0.98583984 0.112854004
vn -0.12231445 0.98583984 0.112854004
vn -0.12231445 0.98583984 0.112854004
vn -0.34057617 0.9379883 -0.0680542
vn -0.34057617 0.9379883 -0.0680542
vn -0.34057617 0.9379883 -0.0680542
vn -0.34057617 0.9379883 -0.0680542
vn -0.34057617 0.9379883 -0.0680542
vn -0.34057617 0.9379883 -0.0680542
vn -0.40283203 0.90527344 -0.13464355
vn -0.40283203 0.90527344 -0.13464355
vn -0.40283203 0.90527344 -0.13464355
vn -0.40551758 0.90478516 -0.12866211
vn -0.40551758 0.90478516 -0.12866211
vn -0.40551758 0.90478516 -0.12866211
vn -0.45898438 0.87109375 -0.17358398
vn -0.45898438 0.87109375 -0.17358398
vn -0.45898438 0.87109375 -0.17358398
vn -0.47924805 0.8676758 -0.13134766
vn -0.47924805 0.8676758 -0.13134766
vn -0.47924805 0.8676758 -0.13134766
vn -0.44873047 0.8828125 -0.13867188
vn -0.44873047 0.8828125 -0.13867188
vn -0.44873047 0.8828125 -0.13867188
vn -0.46264648 0.8754883 -0.14074707
vn -0.46264648 0.8754883 -0.14074707
vn -0.46264648 0.8754883 -0.14074707
vn -0.42700195 0.88671875 -0.17822266
vn -0.42700195 0.88671875 -0.17822266
vn -0.42700195 0.88671875 -0.17822266
vn -0.4128418 0.8925781 -0.18249512
vn -0.4128418 0.8925781 -0.18249512
vn -0.4128418 0.8925781 -0.18249512
vn -0.4345703 0.87597656 -0.2097168
vn -0.4345703 0.87597656 -0.2097168
vn -0.4345703 0.87597656 -0.2097168
vn -0.4086914 0.8833008 -0.22888184
vn -0.4086914 0.8833008 -0.22888184
vn -0.4086914 0.8833008 -0.22888184
vn -0.43432617 0.87158203 -0.22729492
vn -0.43432617 0.87158203 -0.22729492
vn -0.43432617 0.87158203 -0.22729492
vn -0.4489746 0.87597656 -0.17590332
vn -0.4489746 0.87597656 -0.17590332
vn -0.4489746 0.87597656 -0.17590332
vn -0.40673828 0.9042969 -0.13000488
vn -0.40673828 0.9042969 -0.13000488
vn -0.40673828 0.9042969 -0.13000488
vn -0.40966797 0.9038086 -0.12365723
vn -0.40966797 0.9038086 -0.12365723
vn -0.40966797 0.9038086 -0.12365723
vn -0.12878418 0.9838867 0.12384033
vn -0.12878418 0.9838867 0.12384033
vn -0.12878418 0.9838867 0.12384033
vn -0.12646484 0.9848633 0.11779785
vn -0.12646484 0.9848633 0.11779785
vn -0.12646484 0.9848633 0.11779785
vn -0.06329346 0.984375 0.16296387
vn -0.06329346 0.984375 0.16296387
vn -0.06329346 0.984375 0.16296387
vn -0.044189453 0.9916992 0.120666504
vn -0.044189453 0.9916992 0.120666504
vn -0.044189453 0.9916992 0.120666504
vn -0.07800293 0.98876953 0.12805176
vn -0.07800293 0.98876953 0.12805176
vn -0.07800293 0.98876953 0.12805176
vn -0.06225586 0.9897461 0.13000488
vn -0.06225586 0.9897461 0.13000488
vn -0.06225586 0.9897461 0.13000488
vn 0.10681152 0.93115234 -0.3491211
vn 0.10681152 0.93115234 -0.3491211
vn 0.10681152 0.93115234 -0.3491211
vn 0.1015625 0.93652344 -0.33520508
vn 0.1015625 0.93652344 -0.33520508
vn 0.1015625 0.93652344 -0.33520508
vn 0.072143555 0.92333984 -0.37695312
vn 0.072143555 0.92333984 -0.37695312
vn 0.072143555 0.92333984 -0.37695312
vn 0.07098389 0.91748047 -0.3918457
vn 0.07098389 0.91748047 -0.3918457
vn 0.07098389 0.91748047 -0.3918457
vn 0.02444458 0.91552734 -0.40112305
vn 0.02444458 0.91552734 -0.40112305
vn 0.02444458 0.91552734 -0.40112305
vn 0.03918457 0.93359375 -0.3564453
vn 0.03918457 0.93359375 -0.3564453
vn 0.03918457 0.93359375 -0.3564453
vn 0.06939697 0.9326172 -0.3544922
vn 0.06939697 0.9326172 -0.3544922
vn 0.06939697 0.9326172 -0.3544922
vn 0.059417725 0.93115234 -0.36035156
vn 0.059417725 0.93115234 -0.36035156
vn 0.059417725 0.93115234 -0.36035156
vn 0.124816895 0.91259766 -0.3894043
vn 0.124816895 0.91259766 -0.3894043
vn 0.124816895 0.91259766 -0.3894043
vn 0.13049316 0.9135742 -0.38549805
vn 0.13049316 0.9135742 -0.38549805
vn 0.13049316 0.9135742 -0.38549805
vn 0.19885254 0.87597656 -0.43969727
vn 0.19885254 0.87597656 -0.43969727
vn 0.19885254 0.87597656 -0.43969727
vn 0.19885254 0.87597656 -0.43969727
vn 0.19885254 0.87597656 -0.43969727
vn 0.19885254 0.87597656 -0.43969727
vn 0.41064453 0.71972656 -0.5600586
vn 0.41064453 0.71972656 -0.5600586
vn 0.41064453 0.71972656 -0.5600586
vn 0.40551758 0.7192383 -0.56396484
vn 0.40551758 0.7192383 -0.56396484
vn 0.40551758 0.7192383 -0.56396484
vn 0.44262695 0.67041016 -0.59521484
vn 0.44262695 0.67041016 -0.59521484
vn 0.44262695 0.67041016 -0.59521484
vn 0.45288086 0.66552734 -0.5932617
vn 0.45288086 0.66552734 -0.5932617
vn 0.45288086 0.66552734 -0.5932617
vn 0.4345703 0.6533203 -0.6201172
vn 0.4345703 0.6533203 -0.6201172
vn 0.4345703 0.6533203 -0.6201172
vn 0.4555664 0.63623047 -0.6225586
vn 0.4555664 0.63623047 -0.6225586
vn 0.4555664 0.63623047 -0.6225586
vn 0.41625977 0.66259766 -0.6225586
vn 0.41625977 0.66259766 -0.6225586
vn 0.41625977 0.66259766 -0.6225586
vn 0.43408203 0.6381836 -0.6357422
vn 0.43408203 0.6381836 -0.6357422
vn 0.43408203 0.6381836 -0.6357422
vn 0.41992188 0.6845703 -0.5961914
vn 0.41992188 0.6845703 -0.5961914
vn 0.41992188 0.6845703 -0.5961914
vn 0.42333984 0.67285156 -0.6064453
vn 0.42333984 0.67285156 -0.6064453
vn 0.42333984 0.67285156 -0.6064453
vn 0.45336914 0.68847656 -0.56591797
vn 0.45336914 0.68847656 -0.56591797
vn 0.45336914 0.68847656 -0.56591797
vn 0.4555664 0.6977539 -0.55322266
vn 0.4555664 0.6977539 -0.55322266
vn 0.4555664 0.6977539 -0.55322266
vn 0.4970703 0.68359375 -0.5341797
vn 0.4970703 0.68359375 -0.5341797
vn 0.4970703 0.68359375 -0.5341797
vn 0.4807129 0.66064453 -0.5761719
vn 0.4807129 0.66064453 -0.5761719
vn 0.4807129 0.66064453 -0.5761719
vn 0.45385742 0.6723633 -0.58447266
vn 0.45385742 0.6723633 -0.58447266
vn 0.45385742 0.6723633 -0.58447266
vn 0.4633789 0.6723633 -0.5776367
vn 0.4633789 0.6723633 -0.5776367
vn 0.4633789 0.6723633 -0.5776367
vn 0.40673828 0.7182617 -0.5644531
vn 0.40673828 0.7182617 -0.5644531
vn 0.40673828 0.7182617 -0.5644531
vn 0.4013672 0.71777344 -0.56884766
vn 0.4013672 0.71777344 -0.56884766
vn 0.4013672 0.71777344 -0.56884766
vn 0.34057617 0.7783203 -0.52783203
vn 0.34057617 0.7783203 -0.52783203
vn 0.34057617 0.7783203 -0.52783203
vn 0.34057617 0.7783203 -0.52783203
vn 0.34057617 0.7783203 -0.52783203
vn 0.34057617 0.7783203 -0.52783203
vn 0.12097168 0.9111328 -0.39404297
vn 0.12097168 0.9111328 -0.39404297
vn 0.12097168 0.9111328 -0.39404297
vn 0.12646484 0.9121094 -0.39038086
vn 0.12646484 0.9121094 -0.39038086
vn 0.12646484 0.9121094 -0.39038086
vn 0.08105469 0.9355469 -0.34399414
vn 0.08105469 0.9355469 -0.34399414
vn 0.08105469 0.9355469 -0.34399414
vn 0.06951904 0.93652344 -0.34375
vn 0.06951904 0.93652344 -0.34375
vn 0.06951904 0.93652344 -0.34375
vn 0.08666992 0.9448242 -0.31518555
vn 0.08666992 0.9448242 -0.31518555
vn 0.08666992 0.9448242 -0.31518555
vn 0.061584473 0.9501953 -0.30566406
vn 0.061584473 0.9501953 -0.30566406
vn 0.061584473 0.9501953 -0.30566406
vn 0.10699463 0.9423828 -0.31640625
vn 0.10699463 0.9423828 -0.31640625
vn 0.10699463 0.9423828 -0.31640625
vn 0.084350586 0.95166016 -0.29467773
vn 0.084350586 0.95166016 -0.29467773
vn 0.084350586 0.95166016 -0.29467773
vn -0.09863281 0.93310547 -0.34545898
vn -0.09863281 0.93310547 -0.34545898
vn -0.09863281 0.93310547 -0.34545898
vn -0.11383057 0.93310547 -0.34057617
vn -0.11383057 0.93310547 -0.34057617
vn -0.11383057 0.93310547 -0.34057617
vn -0.08673096 0.9448242 -0.31567383
vn -0.08673096 0.9448242 -0.31567383
vn -0.08673096 0.9448242 -0.31567383
vn -0.112854004 0.94873047 -0.2956543
vn -0.112854004 0.94873047 -0.2956543
vn -0.112854004 0.94873047 -0.2956543
vn -0.06915283 0.9448242 -0.32055664
vn -0.06915283 0.9448242 -0.32055664
vn -0.06915283 0.9448242 -0.32055664
vn -0.08477783 0.9506836 -0.29858398
vn -0.08477783 0.9506836 -0.29858398
vn -0.08477783 0.9506836 -0.29858398
vn -0.07434082 0.9345703 -0.3486328
vn -0.07434082 0.9345703 -0.3486328
vn -0.07434082 0.9345703 -0.3486328
vn -0.07800293 0.9379883 -0.33813477
vn -0.07800293 0.9379883 -0.33813477
vn -0.07800293 0.9379883 -0.33813477
vn -0.124816895 0.91259766 -0.3894043
vn -0.124816895 0.91259766 -0.3894043
vn -0.124816895 0.91259766 -0.3894043
vn -0.12231445 0.91015625 -0.39526367
vn -0.12231445 0.91015625 -0.39526367
vn -0.12231445 0.91015625 -0.39526367
vn -0.34057617 0.7783203 -0.52783203
vn -0.34057617 0.7783203 -0.52783203
vn -0.34057617 0.7783203 -0.52783203
vn -0.34057617 0.7783203 -0.52783203
vn -0.34057617 0.7783203 -0.52783203
vn -0.34057617 0.7783203 -0.52783203
vn -0.40283203 0.7167969 -0.56933594
vn -0.40283203 0.7167969 -0.56933594
vn -0.40283203 0.7167969 -0.56933594
vn -0.40551758 0.7192383 -0.56396484
vn -0.40551758 0.7192383 -0.56396484
vn -0.40551758 0.7192383 -0.56396484
vn -0.4572754 0.67578125 -0.578125
vn -0.4572754 0.67578125 -0.578125
vn -0.4572754 0.67578125 -0.578125
vn -0.45898438 0.66796875 -0.5859375
vn -0.45898438 0.66796875 -0.5859375
vn -0.45898438 0.66796875 -0.5859375
vn -0.4831543 0.6713867 -0.56152344
vn -0.4831543 0.6713867 -0.56152344
vn -0.4831543 0.6713867 -0.56152344
vn -0.49536133 0.6508789 -0.5751953
vn -0.49536133 0.6508789 -0.5751953
vn -0.49536133 0.6508789 -0.5751953
vn -0.5024414 0.6635742 -0.5541992
vn -0.5024414 0.6635742 -0.5541992
vn -0.5024414 0.6635742 -0.5541992
vn -0.44873047 0.6953125 -0.56152344
vn -0.44873047 0.6953125 -0.56152344
vn -0.44873047 0.6953125 -0.56152344
vn -0.42700195 0.67871094 -0.59765625
vn -0.42700195 0.67871094 -0.59765625
vn -0.42700195 0.67871094 -0.59765625
vn -0.41259766 0.6816406 -0.6040039
vn -0.41259766 0.6816406 -0.6040039
vn -0.41259766 0.6816406 -0.6040039
vn -0.4345703 0.6538086 -0.6196289
vn -0.4345703 0.6538086 -0.6196289
vn -0.4345703 0.6538086 -0.6196289
vn -0.4086914 0.6508789 -0.6401367
vn -0.4086914 0.6508789 -0.6401367
vn -0.4086914 0.6508789 -0.6401367
vn -0.4506836 0.64990234 -0.6123047
vn -0.4506836 0.64990234 -0.6123047
vn -0.4506836 0.64990234 -0.6123047
vn -0.43432617 0.6411133 -0.6328125
vn -0.43432617 0.6411133 -0.6328125
vn -0.43432617 0.6411133 -0.6328125
vn -0.4489746 0.67089844 -0.59033203
vn -0.4489746 0.67089844 -0.59033203
vn -0.4489746 0.67089844 -0.59033203
vn -0.44458008 0.66503906 -0.5996094
vn -0.44458008 0.66503906 -0.5996094
vn -0.44458008 0.66503906 -0.5996094
vn -0.40673828 0.7182617 -0.5644531
vn -0.40673828 0.7182617 -0.5644531
vn -0.40673828 0.7182617 -0.5644531
vn -0.40966797 0.7207031 -0.55908203
vn -0.40966797 0.7207031 -0.55908203
vn -0.40966797 0.7207031 -0.55908203
vn -0.19885254 0.87597656 -0.43969727
vn -0.19885254 0.87597656 -0.43969727
vn -0.19885254 0.87597656 -0.43969727
vn -0.19885254 0.87597656 -0.43969727
vn -0.19885254 0.87597656 -0.43969727
vn -0.19885254 0.87597656 -0.43969727
vn -0.12878418 0.9140625 -0.38476562
vn -0.12878418 0.9140625 -0.38476562
vn -0.12878418 0.9140625 -0.38476562
vn -0.12646484 0.9121094 -0.39038086
vn -0.12646484 0.9121094 -0.39038086
vn -0.12646484 0.9121094 -0.39038086
vn -0.06640625 0.9301758 -0.36157227
vn -0.06640625 0.9301758 -0.36157227
vn -0.06640625 0.9301758 -0.36157227
vn -0.06323242 0.93408203 -0.35131836
vn -0.06323242 0.93408203 -0.35131836
vn -0.06323242 0.93408203 -0.35131836
vn -0.037994385 0.9267578 -0.37353516
vn -0.037994385 0.9267578 -0.37353516
vn -0.037994385 0.9267578 -0.37353516
vn -0.022003174 0.9355469 -0.3527832
vn -0.022003174 0.9355469 -0.3527832
vn -0.022003174 0.9355469 -0.3527832
vn -0.01625061 0.92626953 -0.37597656
vn -0.01625061 0.92626953 -0.37597656
vn -0.01625061 0.92626953 -0.37597656
vn -0.07800293 0.92041016 -0.38354492
vn -0.07800293 0.92041016 -0.38354492
vn -0.07800293 0.92041016 -0.38354492
vn 0.10681152 0.63183594 -0.7675781
vn 0.10681152 0.63183594 -0.7675781
vn 0.10681152 0.63183594 -0.7675781
vn 0.072143555 0.6113281 -0.78808594
vn 0.072143555 0.6113281 -0.78808594
vn 0.072143555 0.6113281 -0.78808594
vn 0.07098389 0.5986328 -0.79785156
vn 0.07098389 0.5986328 -0.79785156
vn 0.07098389 0.5986328 -0.79785156
vn 0.038391113 0.61621094 -0.7866211
vn 0.038391113 0.61621094 -0.7866211
vn 0.038391113 0.61621094 -0.7866211
vn 0.02444458 0.59228516 -0.8051758
vn 0.02444458 0.59228516 -0.8051758
vn 0.02444458 0.59228516 -0.8051758
vn 0.03918457 0.6303711 -0.7753906
vn 0.03918457 0.6303711 -0.7753906
vn 0.03918457 0.6303711 -0.7753906
vn 0.020431519 0.6147461 -0.7885742
vn 0.020431519 0.6147461 -0.7885742
vn 0.020431519 0.6147461 -0.7885742
vn 0.06939697 0.6303711 -0.7734375
vn 0.06939697 0.6303711 -0.7734375
vn 0.06939697 0.6303711 -0.7734375
vn 0.059417725 0.62597656 -0.77734375
vn 0.059417725 0.62597656 -0.77734375
vn 0.059417725 0.62597656 -0.77734375
vn 0.124816895 0.5957031 -0.79345703
vn 0.124816895 0.5957031 -0.79345703
vn 0.124816895 0.5957031 -0.79345703
vn 0.13049316 0.59814453 -0.79052734
vn 0.13049316 0.59814453 -0.79052734
vn 0.13049316 0.59814453 -0.79052734
vn 0.34057617 0.4099121 -0.8461914
vn 0.34057617 0.4099121 -0.8461914
vn 0.34057617 0.4099121 -0.8461914
vn 0.34057617 0.4099121 -0.8461914
vn 0.34057617 0.4099121 -0.8461914
vn 0.34057617 0.4099121 -0.8461914
vn 0.41064453 0.34301758 -0.84472656
vn 0.41064453 0.34301758 -0.84472656
vn 0.41064453 0.34301758 -0.84472656
vn 0.40551758 0.34106445 -0.84814453
vn 0.40551758 0.34106445 -0.84814453
vn 0.40551758 0.34106445 -0.84814453
vn 0.44262695 0.28295898 -0.8510742
vn 0.44262695 0.28295898 -0.8510742
vn 0.44262695 0.28295898 -0.8510742
vn 0.45288086 0.27954102 -0.8466797
vn 0.45288086 0.27954102 -0.8466797
vn 0.45288086 0.27954102 -0.8466797
vn 0.4555664 0.2397461 -0.8574219
vn 0.4555664 0.2397461 -0.8574219
vn 0.4555664 0.2397461 -0.8574219
vn 0.41992188 0.29467773 -0.85839844
vn 0.41992188 0.29467773 -0.85839844
vn 0.41992188 0.29467773 -0.85839844
vn 0.45336914 0.31323242 -0.83447266
vn 0.45336914 0.31323242 -0.83447266
vn 0.45336914 0.31323242 -0.83447266
vn 0.4555664 0.32763672 -0.8276367
vn 0.4555664 0.32763672 -0.8276367
vn 0.4555664 0.32763672 -0.8276367
vn 0.48291016 0.30078125 -0.8222656
vn 0.48291016 0.30078125 -0.8222656
vn 0.48291016 0.30078125 -0.8222656
vn 0.4970703 0.32495117 -0.8046875
vn 0.4970703 0.32495117 -0.8046875
vn 0.4970703 0.32495117 -0.8046875
vn 0.4807129 0.2841797 -0.82958984
vn 0.4807129 0.2841797 -0.82958984
vn 0.4807129 0.2841797 -0.82958984
vn 0.49853516 0.2980957 -0.81396484
vn 0.49853516 0.2980957 -0.81396484
vn 0.49853516 0.2980957 -0.81396484
vn 0.45385742 0.2902832 -0.84228516
vn 0.45385742 0.2902832 -0.84228516
vn 0.45385742 0.2902832 -0.84228516
vn 0.4633789 0.2932129 -0.8364258
vn 0.4633789 0.2932129 -0.8364258
vn 0.4633789 0.2932129 -0.8364258
vn 0.40673828 0.3395996 -0.84814453
vn 0.40673828 0.3395996 -0.84814453
vn 0.40673828 0.3395996 -0.84814453
vn 0.4013672 0.33740234 -0.8515625
vn 0.4013672 0.33740234 -0.8515625
vn 0.4013672 0.33740234 -0.8515625
vn 0.19885254 0.5385742 -0.81884766
vn 0.19885254 0.5385742 -0.81884766
vn 0.19885254 0.5385742 -0.81884766
vn 0.19885254 0.5385742 -0.81884766
vn 0.19885254 0.5385742 -0.81884766
vn 0.19885254 0.5385742 -0.81884766
vn 0.12097168 0.59228516 -0.796875
vn 0.12097168 0.59228516 -0.796875
vn 0.12097168 0.59228516 -0.796875
vn 0.12646484 0.59472656 -0.7939453
vn 0.12646484 0.59472656 -0.7939453
vn 0.12646484 0.59472656 -0.7939453
vn 0.08105469 0.6381836 -0.765625
vn 0.08105469 0.6381836 -0.765625
vn 0.08105469 0.6381836 -0.765625
vn 0.06951904 0.63916016 -0.7661133
vn 0.06951904 0.63916016 -0.7661133
vn 0.06951904 0.63916016 -0.7661133
vn 0.061584473 0.6699219 -0.7397461
vn 0.061584473 0.6699219 -0.7397461
vn 0.061584473 0.6699219 -0.7397461
vn -0.09863281 0.6357422 -0.765625
vn -0.09863281 0.6357422 -0.765625
vn -0.09863281 0.6357422 -0.765625
vn -0.11383057 0.6381836 -0.76171875
vn -0.11383057 0.6381836 -0.76171875
vn -0.11383057 0.6381836 -0.76171875
vn -0.112854004 0.6738281 -0.73046875
vn -0.112854004 0.6738281 -0.73046875
vn -0.112854004 0.6738281 -0.73046875
vn -0.06915283 0.65771484 -0.75
vn -0.06915283 0.65771484 -0.75
vn -0.06915283 0.65771484 -0.75
vn -0.07434082 0.6347656 -0.76904297
vn -0.07434082 0.6347656 -0.76904297
vn -0.07434082 0.6347656 -0.76904297
vn -0.07800293 0.6430664 -0.76171875
vn -0.07800293 0.6430664 -0.76171875
vn -0.07800293 0.6430664 -0.76171875
vn -0.124816895 0.5957031 -0.79345703
vn -0.124816895 0.5957031 -0.79345703
vn -0.124816895 0.5957031 -0.79345703
vn -0.12231445 0.5908203 -0.7973633
vn -0.12231445 0.5908203 -0.7973633
vn -0.12231445 0.5908203 -0.7973633
vn -0.19885254 0.5385742 -0.81884766
vn -0.19885254 0.5385742 -0.81884766
vn -0.19885254 0.5385742 -0.81884766
vn -0.19885254 0.5385742 -0.81884766
vn -0.19885254 0.5385742 -0.81884766
vn -0.19885254 0.5385742 -0.81884766
vn -0.40283203 0.3359375 -0.8515625
vn -0.40283203 0.3359375 -0.8515625
vn -0.40283203 0.3359375 -0.8515625
vn -0.40551758 0.34106445 -0.84814453
vn -0.40551758 0.34106445 -0.84814453
vn -0.40551758 0.34106445 -0.84814453
vn -0.4572754 0.29638672 -0.8383789
vn -0.4572754 0.29638672 -0.8383789
vn -0.4572754 0.29638672 -0.8383789
vn -0.45898438 0.2854004 -0.8413086
vn -0.45898438 0.2854004 -0.8413086
vn -0.45898438 0.2854004 -0.8413086
vn -0.4831543 0.30078125 -0.8222656
vn -0.4831543 0.30078125 -0.8222656
vn -0.4831543 0.30078125 -0.8222656
vn -0.49536133 0.27612305 -0.82373047
vn -0.49536133 0.27612305 -0.82373047
vn -0.49536133 0.27612305 -0.82373047
vn -0.47924805 0.32006836 -0.8173828
vn -0.47924805 0.32006836 -0.8173828
vn -0.47924805 0.32006836 -0.8173828
vn -0.5024414 0.29760742 -0.8120117
vn -0.5024414 0.29760742 -0.8120117
vn -0.5024414 0.29760742 -0.8120117
vn -0.44873047 0.32128906 -0.8339844
vn -0.44873047 0.32128906 -0.8339844
vn -0.44873047 0.32128906 -0.8339844
vn -0.46264648 0.31567383 -0.8286133
vn -0.46264648 0.31567383 -0.8286133
vn -0.46264648 0.31567383 -0.8286133
vn -0.42700195 0.2890625 -0.8569336
vn -0.42700195 0.2890625 -0.8569336
vn -0.42700195 0.2890625 -0.8569336
vn -0.41259766 0.28808594 -0.8642578
vn -0.41259766 0.28808594 -0.8642578
vn -0.41259766 0.28808594 -0.8642578
vn -0.4086914 0.24353027 -0.87939453
vn -0.4086914 0.24353027 -0.87939453
vn -0.4086914 0.24353027 -0.87939453
vn -0.4506836 0.2565918 -0.85498047
vn -0.4506836 0.2565918 -0.85498047
vn -0.4506836 0.2565918 -0.85498047
vn -0.4489746 0.28564453 -0.8466797
vn -0.4489746 0.28564453 -0.8466797
vn -0.4489746 0.28564453 -0.8466797
vn -0.44458008 0.27612305 -0.8520508
vn -0.44458008 0.27612305 -0.8520508
vn -0.44458008 0.27612305 -0.8520508
vn -0.40673828 0.3395996 -0.84814453
vn -0.40673828 0.3395996 -0.84814453
vn -0.40673828 0.3395996 -0.84814453
vn -0.40966797 0.34472656 -0.84472656
vn -0.40966797 0.34472656 -0.84472656
vn -0.40966797 0.34472656 -0.84472656
vn -0.34057617 0.4099121 -0.8461914
vn -0.34057617 0.4099121 -0.8461914
vn -0.34057617 0.4099121 -0.8461914
vn -0.34057617 0.4099121 -0.8461914
vn -0.34057617 0.4099121 -0.8461914
vn -0.34057617 0.4099121 -0.8461914
vn -0.12878418 0.5991211 -0.79003906
vn -0.12878418 0.5991211 -0.79003906
vn -0.12878418 0.5991211 -0.79003906
vn -0.12646484 0.59472656 -0.7939453
vn -0.12646484 0.59472656 -0.7939453
vn -0.12646484 0.59472656 -0.7939453
vn -0.06640625 0.6245117 -0.7783203
vn -0.06640625 0.6245117 -0.7783203
vn -0.06640625 0.6245117 -0.7783203
vn -0.06323242 0.6333008 -0.7714844
vn -0.06323242 0.6333008 -0.7714844
vn -0.06323242 0.6333008 -0.7714844
vn -0.037994385 0.61621094 -0.7866211
vn -0.037994385 0.61621094 -0.7866211
vn -0.037994385 0.61621094 -0.7866211
vn -0.022003174 0.63378906 -0.7734375
vn -0.022003174 0.63378906 -0.7734375
vn -0.022003174 0.63378906 -0.7734375
vn -0.044189453 0.60058594 -0.79833984
vn -0.044189453 0.60058594 -0.79833984
vn -0.044189453 0.60058594 -0.79833984
vn -0.01625061 0.6142578 -0.7885742
vn -0.01625061 0.6142578 -0.7885742
vn -0.01625061 0.6142578 -0.7885742
vn -0.07800293 0.60498047 -0.79248047
vn -0.07800293 0.60498047 -0.79248047
vn -0.07800293 0.60498047 -0.79248047
vn -0.06225586 0.6074219 -0.7919922
vn -0.06225586 0.6074219 -0.7919922
vn -0.06225586 0.6074219 -0.7919922
vn 0.10681152 0.16320801 -0.98095703
vn 0.10681152 0.16320801 -0.98095703
vn 0.10681152 0.16320801 -0.98095703
vn 0.1015625 0.17810059 -0.9785156
vn 0.1015625 0.17810059 -0.9785156
vn 0.1015625 0.17810059 -0.9785156
vn 0.072143555 0.13513184 -0.98828125
vn 0.072143555 0.13513184 -0.98828125
vn 0.072143555 0.13513184 -0.98828125
vn 0.07098389 0.119384766 -0.9902344
vn 0.07098389 0.119384766 -0.9902344
vn 0.07098389 0.119384766 -0.9902344
vn 0.02444458 0.11035156 -0.99365234
vn 0.02444458 0.11035156 -0.99365234
vn 0.02444458 0.11035156 -0.99365234
vn 0.03918457 0.15820312 -0.9868164
vn 0.03918457 0.15820312 -0.9868164
vn 0.03918457 0.15820312 -0.9868164
vn 0.06939697 0.15930176 -0.9848633
vn 0.06939697 0.15930176 -0.9848633
vn 0.06939697 0.15930176 -0.9848633
vn 0.059417725 0.15344238 -0.9863281
vn 0.059417725 0.15344238 -0.9863281
vn 0.059417725 0.15344238 -0.9863281
vn 0.124816895 0.119140625 -0.9848633
vn 0.124816895 0.119140625 -0.9848633
vn 0.124816895 0.119140625 -0.9848633
vn 0.13049316 0.122802734 -0.9838867
vn 0.13049316 0.122802734 -0.9838867
vn 0.13049316 0.122802734 -0.9838867
vn 0.34057617 -0.0680542 -0.9379883
vn 0.34057617 -0.0680542 -0.9379883
vn 0.34057617 -0.0680542 -0.9379883
vn 0.34057617 -0.0680542 -0.9379883
vn 0.34057617 -0.0680542 -0.9379883
vn 0.34057617 -0.0680542 -0.9379883
vn 0.41064453 -0.12524414 -0.9033203
vn 0.41064453 -0.12524414 -0.9033203
vn 0.41064453 -0.12524414 -0.9033203
vn 0.40551758 -0.12866211 -0.90478516
vn 0.40551758 -0.12866211 -0.90478516
vn 0.40551758 -0.12866211 -0.90478516
vn 0.45288086 -0.18115234 -0.8730469
vn 0.45288086 -0.18115234 -0.8730469
vn 0.45288086 -0.18115234 -0.8730469
vn 0.4345703 -0.21008301 -0.87597656
vn 0.4345703 -0.21008301 -0.87597656
vn 0.4345703 -0.21008301 -0.87597656
vn 0.41625977 -0.20800781 -0.8852539
vn 0.41625977 -0.20800781 -0.8852539
vn 0.41625977 -0.20800781 -0.8852539
vn 0.43408203 -0.23144531 -0.87060547
vn 0.43408203 -0.23144531 -0.87060547
vn 0.43408203 -0.23144531 -0.87060547
vn 0.41992188 -0.1739502 -0.890625
vn 0.41992188 -0.1739502 -0.890625
vn 0.41992188 -0.1739502 -0.890625
vn 0.42333984 -0.1887207 -0.88623047
vn 0.42333984 -0.1887207 -0.88623047
vn 0.42333984 -0.1887207 -0.88623047
vn 0.45336914 -0.14587402 -0.87939453
vn 0.45336914 -0.14587402 -0.87939453
vn 0.45336914 -0.14587402 -0.87939453
vn 0.4555664 -0.13012695 -0.8808594
vn 0.4555664 -0.13012695 -0.8808594
vn 0.4555664 -0.13012695 -0.8808594
vn 0.4970703 -0.12097168 -0.859375
vn 0.4970703 -0.12097168 -0.859375
vn 0.4970703 -0.12097168 -0.859375
vn 0.4807129 -0.16870117 -0.86035156
vn 0.4807129 -0.16870117 -0.86035156
vn 0.4807129 -0.16870117 -0.86035156
vn 0.45385742 -0.16992188 -0.8745117
vn 0.45385742 -0.16992188 -0.8745117
vn 0.45385742 -0.16992188 -0.8745117
vn 0.4633789 -0.1640625 -0.87109375
vn 0.4633789 -0.1640625 -0.87109375
vn 0.4633789 -0.1640625 -0.87109375
vn 0.40673828 -0.13000488 -0.9042969
vn 0.40673828 -0.13000488 -0.9042969
vn 0.40673828 -0.13000488 -0.9042969
vn 0.4013672 -0.13366699 -0.90625
vn 0.4013672 -0.13366699 -0.90625
vn 0.4013672 -0.13366699 -0.90625
vn 0.19885254 0.05706787 -0.9785156
vn 0.19885254 0.05706787 -0.9785156
vn 0.19885254 0.05706787 -0.9785156
vn 0.19885254 0.05706787 -0.9785156
vn 0.19885254 0.05706787 -0.9785156
vn 0.19885254 0.05706787 -0.9785156
vn 0.12097168 0.11437988 -0.98583984
vn 0.12097168 0.11437988 -0.98583984
vn 0.12097168 0.11437988 -0.98583984
vn 0.12646484 0.11779785 -0.9848633
vn 0.12646484 0.11779785 -0.9848633
vn 0.12646484 0.11779785 -0.9848633
vn 0.06951904 0.17053223 -0.98291016
vn 0.06951904 0.17053223 -0.98291016
vn 0.06951904 0.17053223 -0.98291016
vn 0.08666992 0.19946289 -0.9760742
vn 0.08666992 0.19946289 -0.9760742
vn 0.08666992 0.19946289 -0.9760742
vn 0.10699463 0.1973877 -0.9746094
vn 0.10699463 0.1973877 -0.9746094
vn 0.10699463 0.1973877 -0.9746094
vn 0.084350586 0.2208252 -0.9716797
vn 0.084350586 0.2208252 -0.9716797
vn 0.084350586 0.2208252 -0.9716797
vn -0.09863281 0.16748047 -0.98095703
vn -0.09863281 0.16748047 -0.98095703
vn -0.09863281 0.16748047 -0.98095703
vn -0.11383057 0.17175293 -0.9785156
vn -0.11383057 0.17175293 -0.9785156
vn -0.11383057 0.17175293 -0.9785156
vn -0.08673096 0.19909668 -0.9760742
vn -0.08673096 0.19909668 -0.9760742
vn -0.08673096 0.19909668 -0.9760742
vn -0.112854004 0.21826172 -0.9692383
vn -0.112854004 0.21826172 -0.9692383
vn -0.112854004 0.21826172 -0.9692383
vn -0.06915283 0.19470215 -0.9785156
vn -0.06915283 0.19470215 -0.9785156
vn -0.06915283 0.19470215 -0.9785156
vn -0.08477783 0.21679688 -0.97265625
vn -0.08477783 0.21679688 -0.97265625
vn -0.08477783 0.21679688 -0.97265625
vn -0.07434082 0.1652832 -0.98339844
vn -0.07434082 0.1652832 -0.98339844
vn -0.07434082 0.1652832 -0.98339844
vn -0.07800293 0.17614746 -0.9814453
vn -0.07800293 0.17614746 -0.9814453
vn -0.07800293 0.17614746 -0.9814453
vn -0.124816895 0.119140625 -0.9848633
vn -0.124816895 0.119140625 -0.9848633
vn -0.124816895 0.119140625 -0.9848633
vn -0.12231445 0.112854004 -0.98583984
vn -0.12231445 0.112854004 -0.98583984
vn -0.12231445 0.112854004 -0.98583984
vn -0.19885254 0.05706787 -0.9785156
vn -0.19885254 0.05706787 -0.9785156
vn -0.19885254 0.05706787 -0.9785156
vn -0.19885254 0.05706787 -0.9785156
vn -0.19885254 0.05706787 -0.9785156
vn -0.19885254 0.05706787 -0.9785156
vn -0.2709961 -0.0055160522 -0.96240234
vn -0.2709961 -0.0055160522 -0.96240234
vn -0.2709961 -0.0055160522 -0.96240234
vn -0.2709961 -0.0055160522 -0.96240234
vn -0.2709961 -0.0055160522 -0.96240234
vn -0.2709961 -0.0055160522 -0.96240234
vn -0.44873047 -0.13867188 -0.8828125
vn -0.44873047 -0.13867188 -0.8828125
vn -0.44873047 -0.13867188 -0.8828125
vn -0.46264648 -0.14074707 -0.8754883
vn -0.46264648 -0.14074707 -0.8754883
vn -0.46264648 -0.14074707 -0.8754883
vn -0.42700195 -0.17822266 -0.88671875
vn -0.42700195 -0.17822266 -0.88671875
vn -0.42700195 -0.17822266 -0.88671875
vn -0.41259766 -0.18249512 -0.8925781
vn -0.41259766 -0.18249512 -0.8925781
vn -0.41259766 -0.18249512 -0.8925781
vn -0.4345703 -0.2097168 -0.87597656
vn -0.4345703 -0.2097168 -0.87597656
vn -0.4345703 -0.2097168 -0.87597656
vn -0.4086914 -0.22888184 -0.8833008
vn -0.4086914 -0.22888184 -0.8833008
vn -0.4086914 -0.22888184 -0.8833008
vn -0.4506836 -0.20532227 -0.86865234
vn -0.4506836 -0.20532227 -0.86865234
vn -0.4506836 -0.20532227 -0.86865234
vn -0.43432617 -0.22729492 -0.87158203
vn -0.43432617 -0.22729492 -0.87158203
vn -0.43432617 -0.22729492 -0.87158203
vn -0.4489746 -0.17590332 -0.87597656
vn -0.4489746 -0.17590332 -0.87597656
vn -0.4489746 -0.17590332 -0.87597656
vn -0.44458008 -0.18676758 -0.87597656
vn -0.44458008 -0.18676758 -0.87597656
vn -0.44458008 -0.18676758 -0.87597656
vn -0.40673828 -0.13000488 -0.9042969
vn -0.40673828 -0.13000488 -0.9042969
vn -0.40673828 -0.13000488 -0.9042969
vn -0.40966797 -0.12365723 -0.9038086
vn -0.40966797 -0.12365723 -0.9038086
vn -0.40966797 -0.12365723 -0.9038086
vn -0.34057617 -0.0680542 -0.9379883
vn -0.34057617 -0.0680542 -0.9379883
vn -0.34057617 -0.0680542 -0.9379883
vn -0.34057617 -0.0680542 -0.9379883
vn -0.34057617 -0.0680542 -0.9379883
vn -0.34057617 -0.0680542 -0.9379883
vn -0.2709961 -0.0055160522 -0.96240234
vn -0.2709961 -0.0055160522 -0.96240234
vn -0.2709961 -0.0055160522 -0.96240234
vn -0.2709961 -0.0055160522 -0.96240234
vn -0.2709961 -0.0055160522 -0.96240234
vn -0.2709961 -0.0055160522 -0.96240234
vn -0.07800293 0.12805176 -0.98876953
vn -0.07800293 0.12805176 -0.98876953
vn -0.07800293 0.12805176 -0.98876953
vn -0.06225586 0.13000488 -0.9897461
vn -0.06225586 0.13000488 -0.9897461
vn -0.06225586 0.13000488 -0.9897461
vn 0.10681152 -0.3491211 -0.93115234
vn 0.10681152 -0.3491211 -0.93115234
vn 0.10681152 -0.3491211 -0.93115234
vn 0.1015625 -0.33520508 -0.93652344
vn 0.1015625 -0.33520508 -0.93652344
vn 0.1015625 -0.33520508 -0.93652344
vn 0.072143555 -0.37695312 -0.92333984
vn 0.072143555 -0.37695312 -0.92333984
vn 0.072143555 -0.37695312 -0.92333984
vn 0.07098389 -0.3918457 -0.91748047
vn 0.07098389 -0.3918457 -0.91748047
vn 0.07098389 -0.3918457 -0.91748047
vn 0.038391113 -0.37329102 -0.9267578
vn 0.038391113 -0.37329102 -0.9267578
vn 0.038391113 -0.37329102 -0.9267578
vn 0.02444458 -0.40112305 -0.91552734
vn 0.02444458 -0.40112305 -0.91552734
vn 0.02444458 -0.40112305 -0.91552734
vn 0.03918457 -0.3564453 -0.93359375
vn 0.03918457 -0.3564453 -0.93359375
vn 0.03918457 -0.3564453 -0.93359375
vn 0.020431519 -0.37548828 -0.9267578
vn 0.020431519 -0.37548828 -0.9267578
vn 0.020431519 -0.37548828 -0.9267578
vn 0.06939697 -0.3544922 -0.9326172
vn 0.06939697 -0.3544922 -0.9326172
vn 0.06939697 -0.3544922 -0.9326172
vn 0.059417725 -0.36035156 -0.93115234
vn 0.059417725 -0.36035156 -0.93115234
vn 0.059417725 -0.36035156 -0.93115234
vn 0.2709961 -0.48608398 -0.8310547
vn 0.2709961 -0.48608398 -0.8310547
vn 0.2709961 -0.48608398 -0.8310547
vn 0.2709961 -0.48608398 -0.8310547
vn 0.2709961 -0.48608398 -0.8310547
vn 0.2709961 -0.48608398 -0.8310547
vn 0.41064453 -0.5600586 -0.71972656
vn 0.41064453 -0.5600586 -0.71972656
vn 0.41064453 -0.5600586 -0.71972656
vn 0.40551758 -0.56396484 -0.7192383
vn 0.40551758 -0.56396484 -0.7192383
vn 0.40551758 -0.56396484 -0.7192383
vn 0.44262695 -0.59521484 -0.67041016
vn 0.44262695 -0.59521484 -0.67041016
vn 0.44262695 -0.59521484 -0.67041016
vn 0.45288086 -0.5932617 -0.66552734
vn 0.45288086 -0.5932617 -0.66552734
vn 0.45288086 -0.5932617 -0.66552734
vn 0.4345703 -0.6201172 -0.6533203
vn 0.4345703 -0.6201172 -0.6533203
vn 0.4345703 -0.6201172 -0.6533203
vn 0.4555664 -0.6225586 -0.63623047
vn 0.4555664 -0.6225586 -0.63623047
vn 0.4555664 -0.6225586 -0.63623047
vn 0.41625977 -0.6225586 -0.66259766
vn 0.41625977 -0.6225586 -0.66259766
vn 0.41625977 -0.6225586 -0.66259766
vn 0.43408203 -0.6357422 -0.6381836
vn 0.43408203 -0.6357422 -0.6381836
vn 0.43408203 -0.6357422 -0.6381836
vn 0.41992188 -0.5961914 -0.6845703
vn 0.41992188 -0.5961914 -0.6845703
vn 0.41992188 -0.5961914 -0.6845703
vn 0.42333984 -0.6064453 -0.67285156
vn 0.42333984 -0.6064453 -0.67285156
vn 0.42333984 -0.6064453 -0.67285156
vn 0.45336914 -0.56591797 -0.68847656
vn 0.45336914 -0.56591797 -0.68847656
vn 0.45336914 -0.56591797 -0.68847656
vn 0.4555664 -0.55322266 -0.6977539
vn 0.4555664 -0.55322266 -0.6977539
vn 0.4555664 -0.55322266 -0.6977539
vn 0.48291016 -0.5620117 -0.671875
vn 0.48291016 -0.5620117 -0.671875
vn 0.48291016 -0.5620117 -0.671875
vn 0.4970703 -0.5341797 -0.68359375
vn 0.4970703 -0.5341797 -0.68359375
vn 0.4970703 -0.5341797 -0.68359375
vn 0.4807129 -0.5761719 -0.66064453
vn 0.4807129 -0.5761719 -0.66064453
vn 0.4807129 -0.5761719 -0.66064453
vn 0.49853516 -0.55566406 -0.66503906
vn 0.49853516 -0.55566406 -0.66503906
vn 0.49853516 -0.55566406 -0.66503906
vn 0.45385742 -0.58447266 -0.6723633
vn 0.45385742 -0.58447266 -0.6723633
vn 0.45385742 -0.58447266 -0.6723633
vn 0.4633789 -0.5776367 -0.6723633
vn 0.4633789 -0.5776367 -0.6723633
vn 0.4633789 -0.5776367 -0.6723633
vn 0.2709961 -0.48608398 -0.8310547
vn 0.2709961 -0.48608398 -0.8310547
vn 0.2709961 -0.48608398 -0.8310547
vn 0.2709961 -0.48608398 -0.8310547
vn 0.2709961 -0.48608398 -0.8310547
vn 0.2709961 -0.48608398 -0.8310547
vn 0.19885254 -0.43969727 -0.87597656
vn 0.19885254 -0.43969727 -0.87597656
vn 0.19885254 -0.43969727 -0.87597656
vn 0.19885254 -0.43969727 -0.87597656
vn 0.19885254 -0.43969727 -0.87597656
vn 0.19885254 -0.43969727 -0.87597656
vn 0.12097168 -0.39404297 -0.9111328
vn 0.12097168 -0.39404297 -0.9111328
vn 0.12097168 -0.39404297 -0.9111328
vn 0.12646484 -0.39038086 -0.9121094
vn 0.12646484 -0.39038086 -0.9121094
vn 0.12646484 -0.39038086 -0.9121094
vn 0.08105469 -0.34399414 -0.9355469
vn 0.08105469 -0.34399414 -0.9355469
vn 0.08105469 -0.34399414 -0.9355469
vn 0.06945801 -0.34375 -0.93652344
vn 0.06945801 -0.34375 -0.93652344
vn 0.06945801 -0.34375 -0.93652344
vn 0.08666992 -0.31518555 -0.9448242
vn 0.08666992 -0.31518555 -0.9448242
vn 0.08666992 -0.31518555 -0.9448242
vn 0.061584473 -0.30566406 -0.9501953
vn 0.061584473 -0.30566406 -0.9501953
vn 0.061584473 -0.30566406 -0.9501953
vn 0.10699463 -0.31640625 -0.9423828
vn 0.10699463 -0.31640625 -0.9423828
vn 0.10699463 -0.31640625 -0.9423828
vn 0.084350586 -0.29467773 -0.95166016
vn 0.084350586 -0.29467773 -0.95166016
vn 0.084350586 -0.29467773 -0.95166016
vn -0.08673096 -0.31567383 -0.9448242
vn -0.08673096 -0.31567383 -0.9448242
vn -0.08673096 -0.31567383 -0.9448242
vn -0.112854004 -0.2956543 -0.94873047
vn -0.112854004 -0.2956543 -0.94873047
vn -0.112854004 -0.2956543 -0.94873047
vn -0.06915283 -0.32055664 -0.9448242
vn -0.06915283 -0.32055664 -0.9448242
vn -0.06915283 -0.32055664 -0.9448242
vn -0.08477783 -0.29858398 -0.9506836
vn -0.08477783 -0.29858398 -0.9506836
vn -0.08477783 -0.29858398 -0.9506836
vn -0.07434082 -0.3486328 -0.93408203
vn -0.07434082 -0.3486328 -0.93408203
vn -0.07434082 -0.3486328 -0.93408203
vn -0.07800293 -0.33813477 -0.9379883
vn -0.07800293 -0.33813477 -0.9379883
vn -0.07800293 -0.33813477 -0.9379883
vn -0.124816895 -0.3894043 -0.91259766
vn -0.124816895 -0.3894043 -0.91259766
vn -0.124816895 -0.3894043 -0.91259766
vn -0.12231445 -0.39526367 -0.91015625
vn -0.12231445 -0.39526367 -0.91015625
vn -0.12231445 -0.39526367 -0.91015625
vn -0.19885254 -0.43969727 -0.87597656
vn -0.19885254 -0.43969727 -0.87597656
vn -0.19885254 -0.43969727 -0.87597656
vn -0.19885254 -0.43969727 -0.87597656
vn -0.19885254 -0.43969727 -0.87597656
vn -0.19885254 -0.43969727 -0.87597656
vn -0.2709961 -0.48608398 -0.8310547
vn -0.2709961 -0.48608398 -0.8310547
vn -0.2709961 -0.48608398 -0.8310547
vn -0.2709961 -0.48608398 -0.8310547
vn -0.2709961 -0.48608398 -0.8310547
vn -0.2709961 -0.48608398 -0.8310547
vn -0.34057617 -0.52783203 -0.7783203
vn -0.34057617 -0.52783203 -0.7783203
vn -0.34057617 -0.52783203 -0.7783203
vn -0.34057617 -0.52783203 -0.7783203
vn -0.34057617 -0.52783203 -0.7783203
vn -0.34057617 -0.52783203 -0.7783203
vn -0.4572754 -0.578125 -0.67578125
vn -0.4572754 -0.578125 -0.67578125
vn -0.4572754 -0.578125 -0.67578125
vn -0.45898438 -0.5859375 -0.66796875
vn -0.45898438 -0.5859375 -0.66796875
vn -0.45898438 -0.5859375 -0.66796875
vn -0.4831543 -0.56152344 -0.6713867
vn -0.4831543 -0.56152344 -0.6713867
vn -0.4831543 -0.56152344 -0.6713867
vn -0.49536133 -0.5751953 -0.6508789
vn -0.49536133 -0.5751953 -0.6508789
vn -0.49536133 -0.5751953 -0.6508789
vn -0.47924805 -0.54785156 -0.68603516
vn -0.47924805 -0.54785156 -0.68603516
vn -0.47924805 -0.54785156 -0.68603516
vn -0.5024414 -0.5541992 -0.6635742
vn -0.5024414 -0.5541992 -0.6635742
vn -0.5024414 -0.5541992 -0.6635742
vn -0.44873047 -0.56152344 -0.6953125
vn -0.44873047 -0.56152344 -0.6953125
vn -0.44873047 -0.56152344 -0.6953125
vn -0.46264648 -0.5595703 -0.6875
vn -0.46264648 -0.5595703 -0.6875
vn -0.46264648 -0.5595703 -0.6875
vn -0.4345703 -0.6196289 -0.6538086
vn -0.4345703 -0.6196289 -0.6538086
vn -0.4345703 -0.6196289 -0.6538086
vn -0.4086914 -0.6401367 -0.6508789
vn -0.4086914 -0.6401367 -0.6508789
vn -0.4086914 -0.6401367 -0.6508789
vn -0.4506836 -0.6123047 -0.64990234
vn -0.4506836 -0.6123047 -0.64990234
vn -0.4506836 -0.6123047 -0.64990234
vn -0.43432617 -0.6328125 -0.6411133
vn -0.43432617 -0.6328125 -0.6411133
vn -0.43432617 -0.6328125 -0.6411133
vn -0.4489746 -0.59033203 -0.67089844
vn -0.4489746 -0.59033203 -0.67089844
vn -0.4489746 -0.59033203 -0.67089844
vn -0.44458008 -0.5996094 -0.66503906
vn -0.44458008 -0.5996094 -0.66503906
vn -0.44458008 -0.5996094 -0.66503906
vn -0.40673828 -0.5644531 -0.7182617
vn -0.40673828 -0.5644531 -0.7182617
vn -0.40673828 -0.5644531 -0.7182617
vn -0.40966797 -0.55908203 -0.7207031
vn -0.40966797 -0.55908203 -0.7207031
vn -0.40966797 -0.55908203 -0.7207031
vn -0.34057617 -0.52783203 -0.7783203
vn -0.34057617 -0.52783203 -0.7783203
vn -0.34057617 -0.52783203 -0.7783203
vn -0.34057617 -0.52783203 -0.7783203
vn -0.34057617 -0.52783203 -0.7783203
vn -0.34057617 -0.52783203 -0.7783203
vn -0.2709961 -0.48608398 -0.8310547
vn -0.2709961 -0.48608398 -0.8310547
vn -0.2709961 -0.48608398 -0.8310547
vn -0.2709961 -0.48608398 -0.8310547
vn -0.2709961 -0.48608398 -0.8310547
vn -0.2709961 -0.48608398 -0.8310547
vn -0.19885254 -0.43969727 -0.87597656
vn -0.19885254 -0.43969727 -0.87597656
vn -0.19885254 -0.43969727 -0.87597656
vn -0.19885254 -0.43969727 -0.87597656
vn -0.19885254 -0.43969727 -0.87597656
vn -0.19885254 -0.43969727 -0.87597656
vn -0.06640625 -0.36157227 -0.9301758
vn -0.06640625 -0.36157227 -0.9301758
vn -0.06640625 -0.36157227 -0.9301758
vn -0.06323242 -0.35131836 -0.93408203
vn -0.06323242 -0.35131836 -0.93408203
vn -0.06323242 -0.35131836 -0.93408203
vn -0.037994385 -0.37353516 -0.9267578
vn -0.037994385 -0.37353516 -0.9267578
vn -0.037994385 -0.37353516 -0.9267578
vn -0.022003174 -0.3527832 -0.9355469
vn -0.022003174 -0.3527832 -0.9355469
vn -0.022003174 -0.3527832 -0.9355469
vn -0.044189453 -0.39135742 -0.9189453
vn -0.044189453 -0.39135742 -0.9189453
vn -0.044189453 -0.39135742 -0.9189453
vn -0.01625061 -0.37597656 -0.92626953
vn -0.01625061 -0.37597656 -0.92626953
vn -0.01625061 -0.37597656 -0.92626953
vn -0.07800293 -0.38354492 -0.92041016
vn -0.07800293 -0.38354492 -0.92041016
vn -0.07800293 -0.38354492 -0.92041016
vn -0.06225586 -0.38208008 -0.921875
vn -0.06225586 -0.38208008 -0.921875
vn -0.06225586 -0.38208008 -0.921875
vn 0.10681152 -0.7675781 -0.63183594
vn 0.10681152 -0.7675781 -0.63183594
vn 0.10681152 -0.7675781 -0.63183594
vn 0.1015625 -0.75878906 -0.6435547
vn 0.1015625 -0.75878906 -0.6435547
vn 0.1015625 -0.75878906 -0.6435547
vn 0.072143555 -0.78808594 -0.6113281
vn 0.072143555 -0.78808594 -0.6113281
vn 0.072143555 -0.78808594 -0.6113281
vn 0.07098389 -0.79785156 -0.5986328
vn 0.07098389 -0.79785156 -0.5986328
vn 0.07098389 -0.79785156 -0.5986328
vn 0.038391113 -0.7866211 -0.61621094
vn 0.038391113 -0.7866211 -0.61621094
vn 0.038391113 -0.7866211 -0.61621094
vn 0.02444458 -0.8051758 -0.59228516
vn 0.02444458 -0.8051758 -0.59228516
vn 0.02444458 -0.8051758 -0.59228516
vn 0.03918457 -0.7753906 -0.6303711
vn 0.03918457 -0.7753906 -0.6303711
vn 0.03918457 -0.7753906 -0.6303711
vn 0.020431519 -0.7885742 -0.6147461
vn 0.020431519 -0.7885742 -0.6147461
vn 0.020431519 -0.7885742 -0.6147461
vn 0.06945801 -0.7734375 -0.6303711
vn 0.06945801 -0.7734375 -0.6303711
vn 0.06945801 -0.7734375 -0.6303711
vn 0.059417725 -0.77734375 -0.62597656
vn 0.059417725 -0.77734375 -0.62597656
vn 0.059417725 -0.77734375 -0.62597656
vn 0.2709961 -0.8364258 -0.4765625
vn 0.2709961 -0.8364258 -0.4765625
vn 0.2709961 -0.8364258 -0.4765625
vn 0.2709961 -0.8364258 -0.4765625
vn 0.2709961 -0.8364258 -0.4765625
vn 0.2709961 -0.8364258 -0.4765625
vn 0.34057617 -0.8461914 -0.4099121
vn 0.34057617 -0.8461914 -0.4099121
vn 0.34057617 -0.8461914 -0.4099121
vn 0.34057617 -0.8461914 -0.4099121
vn 0.34057617 -0.8461914 -0.4099121
vn 0.34057617 -0.8461914 -0.4099121
vn 0.41064453 -0.84472656 -0.34301758
vn 0.41064453 -0.84472656 -0.34301758
vn 0.41064453 -0.84472656 -0.34301758
vn 0.40551758 -0.84814453 -0.34106445
vn 0.40551758 -0.84814453 -0.34106445
vn 0.40551758 -0.84814453 -0.34106445
vn 0.44262695 -0.8510742 -0.28295898
vn 0.44262695 -0.8510742 -0.28295898
vn 0.44262695 -0.8510742 -0.28295898
vn 0.45288086 -0.8466797 -0.27954102
vn 0.45288086 -0.8466797 -0.27954102
vn 0.45288086 -0.8466797 -0.27954102
vn 0.4345703 -0.86376953 -0.25585938
vn 0.4345703 -0.86376953 -0.25585938
vn 0.4345703 -0.86376953 -0.25585938
vn 0.4555664 -0.8574219 -0.2397461
vn 0.4555664 -0.8574219 -0.2397461
vn 0.4555664 -0.8574219 -0.2397461
vn 0.41625977 -0.87060547 -0.26245117
vn 0.41625977 -0.87060547 -0.26245117
vn 0.41625977 -0.87060547 -0.26245117
vn 0.43408203 -0.8696289 -0.23486328
vn 0.43408203 -0.8696289 -0.23486328
vn 0.43408203 -0.8696289 -0.23486328
vn 0.41992188 -0.85839844 -0.29467773
vn 0.41992188 -0.85839844 -0.29467773
vn 0.41992188 -0.85839844 -0.29467773
vn 0.42333984 -0.8618164 -0.27954102
vn 0.42333984 -0.8618164 -0.27954102
vn 0.42333984 -0.8618164 -0.27954102
vn 0.45336914 -0.83447266 -0.31323242
vn 0.45336914 -0.83447266 -0.31323242
vn 0.45336914 -0.83447266 -0.31323242
vn 0.4555664 -0.8276367 -0.32763672
vn 0.4555664 -0.8276367 -0.32763672
vn 0.4555664 -0.8276367 -0.32763672
vn 0.48291016 -0.8222656 -0.30078125
vn 0.48291016 -0.8222656 -0.30078125
vn 0.48291016 -0.8222656 -0.30078125
vn 0.4970703 -0.8046875 -0.32495117
vn 0.4970703 -0.8046875 -0.32495117
vn 0.4970703 -0.8046875 -0.32495117
vn 0.4807129 -0.82958984 -0.2841797
vn 0.4807129 -0.82958984 -0.2841797
vn 0.4807129 -0.82958984 -0.2841797
vn 0.49853516 -0.81396484 -0.2980957
vn 0.49853516 -0.81396484 -0.2980957
vn 0.49853516 -0.81396484 -0.2980957
vn 0.45385742 -0.84228516 -0.2902832
vn 0.45385742 -0.84228516 -0.2902832
vn 0.45385742 -0.84228516 -0.2902832
vn 0.4633789 -0.8364258 -0.2932129
vn 0.4633789 -0.8364258 -0.2932129
vn 0.4633789 -0.8364258 -0.2932129
vn 0.2709961 -0.8364258 -0.4765625
vn 0.2709961 -0.8364258 -0.4765625
vn 0.2709961 -0.8364258 -0.4765625
vn 0.2709961 -0.8364258 -0.4765625
vn 0.2709961 -0.8364258 -0.4765625
vn 0.2709961 -0.8364258 -0.4765625
vn 0.19885254 -0.81884766 -0.5385742
vn 0.19885254 -0.81884766 -0.5385742
vn 0.19885254 -0.81884766 -0.5385742
vn 0.19885254 -0.81884766 -0.5385742
vn 0.19885254 -0.81884766 -0.5385742
vn 0.19885254 -0.81884766 -0.5385742
vn 0.12097168 -0.796875 -0.59228516
vn 0.12097168 -0.796875 -0.59228516
vn 0.12097168 -0.796875 -0.59228516
vn 0.12646484 -0.7939453 -0.59472656
vn 0.12646484 -0.7939453 -0.59472656
vn 0.12646484 -0.7939453 -0.59472656
vn 0.08105469 -0.765625 -0.6381836
vn 0.08105469 -0.765625 -0.6381836
vn 0.08105469 -0.765625 -0.6381836
vn 0.06951904 -0.7661133 -0.63916016
vn 0.06951904 -0.7661133 -0.63916016
vn 0.06951904 -0.7661133 -0.63916016
vn 0.08666992 -0.74560547 -0.66064453
vn 0.08666992 -0.74560547 -0.66064453
vn 0.08666992 -0.74560547 -0.66064453
vn 0.061584473 -0.7397461 -0.6699219
vn 0.061584473 -0.7397461 -0.6699219
vn 0.061584473 -0.7397461 -0.6699219
vn 0.10699463 -0.7451172 -0.6582031
vn 0.10699463 -0.7451172 -0.6582031
vn 0.10699463 -0.7451172 -0.6582031
vn 0.084350586 -0.73095703 -0.6772461
vn 0.084350586 -0.73095703 -0.6772461
vn 0.084350586 -0.73095703 -0.6772461
vn -0.08673096 -0.74560547 -0.66064453
vn -0.08673096 -0.74560547 -0.66064453
vn -0.08673096 -0.74560547 -0.66064453
vn -0.112854004 -0.73046875 -0.6738281
vn -0.112854004 -0.73046875 -0.6738281
vn -0.112854004 -0.73046875 -0.6738281
vn -0.06915283 -0.75 -0.65771484
vn -0.06915283 -0.75 -0.65771484
vn -0.06915283 -0.75 -0.65771484
vn -0.08477783 -0.7338867 -0.6738281
vn -0.08477783 -0.7338867 -0.6738281
vn -0.08477783 -0.7338867 -0.6738281
vn -0.07434082 -0.76904297 -0.6347656
vn -0.07434082 -0.76904297 -0.6347656
vn -0.07434082 -0.76904297 -0.6347656
vn -0.07800293 -0.76171875 -0.6430664
vn -0.07800293 -0.76171875 -0.6430664
vn -0.07800293 -0.76171875 -0.6430664
vn -0.124816895 -0.79345703 -0.5957031
vn -0.124816895 -0.79345703 -0.5957031
vn -0.124816895 -0.79345703 -0.5957031
vn -0.12231445 -0.7973633 -0.5908203
vn -0.12231445 -0.7973633 -0.5908203
vn -0.12231445 -0.7973633 -0.5908203
vn -0.19885254 -0.81884766 -0.5385742
vn -0.19885254 -0.81884766 -0.5385742
vn -0.19885254 -0.81884766 -0.5385742
vn -0.19885254 -0.81884766 -0.5385742
vn -0.19885254 -0.81884766 -0.5385742
vn -0.19885254 -0.81884766 -0.5385742
vn -0.2709961 -0.8364258 -0.4765625
vn -0.2709961 -0.8364258 -0.4765625
vn -0.2709961 -0.8364258 -0.4765625
vn -0.2709961 -0.8364258 -0.4765625
vn -0.2709961 -0.8364258 -0.4765625
vn -0.2709961 -0.8364258 -0.4765625
vn -0.34057617 -0.8461914 -0.4099121
vn -0.34057617 -0.8461914 -0.4099121
vn -0.34057617 -0.8461914 -0.4099121
vn -0.34057617 -0.8461914 -0.4099121
vn -0.34057617 -0.8461914 -0.4099121
vn -0.34057617 -0.8461914 -0.4099121
vn -0.4572754 -0.8383789 -0.29638672
vn -0.4572754 -0.8383789 -0.29638672
vn -0.4572754 -0.8383789 -0.29638672
vn -0.45898438 -0.8413086 -0.2854004
vn -0.45898438 -0.8413086 -0.2854004
vn -0.45898438 -0.8413086 -0.2854004
vn -0.4831543 -0.8222656 -0.30078125
vn -0.4831543 -0.8222656 -0.30078125
vn -0.4831543 -0.8222656 -0.30078125
vn -0.49536133 -0.82373047 -0.27612305
vn -0.49536133 -0.82373047 -0.27612305
vn -0.49536133 -0.82373047 -0.27612305
vn -0.47924805 -0.8173828 -0.32006836
vn -0.47924805 -0.8173828 -0.32006836
vn -0.47924805 -0.8173828 -0.32006836
vn -0.5024414 -0.8120117 -0.29760742
vn -0.5024414 -0.8120117 -0.29760742
vn -0.5024414 -0.8120117 -0.29760742
vn -0.44873047 -0.8339844 -0.32128906
vn -0.44873047 -0.8339844 -0.32128906
vn -0.44873047 -0.8339844 -0.32128906
vn -0.46264648 -0.8286133 -0.31567383
vn -0.46264648 -0.8286133 -0.31567383
vn -0.46264648 -0.8286133 -0.31567383
vn -0.4345703 -0.86328125 -0.25634766
vn -0.4345703 -0.86328125 -0.25634766
vn -0.4345703 -0.86328125 -0.25634766
vn -0.4086914 -0.87939453 -0.24353027
vn -0.4086914 -0.87939453 -0.24353027
vn -0.4086914 -0.87939453 -0.24353027
vn -0.4506836 -0.85498047 -0.2565918
vn -0.4506836 -0.85498047 -0.2565918
vn -0.4506836 -0.85498047 -0.2565918
vn -0.43432617 -0.86865234 -0.23901367
vn -0.43432617 -0.86865234 -0.23901367
vn -0.43432617 -0.86865234 -0.23901367
vn -0.4489746 -0.8466797 -0.28564453
vn -0.4489746 -0.8466797 -0.28564453
vn -0.4489746 -0.8466797 -0.28564453
vn -0.44458008 -0.8520508 -0.27612305
vn -0.44458008 -0.8520508 -0.27612305
vn -0.44458008 -0.8520508 -0.27612305
vn -0.40673828 -0.84814453 -0.3395996
vn -0.40673828 -0.84814453 -0.3395996
vn -0.40673828 -0.84814453 -0.3395996
vn -0.40966797 -0.84472656 -0.34472656
vn -0.40966797 -0.84472656 -0.34472656
vn -0.40966797 -0.84472656 -0.34472656
vn -0.34057617 -0.8461914 -0.4099121
vn -0.34057617 -0.8461914 -0.4099121
vn -0.34057617 -0.8461914 -0.4099121
vn -0.34057617 -0.8461914 -0.4099121
vn -0.34057617 -0.8461914 -0.4099121
vn -0.34057617 -0.8461914 -0.4099121
vn -0.2709961 -0.8364258 -0.4765625
vn -0.2709961 -0.8364258 -0.4765625
vn -0.2709961 -0.8364258 -0.4765625
vn -0.2709961 -0.8364258 -0.4765625
vn -0.2709961 -0.8364258 -0.4765625
vn -0.2709961 -0.8364258 -0.4765625
vn -0.19885254 -0.81884766 -0.5385742
vn -0.19885254 -0.81884766 -0.5385742
vn -0.19885254 -0.81884766 -0.5385742
vn -0.19885254 -0.81884766 -0.5385742
vn -0.19885254 -0.81884766 -0.5385742
vn -0.19885254 -0.81884766 -0.5385742
vn -0.06640625 -0.7783203 -0.6245117
vn -0.06640625 -0.7783203 -0.6245117
vn -0.06640625 -0.7783203 -0.6245117
vn -0.06323242 -0.7714844 -0.6333008
vn -0.06323242 -0.7714844 -0.6333008
vn -0.06323242 -0.7714844 -0.6333008
vn -0.037994385 -0.7866211 -0.61621094
vn -0.037994385 -0.7866211 -0.61621094
vn -0.037994385 -0.7866211 -0.61621094
vn -0.022003174 -0.7734375 -0.63378906
vn -0.022003174 -0.7734375 -0.63378906
vn -0.022003174 -0.7734375 -0.63378906
vn -0.044189453 -0.79833984 -0.60058594
vn -0.044189453 -0.79833984 -0.60058594
vn -0.044189453 -0.79833984 -0.60058594
vn -0.01625061 -0.7885742 -0.6142578
vn -0.01625061 -0.7885742 -0.6142578
vn -0.01625061 -0.7885742 -0.6142578
vn -0.07800293 -0.79248047 -0.60498047
vn -0.07800293 -0.79248047 -0.60498047
vn -0.07800293 -0.79248047 -0.60498047
vn -0.06225586 -0.7919922 -0.6074219
vn -0.06225586 -0.7919922 -0.6074219
vn -0.06225586 -0.7919922 -0.6074219
vn 0.10681152 -0.98095703 -0.16320801
vn 0.10681152 -0.98095703 -0.16320801
vn 0.10681152 -0.98095703 -0.16320801
vn 0.1015625 -0.9785156 -0.17810059
vn 0.1015625 -0.9785156 -0.17810059
vn 0.1015625 -0.9785156 -0.17810059
vn 0.072143555 -0.98828125 -0.13513184
vn 0.072143555 -0.98828125 -0.13513184
vn 0.072143555 -0.98828125 -0.13513184
vn 0.07098389 -0.9902344 -0.119384766
vn 0.07098389 -0.9902344 -0.119384766
vn 0.07098389 -0.9902344 -0.119384766
vn 0.038391113 -0.9892578 -0.14013672
vn 0.038391113 -0.9892578 -0.14013672
vn 0.038391113 -0.9892578 -0.14013672
vn 0.02444458 -0.99365234 -0.11035156
vn 0.02444458 -0.99365234 -0.11035156
vn 0.02444458 -0.99365234 -0.11035156
vn 0.03918457 -0.9868164 -0.15820312
vn 0.03918457 -0.9868164 -0.15820312
vn 0.03918457 -0.9868164 -0.15820312
vn 0.020431519 -0.9902344 -0.1381836
vn 0.020431519 -0.9902344 -0.1381836
vn 0.020431519 -0.9902344 -0.1381836
vn 0.06945801 -0.9848633 -0.15930176
vn 0.06945801 -0.9848633 -0.15930176
vn 0.06945801 -0.9848633 -0.15930176
vn 0.059417725 -0.9863281 -0.15344238
vn 0.059417725 -0.9863281 -0.15344238
vn 0.059417725 -0.9863281 -0.15344238
vn 0.2709961 -0.96240234 0.005519867
vn 0.2709961 -0.96240234 0.005519867
vn 0.2709961 -0.96240234 0.005519867
vn 0.2709961 -0.96240234 0.005519867
vn 0.2709961 -0.96240234 0.005519867
vn 0.2709961 -0.96240234 0.005519867
vn 0.34057617 -0.9379883 0.0680542
vn 0.34057617 -0.9379883 0.0680542
vn 0.34057617 -0.9379883 0.0680542
vn 0.34057617 -0.9379883 0.0680542
vn 0.34057617 -0.9379883 0.0680542
vn 0.34057617 -0.9379883 0.0680542
vn 0.41064453 -0.9033203 0.12524414
vn 0.41064453 -0.9033203 0.12524414
vn 0.41064453 -0.9033203 0.12524414
vn 0.40551758 -0.90478516 0.12866211
vn 0.40551758 -0.90478516 0.12866211
vn 0.40551758 -0.90478516 0.12866211
vn 0.44262695 -0.87841797 0.18041992
vn 0.44262695 -0.87841797 0.18041992
vn 0.44262695 -0.87841797 0.18041992
vn 0.45288086 -0.8730469 0.18115234
vn 0.45288086 -0.8730469 0.18115234
vn 0.45288086 -0.8730469 0.18115234
vn 0.4345703 -0.87597656 0.21008301
vn 0.4345703 -0.87597656 0.21008301
vn 0.4345703 -0.87597656 0.21008301
vn 0.4555664 -0.8623047 0.22094727
vn 0.4555664 -0.8623047 0.22094727
vn 0.4555664 -0.8623047 0.22094727
vn 0.41625977 -0.8852539 0.20800781
vn 0.41625977 -0.8852539 0.20800781
vn 0.41625977 -0.8852539 0.20800781
vn 0.43408203 -0.87060547 0.23144531
vn 0.43408203 -0.87060547 0.23144531
vn 0.43408203 -0.87060547 0.23144531
vn 0.41992188 -0.890625 0.1739502
vn 0.41992188 -0.890625 0.1739502
vn 0.41992188 -0.890625 0.1739502
vn 0.42333984 -0.88623047 0.1887207
vn 0.42333984 -0.88623047 0.1887207
vn 0.42333984 -0.88623047 0.1887207
vn 0.45336914 -0.87939453 0.14587402
vn 0.45336914 -0.87939453 0.14587402
vn 0.45336914 -0.87939453 0.14587402
vn 0.4555664 -0.8808594 0.13012695
vn 0.4555664 -0.8808594 0.13012695
vn 0.4555664 -0.8808594 0.13012695
vn 0.48291016 -0.86279297 0.15075684
vn 0.48291016 -0.86279297 0.15075684
vn 0.48291016 -0.86279297 0.15075684
vn 0.4970703 -0.859375 0.12097168
vn 0.4970703 -0.859375 0.12097168
vn 0.4970703 -0.859375 0.12097168
vn 0.4807129 -0.86035156 0.16870117
vn 0.4807129 -0.86035156 0.16870117
vn 0.4807129 -0.86035156 0.16870117
vn 0.49853516 -0.8540039 0.14868164
vn 0.49853516 -0.8540039 0.14868164
vn 0.49853516 -0.8540039 0.14868164
vn 0.45385742 -0.8745117 0.16992188
vn 0.45385742 -0.8745117 0.16992188
vn 0.45385742 -0.8745117 0.16992188
vn 0.4633789 -0.87109375 0.1640625
vn 0.4633789 -0.87109375 0.1640625
vn 0.4633789 -0.87109375 0.1640625
vn 0.2709961 -0.96240234 0.005519867
vn 0.2709961 -0.96240234 0.005519867
vn 0.2709961 -0.96240234 0.005519867
vn 0.2709961 -0.96240234 0.005519867
vn 0.2709961 -0.96240234 0.005519867
vn 0.2709961 -0.96240234 0.005519867
vn 0.19885254 -0.9785156 -0.05706787
vn 0.19885254 -0.9785156 -0.05706787
vn 0.19885254 -0.9785156 -0.05706787
vn 0.19885254 -0.9785156 -0.05706787
vn 0.19885254 -0.9785156 -0.05706787
vn 0.19885254 -0.9785156 -0.05706787
vn 0.12097168 -0.98583984 -0.11437988
vn 0.12097168 -0.98583984 -0.11437988
vn 0.12097168 -0.98583984 -0.11437988
vn 0.12646484 -0.9848633 -0.11779785
vn 0.12646484 -0.9848633 -0.11779785
vn 0.12646484 -0.9848633 -0.11779785
vn 0.08105469 -0.9819336 -0.1697998
vn 0.08105469 -0.9819336 -0.1697998
vn 0.08105469 -0.9819336 -0.1697998
vn 0.06951904 -0.98291016 -0.17053223
vn 0.06951904 -0.98291016 -0.17053223
vn 0.06951904 -0.98291016 -0.17053223
vn 0.08666992 -0.9760742 -0.19946289
vn 0.08666992 -0.9760742 -0.19946289
vn 0.08666992 -0.9760742 -0.19946289
vn 0.061584473 -0.97558594 -0.21044922
vn 0.061584473 -0.97558594 -0.21044922
vn 0.061584473 -0.97558594 -0.21044922
vn 0.10699463 -0.9746094 -0.1973877
vn 0.10699463 -0.9746094 -0.1973877
vn 0.10699463 -0.9746094 -0.1973877
vn 0.084350586 -0.9716797 -0.2208252
vn 0.084350586 -0.9716797 -0.2208252
vn 0.084350586 -0.9716797 -0.2208252
vn -0.08673096 -0.9760742 -0.19909668
vn -0.08673096 -0.9760742 -0.19909668
vn -0.08673096 -0.9760742 -0.19909668
vn -0.112854004 -0.9692383 -0.21826172
vn -0.112854004 -0.9692383 -0.21826172
vn -0.112854004 -0.9692383 -0.21826172
vn -0.06915283 -0.9785156 -0.19470215
vn -0.06915283 -0.9785156 -0.19470215
vn -0.06915283 -0.9785156 -0.19470215
vn -0.08477783 -0.97265625 -0.21679688
vn -0.08477783 -0.97265625 -0.21679688
vn -0.08477783 -0.97265625 -0.21679688
vn -0.07434082 -0.98339844 -0.1652832
vn -0.07434082 -0.98339844 -0.1652832
vn -0.07434082 -0.98339844 -0.1652832
vn -0.07800293 -0.9814453 -0.17614746
vn -0.07800293 -0.9814453 -0.17614746
vn -0.07800293 -0.9814453 -0.17614746
vn -0.124816895 -0.9848633 -0.119140625
vn -0.124816895 -0.9848633 -0.119140625
vn -0.124816895 -0.9848633 -0.119140625
vn -0.12231445 -0.98583984 -0.112854004
vn -0.12231445 -0.98583984 -0.112854004
vn -0.12231445 -0.98583984 -0.112854004
vn -0.19885254 -0.9785156 -0.05706787
vn -0.19885254 -0.9785156 -0.05706787
vn -0.19885254 -0.9785156 -0.05706787
vn -0.19885254 -0.9785156 -0.05706787
vn -0.19885254 -0.9785156 -0.05706787
vn -0.19885254 -0.9785156 -0.05706787
vn -0.2709961 -0.96240234 0.005519867
vn -0.2709961 -0.96240234 0.005519867
vn -0.2709961 -0.96240234 0.005519867
vn -0.2709961 -0.96240234 0.005519867
vn -0.2709961 -0.96240234 0.005519867
vn -0.2709961 -0.96240234 0.005519867
vn -0.34057617 -0.9379883 0.0680542
vn -0.34057617 -0.9379883 0.0680542
vn -0.34057617 -0.9379883 0.0680542
vn -0.34057617 -0.9379883 0.0680542
vn -0.34057617 -0.9379883 0.0680542
vn -0.34057617 -0.9379883 0.0680542
vn -0.4572754 -0.8745117 0.16247559
vn -0.4572754 -0.8745117 0.16247559
vn -0.4572754 -0.8745117 0.16247559
vn -0.45898438 -0.87109375 0.17358398
vn -0.45898438 -0.87109375 0.17358398
vn -0.45898438 -0.87109375 0.17358398
vn -0.4831543 -0.8623047 0.15063477
vn -0.4831543 -0.8623047 0.15063477
vn -0.4831543 -0.8623047 0.15063477
vn -0.49536133 -0.8515625 0.17260742
vn -0.49536133 -0.8515625 0.17260742
vn -0.49536133 -0.8515625 0.17260742
vn -0.47924805 -0.8676758 0.13134766
vn -0.47924805 -0.8676758 0.13134766
vn -0.47924805 -0.8676758 0.13134766
vn -0.5024414 -0.8520508 0.14831543
vn -0.5024414 -0.8520508 0.14831543
vn -0.5024414 -0.8520508 0.14831543
vn -0.44873047 -0.8828125 0.13867188
vn -0.44873047 -0.8828125 0.13867188
vn -0.44873047 -0.8828125 0.13867188
vn -0.46264648 -0.8754883 0.14074707
vn -0.46264648 -0.8754883 0.14074707
vn -0.46264648 -0.8754883 0.14074707
vn -0.4345703 -0.87597656 0.2097168
vn -0.4345703 -0.87597656 0.2097168
vn -0.4345703 -0.87597656 0.2097168
vn -0.4086914 -0.8833008 0.22888184
vn -0.4086914 -0.8833008 0.22888184
vn -0.4086914 -0.8833008 0.22888184
vn -0.4506836 -0.86865234 0.20532227
vn -0.4506836 -0.86865234 0.20532227
vn -0.4506836 -0.86865234 0.20532227
vn -0.43432617 -0.87158203 0.22729492
vn -0.43432617 -0.87158203 0.22729492
vn -0.43432617 -0.87158203 0.22729492
vn -0.4489746 -0.87597656 0.17590332
vn -0.4489746 -0.87597656 0.17590332
vn -0.4489746 -0.87597656 0.17590332
vn -0.44458008 -0.87597656 0.18676758
vn -0.44458008 -0.87597656 0.18676758
vn -0.44458008 -0.87597656 0.18676758
vn -0.40673828 -0.9042969 0.13000488
vn -0.40673828 -0.9042969 0.13000488
vn -0.40673828 -0.9042969 0.13000488
vn -0.40966797 -0.9038086 0.12365723
vn -0.40966797 -0.9038086 0.12365723
vn -0.40966797 -0.9038086 0.12365723
vn -0.34057617 -0.9379883 0.0680542
vn -0.34057617 -0.9379883 0.0680542
vn -0.34057617 -0.9379883 0.0680542
vn -0.34057617 -0.9379883 0.0680542
vn -0.34057617 -0.9379883 0.0680542
vn -0.34057617 -0.9379883 0.0680542
vn -0.2709961 -0.96240234 0.005519867
vn -0.2709961 -0.96240234 0.005519867
vn -0.2709961 -0.96240234 0.005519867
vn -0.2709961 -0.96240234 0.0055160522
vn -0.2709961 -0.96240234 0.0055160522
vn -0.2709961 -0.96240234 0.0055160522
vn -0.19885254 -0.9785156 -0.05706787
vn -0.19885254 -0.9785156 -0.05706787
vn -0.19885254 -0.9785156 -0.05706787
vn -0.19885254 -0.9785156 -0.05706787
vn -0.19885254 -0.9785156 -0.05706787
vn -0.19885254 -0.9785156 -0.05706787
vn -0.06640625 -0.9863281 -0.15185547
vn -0.06640625 -0.9863281 -0.15185547
vn -0.06640625 -0.9863281 -0.15185547
vn -0.06323242 -0.984375 -0.16296387
vn -0.06323242 -0.984375 -0.16296387
vn -0.06323242 -0.984375 -0.16296387
vn -0.037994385 -0.9892578 -0.14001465
vn -0.037994385 -0.9892578 -0.14001465
vn -0.037994385 -0.9892578 -0.14001465
vn -0.022003174 -0.9863281 -0.16210938
vn -0.022003174 -0.9863281 -0.16210938
vn -0.022003174 -0.9863281 -0.16210938
vn -0.044189453 -0.9916992 -0.120666504
vn -0.044189453 -0.9916992 -0.120666504
vn -0.044189453 -0.9916992 -0.120666504
vn -0.01625061 -0.9902344 -0.13769531
vn -0.01625061 -0.9902344 -0.13769531
vn -0.01625061 -0.9902344 -0.13769531
vn -0.07800293 -0.98876953 -0.12805176
vn -0.07800293 -0.98876953 -0.12805176
vn -0.07800293 -0.98876953 -0.12805176
vn -0.06225586 -0.9897461 -0.13000488
vn -0.06225586 -0.9897461 -0.13000488
vn -0.06225586 -0.9897461 -0.13000488
vn -0.8149414 0.15002441 -0.5600586
vn -0.8149414 -5.9604645E-08 -0.57958984
vn -0.8149414 -5.9604645E-08 -0.57958984
vn -0.8149414 0.15002441 -0.5600586
vn -0.8149414 0.28979492 -0.5019531
vn -0.8149414 0.28979492 -0.5019531
vn -0.8149414 0.4099121 -0.4099121
vn -0.8149414 0.4099121 -0.4099121
vn -0.8149414 0.5019531 -0.28979492
vn -0.8149414 0.5019531 -0.28979492
vn -0.8149414 0.5600586 -0.15002441
vn -0.8149414 0.5600586 -0.15002441
vn -0.8149414 0.57958984 1.1920929E-07
vn -0.8149414 0.57958984 1.7881393E-07
vn -0.8149414 0.5600586 0.15002441
vn -0.8149414 0.5600586 0.15002441
vn -0.8149414 0.5019531 0.28979492
vn -0.8149414 0.5019531 0.28979492
vn -0.8149414 0.4099121 0.4099121
vn -0.8149414 0.4099121 0.4099121
vn -0.8149414 0.28979492 0.5019531
vn -0.8149414 0.28979492 0.5019531
vn -0.8149414 0.15002441 0.5600586
vn -0.8149414 0.15002441 0.5600586
vn -0.8149414 -5.9604645E-07 0.57958984
vn -0.8149414 -6.556511E-07 0.57958984
vn -0.8149414 -0.15002441 -0.5600586
vn -0.8149414 -5.9604645E-08 -0.57958984
vn -0.8149414 -5.9604645E-08 -0.57958984
vn -0.8149414 -0.15002441 -0.5600586
vn -0.8149414 -0.28979492 -0.5019531
vn -0.8149414 -0.28979492 -0.5019531
vn -0.8149414 -0.4099121 -0.4099121
vn -0.8149414 -0.4099121 -0.4099121
vn -0.8149414 -0.5019531 -0.28979492
vn -0.8149414 -0.5019531 -0.28979492
vn -0.8149414 -0.5600586 -0.15002441
vn -0.8149414 -0.5600586 -0.15002441
vn -0.8149414 -0.57958984 -3.5762787E-07
vn -0.8149414 -0.57958984 -4.172325E-07
vn -0.8149414 -0.5600586 0.15002441
vn -0.8149414 -0.5600586 0.15002441
vn -0.8149414 -0.5019531 0.28979492
vn -0.8149414 -0.5019531 0.28979492
vn -0.8149414 -0.4099121 0.4099121
vn -0.8149414 -0.4099121 0.4099121
vn -0.8149414 -0.28979492 0.5019531
vn -0.8149414 -0.28979492 0.5019531
vn -0.8149414 -0.15002441 0.5600586
vn -0.8149414 -0.15002441 0.5600586
vn -0.8149414 -6.556511E-07 0.57958984
vn -0.8149414 -5.9604645E-07 0.57958984
vn -0.38256836 -0.23913574 -0.8925781
vn -0.25610352 1.1920929E-07 -0.9667969
vn -0.38256836 1.1920929E-07 -0.9238281
vn -0.25610352 -0.25024414 -0.93359375
vn -0.38256836 -0.46191406 -0.80029297
vn 1.1920929E-07 -0.25878906 -0.9658203
vn 1.1920929E-07 1.1920929E-07 -1
vn 0.25610352 1.7881393E-07 -0.9667969
vn -0.25610352 -0.48339844 -0.83691406
vn -0.38256836 -0.6533203 -0.6533203
vn 1.1920929E-07 -0.5 -0.86621094
vn 0.25610352 -0.25024414 -0.93359375
vn -0.25610352 -0.68359375 -0.68359375
vn -0.38256836 -0.80029297 -0.46191406
vn 0.38256836 -0.23913574 -0.8925781
vn 0.38256836 1.7881393E-07 -0.9238281
vn 0.38256836 -0.46191406 -0.80029297
vn 0.25610352 -0.48339844 -0.83691406
vn 0.38256836 -0.6533203 -0.6533203
vn 1.1920929E-07 -0.70703125 -0.70703125
vn 0.25610352 -0.68359375 -0.68359375
vn 0.38256836 -0.80029297 -0.46191406
vn -0.25610352 -0.83691406 -0.48339844
vn -0.38256836 -0.8925781 -0.23913574
vn 5.9604645E-08 -0.86621094 -0.5
vn 0.25610352 -0.83691406 -0.48339844
vn 0.38256836 -0.8925781 -0.23913574
vn -0.25610352 -0.93359375 -0.25024414
vn -0.38256836 -0.9238281 -4.7683716E-07
vn 1.1920929E-07 -0.9658203 -0.25878906
vn 0.25610352 -0.93359375 -0.25024414
vn 0.38256836 -0.9238281 -2.9802322E-07
vn -0.25610352 -0.9667969 -4.7683716E-07
vn -0.38256836 -0.8925781 0.23913574
vn -0 -1 -4.172325E-07
vn 0.25610352 -0.9667969 -4.172325E-07
vn 0.38256836 -0.8925781 0.23913574
vn -0.25610352 -0.93359375 0.25024414
vn -0.38256836 -0.80029297 0.46191406
vn -0 -0.9658203 0.25878906
vn 0.25610352 -0.93359375 0.25024414
vn 0.38256836 -0.80029297 0.46191406
vn -0.25610352 -0.83691406 0.48339844
vn -0.38256836 -0.6533203 0.6533203
vn -0 -0.86621094 0.5
vn 0.25610352 -0.83691406 0.48339844
vn 0.38256836 -0.6533203 0.6533203
vn -0.25610352 -0.68359375 0.68359375
vn -0.38256836 -0.46191406 0.80029297
vn -1.1920929E-07 -0.70703125 0.70703125
vn 0.25610352 -0.68359375 0.68359375
vn 0.38256836 -0.46191406 0.80029297
vn -0.25610352 -0.48339844 0.83691406
vn -0.38256836 -0.23913574 0.8925781
vn -2.3841858E-07 -0.5 0.86621094
vn 0.25610352 -0.48339844 0.83691406
vn 0.38256836 -0.23913574 0.8925781
vn -0.25610352 -0.25024414 0.93359375
vn -0.38256836 -8.34465E-07 0.9238281
vn -0.25610352 -8.34465E-07 0.9667969
vn -2.3841858E-07 -7.748604E-07 1
vn -2.3841858E-07 -0.25878906 0.9658203
vn 0.25610352 -0.25024414 0.93359375
vn 0.38256836 -8.34465E-07 0.9238281
vn 0.25610352 -8.34465E-07 0.9667969
vn -0.38256836 0.23913574 0.8925781
vn -0.25610352 -8.34465E-07 0.9667969
vn -0.38256836 -8.34465E-07 0.9238281
vn -0.25610352 0.25024414 0.93359375
vn -0.38256836 0.46191406 0.80029297
vn -2.3841858E-07 0.25878906 0.9658203
vn -2.3841858E-07 -7.748604E-07 1
vn 0.25610352 -8.34465E-07 0.9667969
vn -0.25610352 0.48339844 0.83691406
vn -0.38256836 0.6533203 0.6533203
vn -1.7881393E-07 0.5 0.86621094
vn 0.25610352 0.25024414 0.93359375
vn -0.25610352 0.68359375 0.68359375
vn -0.38256836 0.80029297 0.46191406
vn 0.38256836 0.23913574 0.8925781
vn 0.38256836 -8.34465E-07 0.9238281
vn 0.38256836 0.46191406 0.80029297
vn 0.25610352 0.48339844 0.83691406
vn 0.38256836 0.6533203 0.6533203
vn -2.3841858E-07 0.70703125 0.70703125
vn 0.25610352 0.68359375 0.68359375
vn 0.38256836 0.80029297 0.46191406
vn -0.25610352 0.83691406 0.48339844
vn -0.38256836 0.8925781 0.23913574
vn -1.1920929E-07 0.86621094 0.5
vn 0.25610352 0.83691406 0.48339844
vn 0.38256836 0.8925781 0.23913574
vn -0.25610352 0.93359375 0.25024414
vn -0.38256836 0.9238281 2.3841858E-07
vn -1.1920929E-07 0.9658203 0.25878906
vn 0.25610352 0.93359375 0.25024414
vn 0.38256836 0.9238281 4.172325E-07
vn -0.25610352 0.9667969 2.3841858E-07
vn -0.38256836 0.8925781 -0.23913574
vn -5.9604645E-08 1 2.3841858E-07
vn 0.25610352 0.9667969 2.9802322E-07
vn 0.38256836 0.8925781 -0.23913574
vn -0.25610352 0.93359375 -0.25024414
vn -0.38256836 0.80029297 -0.46191406
vn -0 0.9658203 -0.25878906
vn 0.25610352 0.93359375 -0.25024414
vn 0.38256836 0.80029297 -0.46191406
vn -0.25610352 0.83691406 -0.48339844
vn -0.38256836 0.6533203 -0.6533203
vn -0 0.86621094 -0.5
vn 0.25610352 0.83691406 -0.48339844
vn 0.38256836 0.6533203 -0.6533203
vn -0.25610352 0.68359375 -0.68359375
vn -0.38256836 0.46191406 -0.80029297
vn 1.1920929E-07 0.70703125 -0.70703125
vn 0.25610352 0.68359375 -0.68359375
vn 0.38256836 0.46191406 -0.80029297
vn -0.25610352 0.48339844 -0.83691406
vn -0.38256836 0.23913574 -0.8925781
vn 2.9802322E-07 0.5 -0.86621094
vn 0.25610352 0.48339844 -0.83691406
vn 0.38256836 0.23913574 -0.8925781
vn -0.25610352 0.25024414 -0.93359375
vn -0.38256836 1.1920929E-07 -0.9238281
vn -0.25610352 1.1920929E-07 -0.9667969
vn 1.1920929E-07 1.1920929E-07 -1
vn 2.3841858E-07 0.25878906 -0.9658203
vn 0.25610352 0.25024414 -0.93359375
vn 0.38256836 1.7881393E-07 -0.9238281
vn 0.25610352 1.7881393E-07 -0.9667969
vn -0.98583984 0.043151855 -0.16101074
vn -0.98583984 -6.556511E-07 -0.16674805
vn -0.98583984 -1.1920929E-07 -0.16674805
vn -0.98583984 0.043151855 -0.16101074
vn -0.98583984 0.08337402 -0.14440918
vn -0.98583984 0.08337402 -0.14440918
vn -0.98583984 0.11791992 -0.11791992
vn -0.98583984 0.11791992 -0.11791992
vn -0.98583984 0.14440918 -0.08337402
vn -0.98583984 0.14440918 -0.08337402
vn -0.98583984 0.16101074 -0.043151855
vn -0.98583984 0.16101074 -0.043151855
vn -0.98583984 0.16674805 -1.1920929E-07
vn -0.98583984 0.16674805 -4.172325E-07
vn -0.98583984 0.16101074 0.043151855
vn -0.98583984 0.16101074 0.043151855
vn -0.98583984 0.14440918 0.08337402
vn -0.98583984 0.14440918 0.08337402
vn -0.98583984 0.11791992 0.11791992
vn -0.98583984 0.11791992 0.11791992
vn -0.98583984 0.08337402 0.14440918
vn -0.98583984 0.08337402 0.14440918
vn -0.98583984 0.043151855 0.16101074
vn -0.98583984 0.043151855 0.16101074
vn -0.98583984 -2.9802322E-07 0.16674805
vn -0.98583984 -8.34465E-07 0.16674805
vn -0.98583984 -0.043151855 -0.16101074
vn -0.98583984 -1.1920929E-07 -0.16674805
vn -0.98583984 -6.556511E-07 -0.16674805
vn -0.98583984 -0.043151855 -0.16101074
vn -0.98583984 -0.08337402 -0.14440918
vn -0.98583984 -0.08337402 -0.14440918
vn -0.98583984 -0.11791992 -0.11791992
vn -0.98583984 -0.11791992 -0.11791992
vn -0.98583984 -0.14440918 -0.08337402
vn -0.98583984 -0.14440918 -0.08337402
vn -0.98583984 -0.16101074 -0.043151855
vn -0.98583984 -0.16101074 -0.043151855
vn -0.98583984 -0.16674805 -1.0728836E-06
vn -0.98583984 -0.16674805 -2.3841858E-07
vn -0.98583984 -0.16101074 0.043151855
vn -0.98583984 -0.16101074 0.043151855
vn -0.98583984 -0.14440918 0.08337402
vn -0.98583984 -0.14440918 0.08337402
vn -0.98583984 -0.11791992 0.11791992
vn -0.98583984 -0.11791992 0.11791992
vn -0.98583984 -0.08337402 0.14440918
vn -0.98583984 -0.08337402 0.14440918
vn -0.98583984 -0.043151855 0.16101074
vn -0.98583984 -0.043151855 0.16101074
vn -0.98583984 -8.34465E-07 0.16674805
vn -0.98583984 -2.9802322E-07 0.16674805
vn 5.9604645E-08 0.25878906 -0.9658203
vn 5.9604645E-08 2.3841858E-07 -1
vn 5.9604645E-08 5.9604645E-08 -1
vn 5.9604645E-08 0.25878906 -0.9658203
vn 5.9604645E-08 0.5 -0.86621094
vn 0 0.5 -0.86621094
vn 5.9604645E-08 0.70703125 -0.70703125
vn 5.9604645E-08 0.70703125 -0.70703125
vn 5.9604645E-08 0.86621094 -0.5
vn 5.9604645E-08 0.86621094 -0.5
vn 5.9604645E-08 0.9658203 -0.25878906
vn 5.9604645E-08 0.9658203 -0.25878906
vn 5.9604645E-08 1 4.172325E-07
vn 5.9604645E-08 1 5.364418E-07
vn 5.9604645E-08 0.9658203 0.25878906
vn 5.9604645E-08 0.9658203 0.25878906
vn 5.9604645E-08 0.86621094 0.5
vn 5.9604645E-08 0.86621094 0.5
vn 5.9604645E-08 0.70703125 0.70703125
vn 5.9604645E-08 0.70703125 0.70703125
vn 0 0.5 0.86621094
vn 0 0.5 0.86621094
vn -0 0.25878906 0.9658203
vn -0 0.25878906 0.9658203
vn -5.9604645E-08 -8.34465E-07 1
vn -5.9604645E-08 -7.1525574E-07 1
vn 0 -0.25878906 -0.9658203
vn 5.9604645E-08 5.9604645E-08 -1
vn 5.9604645E-08 2.3841858E-07 -1
vn 0 -0.25878906 -0.9658203
vn -0 -0.5 -0.86621094
vn -0 -0.5 -0.86621094
vn -0 -0.70703125 -0.70703125
vn -5.9604645E-08 -0.70703125 -0.70703125
vn -5.9604645E-08 -0.86621094 -0.5
vn -5.9604645E-08 -0.86621094 -0.5
vn -5.9604645E-08 -0.9658203 -0.25878906
vn -5.9604645E-08 -0.9658203 -0.25878906
vn -5.9604645E-08 -1 -3.5762787E-07
vn -5.9604645E-08 -1 -5.9604645E-07
vn -5.9604645E-08 -0.9658203 0.25878906
vn -5.9604645E-08 -0.9658203 0.25878906
vn -5.9604645E-08 -0.86621094 0.5
vn -5.9604645E-08 -0.86621094 0.5
vn -5.9604645E-08 -0.70703125 0.70703125
vn -5.9604645E-08 -0.70703125 0.70703125
vn -5.9604645E-08 -0.5 0.86621094
vn -5.9604645E-08 -0.5 0.86621094
vn -5.9604645E-08 -0.25878906 0.9658203
vn -5.9604645E-08 -0.25878906 0.9658203
vn -5.9604645E-08 -7.1525574E-07 1
vn -5.9604645E-08 -8.34465E-07 1
vn -1 7.748604E-07 -2.0861626E-06
vn -1 1.7881393E-07 -5.364418E-07
vn -1 7.748604E-07 -2.0861626E-06
vn -1 -1.1920929E-07 1.1920929E-07
vn -1 -1.0728836E-06 -1.7881393E-07
vn -1 -4.7683716E-07 -4.7683716E-07
vn -1 2.9802322E-07 -5.9604645E-08
vn -1 5.9604645E-08 1.1920929E-07
vn -1 1.7881393E-07 -3.0398369E-06
vn -1 -1.847744E-06 0
vn -1 -1.847744E-06 0
vn -1 5.9604645E-08 -9.536743E-07
vn -1 1.66893E-06 6.556511E-07
vn -1 -1.0728836E-06 -1.7881393E-07
vn -1 -1.0728836E-06 -1.7881393E-07
vn -1 1.7285347E-06 -2.2053719E-06
vn -1 -4.7683716E-07 -1.5497208E-06
vn -1 1.7881393E-07 0
vn -1 1.7881393E-07 0
vn -1 -2.026558E-06 -1.5497208E-06
vn -1 1.7881393E-07 0
vn -1 1.7881393E-07 0
vn -1 1.7881393E-07 0
vn -1 1.7881393E-07 0
vn -1 1.7881393E-07 0
vn -1 1.7881393E-07 0
vn -1 -2.7418137E-06 -1.7881393E-06
vn -1 -2.7418137E-06 -1.7881393E-06
vn -1 -2.7418137E-06 -1.7881393E-06
vn -1 8.34465E-07 -2.4437904E-06
vn -1 -8.34465E-07 -7.748604E-07
vn -1 -8.940697E-07 -4.172325E-07
vn -1 5.364418E-07 2.026558E-06
vn -1 5.364418E-07 2.026558E-06
vn -1 5.364418E-07 2.026558E-06
vn -1 1.7881393E-07 0
vn -1 -1.2516975E-06 -1.4305115E-06
vn -1 5.9604645E-07 -1.0728836E-06
vn -1 -2.9802322E-07 -1.0728836E-06
vn -1 -2.9802322E-07 -1.0728836E-06
vn -1 -2.9802322E-07 -1.0728836E-06
vn -1 -5.9604645E-07 -1.013279E-06
vn -1 5.9604645E-07 -2.2053719E-06
vn -1 -1.7881393E-07 2.026558E-06
vn 0.8149414 2.9802322E-07 -0.57958984
vn 0.8149414 0.15002441 -0.5600586
vn 0.8149414 2.9802322E-07 -0.57958984
vn 0.8149414 0.15002441 -0.5600586
vn 0.8149414 0.28979492 -0.5019531
vn 0.8149414 0.28979492 -0.5019531
vn 0.8149414 0.4099121 -0.4099121
vn 0.8149414 0.4099121 -0.4099121
vn 0.8149414 0.5019531 -0.28979492
vn 0.8149414 0.5019531 -0.28979492
vn 0.8149414 0.5600586 -0.15002441
vn 0.8149414 0.5600586 -0.15002441
vn 0.8149414 0.57958984 3.5762787E-07
vn 0.8149414 0.57958984 4.172325E-07
vn 0.8149414 0.5600586 0.15002441
vn 0.8149414 0.5600586 0.15002441
vn 0.8149414 0.5019531 0.28979492
vn 0.8149414 0.5019531 0.28979492
vn 0.8149414 0.4099121 0.4099121
vn 0.8149414 0.4099121 0.4099121
vn 0.8149414 0.28979492 0.5019531
vn 0.8149414 0.28979492 0.5019531
vn 0.8149414 0.15002441 0.5600586
vn 0.8149414 0.15002441 0.5600586
vn 0.8149414 -5.9604645E-07 0.57958984
vn 0.8149414 -5.9604645E-07 0.57958984
vn 0.8149414 2.9802322E-07 -0.57958984
vn 0.8149414 -0.15002441 -0.5600586
vn 0.8149414 2.9802322E-07 -0.57958984
vn 0.8149414 -0.15002441 -0.5600586
vn 0.8149414 -0.28979492 -0.5019531
vn 0.8149414 -0.28979492 -0.5019531
vn 0.8149414 -0.4099121 -0.4099121
vn 0.8149414 -0.4099121 -0.4099121
vn 0.8149414 -0.5019531 -0.28979492
vn 0.8149414 -0.5019531 -0.28979492
vn 0.8149414 -0.5600586 -0.15002441
vn 0.8149414 -0.5600586 -0.15002441
vn 0.8149414 -0.57958984 -2.9802322E-07
vn 0.8149414 -0.57958984 -2.9802322E-07
vn 0.8149414 -0.5600586 0.15002441
vn 0.8149414 -0.5600586 0.15002441
vn 0.8149414 -0.5019531 0.28979492
vn 0.8149414 -0.5019531 0.28979492
vn 0.8149414 -0.4099121 0.4099121
vn 0.8149414 -0.4099121 0.4099121
vn 0.8149414 -0.28979492 0.5019531
vn 0.8149414 -0.28979492 0.5019531
vn 0.8149414 -0.15002441 0.5600586
vn 0.8149414 -0.15002441 0.5600586
vn 0.8149414 -5.9604645E-07 0.57958984
vn 0.8149414 -5.9604645E-07 0.57958984
vn 0.98583984 -2.9802322E-07 -0.16674805
vn 0.98583984 0.043151855 -0.16101074
vn 0.98583984 -1.7881393E-07 -0.16674805
vn 0.98583984 0.043151855 -0.16101074
vn 0.98583984 0.08337402 -0.14440918
vn 0.98583984 0.08337402 -0.14440918
vn 0.98583984 0.11791992 -0.11791992
vn 0.98583984 0.11791992 -0.11791992
vn 0.98583984 0.14440918 -0.08337402
vn 0.98583984 0.14440918 -0.08337402
vn 0.98583984 0.16101074 -0.043151855
vn 0.98583984 0.16101074 -0.043151855
vn 0.98583984 0.16674805 1.7881393E-07
vn 0.98583984 0.16674805 5.9604645E-07
vn 0.98583984 0.16101074 0.043151855
vn 0.98583984 0.16101074 0.043151855
vn 0.98583984 0.14440918 0.08337402
vn 0.98583984 0.14440918 0.08337402
vn 0.98583984 0.11791992 0.11791992
vn 0.98583984 0.11791992 0.11791992
vn 0.98583984 0.08337402 0.14440918
vn 0.98583984 0.08337402 0.14440918
vn 0.98583984 0.043151855 0.16101074
vn 0.98583984 0.043151855 0.16101074
vn 0.98583984 -3.5762787E-07 0.16674805
vn 0.98583984 -4.7683716E-07 0.16674805
vn 0.98583984 -1.7881393E-07 -0.16674805
vn 0.98583984 -0.043151855 -0.16101074
vn 0.98583984 -2.9802322E-07 -0.16674805
vn 0.98583984 -0.043151855 -0.16101074
vn 0.98583984 -0.08337402 -0.14440918
vn 0.98583984 -0.08337402 -0.14440918
vn 0.98583984 -0.11791992 -0.11791992
vn 0.98583984 -0.11791992 -0.11791992
vn 0.98583984 -0.14440918 -0.08337402
vn 0.98583984 -0.14440918 -0.08337402
vn 0.98583984 -0.16101074 -0.043151855
vn 0.98583984 -0.16101074 -0.043151855
vn 0.98583984 -0.16674805 -1.1920929E-07
vn 0.98583984 -0.16674805 5.9604645E-08
vn 0.98583984 -0.16101074 0.043151855
vn 0.98583984 -0.16101074 0.043151855
vn 0.98583984 -0.14440918 0.08337402
vn 0.98583984 -0.14440918 0.08337402
vn 0.98583984 -0.11791992 0.11791992
vn 0.98583984 -0.11791992 0.11791992
vn 0.98583984 -0.08337402 0.14440918
vn 0.98583984 -0.08337402 0.14440918
vn 0.98583984 -0.043151855 0.16101074
vn 0.98583984 -0.043151855 0.16101074
vn 0.98583984 -4.7683716E-07 0.16674805
vn 0.98583984 -3.5762787E-07 0.16674805
vn 4.7683716E-07 0 -1
vn 4.7683716E-07 0.25878906 -0.9658203
vn 4.7683716E-07 -0 -1
vn 2.9802322E-07 0.25878906 -0.9658203
vn 2.3841858E-07 0.5 -0.86621094
vn 1.1920929E-07 0.5 -0.86621094
vn 5.9604645E-08 0.70703125 -0.70703125
vn 1.1920929E-07 0.70703125 -0.70703125
vn 5.9604645E-08 0.86621094 -0.5
vn 1.1920929E-07 0.86621094 -0.5
vn 0 0.9658203 -0.25878906
vn -0 0.9658203 -0.25878906
vn -5.9604645E-08 1 4.7683716E-07
vn -5.9604645E-08 1 5.364418E-07
vn -1.7881393E-07 0.9658203 0.25878906
vn -1.7881393E-07 0.9658203 0.25878906
vn -2.3841858E-07 0.86621094 0.5
vn -2.3841858E-07 0.86621094 0.5
vn -2.9802322E-07 0.70703125 0.70703125
vn -2.3841858E-07 0.70703125 0.70703125
vn -2.9802322E-07 0.5 0.86621094
vn -2.9802322E-07 0.5 0.86621094
vn -2.9802322E-07 0.25878906 0.9658203
vn -2.9802322E-07 0.25878906 0.9658203
vn -2.9802322E-07 -9.536743E-07 1
vn -2.9802322E-07 -8.940697E-07 1
vn 4.7683716E-07 -0 -1
vn 4.7683716E-07 -0.25878906 -0.9658203
vn 4.7683716E-07 0 -1
vn 3.5762787E-07 -0.25878906 -0.9658203
vn 2.9802322E-07 -0.5 -0.86621094
vn 2.9802322E-07 -0.5 -0.86621094
vn 2.9802322E-07 -0.70703125 -0.70703125
vn 3.5762787E-07 -0.70703125 -0.70703125
vn 2.9802322E-07 -0.86621094 -0.5
vn 1.7881393E-07 -0.86621094 -0.5
vn 1.1920929E-07 -0.9658203 -0.25878906
vn 1.7881393E-07 -0.9658203 -0.25878906
vn 5.9604645E-08 -1 -4.172325E-07
vn 1.7881393E-07 -1 -1.013279E-06
vn 5.9604645E-08 -0.9658203 0.25878906
vn 5.9604645E-08 -0.9658203 0.25878906
vn -0 -0.86621094 0.5
vn -0 -0.86621094 0.5
vn -1.1920929E-07 -0.70703125 0.70703125
vn -1.7881393E-07 -0.70703125 0.70703125
vn -2.3841858E-07 -0.5 0.86621094
vn -2.9802322E-07 -0.5 0.86621094
vn -2.9802322E-07 -0.25878906 0.9658203
vn -2.9802322E-07 -0.25878906 0.9658203
vn -2.9802322E-07 -8.940697E-07 1
vn -2.9802322E-07 -9.536743E-07 1
vn 1 -1.7881393E-07 -5.364418E-07
vn 1 -1.4305115E-06 5.364418E-07
vn 1 4.172325E-07 -2.0861626E-06
vn 1 -4.7683716E-07 1.1920929E-07
vn 1 -1.2516975E-06 -4.172325E-07
vn 1 -8.34465E-07 -4.7683716E-07
vn 1 -5.9604645E-08 -5.9604645E-08
vn 1 -2.3841858E-07 1.1920929E-07
vn 1 -1.7881393E-07 -3.0398369E-06
vn 1 -1.6093254E-06 4.172325E-07
vn 1 -2.2053719E-06 0
vn 1 -2.9802322E-07 -9.536743E-07
vn 1 1.3709068E-06 6.556511E-07
vn 1 -1.2516975E-06 -4.172325E-07
vn 1 -1.4305115E-06 -1.7881393E-07
vn 1 1.3709068E-06 -2.2053719E-06
vn 1 -8.34465E-07 -1.5497208E-06
vn 1 -1.1324883E-06 -6.556511E-07
vn 1 -1.7881393E-07 0
vn 1 -2.3841858E-06 -1.5497208E-06
vn 1 -1.7881393E-07 0
vn 1 -1.7881393E-07 0
vn 1 -1.7881393E-07 0
vn 1 -1.7881393E-07 0
vn 1 -1.7881393E-07 0
vn 1 -1.7881393E-07 0
vn 1 -3.0398369E-06 -1.7881393E-06
vn 1 -3.0398369E-06 -1.7881393E-06
vn 1 -3.0398369E-06 -1.7881393E-06
vn 1 4.7683716E-07 -2.4437904E-06
vn 1 -1.1920929E-06 -7.748604E-07
vn 1 -1.2516975E-06 -4.172325E-07
vn 1 1.7881393E-07 2.026558E-06
vn 1 1.7881393E-07 2.026558E-06
vn 1 1.7881393E-07 2.026558E-06
vn 1 -1.7881393E-07 0
vn 1 -1.6093254E-06 -1.4305115E-06
vn 1 2.9802322E-07 -1.0728836E-06
vn 1 -5.9604645E-07 -1.0728836E-06
vn 1 -5.9604645E-07 -1.0728836E-06
vn 1 -5.9604645E-07 -1.0728836E-06
vn 1 -9.536743E-07 -1.013279E-06
vn 1 2.3841858E-07 -2.2053719E-06
vn 1 -5.364418E-07 2.026558E-06
vn -0.43652344 -0.57128906 -0.6948242
vn -0.47216797 -0.5683594 -0.6738281
vn -0.4831543 -0.5151367 -0.7080078
vn -0.47021484 -0.5966797 -0.6503906
vn -0.4921875 -0.60253906 -0.6279297
vn -0.42626953 -0.5834961 -0.69140625
vn -0.37402344 -0.546875 -0.74902344
vn -0.43774414 -0.609375 -0.66064453
vn -0.4873047 -0.60839844 -0.62646484
vn -0.3803711 -0.6376953 -0.6694336
vn -0.37402344 -0.546875 -0.74902344
vn -0.30615234 -0.5073242 -0.80566406
vn -0.30615234 -0.5073242 -0.80566406
vn -0.23510742 -0.4633789 -0.8544922
vn -0.23510742 -0.4633789 -0.8544922
vn -0.1619873 -0.41503906 -0.89501953
vn -0.1619873 -0.41503906 -0.89501953
vn -0.101135254 -0.36279297 -0.92626953
vn -0.09088135 -0.375 -0.9223633
vn -0.04876709 -0.33447266 -0.94091797
vn -0.050201416 -0.36865234 -0.92822266
vn -0.042053223 -0.42749023 -0.90283203
vn -0.021560669 -0.3190918 -0.9472656
vn -0.084472656 -0.32763672 -0.94091797
vn -0.026489258 -0.31323242 -0.94921875
vn -0.14477539 -0.3046875 -0.94140625
vn 0.42822266 0.5883789 0.6855469
vn 0.4284668 0.6269531 0.6503906
vn 0.3461914 0.6694336 0.65722656
vn 0.4807129 0.6015625 0.6381836
vn 0.50341797 0.62109375 0.6010742
vn 0.44335938 0.5708008 0.69140625
vn 0.37329102 0.5463867 0.7495117
vn 0.4892578 0.5541992 0.67333984
vn 0.51464844 0.6074219 0.60498047
vn 0.50878906 0.47509766 0.71777344
vn 0.37329102 0.5463867 0.7495117
vn 0.30615234 0.5073242 0.80566406
vn 0.30615234 0.5073242 0.80566406
vn 0.23510742 0.4633789 0.8544922
vn 0.23510742 0.4633789 0.8544922
vn 0.1628418 0.41552734 0.89501953
vn 0.1628418 0.41552734 0.89501953
vn 0.08325195 0.37402344 0.9238281
vn 0.0982666 0.35620117 0.9291992
vn 0.03555298 0.32470703 0.9453125
vn 0.09240723 0.3076172 0.9472656
vn 0.17687988 0.26879883 0.94677734
vn 0.0046463013 0.29052734 0.95703125
vn 0.03152466 0.3803711 0.9243164
vn -0.0066108704 0.30395508 0.9526367
vn 0.014045715 0.46313477 0.88623047
vn 0.42626953 -0.5834961 -0.69140625
vn 0.43774414 -0.609375 -0.66064453
vn 0.3803711 -0.6376953 -0.6694336
vn 0.47021484 -0.5966797 -0.6503906
vn 0.4873047 -0.60839844 -0.62646484
vn 0.43652344 -0.57128906 -0.6948242
vn 0.37402344 -0.546875 -0.74902344
vn 0.37402344 -0.546875 -0.74902344
vn 0.30615234 -0.5073242 -0.80566406
vn 0.30615234 -0.5073242 -0.80566406
vn 0.23510742 -0.4633789 -0.8544922
vn 0.23510742 -0.4633789 -0.8544922
vn 0.1619873 -0.41503906 -0.89501953
vn 0.1619873 -0.41503906 -0.89501953
vn 0.101135254 -0.36279297 -0.92626953
vn 0.09088135 -0.375 -0.9223633
vn 0.47216797 -0.5683594 -0.6738281
vn 0.4921875 -0.60253906 -0.6279297
vn 0.4831543 -0.5151367 -0.7080078
vn 0.04876709 -0.33447266 -0.94091797
vn 0.084472656 -0.32763672 -0.94091797
vn 0.14477539 -0.3046875 -0.94140625
vn 0.026473999 -0.31323242 -0.94921875
vn 0.050201416 -0.36865234 -0.92822266
vn 0.021560669 -0.3190918 -0.9472656
vn 0.042053223 -0.42749023 -0.90283203
vn -0.44335938 0.5708008 0.69140625
vn -0.4892578 0.5541992 0.67333984
vn -0.50878906 0.47509766 0.71777344
vn -0.4807129 0.6015625 0.6381836
vn -0.51464844 0.6074219 0.60498047
vn -0.42822266 0.5883789 0.6855469
vn -0.37329102 0.5463867 0.7495117
vn -0.37329102 0.5463867 0.7495117
vn -0.30615234 0.5073242 0.80566406
vn -0.30615234 0.5073242 0.80566406
vn -0.23510742 0.4633789 0.8544922
vn -0.23510742 0.4633789 0.8544922
vn -0.1628418 0.41552734 0.89501953
vn -0.1628418 0.41552734 0.89501953
vn -0.08325195 0.37402344 0.9238281
vn -0.0982666 0.35620117 0.9291992
vn -0.4284668 0.6269531 0.6503906
vn -0.50341797 0.62109375 0.6010742
vn -0.3461914 0.6694336 0.65722656
vn -0.03555298 0.32470703 0.9453125
vn -0.03152466 0.3803711 0.9243164
vn -0.014045715 0.4633789 0.88623047
vn 0.0066108704 0.30395508 0.9526367
vn -0.09240723 0.3076172 0.9472656
vn -0.0046653748 0.29052734 0.95703125
vn -0.17687988 0.26879883 0.94677734
vn -0.43652344 -0.84228516 -0.3161621
vn -0.47216797 -0.82910156 -0.29907227
vn -0.4831543 -0.7998047 -0.3557129
vn -0.47021484 -0.8417969 -0.26513672
vn -0.4921875 -0.8359375 -0.24267578
vn -0.42626953 -0.8510742 -0.30688477
vn -0.37402344 -0.84814453 -0.37524414
vn -0.43774414 -0.85839844 -0.26757812
vn -0.4873047 -0.84033203 -0.23815918
vn -0.3803711 -0.88720703 -0.26098633
vn -0.37402344 -0.84814453 -0.37524414
vn -0.30615234 -0.84228516 -0.44384766
vn -0.30615234 -0.84228516 -0.44384766
vn -0.23510742 -0.8286133 -0.5083008
vn -0.23510742 -0.8286133 -0.5083008
vn -0.1619873 -0.8071289 -0.5678711
vn -0.1619873 -0.8071289 -0.5678711
vn -0.101135254 -0.77734375 -0.62109375
vn -0.09088135 -0.7861328 -0.6113281
vn -0.04876709 -0.7602539 -0.6479492
vn -0.050201416 -0.7832031 -0.6196289
vn -0.042053223 -0.82177734 -0.5683594
vn -0.021560669 -0.75 -0.6611328
vn -0.084472656 -0.75439453 -0.6513672
vn -0.026473999 -0.74609375 -0.66552734
vn -0.14477539 -0.734375 -0.66308594
vn 0.42822266 0.85253906 0.29956055
vn 0.4284668 0.86816406 0.24987793
vn 0.3461914 0.9086914 0.23425293
vn 0.4807129 0.83984375 0.25195312
vn 0.50341797 0.8383789 0.20996094
vn 0.44335938 0.83984375 0.31323242
vn 0.37329102 0.84814453 0.37597656
vn 0.4892578 0.81689453 0.3059082
vn 0.51464844 0.8286133 0.22033691
vn 0.50878906 0.7705078 0.3840332
vn 0.37329102 0.84814453 0.37597656
vn 0.30615234 0.84228516 0.44384766
vn 0.30615234 0.84228516 0.44384766
vn 0.23510742 0.8286133 0.5083008
vn 0.23510742 0.8286133 0.5083008
vn 0.1628418 0.8071289 0.5673828
vn 0.1628418 0.8071289 0.5673828
vn 0.08325195 0.78564453 0.61279297
vn 0.0982666 0.7729492 0.62646484
vn 0.03555298 0.75390625 0.65625
vn 0.09240723 0.7397461 0.6665039
vn 0.17687988 0.7060547 0.6855469
vn 0.0046539307 0.72998047 0.68359375
vn 0.03152466 0.7915039 0.61035156
vn -0.0066184998 0.7397461 0.67285156
vn 0.014045715 0.8442383 0.53564453
vn 0.42626953 -0.8510742 -0.30688477
vn 0.43774414 -0.85839844 -0.26757812
vn 0.3803711 -0.88720703 -0.26098633
vn 0.47021484 -0.8417969 -0.26513672
vn 0.4873047 -0.84033203 -0.23815918
vn 0.43652344 -0.84228516 -0.3161621
vn 0.37402344 -0.84814453 -0.37524414
vn 0.37402344 -0.84814453 -0.37524414
vn 0.30615234 -0.84228516 -0.44384766
vn 0.30615234 -0.84228516 -0.44384766
vn 0.23510742 -0.8286133 -0.5083008
vn 0.23510742 -0.8286133 -0.5083008
vn 0.1619873 -0.8071289 -0.5678711
vn 0.1619873 -0.8071289 -0.5678711
vn 0.101135254 -0.77734375 -0.62109375
vn 0.09088135 -0.7861328 -0.6113281
vn 0.47216797 -0.82910156 -0.29907227
vn 0.4921875 -0.8359375 -0.24267578
vn 0.4831543 -0.7998047 -0.3557129
vn 0.04876709 -0.7602539 -0.6479492
vn 0.084472656 -0.75439453 -0.6513672
vn 0.14489746 -0.734375 -0.66308594
vn 0.026489258 -0.74609375 -0.66552734
vn 0.050201416 -0.7832031 -0.6196289
vn 0.021575928 -0.75 -0.6611328
vn 0.042053223 -0.82177734 -0.5683594
vn -0.44335938 0.83984375 0.31323242
vn -0.4892578 0.81689453 0.3059082
vn -0.50878906 0.7705078 0.3840332
vn -0.4807129 0.83984375 0.25195312
vn -0.51464844 0.8286133 0.22033691
vn -0.42822266 0.85253906 0.29956055
vn -0.37329102 0.84814453 0.37597656
vn -0.37329102 0.84814453 0.37597656
vn -0.30615234 0.84228516 0.44384766
vn -0.30615234 0.84228516 0.44384766
vn -0.23510742 0.8286133 0.5083008
vn -0.23510742 0.8286133 0.5083008
vn -0.1628418 0.8071289 0.5673828
vn -0.1628418 0.8071289 0.5673828
vn -0.08325195 0.78564453 0.61279297
vn -0.0982666 0.7729492 0.62646484
vn -0.4284668 0.86816406 0.24987793
vn -0.50341797 0.8383789 0.20996094
vn -0.3461914 0.9086914 0.23425293
vn -0.03555298 0.75390625 0.65625
vn -0.03152466 0.7915039 0.61035156
vn -0.014045715 0.8442383 0.53564453
vn 0.0066070557 0.7397461 0.67285156
vn -0.09240723 0.7397461 0.6665039
vn -0.0046577454 0.72998047 0.68359375
vn -0.17687988 0.7060547 0.6855469
vn -0.43652344 -0.1472168 -0.8876953
vn -0.47216797 -0.15563965 -0.8676758
vn -0.4831543 -0.092041016 -0.87060547
vn -0.47021484 -0.19140625 -0.8618164
vn -0.4921875 -0.20788574 -0.84521484
vn -0.42626953 -0.15979004 -0.8901367
vn -0.37402344 -0.099121094 -0.921875
vn -0.43774414 -0.1973877 -0.8769531
vn -0.4873047 -0.21386719 -0.8466797
vn -0.3803711 -0.2175293 -0.8989258
vn -0.37402344 -0.099121094 -0.921875
vn -0.30615234 -0.036834717 -0.9511719
vn -0.30615234 -0.036834717 -0.9511719
vn -0.23510742 0.025802612 -0.9716797
vn -0.23510742 0.025802612 -0.9716797
vn -0.1619873 0.0881958 -0.98291016
vn -0.1619873 0.0881958 -0.98291016
vn -0.101135254 0.14904785 -0.9838867
vn -0.09088135 0.13647461 -0.9863281
vn -0.04876709 0.18078613 -0.9824219
vn -0.050201416 0.14489746 -0.98828125
vn -0.042053223 0.08135986 -0.99560547
vn -0.021560669 0.1973877 -0.97998047
vn -0.084472656 0.18676758 -0.9790039
vn -0.026489258 0.20336914 -0.9785156
vn -0.14489746 0.20678711 -0.96777344
vn 0.42822266 0.16687012 0.8881836
vn 0.4284668 0.21777344 0.8769531
vn 0.3461914 0.25146484 0.9038086
vn 0.4807129 0.20178223 0.8535156
vn 0.50341797 0.23718262 0.8310547
vn 0.44335938 0.14855957 0.88378906
vn 0.37329102 0.09844971 0.9223633
vn 0.4892578 0.14343262 0.86035156
vn 0.51464844 0.22351074 0.8276367
vn 0.50878906 0.052520752 0.859375
vn 0.37329102 0.09844971 0.9223633
vn 0.30615234 0.036834717 0.9511719
vn 0.30615234 0.036834717 0.9511719
vn 0.23510742 -0.025802612 0.9716797
vn 0.23510742 -0.025802612 0.9716797
vn 0.1628418 -0.087524414 0.98291016
vn 0.1628418 -0.087524414 0.98291016
vn 0.08325195 -0.13781738 0.9868164
vn 0.0982666 -0.15625 0.98291016
vn 0.03555298 -0.19128418 0.98095703
vn 0.09240723 -0.20715332 0.9741211
vn 0.17687988 -0.24072266 0.95410156
vn 0.00466156 -0.22692871 0.9741211
vn 0.03152466 -0.1328125 0.99072266
vn -0.0066108704 -0.21313477 0.9770508
vn 0.014045715 -0.041870117 0.99902344
vn 0.42626953 -0.15979004 -0.8901367
vn 0.43774414 -0.1973877 -0.8769531
vn 0.3803711 -0.2175293 -0.8989258
vn 0.47021484 -0.19140625 -0.8618164
vn 0.4873047 -0.21386719 -0.8466797
vn 0.43652344 -0.1472168 -0.8876953
vn 0.37402344 -0.099121094 -0.921875
vn 0.37402344 -0.099121094 -0.921875
vn 0.30615234 -0.036834717 -0.9511719
vn 0.30615234 -0.036834717 -0.9511719
vn 0.23510742 0.025802612 -0.9716797
vn 0.23510742 0.025802612 -0.9716797
vn 0.1619873 0.0881958 -0.98291016
vn 0.1619873 0.0881958 -0.98291016
vn 0.101135254 0.14904785 -0.9838867
vn 0.09088135 0.13647461 -0.9863281
vn 0.47216797 -0.15563965 -0.8676758
vn 0.4921875 -0.20788574 -0.84521484
vn 0.4831543 -0.092041016 -0.87060547
vn 0.04876709 0.18078613 -0.9824219
vn 0.084472656 0.18676758 -0.9790039
vn 0.14477539 0.20678711 -0.96777344
vn 0.026489258 0.20336914 -0.9785156
vn 0.050201416 0.14489746 -0.98828125
vn 0.021560669 0.1973877 -0.97998047
vn 0.042053223 0.08135986 -0.99560547
vn -0.44335938 0.14855957 0.88378906
vn -0.4892578 0.14343262 0.86035156
vn -0.50878906 0.052520752 0.859375
vn -0.4807129 0.20178223 0.8535156
vn -0.51464844 0.22351074 0.8276367
vn -0.42822266 0.16687012 0.8881836
vn -0.37329102 0.09844971 0.9223633
vn -0.37329102 0.09844971 0.9223633
vn -0.30615234 0.036834717 0.9511719
vn -0.30615234 0.036834717 0.9511719
vn -0.23510742 -0.025802612 0.9716797
vn -0.23510742 -0.025802612 0.9716797
vn -0.1628418 -0.087524414 0.98291016
vn -0.1628418 -0.087524414 0.98291016
vn -0.08325195 -0.13781738 0.9868164
vn -0.0982666 -0.15625 0.98291016
vn -0.4284668 0.21777344 0.8769531
vn -0.50341797 0.23718262 0.8310547
vn -0.3461914 0.25146484 0.9038086
vn -0.03555298 -0.19128418 0.98095703
vn -0.03152466 -0.1328125 0.99072266
vn -0.014045715 -0.041870117 0.99902344
vn 0.006614685 -0.21313477 0.9770508
vn -0.09240723 -0.20715332 0.9741211
vn -0.004650116 -0.22692871 0.9741211
vn -0.17687988 -0.24072266 0.95410156
vn -0.43652344 0.3161621 -0.84228516
vn -0.47216797 0.29907227 -0.82910156
vn -0.4831543 0.3557129 -0.7998047
vn -0.47021484 0.26513672 -0.8417969
vn -0.4921875 0.24267578 -0.8359375
vn -0.42626953 0.30688477 -0.8510742
vn -0.37402344 0.37524414 -0.84814453
vn -0.43774414 0.26757812 -0.85839844
vn -0.4873047 0.23815918 -0.84033203
vn -0.3803711 0.26098633 -0.88720703
vn -0.37402344 0.37524414 -0.84814453
vn -0.30615234 0.44384766 -0.84228516
vn -0.30615234 0.44384766 -0.84228516
vn -0.23510742 0.5083008 -0.8286133
vn -0.23510742 0.5083008 -0.8286133
vn -0.1619873 0.5678711 -0.8071289
vn -0.1619873 0.5678711 -0.8071289
vn -0.101135254 0.62109375 -0.77734375
vn -0.09088135 0.6113281 -0.7861328
vn -0.04876709 0.6479492 -0.7602539
vn -0.050201416 0.6196289 -0.7832031
vn -0.042053223 0.5683594 -0.82177734
vn -0.021560669 0.6611328 -0.75
vn -0.084472656 0.6513672 -0.75439453
vn -0.026489258 0.66552734 -0.74609375
vn -0.14489746 0.66308594 -0.734375
vn 0.42822266 -0.29956055 0.85253906
vn 0.4284668 -0.24987793 0.86816406
vn 0.3461914 -0.23425293 0.9086914
vn 0.4807129 -0.25195312 0.83984375
vn 0.50341797 -0.20996094 0.8383789
vn 0.44335938 -0.31323242 0.83984375
vn 0.37329102 -0.37597656 0.84814453
vn 0.4892578 -0.3059082 0.81689453
vn 0.51464844 -0.22033691 0.8286133
vn 0.50878906 -0.3840332 0.7705078
vn 0.37329102 -0.37597656 0.84814453
vn 0.30615234 -0.44384766 0.84228516
vn 0.30615234 -0.44384766 0.84228516
vn 0.23510742 -0.5083008 0.8286133
vn 0.23510742 -0.5083008 0.8286133
vn 0.1628418 -0.5673828 0.8071289
vn 0.1628418 -0.5673828 0.8071289
vn 0.08325195 -0.61279297 0.78564453
vn 0.0982666 -0.62646484 0.7729492
vn 0.03555298 -0.65625 0.75390625
vn 0.09240723 -0.6665039 0.7397461
vn 0.17687988 -0.6855469 0.7060547
vn 0.0046577454 -0.68359375 0.72998047
vn 0.03152466 -0.61035156 0.7915039
vn -0.006614685 -0.67285156 0.7397461
vn 0.014045715 -0.53564453 0.8442383
vn 0.42626953 0.30688477 -0.8510742
vn 0.43774414 0.26757812 -0.85839844
vn 0.3803711 0.26098633 -0.88720703
vn 0.47021484 0.26513672 -0.8417969
vn 0.4873047 0.23815918 -0.84033203
vn 0.43652344 0.3161621 -0.84228516
vn 0.37402344 0.37524414 -0.84814453
vn 0.37402344 0.37524414 -0.84814453
vn 0.30615234 0.44384766 -0.84228516
vn 0.30615234 0.44384766 -0.84228516
vn 0.23510742 0.5083008 -0.8286133
vn 0.23510742 0.5083008 -0.8286133
vn 0.1619873 0.5678711 -0.8071289
vn 0.1619873 0.5678711 -0.8071289
vn 0.101135254 0.62109375 -0.77734375
vn 0.09088135 0.6113281 -0.7861328
vn 0.47216797 0.29907227 -0.82910156
vn 0.4921875 0.24267578 -0.8359375
vn 0.4831543 0.3557129 -0.7998047
vn 0.04876709 0.6479492 -0.7602539
vn 0.084472656 0.6513672 -0.75439453
vn 0.14477539 0.66308594 -0.734375
vn 0.026489258 0.66552734 -0.74609375
vn 0.050201416 0.6196289 -0.7832031
vn 0.021560669 0.6611328 -0.75
vn 0.042053223 0.5683594 -0.82177734
vn -0.44335938 -0.31323242 0.83984375
vn -0.4892578 -0.3059082 0.81689453
vn -0.50878906 -0.3840332 0.7705078
vn -0.4807129 -0.25195312 0.83984375
vn -0.51464844 -0.22033691 0.8286133
vn -0.42822266 -0.29956055 0.85253906
vn -0.37329102 -0.37597656 0.84814453
vn -0.37329102 -0.37597656 0.84814453
vn -0.30615234 -0.44384766 0.84228516
vn -0.30615234 -0.44384766 0.84228516
vn -0.23510742 -0.5083008 0.8286133
vn -0.23510742 -0.5083008 0.8286133
vn -0.1628418 -0.5673828 0.8071289
vn -0.1628418 -0.5673828 0.8071289
vn -0.08325195 -0.61279297 0.78564453
vn -0.0982666 -0.62646484 0.7729492
vn -0.4284668 -0.24987793 0.86816406
vn -0.50341797 -0.20996094 0.8383789
vn -0.3461914 -0.23425293 0.9086914
vn -0.03555298 -0.65625 0.75390625
vn -0.03152466 -0.61035156 0.7915039
vn -0.014045715 -0.53564453 0.8442383
vn 0.0066108704 -0.67285156 0.7397461
vn -0.09240723 -0.6665039 0.7397461
vn -0.0046577454 -0.68359375 0.72998047
vn -0.17687988 -0.6855469 0.7060547
vn -0.43652344 0.6948242 -0.57128906
vn -0.47216797 0.6738281 -0.5683594
vn -0.4831543 0.7080078 -0.5151367
vn -0.47021484 0.6503906 -0.5966797
vn -0.4921875 0.6279297 -0.60253906
vn -0.42626953 0.69140625 -0.5834961
vn -0.37402344 0.74902344 -0.546875
vn -0.43774414 0.66064453 -0.609375
vn -0.4873047 0.62646484 -0.60839844
vn -0.3803711 0.6694336 -0.6376953
vn -0.37402344 0.74902344 -0.546875
vn -0.30615234 0.80566406 -0.5073242
vn -0.30615234 0.80566406 -0.5073242
vn -0.23510742 0.8544922 -0.4633789
vn -0.23510742 0.8544922 -0.4633789
vn -0.1619873 0.89501953 -0.41503906
vn -0.1619873 0.89501953 -0.41503906
vn -0.101135254 0.92626953 -0.36279297
vn -0.09088135 0.9223633 -0.375
vn -0.04876709 0.94091797 -0.33447266
vn -0.050201416 0.92822266 -0.36865234
vn -0.042053223 0.90283203 -0.42749023
vn -0.021560669 0.9472656 -0.3190918
vn -0.084472656 0.94091797 -0.32763672
vn -0.026473999 0.94921875 -0.31323242
vn -0.14477539 0.94140625 -0.3046875
vn 0.42822266 -0.6855469 0.5883789
vn 0.4284668 -0.6503906 0.6269531
vn 0.3461914 -0.65722656 0.6694336
vn 0.4807129 -0.6381836 0.6015625
vn 0.50341797 -0.6010742 0.62109375
vn 0.44335938 -0.69140625 0.5708008
vn 0.37329102 -0.7495117 0.5463867
vn 0.4892578 -0.67333984 0.5541992
vn 0.51464844 -0.60498047 0.6074219
vn 0.50878906 -0.71777344 0.47509766
vn 0.37329102 -0.7495117 0.5463867
vn 0.30615234 -0.80566406 0.5073242
vn 0.30615234 -0.80566406 0.5073242
vn 0.23510742 -0.8544922 0.4633789
vn 0.23510742 -0.8544922 0.4633789
vn 0.1628418 -0.89501953 0.41552734
vn 0.1628418 -0.89501953 0.41552734
vn 0.08325195 -0.9238281 0.37402344
vn 0.0982666 -0.9291992 0.35620117
vn 0.03555298 -0.9453125 0.32470703
vn 0.09240723 -0.9472656 0.3076172
vn 0.17687988 -0.94677734 0.26879883
vn 0.0046577454 -0.95703125 0.29052734
vn 0.03152466 -0.9243164 0.3803711
vn -0.006614685 -0.9526367 0.30395508
vn 0.014045715 -0.88623047 0.46313477
vn 0.42626953 0.69140625 -0.5834961
vn 0.43774414 0.66064453 -0.609375
vn 0.3803711 0.6694336 -0.6376953
vn 0.47021484 0.6503906 -0.5966797
vn 0.4873047 0.62646484 -0.60839844
vn 0.43652344 0.6948242 -0.57128906
vn 0.37402344 0.74902344 -0.546875
vn 0.37402344 0.74902344 -0.546875
vn 0.30615234 0.80566406 -0.5073242
vn 0.30615234 0.80566406 -0.5073242
vn 0.23510742 0.8544922 -0.4633789
vn 0.23510742 0.8544922 -0.4633789
vn 0.1619873 0.89501953 -0.41503906
vn 0.1619873 0.89501953 -0.41503906
vn 0.101135254 0.92626953 -0.36279297
vn 0.09088135 0.9223633 -0.375
vn 0.47216797 0.6738281 -0.5683594
vn 0.4921875 0.6279297 -0.60253906
vn 0.4831543 0.7080078 -0.5151367
vn 0.04876709 0.94091797 -0.33447266
vn 0.084472656 0.94091797 -0.32763672
vn 0.14489746 0.94140625 -0.3046875
vn 0.026489258 0.94921875 -0.31323242
vn 0.050201416 0.92822266 -0.36865234
vn 0.021560669 0.9472656 -0.3190918
vn 0.042053223 0.90283203 -0.42749023
vn -0.44335938 -0.69140625 0.5708008
vn -0.4892578 -0.67333984 0.5541992
vn -0.50878906 -0.71777344 0.47509766
vn -0.4807129 -0.6381836 0.6015625
vn -0.51464844 -0.60498047 0.6074219
vn -0.42822266 -0.6855469 0.5883789
vn -0.37329102 -0.7495117 0.5463867
vn -0.37329102 -0.7495117 0.5463867
vn -0.30615234 -0.80566406 0.5073242
vn -0.30615234 -0.80566406 0.5073242
vn -0.23510742 -0.8544922 0.4633789
vn -0.23510742 -0.8544922 0.4633789
vn -0.1628418 -0.89501953 0.41552734
vn -0.1628418 -0.89501953 0.41552734
vn -0.08325195 -0.9238281 0.37402344
vn -0.0982666 -0.9291992 0.35620117
vn -0.4284668 -0.6503906 0.6269531
vn -0.50341797 -0.6010742 0.62109375
vn -0.3461914 -0.65722656 0.6694336
vn -0.03555298 -0.9453125 0.32470703
vn -0.03152466 -0.9243164 0.3803711
vn -0.014038086 -0.88623047 0.4633789
vn 0.006614685 -0.9526367 0.30395508
vn -0.09240723 -0.9472656 0.3076172
vn -0.0046691895 -0.95703125 0.29052734
vn -0.17687988 -0.94677734 0.26879883
vn -0.43652344 -0.8876953 0.1472168
vn -0.47216797 -0.8676758 0.15563965
vn -0.4831543 -0.87060547 0.092041016
vn -0.47021484 -0.8618164 0.19140625
vn -0.4921875 -0.84521484 0.20788574
vn -0.42626953 -0.8901367 0.15979004
vn -0.37402344 -0.921875 0.099121094
vn -0.43774414 -0.8769531 0.1973877
vn -0.4873047 -0.8466797 0.21386719
vn -0.3803711 -0.8989258 0.2175293
vn -0.37402344 -0.921875 0.099121094
vn -0.30615234 -0.9511719 0.036834717
vn -0.30615234 -0.9511719 0.036834717
vn -0.23510742 -0.9716797 -0.025802612
vn -0.23510742 -0.9716797 -0.025802612
vn -0.1619873 -0.98291016 -0.0881958
vn -0.1619873 -0.98291016 -0.0881958
vn -0.101135254 -0.9838867 -0.14904785
vn -0.09088135 -0.9863281 -0.13647461
vn -0.04876709 -0.9824219 -0.18078613
vn -0.050201416 -0.98828125 -0.14489746
vn -0.042053223 -0.99560547 -0.08135986
vn -0.021560669 -0.97998047 -0.1973877
vn -0.084472656 -0.9790039 -0.18676758
vn -0.026473999 -0.9785156 -0.20336914
vn -0.14477539 -0.96777344 -0.20678711
vn 0.42822266 0.8881836 -0.16687012
vn 0.4284668 0.8769531 -0.21777344
vn 0.3461914 0.9038086 -0.25146484
vn 0.4807129 0.8535156 -0.20178223
vn 0.50341797 0.8310547 -0.23718262
vn 0.44335938 0.88378906 -0.14855957
vn 0.37329102 0.9223633 -0.09844971
vn 0.4892578 0.86035156 -0.14343262
vn 0.51464844 0.8276367 -0.22351074
vn 0.50878906 0.859375 -0.052520752
vn 0.37329102 0.9223633 -0.09844971
vn 0.30615234 0.9511719 -0.036834717
vn 0.30615234 0.9511719 -0.036834717
vn 0.23510742 0.9716797 0.025802612
vn 0.23510742 0.9716797 0.025802612
vn 0.1628418 0.98291016 0.087524414
vn 0.1628418 0.98291016 0.087524414
vn 0.08325195 0.9868164 0.13781738
vn 0.0982666 0.98291016 0.15625
vn 0.03555298 0.98095703 0.19128418
vn 0.09240723 0.9741211 0.20715332
vn 0.17687988 0.95410156 0.24072266
vn 0.0046310425 0.9741211 0.22692871
vn 0.03152466 0.99072266 0.1328125
vn -0.0066070557 0.9770508 0.21313477
vn 0.014038086 0.99902344 0.041870117
vn 0.42626953 -0.8901367 0.15979004
vn 0.43774414 -0.8769531 0.1973877
vn 0.3803711 -0.8989258 0.2175293
vn 0.47021484 -0.8618164 0.19140625
vn 0.4873047 -0.8466797 0.21386719
vn 0.43652344 -0.8876953 0.1472168
vn 0.37402344 -0.921875 0.099121094
vn 0.37402344 -0.921875 0.099121094
vn 0.30615234 -0.9511719 0.036834717
vn 0.30615234 -0.9511719 0.036834717
vn 0.23510742 -0.9716797 -0.025802612
vn 0.23510742 -0.9716797 -0.025802612
vn 0.1619873 -0.98291016 -0.0881958
vn 0.1619873 -0.98291016 -0.0881958
vn 0.101135254 -0.9838867 -0.14904785
vn 0.09088135 -0.9863281 -0.13647461
vn 0.47216797 -0.8676758 0.15563965
vn 0.4921875 -0.84521484 0.20788574
vn 0.4831543 -0.87060547 0.092041016
vn 0.04876709 -0.9824219 -0.18078613
vn 0.084472656 -0.9790039 -0.18676758
vn 0.14477539 -0.96777344 -0.20678711
vn 0.026489258 -0.9785156 -0.20336914
vn 0.050201416 -0.98828125 -0.14489746
vn 0.021560669 -0.97998047 -0.1973877
vn 0.042053223 -0.99560547 -0.08135986
vn -0.44335938 0.88378906 -0.14855957
vn -0.4892578 0.86035156 -0.14343262
vn -0.50878906 0.859375 -0.052520752
vn -0.4807129 0.8535156 -0.20178223
vn -0.51464844 0.8276367 -0.22351074
vn -0.42822266 0.8881836 -0.16687012
vn -0.37329102 0.9223633 -0.09844971
vn -0.37329102 0.9223633 -0.09844971
vn -0.30615234 0.9511719 -0.036834717
vn -0.30615234 0.9511719 -0.036834717
vn -0.23510742 0.9716797 0.025802612
vn -0.23510742 0.9716797 0.025802612
vn -0.1628418 0.98291016 0.087524414
vn -0.1628418 0.98291016 0.087524414
vn -0.08325195 0.9868164 0.13781738
vn -0.0982666 0.98291016 0.15625
vn -0.4284668 0.8769531 -0.21777344
vn -0.50341797 0.8310547 -0.23718262
vn -0.3461914 0.9038086 -0.25146484
vn -0.03555298 0.98095703 0.19128418
vn -0.03152466 0.99072266 0.1328125
vn -0.014045715 0.99902344 0.041870117
vn 0.0066108704 0.9770508 0.21313477
vn -0.09240723 0.9741211 0.20715332
vn -0.0046539307 0.9741211 0.22692871
vn -0.17687988 0.95410156 0.24072266
vn -0.43652344 -0.6948242 0.57128906
vn -0.47216797 -0.6738281 0.5683594
vn -0.4831543 -0.7080078 0.5151367
vn -0.47021484 -0.6503906 0.5966797
vn -0.4921875 -0.6279297 0.60253906
vn -0.42626953 -0.69140625 0.5834961
vn -0.37402344 -0.74902344 0.546875
vn -0.43774414 -0.66064453 0.609375
vn -0.4873047 -0.62646484 0.60839844
vn -0.3803711 -0.6694336 0.6376953
vn -0.37402344 -0.74902344 0.546875
vn -0.30615234 -0.80566406 0.5073242
vn -0.30615234 -0.80566406 0.5073242
vn -0.23510742 -0.8544922 0.4633789
vn -0.23510742 -0.8544922 0.4633789
vn -0.1619873 -0.89501953 0.41503906
vn -0.1619873 -0.89501953 0.41503906
vn -0.101135254 -0.92626953 0.36279297
vn -0.09088135 -0.9223633 0.375
vn -0.04876709 -0.94091797 0.33447266
vn -0.050201416 -0.92822266 0.36865234
vn -0.042053223 -0.90283203 0.42749023
vn -0.021575928 -0.9472656 0.3190918
vn -0.084472656 -0.94091797 0.32763672
vn -0.026473999 -0.94921875 0.31323242
vn -0.14489746 -0.94140625 0.3046875
vn 0.42822266 0.6855469 -0.5883789
vn 0.4284668 0.6503906 -0.6269531
vn 0.3461914 0.65722656 -0.6694336
vn 0.4807129 0.6381836 -0.6015625
vn 0.50341797 0.6010742 -0.62109375
vn 0.44335938 0.69140625 -0.5708008
vn 0.37329102 0.7495117 -0.5463867
vn 0.4892578 0.67333984 -0.5541992
vn 0.51464844 0.60498047 -0.6074219
vn 0.50878906 0.71777344 -0.47509766
vn 0.37329102 0.7495117 -0.5463867
vn 0.30615234 0.80566406 -0.5073242
vn 0.30615234 0.80566406 -0.5073242
vn 0.23510742 0.8544922 -0.4633789
vn 0.23510742 0.8544922 -0.4633789
vn 0.1628418 0.89501953 -0.41552734
vn 0.1628418 0.89501953 -0.41552734
vn 0.08325195 0.9238281 -0.37402344
vn 0.0982666 0.9291992 -0.35620117
vn 0.03555298 0.9453125 -0.32470703
vn 0.09240723 0.9472656 -0.3076172
vn 0.17687988 0.94677734 -0.26879883
vn 0.0046577454 0.95703125 -0.29052734
vn 0.03152466 0.9243164 -0.3803711
vn -0.006614685 0.9526367 -0.30395508
vn 0.014045715 0.88623047 -0.46313477
vn 0.42626953 -0.69140625 0.5834961
vn 0.43774414 -0.66064453 0.609375
vn 0.3803711 -0.6694336 0.6376953
vn 0.47021484 -0.6503906 0.5966797
vn 0.4873047 -0.62646484 0.60839844
vn 0.43652344 -0.6948242 0.57128906
vn 0.37402344 -0.74902344 0.546875
vn 0.37402344 -0.74902344 0.546875
vn 0.30615234 -0.80566406 0.5073242
vn 0.30615234 -0.80566406 0.5073242
vn 0.23510742 -0.8544922 0.4633789
vn 0.23510742 -0.8544922 0.4633789
vn 0.1619873 -0.89501953 0.41503906
vn 0.1619873 -0.89501953 0.41503906
vn 0.101135254 -0.92626953 0.36279297
vn 0.09088135 -0.9223633 0.375
vn 0.47216797 -0.6738281 0.5683594
vn 0.4921875 -0.6279297 0.60253906
vn 0.4831543 -0.7080078 0.5151367
vn 0.04876709 -0.94091797 0.33447266
vn 0.084472656 -0.94091797 0.32763672
vn 0.14477539 -0.94140625 0.3046875
vn 0.026489258 -0.94921875 0.31323242
vn 0.050201416 -0.92822266 0.36865234
vn 0.021575928 -0.9472656 0.3190918
vn 0.042053223 -0.90283203 0.42749023
vn -0.44335938 0.69140625 -0.5708008
vn -0.4892578 0.67333984 -0.5541992
vn -0.50878906 0.71777344 -0.47509766
vn -0.4807129 0.6381836 -0.6015625
vn -0.51464844 0.60498047 -0.6074219
vn -0.42822266 0.6855469 -0.5883789
vn -0.37329102 0.7495117 -0.5463867
vn -0.37329102 0.7495117 -0.5463867
vn -0.30615234 0.80566406 -0.5073242
vn -0.30615234 0.80566406 -0.5073242
vn -0.23510742 0.8544922 -0.4633789
vn -0.23510742 0.8544922 -0.4633789
vn -0.1628418 0.89501953 -0.41552734
vn -0.1628418 0.89501953 -0.41552734
vn -0.08325195 0.9238281 -0.37402344
vn -0.0982666 0.9291992 -0.35620117
vn -0.4284668 0.6503906 -0.6269531
vn -0.50341797 0.6010742 -0.62109375
vn -0.3461914 0.65722656 -0.6694336
vn -0.03555298 0.9453125 -0.32470703
vn -0.03152466 0.9243164 -0.3803711
vn -0.014045715 0.88623047 -0.46313477
vn 0.0066108704 0.9526367 -0.30395508
vn -0.09240723 0.9472656 -0.3076172
vn -0.0046691895 0.95703125 -0.29052734
vn -0.17687988 0.94677734 -0.26879883
vn -0.43652344 -0.3161621 0.84228516
vn -0.47216797 -0.29907227 0.82910156
vn -0.4831543 -0.3557129 0.7998047
vn -0.47021484 -0.26513672 0.8417969
vn -0.4921875 -0.24267578 0.8359375
vn -0.42626953 -0.30688477 0.8510742
vn -0.37402344 -0.37524414 0.84814453
vn -0.43774414 -0.26757812 0.85839844
vn -0.4873047 -0.23815918 0.84033203
vn -0.3803711 -0.26098633 0.88720703
vn -0.37402344 -0.37524414 0.84814453
vn -0.30615234 -0.44384766 0.84228516
vn -0.30615234 -0.44384766 0.84228516
vn -0.23510742 -0.5083008 0.8286133
vn -0.23510742 -0.5083008 0.8286133
vn -0.1619873 -0.5678711 0.8071289
vn -0.1619873 -0.5678711 0.8071289
vn -0.101135254 -0.62109375 0.77734375
vn -0.09088135 -0.6113281 0.7861328
vn -0.04876709 -0.6479492 0.7602539
vn -0.050201416 -0.6196289 0.7832031
vn -0.042053223 -0.5683594 0.82177734
vn -0.021560669 -0.6611328 0.75
vn -0.084472656 -0.6513672 0.75439453
vn -0.026489258 -0.66552734 0.74609375
vn -0.14477539 -0.66308594 0.734375
vn 0.42822266 0.29956055 -0.85253906
vn 0.4284668 0.24987793 -0.86816406
vn 0.3461914 0.23425293 -0.9086914
vn 0.4807129 0.25195312 -0.83984375
vn 0.50341797 0.20996094 -0.8383789
vn 0.44335938 0.31323242 -0.83984375
vn 0.37329102 0.37597656 -0.84814453
vn 0.4892578 0.3059082 -0.81689453
vn 0.51464844 0.22033691 -0.8286133
vn 0.50878906 0.3840332 -0.7705078
vn 0.37329102 0.37597656 -0.84814453
vn 0.30615234 0.44384766 -0.84228516
vn 0.30615234 0.44384766 -0.84228516
vn 0.23510742 0.5083008 -0.8286133
vn 0.23510742 0.5083008 -0.8286133
vn 0.1628418 0.5673828 -0.8071289
vn 0.1628418 0.5673828 -0.8071289
vn 0.08325195 0.61279297 -0.78564453
vn 0.0982666 0.62646484 -0.7729492
vn 0.03555298 0.65625 -0.75390625
vn 0.09240723 0.6665039 -0.7397461
vn 0.17687988 0.6855469 -0.7060547
vn 0.0046577454 0.68359375 -0.72998047
vn 0.03152466 0.61035156 -0.7915039
vn -0.006614685 0.67285156 -0.7397461
vn 0.014045715 0.53564453 -0.8442383
vn 0.42626953 -0.30688477 0.8510742
vn 0.43774414 -0.26757812 0.85839844
vn 0.3803711 -0.26098633 0.88720703
vn 0.47021484 -0.26513672 0.8417969
vn 0.4873047 -0.23815918 0.84033203
vn 0.43652344 -0.3161621 0.84228516
vn 0.37402344 -0.37524414 0.84814453
vn 0.37402344 -0.37524414 0.84814453
vn 0.30615234 -0.44384766 0.84228516
vn 0.30615234 -0.44384766 0.84228516
vn 0.23510742 -0.5083008 0.8286133
vn 0.23510742 -0.5083008 0.8286133
vn 0.1619873 -0.5678711 0.8071289
vn 0.1619873 -0.5678711 0.8071289
vn 0.101135254 -0.62109375 0.77734375
vn 0.09088135 -0.6113281 0.7861328
vn 0.47216797 -0.29907227 0.82910156
vn 0.4921875 -0.24267578 0.8359375
vn 0.4831543 -0.3557129 0.7998047
vn 0.04876709 -0.6479492 0.7602539
vn 0.084472656 -0.6513672 0.75439453
vn 0.14477539 -0.66308594 0.734375
vn 0.026489258 -0.66552734 0.74609375
vn 0.050201416 -0.6196289 0.7832031
vn 0.021575928 -0.6611328 0.75
vn 0.042053223 -0.5683594 0.82177734
vn -0.44335938 0.31323242 -0.83984375
vn -0.4892578 0.3059082 -0.81689453
vn -0.50878906 0.3840332 -0.7705078
vn -0.4807129 0.25195312 -0.83984375
vn -0.51464844 0.22033691 -0.8286133
vn -0.42822266 0.29956055 -0.85253906
vn -0.37329102 0.37597656 -0.84814453
vn -0.37329102 0.37597656 -0.84814453
vn -0.30615234 0.44384766 -0.84228516
vn -0.30615234 0.44384766 -0.84228516
vn -0.23510742 0.5083008 -0.8286133
vn -0.23510742 0.5083008 -0.8286133
vn -0.1628418 0.5673828 -0.8071289
vn -0.1628418 0.5673828 -0.8071289
vn -0.08325195 0.61279297 -0.78564453
vn -0.0982666 0.62646484 -0.7729492
vn -0.4284668 0.24987793 -0.86816406
vn -0.50341797 0.21008301 -0.8383789
vn -0.3461914 0.23425293 -0.9086914
vn -0.03555298 0.65625 -0.75390625
vn -0.03152466 0.61035156 -0.7915039
vn -0.014045715 0.53564453 -0.8442383
vn 0.0066184998 0.67285156 -0.7397461
vn -0.09240723 0.6665039 -0.7397461
vn -0.0046463013 0.68359375 -0.72998047
vn -0.17687988 0.6855469 -0.7060547
vn -0.43652344 0.1472168 0.8876953
vn -0.47216797 0.15563965 0.8676758
vn -0.4831543 0.092041016 0.87060547
vn -0.47021484 0.19140625 0.8618164
vn -0.4921875 0.20788574 0.84521484
vn -0.42626953 0.15979004 0.8901367
vn -0.37402344 0.099121094 0.921875
vn -0.43774414 0.1973877 0.8769531
vn -0.4873047 0.21386719 0.8466797
vn -0.3803711 0.2175293 0.8989258
vn -0.37402344 0.099121094 0.921875
vn -0.30615234 0.036834717 0.9511719
vn -0.30615234 0.036834717 0.9511719
vn -0.23510742 -0.025802612 0.9716797
vn -0.23510742 -0.025802612 0.9716797
vn -0.1619873 -0.0881958 0.98291016
vn -0.1619873 -0.0881958 0.98291016
vn -0.101135254 -0.14904785 0.9838867
vn -0.09088135 -0.13647461 0.9863281
vn -0.04876709 -0.18078613 0.9824219
vn -0.050201416 -0.14489746 0.98828125
vn -0.042053223 -0.08135986 0.99560547
vn -0.021575928 -0.1973877 0.97998047
vn -0.084472656 -0.18676758 0.9790039
vn -0.026489258 -0.20336914 0.9785156
vn -0.14477539 -0.20678711 0.96777344
vn 0.42822266 -0.16687012 -0.8881836
vn 0.4284668 -0.21777344 -0.8769531
vn 0.3461914 -0.25146484 -0.9038086
vn 0.4807129 -0.20178223 -0.8535156
vn 0.50341797 -0.23718262 -0.8310547
vn 0.44335938 -0.14855957 -0.88378906
vn 0.37329102 -0.09844971 -0.9223633
vn 0.4892578 -0.14343262 -0.86035156
vn 0.51464844 -0.22351074 -0.8276367
vn 0.50878906 -0.052520752 -0.859375
vn 0.37329102 -0.09844971 -0.9223633
vn 0.30615234 -0.036834717 -0.9511719
vn 0.30615234 -0.036834717 -0.9511719
vn 0.23510742 0.025802612 -0.9716797
vn 0.23510742 0.025802612 -0.9716797
vn 0.1628418 0.087524414 -0.98291016
vn 0.1628418 0.087524414 -0.98291016
vn 0.08325195 0.13781738 -0.9868164
vn 0.0982666 0.15625 -0.98291016
vn 0.03555298 0.19128418 -0.98095703
vn 0.09240723 0.20715332 -0.9741211
vn 0.17687988 0.24072266 -0.95410156
vn 0.004638672 0.22692871 -0.9741211
vn 0.03152466 0.1328125 -0.99072266
vn -0.0066108704 0.21313477 -0.9770508
vn 0.014045715 0.041870117 -0.99902344
vn 0.42626953 0.15979004 0.8901367
vn 0.43774414 0.1973877 0.8769531
vn 0.3803711 0.2175293 0.8989258
vn 0.47021484 0.19140625 0.8618164
vn 0.4873047 0.21386719 0.8466797
vn 0.43652344 0.1472168 0.8876953
vn 0.37402344 0.099121094 0.921875
vn 0.37402344 0.099121094 0.921875
vn 0.30615234 0.036834717 0.9511719
vn 0.30615234 0.036834717 0.9511719
vn 0.23510742 -0.025802612 0.9716797
vn 0.23510742 -0.025802612 0.9716797
vn 0.1619873 -0.0881958 0.98291016
vn 0.1619873 -0.0881958 0.98291016
vn 0.101135254 -0.14904785 0.9838867
vn 0.09088135 -0.13647461 0.9863281
vn 0.47216797 0.15563965 0.8676758
vn 0.4921875 0.20788574 0.84521484
vn 0.4831543 0.092041016 0.87060547
vn 0.04876709 -0.18078613 0.9824219
vn 0.084472656 -0.18676758 0.9790039
vn 0.14489746 -0.20678711 0.96777344
vn 0.026489258 -0.20336914 0.9785156
vn 0.050201416 -0.14489746 0.98828125
vn 0.021560669 -0.1973877 0.97998047
vn 0.042053223 -0.08129883 0.99560547
vn -0.44335938 -0.14855957 -0.88378906
vn -0.4892578 -0.14343262 -0.86035156
vn -0.50878906 -0.052520752 -0.859375
vn -0.4807129 -0.20178223 -0.8535156
vn -0.51464844 -0.22351074 -0.8276367
vn -0.42822266 -0.16687012 -0.8881836
vn -0.37329102 -0.09844971 -0.9223633
vn -0.37329102 -0.09844971 -0.9223633
vn -0.30615234 -0.036834717 -0.9511719
vn -0.30615234 -0.036834717 -0.9511719
vn -0.23510742 0.025802612 -0.9716797
vn -0.23510742 0.025802612 -0.9716797
vn -0.1628418 0.087524414 -0.98291016
vn -0.1628418 0.087524414 -0.98291016
vn -0.08325195 0.13781738 -0.9868164
vn -0.0982666 0.15625 -0.98291016
vn -0.4284668 -0.21777344 -0.8769531
vn -0.50341797 -0.23718262 -0.8310547
vn -0.3461914 -0.25146484 -0.9038086
vn -0.03555298 0.19128418 -0.98095703
vn -0.03152466 0.1328125 -0.99072266
vn -0.014045715 0.041900635 -0.99902344
vn 0.0066070557 0.21313477 -0.9770508
vn -0.09240723 0.20715332 -0.9741211
vn -0.0046691895 0.22692871 -0.9741211
vn -0.17687988 0.24072266 -0.95410156
vn -0.43652344 0.57128906 0.6948242
vn -0.47216797 0.5683594 0.6738281
vn -0.4831543 0.5151367 0.7080078
vn -0.47021484 0.5966797 0.6503906
vn -0.4921875 0.60253906 0.6279297
vn -0.42626953 0.5834961 0.69140625
vn -0.37402344 0.546875 0.74902344
vn -0.43774414 0.609375 0.66064453
vn -0.4873047 0.60839844 0.62646484
vn -0.3803711 0.6376953 0.6694336
vn -0.37402344 0.546875 0.74902344
vn -0.30615234 0.5073242 0.80566406
vn -0.30615234 0.5073242 0.80566406
vn -0.23510742 0.4633789 0.8544922
vn -0.23510742 0.4633789 0.8544922
vn -0.1619873 0.41503906 0.89501953
vn -0.1619873 0.41503906 0.89501953
vn -0.101135254 0.36279297 0.92626953
vn -0.09088135 0.375 0.9223633
vn -0.04876709 0.33447266 0.94091797
vn -0.050201416 0.36865234 0.92822266
vn -0.042053223 0.42749023 0.90283203
vn -0.021560669 0.3190918 0.9472656
vn -0.084472656 0.32763672 0.94091797
vn -0.026489258 0.31323242 0.94921875
vn -0.14477539 0.3046875 0.94140625
vn 0.42822266 -0.5883789 -0.6855469
vn 0.4284668 -0.6269531 -0.6503906
vn 0.3461914 -0.6694336 -0.65722656
vn 0.4807129 -0.6015625 -0.6381836
vn 0.50341797 -0.62109375 -0.6010742
vn 0.44335938 -0.5708008 -0.69140625
vn 0.37329102 -0.5463867 -0.7495117
vn 0.4892578 -0.5541992 -0.67333984
vn 0.51464844 -0.6074219 -0.60498047
vn 0.50878906 -0.47509766 -0.71777344
vn 0.37329102 -0.5463867 -0.7495117
vn 0.30615234 -0.5073242 -0.80566406
vn 0.30615234 -0.5073242 -0.80566406
vn 0.23510742 -0.4633789 -0.8544922
vn 0.23510742 -0.4633789 -0.8544922
vn 0.1628418 -0.41552734 -0.89501953
vn 0.1628418 -0.41552734 -0.89501953
vn 0.08325195 -0.37402344 -0.9238281
vn 0.0982666 -0.35620117 -0.9291992
vn 0.03555298 -0.32470703 -0.9453125
vn 0.09240723 -0.3076172 -0.9472656
vn 0.17687988 -0.26879883 -0.94677734
vn 0.0046577454 -0.29052734 -0.95703125
vn 0.03152466 -0.3803711 -0.9243164
vn -0.006614685 -0.30395508 -0.9526367
vn 0.014045715 -0.46313477 -0.88623047
vn 0.42626953 0.5834961 0.69140625
vn 0.43774414 0.609375 0.66064453
vn 0.3803711 0.6376953 0.6694336
vn 0.47021484 0.5966797 0.6503906
vn 0.4873047 0.60839844 0.62646484
vn 0.43652344 0.57128906 0.6948242
vn 0.37402344 0.546875 0.74902344
vn 0.37402344 0.546875 0.74902344
vn 0.30615234 0.5073242 0.80566406
vn 0.30615234 0.5073242 0.80566406
vn 0.23510742 0.4633789 0.8544922
vn 0.23510742 0.4633789 0.8544922
vn 0.1619873 0.41503906 0.89501953
vn 0.1619873 0.41503906 0.89501953
vn 0.101135254 0.36279297 0.92626953
vn 0.09088135 0.375 0.9223633
vn 0.47216797 0.5683594 0.6738281
vn 0.4921875 0.60253906 0.6279297
vn 0.4831543 0.5151367 0.7080078
vn 0.04876709 0.33447266 0.94091797
vn 0.084472656 0.32763672 0.94091797
vn 0.14489746 0.3046875 0.94140625
vn 0.026489258 0.31323242 0.94921875
vn 0.050201416 0.36865234 0.92822266
vn 0.021560669 0.3190918 0.9472656
vn 0.042053223 0.42749023 0.90283203
vn -0.44335938 -0.5708008 -0.69140625
vn -0.4892578 -0.5541992 -0.67333984
vn -0.50878906 -0.47509766 -0.71777344
vn -0.4807129 -0.6015625 -0.6381836
vn -0.51464844 -0.6074219 -0.60498047
vn -0.42822266 -0.5883789 -0.6855469
vn -0.37329102 -0.5463867 -0.7495117
vn -0.37329102 -0.5463867 -0.7495117
vn -0.30615234 -0.5073242 -0.80566406
vn -0.30615234 -0.5073242 -0.80566406
vn -0.23510742 -0.4633789 -0.8544922
vn -0.23510742 -0.4633789 -0.8544922
vn -0.1628418 -0.41552734 -0.89501953
vn -0.1628418 -0.41552734 -0.89501953
vn -0.08325195 -0.37402344 -0.9238281
vn -0.0982666 -0.35620117 -0.9291992
vn -0.4284668 -0.6269531 -0.6503906
vn -0.50341797 -0.62109375 -0.6010742
vn -0.3461914 -0.6694336 -0.65722656
vn -0.03555298 -0.32470703 -0.9453125
vn -0.03152466 -0.3803711 -0.9243164
vn -0.014045715 -0.46313477 -0.88623047
vn 0.0066070557 -0.30395508 -0.9526367
vn -0.09240723 -0.3076172 -0.9472656
vn -0.004638672 -0.29052734 -0.95703125
vn -0.17687988 -0.2685547 -0.94677734
vn -0.43652344 0.84228516 0.3161621
vn -0.47216797 0.82910156 0.29907227
vn -0.4831543 0.7998047 0.3557129
vn -0.47021484 0.8417969 0.26513672
vn -0.4921875 0.8359375 0.24267578
vn -0.42626953 0.8510742 0.30688477
vn -0.37402344 0.84814453 0.37524414
vn -0.43774414 0.85839844 0.26757812
vn -0.4873047 0.84033203 0.23815918
vn -0.3803711 0.88720703 0.26098633
vn -0.37402344 0.84814453 0.37524414
vn -0.30615234 0.84228516 0.44384766
vn -0.30615234 0.84228516 0.44384766
vn -0.23510742 0.8286133 0.5083008
vn -0.23510742 0.8286133 0.5083008
vn -0.1619873 0.8071289 0.5678711
vn -0.1619873 0.8071289 0.5678711
vn -0.101135254 0.77734375 0.62109375
vn -0.09088135 0.7861328 0.6113281
vn -0.04876709 0.7602539 0.6479492
vn -0.050201416 0.7832031 0.6196289
vn -0.042053223 0.82177734 0.5683594
vn -0.021560669 0.75 0.6611328
vn -0.084472656 0.75439453 0.6513672
vn -0.026473999 0.74609375 0.66552734
vn -0.14477539 0.734375 0.66308594
vn 0.42822266 -0.85253906 -0.29956055
vn 0.4284668 -0.86816406 -0.24987793
vn 0.3461914 -0.9086914 -0.23425293
vn 0.4807129 -0.83984375 -0.25195312
vn 0.50341797 -0.8383789 -0.20996094
vn 0.44335938 -0.83984375 -0.31323242
vn 0.37329102 -0.84814453 -0.37597656
vn 0.4892578 -0.81689453 -0.3059082
vn 0.51464844 -0.8286133 -0.22033691
vn 0.50878906 -0.7705078 -0.3840332
vn 0.37329102 -0.84814453 -0.37597656
vn 0.30615234 -0.84228516 -0.44384766
vn 0.30615234 -0.84228516 -0.44384766
vn 0.23510742 -0.8286133 -0.5083008
vn 0.23510742 -0.8286133 -0.5083008
vn 0.1628418 -0.8071289 -0.5673828
vn 0.1628418 -0.8071289 -0.5673828
vn 0.08325195 -0.78564453 -0.61279297
vn 0.0982666 -0.7729492 -0.62646484
vn 0.03555298 -0.75390625 -0.65625
vn 0.09240723 -0.7397461 -0.6665039
vn 0.17687988 -0.7060547 -0.6855469
vn 0.00466156 -0.72998047 -0.68359375
vn 0.03152466 -0.7915039 -0.61035156
vn -0.006614685 -0.7397461 -0.67285156
vn 0.014045715 -0.8442383 -0.53564453
vn 0.42626953 0.8510742 0.30688477
vn 0.43774414 0.85839844 0.26757812
vn 0.3803711 0.88720703 0.26098633
vn 0.47021484 0.8417969 0.26513672
vn 0.4873047 0.84033203 0.23815918
vn 0.43652344 0.84228516 0.3161621
vn 0.37402344 0.84814453 0.37524414
vn 0.37402344 0.84814453 0.37524414
vn 0.30615234 0.84228516 0.44384766
vn 0.30615234 0.84228516 0.44384766
vn 0.23510742 0.8286133 0.5083008
vn 0.23510742 0.8286133 0.5083008
vn 0.1619873 0.8071289 0.5678711
vn 0.1619873 0.8071289 0.5678711
vn 0.101135254 0.77734375 0.62109375
vn 0.09088135 0.7861328 0.6113281
vn 0.47216797 0.82910156 0.29907227
vn 0.4921875 0.8359375 0.24267578
vn 0.4831543 0.7998047 0.3557129
vn 0.04876709 0.7602539 0.6479492
vn 0.084472656 0.75439453 0.6513672
vn 0.14489746 0.734375 0.66308594
vn 0.026489258 0.74609375 0.66552734
vn 0.050201416 0.7832031 0.6196289
vn 0.021560669 0.75 0.6611328
vn 0.042053223 0.82177734 0.5683594
vn -0.44335938 -0.83984375 -0.31323242
vn -0.4892578 -0.81689453 -0.3059082
vn -0.50878906 -0.7705078 -0.3840332
vn -0.4807129 -0.83984375 -0.25195312
vn -0.51464844 -0.8286133 -0.22033691
vn -0.42822266 -0.85253906 -0.29956055
vn -0.37329102 -0.84814453 -0.37597656
vn -0.37329102 -0.84814453 -0.37597656
vn -0.30615234 -0.84228516 -0.44384766
vn -0.30615234 -0.84228516 -0.44384766
vn -0.23510742 -0.8286133 -0.5083008
vn -0.23510742 -0.8286133 -0.5083008
vn -0.1628418 -0.8071289 -0.5673828
vn -0.1628418 -0.8071289 -0.5673828
vn -0.08325195 -0.78564453 -0.61279297
vn -0.0982666 -0.7729492 -0.62646484
vn -0.4284668 -0.86816406 -0.24987793
vn -0.50341797 -0.8383789 -0.20996094
vn -0.3461914 -0.9086914 -0.23425293
vn -0.03555298 -0.75390625 -0.65625
vn -0.03152466 -0.7915039 -0.61035156
vn -0.014045715 -0.8442383 -0.53564453
vn 0.0066108704 -0.7397461 -0.67285156
vn -0.09240723 -0.7397461 -0.6665039
vn -0.00466156 -0.72998047 -0.68359375
vn -0.17687988 -0.7060547 -0.6855469
vn -0.43652344 0.8876953 -0.1472168
vn -0.47216797 0.8676758 -0.15563965
vn -0.4831543 0.87060547 -0.092041016
vn -0.47021484 0.8618164 -0.19140625
vn -0.4921875 0.84521484 -0.20788574
vn -0.42626953 0.8901367 -0.15979004
vn -0.37402344 0.921875 -0.099121094
vn -0.43774414 0.8769531 -0.1973877
vn -0.4873047 0.8466797 -0.21386719
vn -0.3803711 0.8989258 -0.2175293
vn -0.37402344 0.921875 -0.099121094
vn -0.30615234 0.9511719 -0.036834717
vn -0.30615234 0.9511719 -0.036834717
vn -0.23510742 0.9716797 0.025802612
vn -0.23510742 0.9716797 0.025802612
vn -0.1619873 0.98291016 0.0881958
vn -0.1619873 0.98291016 0.0881958
vn -0.101135254 0.9838867 0.14904785
vn -0.09088135 0.9863281 0.13647461
vn -0.04876709 0.9824219 0.18078613
vn -0.050201416 0.98828125 0.14489746
vn -0.042053223 0.99560547 0.08135986
vn -0.021560669 0.97998047 0.1973877
vn -0.084472656 0.9790039 0.18676758
vn -0.026489258 0.9785156 0.20336914
vn -0.14477539 0.96777344 0.20678711
vn 0.42822266 -0.8881836 0.16687012
vn 0.4284668 -0.8769531 0.21777344
vn 0.3461914 -0.9038086 0.25146484
vn 0.4807129 -0.8535156 0.20178223
vn 0.50341797 -0.8310547 0.23718262
vn 0.44335938 -0.88378906 0.14855957
vn 0.37329102 -0.9223633 0.09844971
vn 0.4892578 -0.86035156 0.14343262
vn 0.51464844 -0.8276367 0.22351074
vn 0.50878906 -0.859375 0.052520752
vn 0.37329102 -0.9223633 0.09844971
vn 0.30615234 -0.9511719 0.036834717
vn 0.30615234 -0.9511719 0.036834717
vn 0.23510742 -0.9716797 -0.025802612
vn 0.23510742 -0.9716797 -0.025802612
vn 0.1628418 -0.98291016 -0.087524414
vn 0.1628418 -0.98291016 -0.087524414
vn 0.08325195 -0.9868164 -0.13781738
vn 0.0982666 -0.98291016 -0.15625
vn 0.03555298 -0.98095703 -0.19128418
vn 0.09240723 -0.9741211 -0.20715332
vn 0.17687988 -0.95410156 -0.24072266
vn 0.004638672 -0.9741211 -0.22692871
vn 0.03152466 -0.99072266 -0.1328125
vn -0.0066108704 -0.9770508 -0.21313477
vn 0.014045715 -0.99902344 -0.041870117
vn 0.42626953 0.8901367 -0.15979004
vn 0.43774414 0.8769531 -0.1973877
vn 0.3803711 0.8989258 -0.2175293
vn 0.47021484 0.8618164 -0.19140625
vn 0.4873047 0.8466797 -0.21386719
vn 0.43652344 0.8876953 -0.1472168
vn 0.37402344 0.921875 -0.099121094
vn 0.37402344 0.921875 -0.099121094
vn 0.30615234 0.9511719 -0.036834717
vn 0.30615234 0.9511719 -0.036834717
vn 0.23510742 0.9716797 0.025802612
vn 0.23510742 0.9716797 0.025802612
vn 0.1619873 0.98291016 0.0881958
vn 0.1619873 0.98291016 0.0881958
vn 0.101135254 0.9838867 0.14904785
vn 0.09088135 0.9863281 0.13647461
vn 0.47216797 0.8676758 -0.15563965
vn 0.4921875 0.84521484 -0.20788574
vn 0.4831543 0.87060547 -0.092041016
vn 0.04876709 0.9824219 0.18078613
vn 0.084472656 0.9790039 0.18676758
vn 0.14477539 0.96777344 0.20678711
vn 0.026489258 0.9785156 0.20336914
vn 0.050201416 0.98828125 0.14489746
vn 0.021560669 0.97998047 0.1973877
vn 0.042053223 0.99560547 0.08129883
vn -0.44335938 -0.88378906 0.14855957
vn -0.4892578 -0.86035156 0.14343262
vn -0.50878906 -0.859375 0.052520752
vn -0.4807129 -0.8535156 0.20178223
vn -0.51464844 -0.8276367 0.22351074
vn -0.42822266 -0.8881836 0.16687012
vn -0.37329102 -0.9223633 0.09844971
vn -0.37329102 -0.9223633 0.09844971
vn -0.30615234 -0.9511719 0.036834717
vn -0.30615234 -0.9511719 0.036834717
vn -0.23510742 -0.9716797 -0.025802612
vn -0.23510742 -0.9716797 -0.025802612
vn -0.1628418 -0.98291016 -0.087524414
vn -0.1628418 -0.98291016 -0.087524414
vn -0.08325195 -0.9868164 -0.13781738
vn -0.0982666 -0.98291016 -0.15625
vn -0.4284668 -0.8769531 0.21777344
vn -0.50341797 -0.8310547 0.23718262
vn -0.3461914 -0.9038086 0.25146484
vn -0.03555298 -0.98095703 -0.19128418
vn -0.03152466 -0.99072266 -0.1328125
vn -0.014045715 -0.99902344 -0.041900635
vn 0.0066070557 -0.9770508 -0.21313477
vn -0.09240723 -0.9741211 -0.20715332
vn -0.0046539307 -0.9741211 -0.22692871
vn -0.17687988 -0.95410156 -0.24072266
vn 0.038391113 0.37329102 0.9267578
vn 0.038391113 0.37329102 0.9267578
vn 0.038391113 0.37329102 0.9267578
vn 0.020431519 0.37548828 0.9267578
vn 0.03918457 0.3564453 0.93359375
vn 0.03918457 0.3564453 0.93359375
vn 0.03918457 0.3564453 0.93359375
vn 0.059417725 0.36035156 0.93115234
vn 0.2709961 0.48608398 0.8310547
vn 0.2709961 0.48608398 0.8310547
vn 0.2709961 0.48608398 0.8310547
vn 0.2709961 0.48608398 0.8310547
vn 0.34057617 0.52783203 0.7783203
vn 0.34057617 0.52783203 0.7783203
vn 0.34057617 0.52783203 0.7783203
vn 0.34057617 0.52783203 0.7783203
vn 0.48291016 0.5620117 0.671875
vn 0.48291016 0.5620117 0.671875
vn 0.48291016 0.5620117 0.671875
vn 0.49853516 0.55566406 0.66503906
vn 0.4807129 0.5761719 0.66064453
vn 0.4807129 0.5761719 0.66064453
vn 0.4807129 0.5761719 0.66064453
vn 0.4633789 0.5776367 0.6723633
vn 0.2709961 0.48608398 0.8310547
vn 0.2709961 0.48608398 0.8310547
vn 0.2709961 0.48608398 0.8310547
vn 0.2709961 0.48608398 0.8310547
vn 0.19885254 0.43969727 0.87597656
vn 0.19885254 0.43969727 0.87597656
vn 0.19885254 0.43969727 0.87597656
vn 0.19885254 0.43969727 0.87597656
vn -0.06915283 0.32055664 0.9448242
vn -0.06915283 0.32055664 0.9448242
vn -0.06915283 0.32055664 0.9448242
vn -0.07800293 0.33813477 0.9379883
vn -0.19885254 0.43969727 0.87597656
vn -0.19885254 0.43969727 0.87597656
vn -0.19885254 0.43969727 0.87597656
vn -0.19885254 0.43969727 0.87597656
vn -0.2709961 0.48608398 0.8310547
vn -0.2709961 0.48608398 0.8310547
vn -0.2709961 0.48608398 0.8310547
vn -0.2709961 0.48608398 0.8310547
vn -0.4831543 0.56152344 0.6713867
vn -0.4831543 0.56152344 0.6713867
vn -0.4831543 0.56152344 0.6713867
vn -0.5024414 0.5541992 0.6635742
vn -0.4506836 0.6123047 0.64990234
vn -0.4506836 0.6123047 0.64990234
vn -0.4506836 0.6123047 0.64990234
vn -0.44458008 0.5996094 0.66503906
vn -0.34057617 0.52783203 0.7783203
vn -0.34057617 0.52783203 0.7783203
vn -0.34057617 0.52783203 0.7783203
vn -0.34057617 0.52783203 0.7783203
vn -0.2709961 0.48608398 0.8310547
vn -0.2709961 0.48608398 0.8310547
vn -0.2709961 0.48608398 0.8310547
vn -0.2709961 0.48608398 0.8310547
vn -0.037994385 0.37353516 0.9267578
vn -0.037994385 0.37353516 0.9267578
vn -0.037994385 0.37353516 0.9267578
vn -0.01625061 0.37597656 0.92626953
vn 0.03918457 0.7753906 0.6303711
vn 0.03918457 0.7753906 0.6303711
vn 0.03918457 0.7753906 0.6303711
vn 0.059417725 0.77734375 0.62597656
vn 0.34057617 0.8461914 0.4099121
vn 0.34057617 0.8461914 0.4099121
vn 0.34057617 0.8461914 0.4099121
vn 0.34057617 0.8461914 0.4099121
vn 0.44262695 0.8510742 0.28295898
vn 0.44262695 0.8510742 0.28295898
vn 0.44262695 0.8510742 0.28295898
vn 0.45288086 0.8466797 0.27954102
vn 0.4807129 0.82958984 0.2841797
vn 0.4807129 0.82958984 0.2841797
vn 0.4807129 0.82958984 0.2841797
vn 0.4633789 0.8364258 0.2932129
vn 0.19885254 0.81884766 0.5385742
vn 0.19885254 0.81884766 0.5385742
vn 0.19885254 0.81884766 0.5385742
vn 0.19885254 0.81884766 0.5385742
vn 0.08105469 0.765625 0.6381836
vn 0.08105469 0.765625 0.6381836
vn 0.08105469 0.765625 0.6381836
vn 0.06951904 0.7661133 0.63916016
vn -0.08673096 0.74560547 0.66064453
vn -0.08673096 0.74560547 0.66064453
vn -0.08673096 0.74560547 0.66064453
vn -0.08477783 0.7338867 0.6738281
vn -0.06915283 0.75 0.65771484
vn -0.06915283 0.75 0.65771484
vn -0.06915283 0.75 0.65771484
vn -0.07800293 0.76171875 0.6430664
vn -0.19885254 0.81884766 0.5385742
vn -0.19885254 0.81884766 0.5385742
vn -0.19885254 0.81884766 0.5385742
vn -0.19885254 0.81884766 0.5385742
vn -0.2709961 0.8364258 0.4765625
vn -0.2709961 0.8364258 0.4765625
vn -0.2709961 0.8364258 0.4765625
vn -0.2709961 0.8364258 0.4765625
vn -0.4572754 0.8383789 0.29638672
vn -0.4572754 0.8383789 0.29638672
vn -0.4572754 0.8383789 0.29638672
vn -0.49536133 0.82373047 0.27612305
vn -0.4831543 0.8222656 0.30078125
vn -0.4831543 0.8222656 0.30078125
vn -0.4831543 0.8222656 0.30078125
vn -0.5024414 0.8120117 0.29760742
vn -0.4345703 0.86328125 0.25634766
vn -0.4345703 0.86328125 0.25634766
vn -0.4345703 0.86328125 0.25634766
vn -0.43432617 0.86865234 0.23901367
vn -0.4506836 0.85498047 0.2565918
vn -0.4506836 0.85498047 0.2565918
vn -0.4506836 0.85498047 0.2565918
vn -0.44458008 0.8520508 0.27612305
vn -0.34057617 0.8461914 0.4099121
vn -0.34057617 0.8461914 0.4099121
vn -0.34057617 0.8461914 0.4099121
vn -0.34057617 0.8461914 0.4099121
vn -0.2709961 0.8364258 0.4765625
vn -0.2709961 0.8364258 0.4765625
vn -0.2709961 0.8364258 0.4765625
vn -0.2709961 0.8364258 0.4765625
vn -0.19885254 0.81884766 0.5385742
vn -0.19885254 0.81884766 0.5385742
vn -0.19885254 0.81884766 0.5385742
vn -0.19885254 0.81884766 0.5385742
vn -0.06640625 0.7783203 0.6245117
vn -0.06640625 0.7783203 0.6245117
vn -0.06640625 0.7783203 0.6245117
vn -0.022003174 0.7734375 0.63378906
vn -0.037994385 0.7866211 0.61621094
vn -0.037994385 0.7866211 0.61621094
vn -0.037994385 0.7866211 0.61621094
vn -0.01625061 0.7885742 0.6142578
vn 0.2709961 0.005519867 0.96240234
vn 0.2709961 0.005519867 0.96240234
vn 0.2709961 0.005519867 0.96240234
vn 0.2709961 0.005519867 0.96240234
vn 0.34057617 0.0680542 0.9379883
vn 0.34057617 0.0680542 0.9379883
vn 0.34057617 0.0680542 0.9379883
vn 0.34057617 0.0680542 0.9379883
vn 0.2709961 0.005519867 0.96240234
vn 0.2709961 0.005519867 0.96240234
vn 0.2709961 0.005519867 0.96240234
vn 0.2709961 0.005519867 0.96240234
vn 0.19885254 -0.05706787 0.9785156
vn 0.19885254 -0.05706787 0.9785156
vn 0.19885254 -0.05706787 0.9785156
vn 0.19885254 -0.05706787 0.9785156
vn -0.2709961 0.005519867 0.96240234
vn -0.2709961 0.005519867 0.96240234
vn -0.2709961 0.005519867 0.96240234
vn -0.2709961 0.005519867 0.96240234
vn -0.34057617 0.0680542 0.9379883
vn -0.34057617 0.0680542 0.9379883
vn -0.34057617 0.0680542 0.9379883
vn -0.34057617 0.0680542 0.9379883
vn -0.2709961 0.005519867 0.96240234
vn -0.2709961 0.005519867 0.96240234
vn -0.2709961 0.005519867 0.96240234
vn -0.2709961 0.005519867 0.96240234
vn -0.19885254 -0.05706787 0.9785156
vn -0.19885254 -0.05706787 0.9785156
vn -0.19885254 -0.05706787 0.9785156
vn -0.19885254 -0.05706787 0.9785156
vn 0.03918457 -0.6303711 0.7753906
vn 0.03918457 -0.6303711 0.7753906
vn 0.03918457 -0.6303711 0.7753906
vn 0.059417725 -0.62597656 0.77734375
vn 0.19885254 -0.5385742 0.81884766
vn 0.19885254 -0.5385742 0.81884766
vn 0.19885254 -0.5385742 0.81884766
vn 0.19885254 -0.5385742 0.81884766
vn 0.2709961 -0.4765625 0.8364258
vn 0.2709961 -0.4765625 0.8364258
vn 0.2709961 -0.4765625 0.8364258
vn 0.2709961 -0.4765625 0.8364258
vn 0.44262695 -0.28295898 0.8510742
vn 0.44262695 -0.28295898 0.8510742
vn 0.44262695 -0.28295898 0.8510742
vn 0.4555664 -0.2397461 0.8574219
vn 0.4345703 -0.25585938 0.86376953
vn 0.4345703 -0.25585938 0.86376953
vn 0.4345703 -0.25585938 0.86376953
vn 0.43408203 -0.23486328 0.8696289
vn 0.4807129 -0.2841797 0.82958984
vn 0.4807129 -0.2841797 0.82958984
vn 0.4807129 -0.2841797 0.82958984
vn 0.4633789 -0.2932129 0.8364258
vn 0.34057617 -0.4099121 0.8461914
vn 0.34057617 -0.4099121 0.8461914
vn 0.34057617 -0.4099121 0.8461914
vn 0.34057617 -0.4099121 0.8461914
vn 0.2709961 -0.4765625 0.8364258
vn 0.2709961 -0.4765625 0.8364258
vn 0.2709961 -0.4765625 0.8364258
vn 0.2709961 -0.4765625 0.8364258
vn 0.08105469 -0.6381836 0.765625
vn 0.08105469 -0.6381836 0.765625
vn 0.08105469 -0.6381836 0.765625
vn 0.061584473 -0.6699219 0.7397461
vn 0.08666992 -0.66064453 0.74560547
vn 0.08666992 -0.66064453 0.74560547
vn 0.08666992 -0.66064453 0.74560547
vn 0.084350586 -0.6772461 0.73095703
vn -0.08673096 -0.66064453 0.74560547
vn -0.08673096 -0.66064453 0.74560547
vn -0.08673096 -0.66064453 0.74560547
vn -0.08477783 -0.6738281 0.7338867
vn -0.06915283 -0.65771484 0.75
vn -0.06915283 -0.65771484 0.75
vn -0.06915283 -0.65771484 0.75
vn -0.07800293 -0.6430664 0.76171875
vn -0.34057617 -0.4099121 0.8461914
vn -0.34057617 -0.4099121 0.8461914
vn -0.34057617 -0.4099121 0.8461914
vn -0.34057617 -0.4099121 0.8461914
vn -0.4572754 -0.29638672 0.8383789
vn -0.4572754 -0.29638672 0.8383789
vn -0.4572754 -0.29638672 0.8383789
vn -0.45898438 -0.2854004 0.8413086
vn -0.4345703 -0.25634766 0.86328125
vn -0.4345703 -0.25634766 0.86328125
vn -0.4345703 -0.25634766 0.86328125
vn -0.43432617 -0.23901367 0.86865234
vn -0.4506836 -0.2565918 0.85498047
vn -0.4506836 -0.2565918 0.85498047
vn -0.4506836 -0.2565918 0.85498047
vn -0.44458008 -0.27612305 0.8520508
vn -0.19885254 -0.5385742 0.81884766
vn -0.19885254 -0.5385742 0.81884766
vn -0.19885254 -0.5385742 0.81884766
vn -0.19885254 -0.5385742 0.81884766
vn -0.06640625 -0.6245117 0.7783203
vn -0.06640625 -0.6245117 0.7783203
vn -0.06640625 -0.6245117 0.7783203
vn -0.06323242 -0.6333008 0.7714844
vn 0.19885254 -0.87597656 0.43969727
vn 0.19885254 -0.87597656 0.43969727
vn 0.19885254 -0.87597656 0.43969727
vn 0.19885254 -0.87597656 0.43969727
vn 0.34057617 -0.7783203 0.52783203
vn 0.34057617 -0.7783203 0.52783203
vn 0.34057617 -0.7783203 0.52783203
vn 0.34057617 -0.7783203 0.52783203
vn -0.34057617 -0.7783203 0.52783203
vn -0.34057617 -0.7783203 0.52783203
vn -0.34057617 -0.7783203 0.52783203
vn -0.34057617 -0.7783203 0.52783203
vn -0.40283203 -0.7167969 0.56933594
vn -0.40283203 -0.7167969 0.56933594
vn -0.40283203 -0.7167969 0.56933594
vn -0.40551758 -0.7192383 0.56396484
vn -0.4831543 -0.6713867 0.56152344
vn -0.4831543 -0.6713867 0.56152344
vn -0.4831543 -0.6713867 0.56152344
vn -0.49536133 -0.6508789 0.5751953
vn -0.47924805 -0.68603516 0.54785156
vn -0.47924805 -0.68603516 0.54785156
vn -0.47924805 -0.68603516 0.54785156
vn -0.5024414 -0.6635742 0.5541992
vn -0.44873047 -0.6953125 0.56152344
vn -0.44873047 -0.6953125 0.56152344
vn -0.44873047 -0.6953125 0.56152344
vn -0.46264648 -0.6875 0.5595703
vn -0.19885254 -0.87597656 0.43969727
vn -0.19885254 -0.87597656 0.43969727
vn -0.19885254 -0.87597656 0.43969727
vn -0.19885254 -0.87597656 0.43969727
vn -0.12878418 -0.9140625 0.38476562
vn -0.12878418 -0.9140625 0.38476562
vn -0.12878418 -0.9140625 0.38476562
vn -0.12646484 -0.9121094 0.39038086
vn -0.037994385 -0.9267578 0.37353516
vn -0.037994385 -0.9267578 0.37353516
vn -0.037994385 -0.9267578 0.37353516
vn -0.022003174 -0.9355469 0.3527832
vn -0.044189453 -0.9189453 0.39135742
vn -0.044189453 -0.9189453 0.39135742
vn -0.044189453 -0.9189453 0.39135742
vn -0.01625061 -0.92626953 0.37597656
vn -0.07800293 -0.92041016 0.38354492
vn -0.07800293 -0.92041016 0.38354492
vn -0.07800293 -0.92041016 0.38354492
vn -0.06225586 -0.921875 0.38208008
vn 0.038391113 0.9892578 0.14013672
vn 0.038391113 0.9892578 0.14013672
vn 0.038391113 0.9892578 0.14013672
vn 0.020431519 0.9902344 0.1381836
vn 0.03918457 0.9868164 0.15820312
vn 0.03918457 0.9868164 0.15820312
vn 0.03918457 0.9868164 0.15820312
vn 0.059417725 0.9863281 0.15344238
vn 0.34057617 0.9379883 -0.0680542
vn 0.34057617 0.9379883 -0.0680542
vn 0.34057617 0.9379883 -0.0680542
vn 0.34057617 0.9379883 -0.0680542
vn 0.44262695 0.87841797 -0.18041992
vn 0.44262695 0.87841797 -0.18041992
vn 0.44262695 0.87841797 -0.18041992
vn 0.45288086 0.8730469 -0.18115234
vn 0.48291016 0.86279297 -0.15075684
vn 0.48291016 0.86279297 -0.15075684
vn 0.48291016 0.86279297 -0.15075684
vn 0.49853516 0.8540039 -0.14868164
vn 0.4807129 0.86035156 -0.16870117
vn 0.4807129 0.86035156 -0.16870117
vn 0.4807129 0.86035156 -0.16870117
vn 0.4633789 0.87109375 -0.1640625
vn 0.19885254 0.9785156 0.05706787
vn 0.19885254 0.9785156 0.05706787
vn 0.19885254 0.9785156 0.05706787
vn 0.19885254 0.9785156 0.05706787
vn 0.08105469 0.9819336 0.1697998
vn 0.08105469 0.9819336 0.1697998
vn 0.08105469 0.9819336 0.1697998
vn 0.06951904 0.98291016 0.17053223
vn -0.06915283 0.9785156 0.19470215
vn -0.06915283 0.9785156 0.19470215
vn -0.06915283 0.9785156 0.19470215
vn -0.07800293 0.9814453 0.17614746
vn -0.19885254 0.9785156 0.05706787
vn -0.19885254 0.9785156 0.05706787
vn -0.19885254 0.9785156 0.05706787
vn -0.19885254 0.9785156 0.05706787
vn -0.2709961 0.96240234 -0.0055160522
vn -0.2709961 0.96240234 -0.0055160522
vn -0.2709961 0.96240234 -0.0055160522
vn -0.2709961 0.96240234 -0.0055160522
vn -0.4572754 0.8745117 -0.16247559
vn -0.4572754 0.8745117 -0.16247559
vn -0.4572754 0.8745117 -0.16247559
vn -0.49536133 0.8515625 -0.17260742
vn -0.4831543 0.8623047 -0.15063477
vn -0.4831543 0.8623047 -0.15063477
vn -0.4831543 0.8623047 -0.15063477
vn -0.5024414 0.8520508 -0.14831543
vn -0.4506836 0.86865234 -0.20532227
vn -0.4506836 0.86865234 -0.20532227
vn -0.4506836 0.86865234 -0.20532227
vn -0.44458008 0.87597656 -0.18676758
vn -0.34057617 0.9379883 -0.0680542
vn -0.34057617 0.9379883 -0.0680542
vn -0.34057617 0.9379883 -0.0680542
vn -0.34057617 0.9379883 -0.0680542
vn -0.2709961 0.96240234 -0.005519867
vn -0.2709961 0.96240234 -0.005519867
vn -0.2709961 0.96240234 -0.005519867
vn -0.2709961 0.96240234 -0.005519867
vn -0.19885254 0.9785156 0.05706787
vn -0.19885254 0.9785156 0.05706787
vn -0.19885254 0.9785156 0.05706787
vn -0.19885254 0.9785156 0.05706787
vn -0.06640625 0.9863281 0.15185547
vn -0.06640625 0.9863281 0.15185547
vn -0.06640625 0.9863281 0.15185547
vn -0.022003174 0.9863281 0.16210938
vn -0.037994385 0.9892578 0.14001465
vn -0.037994385 0.9892578 0.14001465
vn -0.037994385 0.9892578 0.14001465
vn -0.01625061 0.9902344 0.13769531
vn 0.038391113 0.9267578 -0.37329102
vn 0.038391113 0.9267578 -0.37329102
vn 0.038391113 0.9267578 -0.37329102
vn 0.020431519 0.9267578 -0.37548828
vn 0.2709961 0.8310547 -0.48608398
vn 0.2709961 0.8310547 -0.48608398
vn 0.2709961 0.8310547 -0.48608398
vn 0.2709961 0.8310547 -0.48608398
vn 0.34057617 0.7783203 -0.52783203
vn 0.34057617 0.7783203 -0.52783203
vn 0.34057617 0.7783203 -0.52783203
vn 0.34057617 0.7783203 -0.52783203
vn 0.48291016 0.671875 -0.5620117
vn 0.48291016 0.671875 -0.5620117
vn 0.48291016 0.671875 -0.5620117
vn 0.49853516 0.66503906 -0.55566406
vn 0.2709961 0.8310547 -0.48608398
vn 0.2709961 0.8310547 -0.48608398
vn 0.2709961 0.8310547 -0.48608398
vn 0.2709961 0.8310547 -0.48608398
vn 0.19885254 0.87597656 -0.43969727
vn 0.19885254 0.87597656 -0.43969727
vn 0.19885254 0.87597656 -0.43969727
vn 0.19885254 0.87597656 -0.43969727
vn -0.19885254 0.87597656 -0.43969727
vn -0.19885254 0.87597656 -0.43969727
vn -0.19885254 0.87597656 -0.43969727
vn -0.19885254 0.87597656 -0.43969727
vn -0.2709961 0.8310547 -0.48608398
vn -0.2709961 0.8310547 -0.48608398
vn -0.2709961 0.8310547 -0.48608398
vn -0.2709961 0.8310547 -0.48608398
vn -0.47924805 0.68603516 -0.54785156
vn -0.47924805 0.68603516 -0.54785156
vn -0.47924805 0.68603516 -0.54785156
vn -0.46264648 0.6875 -0.5595703
vn -0.34057617 0.7783203 -0.52783203
vn -0.34057617 0.7783203 -0.52783203
vn -0.34057617 0.7783203 -0.52783203
vn -0.34057617 0.7783203 -0.52783203
vn -0.2709961 0.8310547 -0.48608398
vn -0.2709961 0.8310547 -0.48608398
vn -0.2709961 0.8310547 -0.48608398
vn -0.2709961 0.8310547 -0.48608398
vn -0.044189453 0.9189453 -0.39135742
vn -0.044189453 0.9189453 -0.39135742
vn -0.044189453 0.9189453 -0.39135742
vn -0.06225586 0.921875 -0.38208008
vn 0.1015625 0.6435547 -0.75878906
vn 0.1015625 0.6435547 -0.75878906
vn 0.1015625 0.6435547 -0.75878906
vn 0.10699463 0.6582031 -0.7451172
vn 0.19885254 0.5385742 -0.81884766
vn 0.19885254 0.5385742 -0.81884766
vn 0.19885254 0.5385742 -0.81884766
vn 0.19885254 0.5385742 -0.81884766
vn 0.2709961 0.4765625 -0.8364258
vn 0.2709961 0.4765625 -0.8364258
vn 0.2709961 0.4765625 -0.8364258
vn 0.2709961 0.4765625 -0.8364258
vn 0.4345703 0.25585938 -0.86376953
vn 0.4345703 0.25585938 -0.86376953
vn 0.4345703 0.25585938 -0.86376953
vn 0.43408203 0.23486328 -0.8696289
vn 0.41625977 0.26245117 -0.87060547
vn 0.41625977 0.26245117 -0.87060547
vn 0.41625977 0.26245117 -0.87060547
vn 0.42333984 0.27954102 -0.8618164
vn 0.34057617 0.4099121 -0.8461914
vn 0.34057617 0.4099121 -0.8461914
vn 0.34057617 0.4099121 -0.8461914
vn 0.34057617 0.4099121 -0.8461914
vn 0.2709961 0.4765625 -0.8364258
vn 0.2709961 0.4765625 -0.8364258
vn 0.2709961 0.4765625 -0.8364258
vn 0.2709961 0.4765625 -0.8364258
vn 0.08666992 0.66064453 -0.74560547
vn 0.08666992 0.66064453 -0.74560547
vn 0.08666992 0.66064453 -0.74560547
vn 0.084350586 0.6772461 -0.73095703
vn -0.08673096 0.66064453 -0.74560547
vn -0.08673096 0.66064453 -0.74560547
vn -0.08673096 0.66064453 -0.74560547
vn -0.08477783 0.6738281 -0.7338867
vn -0.2709961 0.4765625 -0.8364258
vn -0.2709961 0.4765625 -0.8364258
vn -0.2709961 0.4765625 -0.8364258
vn -0.2709961 0.4765625 -0.8364258
vn -0.34057617 0.4099121 -0.8461914
vn -0.34057617 0.4099121 -0.8461914
vn -0.34057617 0.4099121 -0.8461914
vn -0.34057617 0.4099121 -0.8461914
vn -0.4345703 0.25634766 -0.86328125
vn -0.4345703 0.25634766 -0.86328125
vn -0.4345703 0.25634766 -0.86328125
vn -0.43432617 0.23901367 -0.86865234
vn -0.2709961 0.4765625 -0.8364258
vn -0.2709961 0.4765625 -0.8364258
vn -0.2709961 0.4765625 -0.8364258
vn -0.2709961 0.4765625 -0.8364258
vn -0.19885254 0.5385742 -0.81884766
vn -0.19885254 0.5385742 -0.81884766
vn -0.19885254 0.5385742 -0.81884766
vn -0.19885254 0.5385742 -0.81884766
vn 0.038391113 0.14013672 -0.9892578
vn 0.038391113 0.14013672 -0.9892578
vn 0.038391113 0.14013672 -0.9892578
vn 0.020431519 0.1381836 -0.9902344
vn 0.19885254 0.05706787 -0.9785156
vn 0.19885254 0.05706787 -0.9785156
vn 0.19885254 0.05706787 -0.9785156
vn 0.19885254 0.05706787 -0.9785156
vn 0.2709961 -0.005519867 -0.96240234
vn 0.2709961 -0.005519867 -0.96240234
vn 0.2709961 -0.005519867 -0.96240234
vn 0.2709961 -0.005519867 -0.96240234
vn 0.44262695 -0.18041992 -0.87841797
vn 0.44262695 -0.18041992 -0.87841797
vn 0.44262695 -0.18041992 -0.87841797
vn 0.4555664 -0.22094727 -0.8623047
vn 0.48291016 -0.15075684 -0.86279297
vn 0.48291016 -0.15075684 -0.86279297
vn 0.48291016 -0.15075684 -0.86279297
vn 0.49853516 -0.14868164 -0.8540039
vn 0.34057617 -0.0680542 -0.9379883
vn 0.34057617 -0.0680542 -0.9379883
vn 0.34057617 -0.0680542 -0.9379883
vn 0.34057617 -0.0680542 -0.9379883
vn 0.2709961 -0.005519867 -0.96240234
vn 0.2709961 -0.005519867 -0.96240234
vn 0.2709961 -0.005519867 -0.96240234
vn 0.2709961 -0.005519867 -0.96240234
vn 0.08105469 0.1697998 -0.9819336
vn 0.08105469 0.1697998 -0.9819336
vn 0.08105469 0.1697998 -0.9819336
vn 0.061584473 0.21044922 -0.97558594
vn -0.34057617 -0.0680542 -0.9379883
vn -0.34057617 -0.0680542 -0.9379883
vn -0.34057617 -0.0680542 -0.9379883
vn -0.34057617 -0.0680542 -0.9379883
vn -0.40283203 -0.13464355 -0.90527344
vn -0.40283203 -0.13464355 -0.90527344
vn -0.40283203 -0.13464355 -0.90527344
vn -0.40551758 -0.12866211 -0.90478516
vn -0.4572754 -0.16247559 -0.8745117
vn -0.4572754 -0.16247559 -0.8745117
vn -0.4572754 -0.16247559 -0.8745117
vn -0.45898438 -0.17358398 -0.87109375
vn -0.4831543 -0.15063477 -0.8623047
vn -0.4831543 -0.15063477 -0.8623047
vn -0.4831543 -0.15063477 -0.8623047
vn -0.49536133 -0.17260742 -0.8515625
vn -0.47924805 -0.13134766 -0.8676758
vn -0.47924805 -0.13134766 -0.8676758
vn -0.47924805 -0.13134766 -0.8676758
vn -0.5024414 -0.14831543 -0.8520508
vn -0.19885254 0.05706787 -0.9785156
vn -0.19885254 0.05706787 -0.9785156
vn -0.19885254 0.05706787 -0.9785156
vn -0.19885254 0.05706787 -0.9785156
vn -0.12878418 0.12384033 -0.9838867
vn -0.12878418 0.12384033 -0.9838867
vn -0.12878418 0.12384033 -0.9838867
vn -0.12646484 0.11779785 -0.9848633
vn -0.06640625 0.15185547 -0.9863281
vn -0.06640625 0.15185547 -0.9863281
vn -0.06640625 0.15185547 -0.9863281
vn -0.06323242 0.16296387 -0.984375
vn -0.037994385 0.14001465 -0.9892578
vn -0.037994385 0.14001465 -0.9892578
vn -0.037994385 0.14001465 -0.9892578
vn -0.022003174 0.16210938 -0.9863281
vn -0.044189453 0.120666504 -0.9916992
vn -0.044189453 0.120666504 -0.9916992
vn -0.044189453 0.120666504 -0.9916992
vn -0.01625061 0.13769531 -0.9902344
vn 0.124816895 -0.3894043 -0.91259766
vn 0.124816895 -0.3894043 -0.91259766
vn 0.124816895 -0.3894043 -0.91259766
vn 0.13049316 -0.38549805 -0.9135742
vn 0.19885254 -0.43969727 -0.87597656
vn 0.19885254 -0.43969727 -0.87597656
vn 0.19885254 -0.43969727 -0.87597656
vn 0.19885254 -0.43969727 -0.87597656
vn 0.34057617 -0.52783203 -0.7783203
vn 0.34057617 -0.52783203 -0.7783203
vn 0.34057617 -0.52783203 -0.7783203
vn 0.34057617 -0.52783203 -0.7783203
vn 0.40673828 -0.5644531 -0.7182617
vn 0.40673828 -0.5644531 -0.7182617
vn 0.40673828 -0.5644531 -0.7182617
vn 0.4013672 -0.56884766 -0.71777344
vn 0.34057617 -0.52783203 -0.7783203
vn 0.34057617 -0.52783203 -0.7783203
vn 0.34057617 -0.52783203 -0.7783203
vn 0.34057617 -0.52783203 -0.7783203
vn -0.09863281 -0.34545898 -0.93310547
vn -0.09863281 -0.34545898 -0.93310547
vn -0.09863281 -0.34545898 -0.93310547
vn -0.11383057 -0.34057617 -0.93310547
vn -0.40283203 -0.56933594 -0.7167969
vn -0.40283203 -0.56933594 -0.7167969
vn -0.40283203 -0.56933594 -0.7167969
vn -0.40551758 -0.56396484 -0.7192383
vn -0.42700195 -0.59765625 -0.67871094
vn -0.42700195 -0.59765625 -0.67871094
vn -0.42700195 -0.59765625 -0.67871094
vn -0.41259766 -0.6040039 -0.6816406
vn -0.12878418 -0.38476562 -0.9140625
vn -0.12878418 -0.38476562 -0.9140625
vn -0.12878418 -0.38476562 -0.9140625
vn -0.12646484 -0.39038086 -0.9121094
vn 0.124816895 -0.79345703 -0.5957031
vn 0.124816895 -0.79345703 -0.5957031
vn 0.124816895 -0.79345703 -0.5957031
vn 0.13049316 -0.79052734 -0.59814453
vn 0.19885254 -0.81884766 -0.5385742
vn 0.19885254 -0.81884766 -0.5385742
vn 0.19885254 -0.81884766 -0.5385742
vn 0.19885254 -0.81884766 -0.5385742
vn 0.40673828 -0.84814453 -0.3395996
vn 0.40673828 -0.84814453 -0.3395996
vn 0.40673828 -0.84814453 -0.3395996
vn 0.4013672 -0.8515625 -0.33740234
vn 0.34057617 -0.8461914 -0.4099121
vn 0.34057617 -0.8461914 -0.4099121
vn 0.34057617 -0.8461914 -0.4099121
vn 0.34057617 -0.8461914 -0.4099121
vn -0.09863281 -0.765625 -0.6357422
vn -0.09863281 -0.765625 -0.6357422
vn -0.09863281 -0.765625 -0.6357422
vn -0.11383057 -0.76171875 -0.6381836
vn -0.40283203 -0.8515625 -0.3359375
vn -0.40283203 -0.8515625 -0.3359375
vn -0.40283203 -0.8515625 -0.3359375
vn -0.40551758 -0.84814453 -0.34106445
vn -0.42700195 -0.8569336 -0.2890625
vn -0.42700195 -0.8569336 -0.2890625
vn -0.42700195 -0.8569336 -0.2890625
vn -0.41259766 -0.8642578 -0.28808594
vn -0.12878418 -0.79003906 -0.5991211
vn -0.12878418 -0.79003906 -0.5991211
vn -0.12878418 -0.79003906 -0.5991211
vn -0.12646484 -0.7939453 -0.59472656
vn 0.124816895 -0.9848633 -0.119140625
vn 0.124816895 -0.9848633 -0.119140625
vn 0.124816895 -0.9848633 -0.119140625
vn 0.13049316 -0.9838867 -0.122802734
vn 0.19885254 -0.9785156 -0.05706787
vn 0.19885254 -0.9785156 -0.05706787
vn 0.19885254 -0.9785156 -0.05706787
vn 0.19885254 -0.9785156 -0.05706787
vn 0.40673828 -0.9042969 0.13000488
vn 0.40673828 -0.9042969 0.13000488
vn 0.40673828 -0.9042969 0.13000488
vn 0.4013672 -0.90625 0.13366699
vn 0.34057617 -0.9379883 0.0680542
vn 0.34057617 -0.9379883 0.0680542
vn 0.34057617 -0.9379883 0.0680542
vn 0.34057617 -0.9379883 0.0680542
vn -0.09863281 -0.98095703 -0.16748047
vn -0.09863281 -0.98095703 -0.16748047
vn -0.09863281 -0.98095703 -0.16748047
vn -0.11383057 -0.9785156 -0.17175293
vn -0.40283203 -0.90527344 0.13464355
vn -0.40283203 -0.90527344 0.13464355
vn -0.40283203 -0.90527344 0.13464355
vn -0.40551758 -0.90478516 0.12866211
vn -0.42700195 -0.88671875 0.17822266
vn -0.42700195 -0.88671875 0.17822266
vn -0.42700195 -0.88671875 0.17822266
vn -0.4128418 -0.8925781 0.18249512
vn -0.12878418 -0.9838867 -0.12384033
vn -0.12878418 -0.9838867 -0.12384033
vn -0.12878418 -0.9838867 -0.12384033
vn -0.12646484 -0.9848633 -0.11779785
vn -0.60058594 0.7788086 0.17993164
vn -0.72314453 0.46801758 0.5083008
vn -0.6508789 0.70458984 0.28320312
vn -0.5361328 0.83984375 0.083740234
vn -0.71240234 0.5703125 0.4086914
vn -0.53125 0.8432617 0.07824707
vn -0.71191406 0.23120117 0.66308594
vn -0.5136719 0.85595703 0.060791016
vn -0.7363281 0.32177734 0.59521484
vn -0.51171875 0.8569336 0.059387207
vn -0.6411133 0.015289307 0.7675781
vn -0.48828125 0.87158203 0.04345703
vn -0.67089844 0.0637207 0.73876953
vn -0.49023438 0.87060547 0.044555664
vn -0.5214844 -0.1739502 0.8354492
vn -0.45898438 0.8876953 0.030548096
vn -0.5214844 -0.17272949 0.8354492
vn -0.4658203 0.88427734 0.032989502
vn -0.3544922 -0.33618164 0.8725586
vn -0.3034668 -0.36450195 0.8803711
vn -0.13671875 -0.46850586 0.8730469
vn -0.036743164 -0.5 0.8652344
vn 0.13061523 -0.5605469 0.8178711
vn 0.2541504 -0.57421875 0.7783203
vn -0.22033691 0.97509766 -0.024307251
vn -0.34326172 0.93896484 0.0057258606
vn -0.017700195 0.99853516 -0.053222656
vn 0.109191895 0.99072266 -0.082458496
vn 0.2890625 0.953125 -0.09124756
vn 0.38623047 0.9160156 -0.107666016
vn 0.55908203 0.82373047 -0.09588623
vn 0.6064453 0.7885742 -0.09887695
vn 0.7758789 0.62841797 -0.05621338
vn 0.77490234 0.62939453 -0.057159424
vn 0.921875 0.3864746 0.03062439
vn 0.8964844 0.44311523 0.015975952
vn 0.98095703 0.117004395 0.15490723
vn 0.9667969 0.22619629 0.118774414
vn 0.9423828 -0.15844727 0.29541016
vn 0.96875 -0.026855469 0.24597168
vn 0.7988281 -0.42382812 0.4272461
vn 0.86816406 -0.31420898 0.38378906
vn 0.7163086 -0.51660156 0.46899414
vn 0.7109375 -0.5214844 0.47192383
vn 0.69091797 -0.53759766 0.48339844
vn 0.68896484 -0.5390625 0.484375
vn 0.6660156 -0.55322266 0.5004883
vn 0.66748047 -0.5522461 0.49926758
vn 0.63916016 -0.5644531 0.52197266
vn 0.64501953 -0.5625 0.51708984
vn 0.4338379 -0.5917969 0.6791992
vn 0.54296875 -0.5810547 0.6064453
vn 0.72314453 0.46801758 0.5083008
vn 0.60058594 0.7788086 0.17993164
vn 0.6508789 0.70458984 0.28320312
vn 0.5361328 0.83984375 0.083740234
vn 0.71240234 0.5703125 0.4086914
vn 0.53125 0.8432617 0.07824707
vn 0.71191406 0.23120117 0.66308594
vn 0.5136719 0.85595703 0.060821533
vn 0.7363281 0.32177734 0.59521484
vn 0.51171875 0.8569336 0.059387207
vn 0.6411133 0.015289307 0.7675781
vn 0.48828125 0.87158203 0.04345703
vn 0.67089844 0.0637207 0.73876953
vn 0.49023438 0.87060547 0.044555664
vn 0.5214844 -0.1739502 0.8354492
vn 0.45898438 0.8876953 0.030548096
vn 0.5214844 -0.17272949 0.8354492
vn 0.4658203 0.88427734 0.032989502
vn 0.3544922 -0.33618164 0.8725586
vn 0.3034668 -0.36450195 0.8803711
vn 0.13671875 -0.46850586 0.8730469
vn 0.036743164 -0.5 0.8652344
vn -0.13061523 -0.5605469 0.8178711
vn -0.2541504 -0.57421875 0.7783203
vn 0.22033691 0.97509766 -0.024307251
vn 0.34326172 0.93896484 0.0057258606
vn 0.017700195 0.99853516 -0.053222656
vn -0.109191895 0.99072266 -0.082458496
vn -0.2890625 0.953125 -0.09124756
vn -0.38623047 0.9160156 -0.107666016
vn -0.55908203 0.82373047 -0.09588623
vn -0.6064453 0.7885742 -0.09887695
vn -0.7758789 0.62841797 -0.056243896
vn -0.77490234 0.62939453 -0.057159424
vn -0.921875 0.3864746 0.03060913
vn -0.8964844 0.44311523 0.015975952
vn -0.98095703 0.117004395 0.15490723
vn -0.9667969 0.22619629 0.118774414
vn -0.9423828 -0.15844727 0.29541016
vn -0.96875 -0.026855469 0.24597168
vn -0.7988281 -0.42382812 0.4272461
vn -0.86816406 -0.31420898 0.38378906
vn -0.7163086 -0.51660156 0.46899414
vn -0.7109375 -0.5214844 0.47192383
vn -0.69091797 -0.53759766 0.48339844
vn -0.68896484 -0.5390625 0.484375
vn -0.6660156 -0.55322266 0.5004883
vn -0.66748047 -0.5522461 0.49926758
vn -0.63916016 -0.5644531 0.52197266
vn -0.64501953 -0.5625 0.51708984
vn -0.4338379 -0.5917969 0.6791992
vn -0.54296875 -0.5810547 0.6064453
vn -0.60058594 0.76464844 -0.23364258
vn -0.72314453 0.6591797 0.20605469
vn -0.6508789 0.75146484 -0.106933594
vn -0.5361328 0.76904297 -0.3474121
vn -0.71240234 0.6982422 0.068725586
vn -0.53125 0.76953125 -0.3540039
vn -0.71191406 0.5317383 0.45874023
vn -0.5136719 0.7714844 -0.37524414
vn -0.7363281 0.5761719 0.3544922
vn -0.51171875 0.77197266 -0.37719727
vn -0.6411133 0.39697266 0.65722656
vn -0.48828125 0.7763672 -0.39819336
vn -0.67089844 0.42456055 0.60791016
vn -0.49023438 0.7758789 -0.39672852
vn -0.5214844 0.26708984 0.8105469
vn -0.45898438 0.7841797 -0.41748047
vn -0.5214844 0.26831055 0.8100586
vn -0.4658203 0.78222656 -0.41357422
vn -0.3544922 0.1451416 0.9238281
vn -0.3034668 0.12445068 0.9448242
vn -0.13671875 0.030700684 0.9902344
vn -0.036743164 -0.00064086914 0.9995117
vn 0.13061523 -0.07635498 0.98828125
vn 0.2541504 -0.10821533 0.9609375
vn -0.22033691 0.83251953 -0.50878906
vn -0.34326172 0.81640625 -0.4645996
vn -0.017700195 0.8378906 -0.54541016
vn 0.109191895 0.81640625 -0.56689453
vn 0.2890625 0.77978516 -0.55566406
vn 0.38623047 0.7397461 -0.55126953
vn 0.55908203 0.66503906 -0.49487305
vn 0.6064453 0.63378906 -0.47998047
vn 0.7758789 0.5161133 -0.3630371
vn 0.77490234 0.5161133 -0.36401367
vn 0.921875 0.34985352 -0.16662598
vn 0.8964844 0.39160156 -0.2076416
vn 0.98095703 0.17883301 0.075683594
vn 0.9667969 0.2553711 -0.010223389
vn 0.9423828 0.010505676 0.33496094
vn 0.96875 0.099731445 0.22644043
vn 0.7988281 -0.15332031 0.58203125
vn 0.86816406 -0.080200195 0.48950195
vn 0.7163086 -0.21289062 0.6645508
vn 0.7109375 -0.21582031 0.6694336
vn 0.69091797 -0.22387695 0.6875
vn 0.68896484 -0.2244873 0.68896484
vn 0.6660156 -0.22875977 0.70996094
vn 0.66748047 -0.2286377 0.7084961
vn 0.63916016 -0.22790527 0.734375
vn 0.64501953 -0.22851562 0.7290039
vn 0.4338379 -0.1730957 0.88427734
vn 0.54296875 -0.20019531 0.8154297
vn 0.72314453 0.6591797 0.20605469
vn 0.60058594 0.76464844 -0.23364258
vn 0.6508789 0.75146484 -0.106933594
vn 0.5361328 0.76904297 -0.3474121
vn 0.71240234 0.6982422 0.068725586
vn 0.53125 0.76953125 -0.3540039
vn 0.71191406 0.5317383 0.45874023
vn 0.5136719 0.7714844 -0.37524414
vn 0.7363281 0.5761719 0.3544922
vn 0.51171875 0.77197266 -0.37719727
vn 0.6411133 0.39697266 0.65722656
vn 0.48828125 0.7763672 -0.39819336
vn 0.67089844 0.42456055 0.60791016
vn 0.49023438 0.7758789 -0.39672852
vn 0.5214844 0.26708984 0.8105469
vn 0.45898438 0.7841797 -0.41748047
vn 0.5214844 0.26831055 0.8100586
vn 0.4658203 0.78222656 -0.41357422
vn 0.3544922 0.1451416 0.9238281
vn 0.3034668 0.12445068 0.9448242
vn 0.13671875 0.030700684 0.9902344
vn 0.036743164 -0.000641346 0.9995117
vn -0.13061523 -0.07635498 0.98828125
vn -0.2541504 -0.10821533 0.9609375
vn 0.22033691 0.83251953 -0.50878906
vn 0.34326172 0.81640625 -0.4645996
vn 0.017700195 0.8378906 -0.54541016
vn -0.109191895 0.81640625 -0.56689453
vn -0.2890625 0.77978516 -0.55566406
vn -0.38623047 0.7397461 -0.55126953
vn -0.55908203 0.66503906 -0.49487305
vn -0.6064453 0.63378906 -0.47998047
vn -0.7758789 0.5161133 -0.3630371
vn -0.77490234 0.5161133 -0.36401367
vn -0.921875 0.34985352 -0.16662598
vn -0.8964844 0.39160156 -0.2076416
vn -0.98095703 0.17883301 0.075683594
vn -0.9667969 0.2553711 -0.010223389
vn -0.9423828 0.010505676 0.33496094
vn -0.96875 0.099731445 0.22644043
vn -0.7988281 -0.15332031 0.58203125
vn -0.86816406 -0.080200195 0.48950195
vn -0.7163086 -0.21289062 0.6645508
vn -0.7109375 -0.21582031 0.6694336
vn -0.69091797 -0.22387695 0.6875
vn -0.68896484 -0.2244873 0.68896484
vn -0.6660156 -0.22875977 0.70996094
vn -0.66748047 -0.2286377 0.7084961
vn -0.63916016 -0.22790527 0.734375
vn -0.64501953 -0.22851562 0.7290039
vn -0.4338379 -0.1730957 0.88427734
vn -0.54296875 -0.20019531 0.8154297
vn -0.60058594 0.58447266 0.54541016
vn -0.72314453 0.15124512 0.6738281
vn -0.6508789 0.46850586 0.59765625
vn -0.5361328 0.6855469 0.49243164
vn -0.71240234 0.28955078 0.63916016
vn -0.53125 0.69140625 0.48950195
vn -0.71191406 -0.13134766 0.6899414
vn -0.5136719 0.7109375 0.4807129
vn -0.7363281 -0.018859863 0.67626953
vn -0.51171875 0.71240234 0.47998047
vn -0.6411133 -0.37036133 0.6723633
vn -0.48828125 0.73291016 0.47338867
vn -0.67089844 -0.31420898 0.6713867
vn -0.49023438 0.7314453 0.47387695
vn -0.5214844 -0.5683594 0.63671875
vn -0.45898438 0.75341797 0.47045898
vn -0.5214844 -0.5673828 0.63720703
vn -0.4658203 0.7495117 0.47070312
vn -0.3544922 -0.72753906 0.58740234
vn -0.3034668 -0.7558594 0.5800781
vn -0.13671875 -0.84228516 0.5214844
vn -0.036743164 -0.86572266 0.49902344
vn 0.13061523 -0.89404297 0.42822266
vn 0.2541504 -0.88623047 0.38671875
vn -0.22033691 0.8564453 0.46655273
vn -0.34326172 0.8105469 0.47460938
vn -0.017700195 0.8911133 0.453125
vn 0.109191895 0.8989258 0.42382812
vn 0.2890625 0.87109375 0.39746094
vn 0.38623047 0.84716797 0.3647461
vn 0.55908203 0.76123047 0.32861328
vn 0.6064453 0.7324219 0.3088379
vn 0.7758789 0.5722656 0.265625
vn 0.77490234 0.57373047 0.26513672
vn 0.921875 0.31933594 0.21972656
vn 0.8964844 0.37573242 0.23535156
vn 0.98095703 0.023849487 0.19262695
vn 0.9667969 0.13647461 0.21594238
vn 0.9423828 -0.2849121 0.17663574
vn 0.96875 -0.14624023 0.19958496
vn 0.7988281 -0.5805664 0.15820312
vn 0.86816406 -0.4638672 0.17529297
vn 0.7163086 -0.6816406 0.14782715
vn 0.7109375 -0.6875 0.14782715
vn 0.69091797 -0.70703125 0.14978027
vn 0.68896484 -0.7089844 0.15014648
vn 0.6660156 -0.7294922 0.15698242
vn 0.66748047 -0.72802734 0.15625
vn 0.63916016 -0.75 0.16992188
vn 0.64501953 -0.74560547 0.16662598
vn 0.4338379 -0.8520508 0.29223633
vn 0.54296875 -0.8066406 0.234375
vn 0.72314453 0.15124512 0.6738281
vn 0.60058594 0.58447266 0.54541016
vn 0.6508789 0.46850586 0.59765625
vn 0.5361328 0.6855469 0.49243164
vn 0.71240234 0.28955078 0.63916016
vn 0.53125 0.69140625 0.48950195
vn 0.71191406 -0.13134766 0.6899414
vn 0.5136719 0.7109375 0.4807129
vn 0.7363281 -0.018859863 0.67626953
vn 0.51171875 0.71240234 0.47998047
vn 0.6411133 -0.37036133 0.6723633
vn 0.48828125 0.73291016 0.47338867
vn 0.67089844 -0.31420898 0.6713867
vn 0.49023438 0.7314453 0.47387695
vn 0.5214844 -0.5683594 0.63671875
vn 0.45898438 0.75341797 0.47045898
vn 0.5214844 -0.5673828 0.63720703
vn 0.4658203 0.7495117 0.47070312
vn 0.3544922 -0.72753906 0.58740234
vn 0.3034668 -0.7558594 0.5800781
vn 0.13671875 -0.84228516 0.5214844
vn 0.036743164 -0.86572266 0.49902344
vn -0.13061523 -0.89404297 0.42822266
vn -0.2541504 -0.88623047 0.38671875
vn 0.22033691 0.8564453 0.46655273
vn 0.34326172 0.8105469 0.47460938
vn 0.017700195 0.8911133 0.453125
vn -0.109191895 0.8989258 0.42382812
vn -0.2890625 0.87109375 0.39746094
vn -0.38623047 0.84716797 0.3647461
vn -0.55908203 0.76123047 0.32861328
vn -0.6064453 0.7324219 0.3088379
vn -0.7758789 0.5722656 0.265625
vn -0.77490234 0.57373047 0.26513672
vn -0.921875 0.31933594 0.21972656
vn -0.8964844 0.37573242 0.23535156
vn -0.98095703 0.023849487 0.19262695
vn -0.9667969 0.13647461 0.21594238
vn -0.9423828 -0.2849121 0.17663574
vn -0.96875 -0.14624023 0.19958496
vn -0.7988281 -0.5805664 0.15820312
vn -0.86816406 -0.4638672 0.17529297
vn -0.7163086 -0.6816406 0.14782715
vn -0.7109375 -0.6875 0.14782715
vn -0.69091797 -0.70703125 0.14978027
vn -0.68896484 -0.7089844 0.15014648
vn -0.6660156 -0.7294922 0.15698242
vn -0.66748047 -0.72802734 0.15625
vn -0.63916016 -0.75 0.16992188
vn -0.64501953 -0.74560547 0.16662598
vn -0.4338379 -0.8520508 0.29223633
vn -0.54296875 -0.8066406 0.234375
vn -0.60058594 0.23364258 0.76464844
vn -0.72314453 -0.20605469 0.6591797
vn -0.6508789 0.106933594 0.75146484
vn -0.5361328 0.3474121 0.76904297
vn -0.71240234 -0.068725586 0.6982422
vn -0.53125 0.3540039 0.76953125
vn -0.71191406 -0.45874023 0.5317383
vn -0.5136719 0.37524414 0.7714844
vn -0.7363281 -0.3544922 0.5761719
vn -0.51171875 0.37719727 0.77197266
vn -0.6411133 -0.65722656 0.39697266
vn -0.48828125 0.39819336 0.7763672
vn -0.67089844 -0.60791016 0.42456055
vn -0.49023438 0.39672852 0.7758789
vn -0.5214844 -0.8105469 0.26708984
vn -0.45898438 0.41748047 0.7841797
vn -0.5214844 -0.8100586 0.26831055
vn -0.4658203 0.41357422 0.78222656
vn -0.3544922 -0.9238281 0.1451416
vn -0.3034668 -0.9448242 0.12445068
vn -0.13671875 -0.9902344 0.030700684
vn -0.036743164 -0.9995117 -0.0006403923
vn 0.13061523 -0.98828125 -0.07635498
vn 0.2541504 -0.9609375 -0.10821533
vn -0.22033691 0.50878906 0.83251953
vn -0.34326172 0.4645996 0.81640625
vn -0.017700195 0.54541016 0.8378906
vn 0.109191895 0.56689453 0.81640625
vn 0.2890625 0.55566406 0.77978516
vn 0.38623047 0.55126953 0.7397461
vn 0.55908203 0.49487305 0.66503906
vn 0.6064453 0.47998047 0.63378906
vn 0.7758789 0.3630371 0.5161133
vn 0.77490234 0.36401367 0.5161133
vn 0.921875 0.16662598 0.34985352
vn 0.8964844 0.2076416 0.39160156
vn 0.98095703 -0.075683594 0.17883301
vn 0.9667969 0.010223389 0.2553711
vn 0.9423828 -0.33496094 0.010505676
vn 0.96875 -0.22644043 0.099731445
vn 0.7988281 -0.58203125 -0.15332031
vn 0.86816406 -0.48950195 -0.080200195
vn 0.7163086 -0.6645508 -0.21289062
vn 0.7109375 -0.6694336 -0.21582031
vn 0.69091797 -0.6875 -0.22387695
vn 0.68896484 -0.68896484 -0.2244873
vn 0.6660156 -0.70996094 -0.22875977
vn 0.66748047 -0.7084961 -0.2286377
vn 0.63916016 -0.734375 -0.22790527
vn 0.64501953 -0.7290039 -0.22851562
vn 0.4338379 -0.88427734 -0.1730957
vn 0.54296875 -0.8154297 -0.20019531
vn 0.72314453 -0.20605469 0.6591797
vn 0.60058594 0.23364258 0.76464844
vn 0.6508789 0.106933594 0.75146484
vn 0.5361328 0.3474121 0.76904297
vn 0.71240234 -0.068725586 0.6982422
vn 0.53125 0.3540039 0.76953125
vn 0.71191406 -0.45874023 0.5317383
vn 0.5136719 0.37524414 0.7714844
vn 0.7363281 -0.3544922 0.5761719
vn 0.51171875 0.37719727 0.77197266
vn 0.6411133 -0.65722656 0.39697266
vn 0.48828125 0.39819336 0.7763672
vn 0.67089844 -0.60791016 0.42456055
vn 0.49023438 0.39672852 0.7758789
vn 0.5214844 -0.8105469 0.26708984
vn 0.45898438 0.41748047 0.7841797
vn 0.5214844 -0.8100586 0.26831055
vn 0.4658203 0.41357422 0.78222656
vn 0.3544922 -0.9238281 0.1451416
vn 0.3034668 -0.9448242 0.12445068
vn 0.13671875 -0.9902344 0.030700684
vn 0.036743164 -0.9995117 -0.00063991547
vn -0.13061523 -0.98828125 -0.07635498
vn -0.2541504 -0.9609375 -0.10821533
vn 0.22033691 0.50878906 0.83251953
vn 0.34326172 0.4645996 0.81640625
vn 0.017700195 0.54541016 0.8378906
vn -0.109191895 0.56689453 0.81640625
vn -0.2890625 0.55566406 0.77978516
vn -0.38623047 0.55126953 0.7397461
vn -0.55908203 0.49487305 0.66503906
vn -0.6064453 0.47998047 0.63378906
vn -0.7758789 0.3630371 0.5161133
vn -0.77490234 0.36401367 0.5161133
vn -0.921875 0.16662598 0.34985352
vn -0.8964844 0.2076416 0.39160156
vn -0.98095703 -0.075683594 0.17883301
vn -0.9667969 0.010223389 0.2553711
vn -0.9423828 -0.33496094 0.010505676
vn -0.96875 -0.22644043 0.099731445
vn -0.7988281 -0.58203125 -0.15332031
vn -0.86816406 -0.48950195 -0.080200195
vn -0.7163086 -0.6645508 -0.21289062
vn -0.7109375 -0.6694336 -0.21582031
vn -0.69091797 -0.6875 -0.22387695
vn -0.68896484 -0.68896484 -0.2244873
vn -0.6660156 -0.70996094 -0.22875977
vn -0.66748047 -0.7084961 -0.2286377
vn -0.63916016 -0.734375 -0.22790527
vn -0.64501953 -0.7290039 -0.22851562
vn -0.4338379 -0.88427734 -0.1730957
vn -0.54296875 -0.8154297 -0.20019531
vn -0.60058594 -0.17993164 0.7788086
vn -0.72314453 -0.5083008 0.46801758
vn -0.6508789 -0.28320312 0.70458984
vn -0.5361328 -0.083740234 0.83984375
vn -0.71240234 -0.4086914 0.5703125
vn -0.53125 -0.07824707 0.8432617
vn -0.71191406 -0.66308594 0.23120117
vn -0.5136719 -0.060791016 0.85595703
vn -0.7363281 -0.59521484 0.32177734
vn -0.51171875 -0.059387207 0.8569336
vn -0.6411133 -0.7675781 0.015289307
vn -0.48828125 -0.04345703 0.87158203
vn -0.67089844 -0.73876953 0.0637207
vn -0.49023438 -0.044555664 0.87060547
vn -0.5214844 -0.8354492 -0.1739502
vn -0.45898438 -0.030548096 0.8876953
vn -0.5214844 -0.8354492 -0.17272949
vn -0.4658203 -0.032989502 0.88427734
vn -0.3544922 -0.8725586 -0.33618164
vn -0.3034668 -0.8803711 -0.36450195
vn -0.13671875 -0.8730469 -0.46850586
vn -0.036743164 -0.8652344 -0.5
vn 0.13061523 -0.8178711 -0.5605469
vn 0.2541504 -0.7783203 -0.57421875
vn -0.22033691 0.024307251 0.97509766
vn -0.34326172 -0.0057258606 0.93896484
vn -0.017700195 0.053222656 0.99853516
vn 0.109191895 0.082458496 0.99072266
vn 0.2890625 0.09124756 0.953125
vn 0.38623047 0.107666016 0.9160156
vn 0.55908203 0.09588623 0.82373047
vn 0.6064453 0.09887695 0.7885742
vn 0.7758789 0.05621338 0.62841797
vn 0.77490234 0.057159424 0.62939453
vn 0.921875 -0.03060913 0.3864746
vn 0.8964844 -0.015975952 0.44311523
vn 0.98095703 -0.15490723 0.117004395
vn 0.9667969 -0.118774414 0.22619629
vn 0.9423828 -0.29541016 -0.15844727
vn 0.96875 -0.24597168 -0.026855469
vn 0.7988281 -0.4272461 -0.42382812
vn 0.86816406 -0.38378906 -0.31420898
vn 0.7163086 -0.46899414 -0.51660156
vn 0.7109375 -0.47192383 -0.5214844
vn 0.69091797 -0.48339844 -0.53759766
vn 0.68896484 -0.484375 -0.5390625
vn 0.6660156 -0.5004883 -0.55322266
vn 0.66748047 -0.49926758 -0.5522461
vn 0.63916016 -0.52197266 -0.5644531
vn 0.64501953 -0.51708984 -0.5625
vn 0.4338379 -0.6791992 -0.5917969
vn 0.54296875 -0.6064453 -0.5810547
vn 0.72314453 -0.5083008 0.46801758
vn 0.60058594 -0.17993164 0.7788086
vn 0.6508789 -0.28320312 0.70458984
vn 0.5361328 -0.083740234 0.83984375
vn 0.71240234 -0.4086914 0.5703125
vn 0.53125 -0.07824707 0.8432617
vn 0.71191406 -0.66308594 0.23120117
vn 0.5136719 -0.060791016 0.85595703
vn 0.7363281 -0.59521484 0.32177734
vn 0.51171875 -0.059387207 0.8569336
vn 0.6411133 -0.7675781 0.015289307
vn 0.48828125 -0.04345703 0.87158203
vn 0.67089844 -0.73876953 0.0637207
vn 0.49023438 -0.044555664 0.87060547
vn 0.5214844 -0.8354492 -0.1739502
vn 0.45898438 -0.030548096 0.8876953
vn 0.5214844 -0.8354492 -0.17272949
vn 0.4658203 -0.032989502 0.88427734
vn 0.3544922 -0.8725586 -0.33618164
vn 0.3034668 -0.8803711 -0.36450195
vn 0.13671875 -0.8730469 -0.46850586
vn 0.036743164 -0.8652344 -0.5
vn -0.13061523 -0.8178711 -0.5605469
vn -0.2541504 -0.7783203 -0.57421875
vn 0.22033691 0.024307251 0.97509766
vn 0.34326172 -0.0057258606 0.93896484
vn 0.017700195 0.053222656 0.99853516
vn -0.109191895 0.082458496 0.99072266
vn -0.2890625 0.09124756 0.953125
vn -0.38623047 0.107666016 0.9160156
vn -0.55908203 0.09588623 0.82373047
vn -0.6064453 0.09887695 0.7885742
vn -0.7758789 0.056243896 0.62841797
vn -0.77490234 0.057159424 0.62939453
vn -0.921875 -0.03060913 0.3864746
vn -0.8964844 -0.015975952 0.44311523
vn -0.98095703 -0.15490723 0.117004395
vn -0.9667969 -0.118774414 0.22619629
vn -0.9423828 -0.29541016 -0.15844727
vn -0.96875 -0.24597168 -0.026855469
vn -0.7988281 -0.4272461 -0.42382812
vn -0.86816406 -0.38378906 -0.31420898
vn -0.7163086 -0.46899414 -0.51660156
vn -0.7109375 -0.47192383 -0.5214844
vn -0.69091797 -0.48339844 -0.53759766
vn -0.68896484 -0.484375 -0.5390625
vn -0.6660156 -0.5004883 -0.55322266
vn -0.66748047 -0.49926758 -0.5522461
vn -0.63916016 -0.52197266 -0.5644531
vn -0.64501953 -0.51708984 -0.5625
vn -0.4338379 -0.6791992 -0.5917969
vn -0.54296875 -0.6064453 -0.5810547
vn -0.60058594 0.54541016 -0.58447266
vn -0.72314453 0.6738281 -0.15124512
vn -0.6508789 0.59765625 -0.46850586
vn -0.5361328 0.49243164 -0.6855469
vn -0.71240234 0.63916016 -0.28955078
vn -0.53125 0.48950195 -0.69140625
vn -0.71191406 0.6899414 0.13134766
vn -0.5136719 0.4807129 -0.7109375
vn -0.7363281 0.67626953 0.018859863
vn -0.51171875 0.47998047 -0.71240234
vn -0.6411133 0.6723633 0.37036133
vn -0.48828125 0.47338867 -0.73291016
vn -0.67089844 0.6713867 0.31420898
vn -0.49023438 0.47387695 -0.7314453
vn -0.5214844 0.63671875 0.5683594
vn -0.45898438 0.47045898 -0.75341797
vn -0.5214844 0.63720703 0.5673828
vn -0.4658203 0.47070312 -0.7495117
vn -0.3544922 0.58740234 0.72753906
vn -0.3034668 0.5800781 0.7558594
vn -0.13671875 0.5214844 0.84228516
vn -0.036743164 0.49902344 0.86572266
vn 0.13061523 0.42822266 0.89404297
vn 0.2541504 0.38671875 0.88623047
vn -0.22033691 0.46655273 -0.8564453
vn -0.34326172 0.47460938 -0.8105469
vn -0.017700195 0.453125 -0.8911133
vn 0.109191895 0.42382812 -0.8989258
vn 0.2890625 0.39746094 -0.87109375
vn 0.38623047 0.3647461 -0.84716797
vn 0.55908203 0.32861328 -0.76123047
vn 0.6064453 0.3088379 -0.7324219
vn 0.7758789 0.265625 -0.5722656
vn 0.77490234 0.26513672 -0.57373047
vn 0.921875 0.21972656 -0.31933594
vn 0.8964844 0.23535156 -0.37573242
vn 0.98095703 0.19262695 -0.023849487
vn 0.9667969 0.21594238 -0.13647461
vn 0.9423828 0.17663574 0.2849121
vn 0.96875 0.19958496 0.14624023
vn 0.7988281 0.15820312 0.5805664
vn 0.86816406 0.17529297 0.4638672
vn 0.7163086 0.14782715 0.6816406
vn 0.7109375 0.14782715 0.6875
vn 0.69091797 0.14978027 0.70703125
vn 0.68896484 0.15014648 0.7089844
vn 0.6660156 0.15698242 0.7294922
vn 0.66748047 0.15625 0.72802734
vn 0.63916016 0.16992188 0.75
vn 0.64501953 0.16662598 0.74560547
vn 0.4338379 0.29223633 0.8520508
vn 0.54296875 0.234375 0.8066406
vn 0.72314453 0.6738281 -0.15124512
vn 0.60058594 0.54541016 -0.58447266
vn 0.6508789 0.59765625 -0.46850586
vn 0.5361328 0.49243164 -0.6855469
vn 0.71240234 0.63916016 -0.28955078
vn 0.53125 0.48950195 -0.69140625
vn 0.71191406 0.6899414 0.13134766
vn 0.5136719 0.4807129 -0.7109375
vn 0.7363281 0.67626953 0.018859863
vn 0.51171875 0.47998047 -0.71240234
vn 0.6411133 0.6723633 0.37036133
vn 0.48828125 0.47338867 -0.73291016
vn 0.67089844 0.6713867 0.31420898
vn 0.49023438 0.47387695 -0.7314453
vn 0.5214844 0.63671875 0.5683594
vn 0.45898438 0.47045898 -0.75341797
vn 0.5214844 0.63720703 0.5673828
vn 0.4658203 0.47070312 -0.7495117
vn 0.3544922 0.58740234 0.72753906
vn 0.3034668 0.5800781 0.7558594
vn 0.13671875 0.5214844 0.84228516
vn 0.036743164 0.49902344 0.86572266
vn -0.13061523 0.42822266 0.89404297
vn -0.2541504 0.38671875 0.88623047
vn 0.22033691 0.46655273 -0.8564453
vn 0.34326172 0.47460938 -0.8105469
vn 0.017700195 0.453125 -0.8911133
vn -0.109191895 0.42382812 -0.8989258
vn -0.2890625 0.39746094 -0.87109375
vn -0.38623047 0.3647461 -0.84716797
vn -0.55908203 0.32861328 -0.76123047
vn -0.6064453 0.3088379 -0.7324219
vn -0.7758789 0.265625 -0.5722656
vn -0.77490234 0.26513672 -0.57373047
vn -0.921875 0.21972656 -0.31933594
vn -0.8964844 0.23535156 -0.37573242
vn -0.98095703 0.19262695 -0.023849487
vn -0.9667969 0.21594238 -0.13647461
vn -0.9423828 0.17663574 0.2849121
vn -0.96875 0.19958496 0.14624023
vn -0.7988281 0.15820312 0.5805664
vn -0.86816406 0.17529297 0.4638672
vn -0.7163086 0.14782715 0.6816406
vn -0.7109375 0.14782715 0.6875
vn -0.69091797 0.14978027 0.70703125
vn -0.68896484 0.15014648 0.7089844
vn -0.6660156 0.15698242 0.7294922
vn -0.66748047 0.15625 0.72802734
vn -0.63916016 0.16992188 0.75
vn -0.64501953 0.16662598 0.74560547
vn -0.4338379 0.29223633 0.8520508
vn -0.54296875 0.234375 0.8066406
vn -0.60058594 0.17993164 -0.7788086
vn -0.72314453 0.5083008 -0.46801758
vn -0.6508789 0.28320312 -0.70458984
vn -0.5361328 0.083740234 -0.83984375
vn -0.71240234 0.4086914 -0.5703125
vn -0.53125 0.07824707 -0.8432617
vn -0.71191406 0.66308594 -0.23120117
vn -0.5136719 0.060791016 -0.85595703
vn -0.7363281 0.59521484 -0.32177734
vn -0.51171875 0.059387207 -0.8569336
vn -0.6411133 0.7675781 -0.015289307
vn -0.48828125 0.04345703 -0.87158203
vn -0.67089844 0.73876953 -0.0637207
vn -0.49023438 0.044555664 -0.87060547
vn -0.5214844 0.8354492 0.1739502
vn -0.45898438 0.030548096 -0.8876953
vn -0.5214844 0.8354492 0.17272949
vn -0.4658203 0.032989502 -0.88427734
vn -0.3544922 0.8725586 0.33618164
vn -0.3034668 0.8803711 0.36450195
vn -0.13671875 0.8730469 0.46850586
vn -0.036743164 0.8652344 0.5
vn 0.13061523 0.8178711 0.5605469
vn 0.2541504 0.7783203 0.57421875
vn -0.22033691 -0.024307251 -0.97509766
vn -0.34326172 0.0057258606 -0.93896484
vn -0.017700195 -0.053222656 -0.99853516
vn 0.109191895 -0.082458496 -0.99072266
vn 0.2890625 -0.09124756 -0.953125
vn 0.38623047 -0.107666016 -0.9160156
vn 0.55908203 -0.09588623 -0.82373047
vn 0.6064453 -0.09887695 -0.7885742
vn 0.7758789 -0.05621338 -0.62841797
vn 0.77490234 -0.057159424 -0.62939453
vn 0.921875 0.03062439 -0.3864746
vn 0.8964844 0.015975952 -0.44311523
vn 0.98095703 0.15490723 -0.117004395
vn 0.9667969 0.118774414 -0.22619629
vn 0.9423828 0.29541016 0.15844727
vn 0.96875 0.24597168 0.026855469
vn 0.7988281 0.4272461 0.42382812
vn 0.86816406 0.38378906 0.31420898
vn 0.7163086 0.46899414 0.51660156
vn 0.7109375 0.47192383 0.5214844
vn 0.69091797 0.48339844 0.53759766
vn 0.68896484 0.484375 0.5390625
vn 0.6660156 0.5004883 0.55322266
vn 0.66748047 0.49926758 0.5522461
vn 0.63916016 0.52197266 0.5644531
vn 0.64501953 0.51708984 0.5625
vn 0.4338379 0.6791992 0.5917969
vn 0.54296875 0.6064453 0.5810547
vn 0.72314453 0.5083008 -0.46801758
vn 0.60058594 0.17993164 -0.7788086
vn 0.6508789 0.28320312 -0.70458984
vn 0.5361328 0.083740234 -0.83984375
vn 0.71240234 0.4086914 -0.5703125
vn 0.53125 0.07824707 -0.8432617
vn 0.71191406 0.66308594 -0.23132324
vn 0.5136719 0.060791016 -0.85595703
vn 0.7363281 0.59521484 -0.32177734
vn 0.51171875 0.059387207 -0.8569336
vn 0.6411133 0.7675781 -0.015289307
vn 0.48828125 0.04345703 -0.87158203
vn 0.67089844 0.73876953 -0.0637207
vn 0.49023438 0.044555664 -0.87060547
vn 0.5214844 0.8354492 0.1739502
vn 0.45898438 0.030548096 -0.8876953
vn 0.5214844 0.8354492 0.17272949
vn 0.4658203 0.032989502 -0.88427734
vn 0.3544922 0.8725586 0.33618164
vn 0.3034668 0.8803711 0.36450195
vn 0.13671875 0.8730469 0.46850586
vn 0.036743164 0.8652344 0.5
vn -0.13061523 0.8178711 0.5605469
vn -0.2541504 0.7783203 0.57421875
vn 0.22033691 -0.024307251 -0.97509766
vn 0.34326172 0.0057258606 -0.93896484
vn 0.017700195 -0.053222656 -0.99853516
vn -0.109191895 -0.082458496 -0.99072266
vn -0.2890625 -0.09124756 -0.953125
vn -0.38623047 -0.107666016 -0.9160156
vn -0.55908203 -0.09588623 -0.82373047
vn -0.6064453 -0.09887695 -0.7885742
vn -0.7758789 -0.056243896 -0.62841797
vn -0.77490234 -0.057159424 -0.62939453
vn -0.921875 0.03060913 -0.3864746
vn -0.8964844 0.015975952 -0.44311523
vn -0.98095703 0.15490723 -0.117004395
vn -0.9667969 0.118774414 -0.22619629
vn -0.9423828 0.29541016 0.15844727
vn -0.96875 0.24597168 0.026855469
vn -0.7988281 0.4272461 0.42382812
vn -0.86816406 0.38378906 0.31420898
vn -0.7163086 0.46899414 0.51660156
vn -0.7109375 0.47192383 0.5214844
vn -0.69091797 0.48339844 0.53759766
vn -0.68896484 0.484375 0.5390625
vn -0.6660156 0.5004883 0.55322266
vn -0.66748047 0.49926758 0.5522461
vn -0.63916016 0.52197266 0.5644531
vn -0.64501953 0.51708984 0.5625
vn -0.4338379 0.6791992 0.5917969
vn -0.54296875 0.6064453 0.5810547
vn -0.60058594 -0.23364258 -0.76464844
vn -0.72314453 0.20605469 -0.6591797
vn -0.6508789 -0.106933594 -0.75146484
vn -0.5361328 -0.3474121 -0.76904297
vn -0.71240234 0.068725586 -0.6982422
vn -0.53125 -0.3540039 -0.76953125
vn -0.71191406 0.45874023 -0.5317383
vn -0.5136719 -0.37524414 -0.7714844
vn -0.7363281 0.3544922 -0.5761719
vn -0.51171875 -0.37719727 -0.77197266
vn -0.6411133 0.65722656 -0.39697266
vn -0.48828125 -0.39819336 -0.7763672
vn -0.67089844 0.60791016 -0.42456055
vn -0.49023438 -0.39672852 -0.7758789
vn -0.5214844 0.8105469 -0.26708984
vn -0.45898438 -0.41748047 -0.7841797
vn -0.5214844 0.8100586 -0.26831055
vn -0.4658203 -0.41357422 -0.78222656
vn -0.3544922 0.9238281 -0.1451416
vn -0.3034668 0.9448242 -0.12445068
vn -0.13671875 0.9902344 -0.030700684
vn -0.036743164 0.9995117 0.0006403923
vn 0.13061523 0.98828125 0.07635498
vn 0.2541504 0.9609375 0.10821533
vn -0.22033691 -0.50878906 -0.83251953
vn -0.34326172 -0.4645996 -0.81640625
vn -0.017700195 -0.54541016 -0.8378906
vn 0.109191895 -0.56689453 -0.81640625
vn 0.2890625 -0.55566406 -0.77978516
vn 0.38623047 -0.55126953 -0.7397461
vn 0.55908203 -0.49487305 -0.66503906
vn 0.6064453 -0.47998047 -0.63378906
vn 0.7758789 -0.3630371 -0.5161133
vn 0.77490234 -0.36401367 -0.5161133
vn 0.921875 -0.16662598 -0.34985352
vn 0.8964844 -0.2076416 -0.39160156
vn 0.98095703 0.075683594 -0.17883301
vn 0.9667969 -0.010223389 -0.2553711
vn 0.9423828 0.33496094 -0.010505676
vn 0.96875 0.22644043 -0.099731445
vn 0.7988281 0.58203125 0.15332031
vn 0.86816406 0.48950195 0.080200195
vn 0.7163086 0.6645508 0.21289062
vn 0.7109375 0.6694336 0.21582031
vn 0.69091797 0.6875 0.22387695
vn 0.68896484 0.68896484 0.2244873
vn 0.6660156 0.70996094 0.22875977
vn 0.66748047 0.7084961 0.2286377
vn 0.63916016 0.734375 0.22790527
vn 0.64501953 0.7290039 0.22851562
vn 0.4338379 0.88427734 0.1730957
vn 0.54296875 0.8154297 0.20019531
vn 0.72314453 0.20605469 -0.6591797
vn 0.60058594 -0.23364258 -0.76464844
vn 0.6508789 -0.106933594 -0.75146484
vn 0.5361328 -0.3474121 -0.76904297
vn 0.71240234 0.068725586 -0.6982422
vn 0.53125 -0.3540039 -0.76953125
vn 0.71191406 0.45874023 -0.5317383
vn 0.5136719 -0.37524414 -0.7714844
vn 0.7363281 0.3544922 -0.5761719
vn 0.51171875 -0.37719727 -0.77197266
vn 0.6411133 0.65722656 -0.39697266
vn 0.48828125 -0.39819336 -0.7763672
vn 0.67089844 0.60791016 -0.42456055
vn 0.49023438 -0.39672852 -0.7758789
vn 0.5214844 0.8105469 -0.26708984
vn 0.45898438 -0.41748047 -0.7841797
vn 0.5214844 0.8100586 -0.26831055
vn 0.4658203 -0.41357422 -0.78222656
vn 0.3544922 0.9238281 -0.1451416
vn 0.3034668 0.9448242 -0.12445068
vn 0.13671875 0.9902344 -0.030700684
vn 0.036743164 0.9995117 0.0006403923
vn -0.13061523 0.98828125 0.07635498
vn -0.2541504 0.9609375 0.10821533
vn 0.22033691 -0.50878906 -0.83251953
vn 0.34326172 -0.4645996 -0.81640625
vn 0.017700195 -0.54541016 -0.8378906
vn -0.109191895 -0.56689453 -0.81640625
vn -0.2890625 -0.55566406 -0.77978516
vn -0.38623047 -0.55126953 -0.7397461
vn -0.55908203 -0.49487305 -0.66503906
vn -0.6064453 -0.47998047 -0.63378906
vn -0.7758789 -0.3630371 -0.5161133
vn -0.77490234 -0.36401367 -0.5161133
vn -0.921875 -0.16662598 -0.34985352
vn -0.8964844 -0.2076416 -0.39160156
vn -0.98095703 0.075683594 -0.17883301
vn -0.9667969 -0.010223389 -0.2553711
vn -0.9423828 0.33496094 -0.010505676
vn -0.96875 0.22644043 -0.099731445
vn -0.7988281 0.58203125 0.15332031
vn -0.86816406 0.48950195 0.080200195
vn -0.7163086 0.6645508 0.21289062
vn -0.7109375 0.6694336 0.21582031
vn -0.69091797 0.6875 0.22387695
vn -0.68896484 0.68896484 0.2244873
vn -0.6660156 0.70996094 0.22875977
vn -0.66748047 0.7084961 0.2286377
vn -0.63916016 0.734375 0.22790527
vn -0.64501953 0.7290039 0.22851562
vn -0.4338379 0.88427734 0.1730957
vn -0.54296875 0.8154297 0.20019531
vn -0.60058594 -0.58447266 -0.54541016
vn -0.72314453 -0.15124512 -0.6738281
vn -0.6508789 -0.46850586 -0.59765625
vn -0.5361328 -0.6855469 -0.49243164
vn -0.71240234 -0.28955078 -0.63916016
vn -0.53125 -0.69140625 -0.48950195
vn -0.71191406 0.13134766 -0.6899414
vn -0.5136719 -0.7109375 -0.4807129
vn -0.7363281 0.018859863 -0.67626953
vn -0.51171875 -0.71240234 -0.47998047
vn -0.6411133 0.37036133 -0.6723633
vn -0.48828125 -0.73291016 -0.47338867
vn -0.67089844 0.31420898 -0.6713867
vn -0.49023438 -0.7314453 -0.47387695
vn -0.5214844 0.5683594 -0.63671875
vn -0.45898438 -0.75341797 -0.47045898
vn -0.5214844 0.5673828 -0.63720703
vn -0.4658203 -0.7495117 -0.47070312
vn -0.3544922 0.72753906 -0.58740234
vn -0.3034668 0.7558594 -0.5800781
vn -0.13671875 0.84228516 -0.5214844
vn -0.036743164 0.86572266 -0.49902344
vn 0.13061523 0.89404297 -0.42822266
vn 0.2541504 0.88623047 -0.38671875
vn -0.22033691 -0.8564453 -0.46655273
vn -0.34326172 -0.8105469 -0.47460938
vn -0.017700195 -0.8911133 -0.453125
vn 0.109191895 -0.8989258 -0.42382812
vn 0.2890625 -0.87109375 -0.39746094
vn 0.38623047 -0.84716797 -0.3647461
vn 0.55908203 -0.76123047 -0.32861328
vn 0.6064453 -0.7324219 -0.3088379
vn 0.7758789 -0.5722656 -0.265625
vn 0.77490234 -0.57373047 -0.26513672
vn 0.921875 -0.31933594 -0.21972656
vn 0.8964844 -0.37573242 -0.23535156
vn 0.98095703 -0.023849487 -0.19262695
vn 0.9667969 -0.13647461 -0.21594238
vn 0.9423828 0.2849121 -0.17663574
vn 0.96875 0.14624023 -0.19958496
vn 0.7988281 0.5805664 -0.15820312
vn 0.86816406 0.4638672 -0.17529297
vn 0.7163086 0.6816406 -0.14782715
vn 0.7109375 0.6875 -0.14782715
vn 0.69091797 0.70703125 -0.14978027
vn 0.68896484 0.7089844 -0.15014648
vn 0.6660156 0.7294922 -0.15698242
vn 0.66748047 0.72802734 -0.15625
vn 0.63916016 0.75 -0.16992188
vn 0.64501953 0.74560547 -0.16662598
vn 0.4338379 0.8520508 -0.29223633
vn 0.54296875 0.8066406 -0.234375
vn 0.72314453 -0.15124512 -0.6738281
vn 0.60058594 -0.58447266 -0.54541016
vn 0.6508789 -0.46850586 -0.59765625
vn 0.5361328 -0.6855469 -0.49243164
vn 0.71240234 -0.28955078 -0.63916016
vn 0.53125 -0.69140625 -0.48950195
vn 0.71191406 0.13134766 -0.6899414
vn 0.5136719 -0.7109375 -0.4807129
vn 0.7363281 0.018859863 -0.67626953
vn 0.51171875 -0.71240234 -0.47998047
vn 0.6411133 0.37036133 -0.6723633
vn 0.48828125 -0.73291016 -0.47338867
vn 0.67089844 0.31420898 -0.6713867
vn 0.49023438 -0.7314453 -0.47387695
vn 0.5214844 0.5683594 -0.63671875
vn 0.45898438 -0.75341797 -0.47045898
vn 0.5214844 0.5673828 -0.63720703
vn 0.4658203 -0.7495117 -0.47070312
vn 0.3544922 0.72753906 -0.58740234
vn 0.3034668 0.7558594 -0.5800781
vn 0.13671875 0.84228516 -0.5214844
vn 0.036743164 0.86572266 -0.49902344
vn -0.13061523 0.89404297 -0.42822266
vn -0.2541504 0.88623047 -0.38671875
vn 0.22033691 -0.8564453 -0.46655273
vn 0.34326172 -0.8105469 -0.47460938
vn 0.017700195 -0.8911133 -0.453125
vn -0.109191895 -0.8989258 -0.42382812
vn -0.2890625 -0.87109375 -0.39746094
vn -0.38623047 -0.84716797 -0.3647461
vn -0.55908203 -0.76123047 -0.32861328
vn -0.6064453 -0.7324219 -0.3088379
vn -0.7758789 -0.5722656 -0.265625
vn -0.77490234 -0.57373047 -0.26513672
vn -0.921875 -0.31933594 -0.21972656
vn -0.8964844 -0.37573242 -0.23535156
vn -0.98095703 -0.023849487 -0.19262695
vn -0.9667969 -0.13647461 -0.21594238
vn -0.9423828 0.2849121 -0.17663574
vn -0.96875 0.14624023 -0.19958496
vn -0.7988281 0.5805664 -0.15820312
vn -0.86816406 0.4638672 -0.17529297
vn -0.7163086 0.6816406 -0.14782715
vn -0.7109375 0.6875 -0.14782715
vn -0.69091797 0.70703125 -0.14978027
vn -0.68896484 0.7089844 -0.15014648
vn -0.6660156 0.7294922 -0.15698242
vn -0.66748047 0.72802734 -0.15625
vn -0.63916016 0.75 -0.16992188
vn -0.64501953 0.74560547 -0.16662598
vn -0.4338379 0.8520508 -0.29223633
vn -0.54296875 0.8066406 -0.234375
vn -0.60058594 -0.7788086 -0.17993164
vn -0.72314453 -0.46801758 -0.5083008
vn -0.6508789 -0.70458984 -0.28320312
vn -0.5361328 -0.83984375 -0.083740234
vn -0.71240234 -0.5703125 -0.4086914
vn -0.53125 -0.8432617 -0.07824707
vn -0.71191406 -0.23120117 -0.66308594
vn -0.5136719 -0.85595703 -0.060821533
vn -0.7363281 -0.32177734 -0.59521484
vn -0.51171875 -0.8569336 -0.059387207
vn -0.6411133 -0.015289307 -0.7675781
vn -0.48828125 -0.87158203 -0.04345703
vn -0.67089844 -0.0637207 -0.73876953
vn -0.49023438 -0.87060547 -0.044555664
vn -0.5214844 0.1739502 -0.8354492
vn -0.45898438 -0.8876953 -0.030548096
vn -0.5214844 0.17272949 -0.8354492
vn -0.4658203 -0.88427734 -0.032989502
vn -0.3544922 0.33618164 -0.8725586
vn -0.3034668 0.36450195 -0.8803711
vn -0.13671875 0.46850586 -0.8730469
vn -0.036743164 0.5 -0.8652344
vn 0.13061523 0.5605469 -0.8178711
vn 0.2541504 0.57421875 -0.7783203
vn -0.22033691 -0.97509766 0.024307251
vn -0.34326172 -0.93896484 -0.0057258606
vn -0.017700195 -0.99853516 0.053222656
vn 0.109191895 -0.99072266 0.082458496
vn 0.2890625 -0.953125 0.09124756
vn 0.38623047 -0.9160156 0.107666016
vn 0.55908203 -0.82373047 0.09588623
vn 0.6064453 -0.7885742 0.09887695
vn 0.7758789 -0.62841797 0.05621338
vn 0.77490234 -0.62939453 0.057159424
vn 0.921875 -0.3864746 -0.03060913
vn 0.8964844 -0.44311523 -0.015975952
vn 0.98095703 -0.117004395 -0.15490723
vn 0.9667969 -0.22619629 -0.118774414
vn 0.9423828 0.15844727 -0.29541016
vn 0.96875 0.026855469 -0.24597168
vn 0.7988281 0.42382812 -0.4272461
vn 0.86816406 0.31420898 -0.38378906
vn 0.7163086 0.51660156 -0.46899414
vn 0.7109375 0.5214844 -0.47192383
vn 0.69091797 0.53759766 -0.48339844
vn 0.68896484 0.5390625 -0.484375
vn 0.6660156 0.55322266 -0.5004883
vn 0.66748047 0.5522461 -0.49926758
vn 0.63916016 0.5644531 -0.52197266
vn 0.64501953 0.5625 -0.51708984
vn 0.4338379 0.5917969 -0.6791992
vn 0.54296875 0.5810547 -0.6064453
vn 0.72314453 -0.46801758 -0.5083008
vn 0.60058594 -0.7788086 -0.17993164
vn 0.6508789 -0.70458984 -0.28320312
vn 0.5361328 -0.83984375 -0.083740234
vn 0.71240234 -0.5703125 -0.4086914
vn 0.53125 -0.8432617 -0.07824707
vn 0.71191406 -0.23132324 -0.66308594
vn 0.5136719 -0.85595703 -0.060791016
vn 0.7363281 -0.32177734 -0.59521484
vn 0.51171875 -0.8569336 -0.059387207
vn 0.6411133 -0.015289307 -0.7675781
vn 0.48828125 -0.87158203 -0.04345703
vn 0.67089844 -0.0637207 -0.73876953
vn 0.49023438 -0.87060547 -0.044555664
vn 0.5214844 0.1739502 -0.8354492
vn 0.45898438 -0.8876953 -0.030548096
vn 0.5214844 0.17272949 -0.8354492
vn 0.4658203 -0.88427734 -0.032989502
vn 0.3544922 0.33618164 -0.8725586
vn 0.3034668 0.36450195 -0.8803711
vn 0.13671875 0.46850586 -0.8730469
vn 0.036743164 0.5 -0.8652344
vn -0.13061523 0.5605469 -0.8178711
vn -0.2541504 0.57421875 -0.7783203
vn 0.22033691 -0.97509766 0.024307251
vn 0.34326172 -0.93896484 -0.0057258606
vn 0.017700195 -0.99853516 0.053222656
vn -0.109191895 -0.99072266 0.082458496
vn -0.2890625 -0.953125 0.09124756
vn -0.38623047 -0.9160156 0.107666016
vn -0.55908203 -0.82373047 0.09588623
vn -0.6064453 -0.7885742 0.09887695
vn -0.7758789 -0.62841797 0.056243896
vn -0.77490234 -0.62939453 0.057159424
vn -0.921875 -0.3864746 -0.03060913
vn -0.8964844 -0.44311523 -0.015975952
vn -0.98095703 -0.117004395 -0.15490723
vn -0.9667969 -0.22619629 -0.118774414
vn -0.9423828 0.15844727 -0.29541016
vn -0.96875 0.026855469 -0.24597168
vn -0.7988281 0.42382812 -0.4272461
vn -0.86816406 0.31420898 -0.38378906
vn -0.7163086 0.51660156 -0.46899414
vn -0.7109375 0.5214844 -0.47192383
vn -0.69091797 0.53759766 -0.48339844
vn -0.68896484 0.5390625 -0.484375
vn -0.6660156 0.55322266 -0.5004883
vn -0.66748047 0.5522461 -0.49926758
vn -0.63916016 0.5644531 -0.52197266
vn -0.64501953 0.5625 -0.51708984
vn -0.4338379 0.5917969 -0.6791992
vn -0.54296875 0.5810547 -0.6064453
vn -0.60058594 -0.76464844 0.23364258
vn -0.72314453 -0.6591797 -0.20605469
vn -0.6508789 -0.75146484 0.106933594
vn -0.5361328 -0.76904297 0.3474121
vn -0.71240234 -0.6982422 -0.068725586
vn -0.53125 -0.76953125 0.3540039
vn -0.71191406 -0.5317383 -0.45874023
vn -0.5136719 -0.7714844 0.37524414
vn -0.7363281 -0.5761719 -0.3544922
vn -0.51171875 -0.77197266 0.37719727
vn -0.6411133 -0.39697266 -0.65722656
vn -0.48828125 -0.7763672 0.39819336
vn -0.67089844 -0.42456055 -0.60791016
vn -0.49023438 -0.7758789 0.39672852
vn -0.5214844 -0.26708984 -0.8105469
vn -0.45898438 -0.7841797 0.41748047
vn -0.5214844 -0.26831055 -0.8100586
vn -0.4658203 -0.78222656 0.41357422
vn -0.3544922 -0.1451416 -0.9238281
vn -0.3034668 -0.12445068 -0.9448242
vn -0.13671875 -0.030700684 -0.9902344
vn -0.036743164 0.0006403923 -0.9995117
vn 0.13061523 0.07635498 -0.98828125
vn 0.2541504 0.10821533 -0.9609375
vn -0.22033691 -0.83251953 0.50878906
vn -0.34326172 -0.81640625 0.4645996
vn -0.017700195 -0.8378906 0.54541016
vn 0.109191895 -0.81640625 0.56689453
vn 0.2890625 -0.77978516 0.55566406
vn 0.38623047 -0.7397461 0.55126953
vn 0.55908203 -0.66503906 0.49487305
vn 0.6064453 -0.63378906 0.47998047
vn 0.7758789 -0.5161133 0.3630371
vn 0.77490234 -0.5161133 0.36401367
vn 0.921875 -0.34985352 0.16662598
vn 0.8964844 -0.39160156 0.2076416
vn 0.98095703 -0.17883301 -0.075683594
vn 0.9667969 -0.2553711 0.010223389
vn 0.9423828 -0.010505676 -0.33496094
vn 0.96875 -0.099731445 -0.22644043
vn 0.7988281 0.15332031 -0.58203125
vn 0.86816406 0.080200195 -0.48950195
vn 0.7163086 0.21289062 -0.6645508
vn 0.7109375 0.21582031 -0.6694336
vn 0.69091797 0.22387695 -0.6875
vn 0.68896484 0.2244873 -0.68896484
vn 0.6660156 0.22875977 -0.70996094
vn 0.66748047 0.2286377 -0.7084961
vn 0.63916016 0.22790527 -0.734375
vn 0.64501953 0.22851562 -0.7290039
vn 0.4338379 0.1730957 -0.88427734
vn 0.54296875 0.20019531 -0.8154297
vn 0.72314453 -0.6591797 -0.20605469
vn 0.60058594 -0.76464844 0.23364258
vn 0.6508789 -0.75146484 0.106933594
vn 0.5361328 -0.76904297 0.3474121
vn 0.71240234 -0.6982422 -0.068725586
vn 0.53125 -0.76953125 0.3540039
vn 0.71191406 -0.5317383 -0.45874023
vn 0.5136719 -0.7714844 0.37524414
vn 0.7363281 -0.5761719 -0.3544922
vn 0.51171875 -0.77197266 0.37719727
vn 0.6411133 -0.39697266 -0.65722656
vn 0.48828125 -0.7763672 0.39819336
vn 0.67089844 -0.42456055 -0.60791016
vn 0.49023438 -0.7758789 0.39672852
vn 0.5214844 -0.26708984 -0.8105469
vn 0.45898438 -0.7841797 0.41748047
vn 0.5214844 -0.26831055 -0.8100586
vn 0.4658203 -0.78222656 0.41357422
vn 0.3544922 -0.1451416 -0.9238281
vn 0.3034668 -0.12445068 -0.9448242
vn 0.13671875 -0.030700684 -0.9902344
vn 0.036743164 0.00064086914 -0.9995117
vn -0.13061523 0.07635498 -0.98828125
vn -0.2541504 0.10821533 -0.9609375
vn 0.22033691 -0.83251953 0.50878906
vn 0.34326172 -0.81640625 0.4645996
vn 0.017700195 -0.8378906 0.54541016
vn -0.109191895 -0.81640625 0.56689453
vn -0.2890625 -0.77978516 0.55566406
vn -0.38623047 -0.7397461 0.55126953
vn -0.55908203 -0.66503906 0.49487305
vn -0.6064453 -0.63378906 0.47998047
vn -0.7758789 -0.5161133 0.3630371
vn -0.77490234 -0.5161133 0.36401367
vn -0.921875 -0.34985352 0.16662598
vn -0.8964844 -0.39160156 0.2076416
vn -0.98095703 -0.17883301 -0.075683594
vn -0.9667969 -0.2553711 0.010223389
vn -0.9423828 -0.010505676 -0.33496094
vn -0.96875 -0.099731445 -0.22644043
vn -0.7988281 0.15332031 -0.58203125
vn -0.86816406 0.080200195 -0.48950195
vn -0.7163086 0.21289062 -0.6645508
vn -0.7109375 0.21582031 -0.6694336
vn -0.69091797 0.22387695 -0.6875
vn -0.68896484 0.2244873 -0.68896484
vn -0.6660156 0.22875977 -0.70996094
vn -0.66748047 0.2286377 -0.7084961
vn -0.63916016 0.22790527 -0.734375
vn -0.64501953 0.22851562 -0.7290039
vn -0.4338379 0.1730957 -0.88427734
vn -0.54296875 0.20019531 -0.8154297
vn -0.60058594 -0.54541016 0.58447266
vn -0.72314453 -0.6738281 0.15124512
vn -0.6508789 -0.59765625 0.46850586
vn -0.5361328 -0.49243164 0.6855469
vn -0.71240234 -0.63916016 0.28955078
vn -0.53125 -0.48950195 0.69140625
vn -0.71191406 -0.6899414 -0.13134766
vn -0.5136719 -0.4807129 0.7109375
vn -0.7363281 -0.67626953 -0.018859863
vn -0.51171875 -0.47998047 0.71240234
vn -0.6411133 -0.6723633 -0.37036133
vn -0.48828125 -0.47338867 0.73291016
vn -0.67089844 -0.6713867 -0.31420898
vn -0.49023438 -0.47387695 0.7314453
vn -0.5214844 -0.63671875 -0.5683594
vn -0.45898438 -0.47045898 0.75341797
vn -0.5214844 -0.63720703 -0.5673828
vn -0.4658203 -0.47070312 0.7495117
vn -0.3544922 -0.58740234 -0.72753906
vn -0.3034668 -0.5800781 -0.7558594
vn -0.13671875 -0.5214844 -0.84228516
vn -0.036743164 -0.49902344 -0.86572266
vn 0.13061523 -0.42822266 -0.89404297
vn 0.2541504 -0.38671875 -0.88623047
vn -0.22033691 -0.46655273 0.8564453
vn -0.34326172 -0.47460938 0.8105469
vn -0.017700195 -0.453125 0.8911133
vn 0.109191895 -0.42382812 0.8989258
vn 0.2890625 -0.39746094 0.87109375
vn 0.38623047 -0.3647461 0.84716797
vn 0.55908203 -0.32861328 0.76123047
vn 0.6064453 -0.3088379 0.7324219
vn 0.7758789 -0.265625 0.5722656
vn 0.77490234 -0.26513672 0.57373047
vn 0.921875 -0.21972656 0.31933594
vn 0.8964844 -0.23535156 0.37573242
vn 0.98095703 -0.19262695 0.023849487
vn 0.9667969 -0.21594238 0.13647461
vn 0.9423828 -0.17663574 -0.2849121
vn 0.96875 -0.19958496 -0.14624023
vn 0.7988281 -0.15820312 -0.5805664
vn 0.86816406 -0.17529297 -0.4638672
vn 0.7163086 -0.14782715 -0.6816406
vn 0.7109375 -0.14782715 -0.6875
vn 0.69091797 -0.14978027 -0.70703125
vn 0.68896484 -0.15014648 -0.7089844
vn 0.6660156 -0.15698242 -0.7294922
vn 0.66748047 -0.15625 -0.72802734
vn 0.63916016 -0.16992188 -0.75
vn 0.64501953 -0.16662598 -0.74560547
vn 0.4338379 -0.29223633 -0.8520508
vn 0.54296875 -0.234375 -0.8066406
vn 0.72314453 -0.6738281 0.15124512
vn 0.60058594 -0.54541016 0.58447266
vn 0.6508789 -0.59765625 0.46850586
vn 0.5361328 -0.49243164 0.6855469
vn 0.71240234 -0.63916016 0.28955078
vn 0.53125 -0.48950195 0.69140625
vn 0.71191406 -0.6899414 -0.13134766
vn 0.5136719 -0.4807129 0.7109375
vn 0.7363281 -0.67626953 -0.018859863
vn 0.51171875 -0.47998047 0.71240234
vn 0.6411133 -0.6723633 -0.37036133
vn 0.48828125 -0.47338867 0.73291016
vn 0.67089844 -0.6713867 -0.31420898
vn 0.49023438 -0.47387695 0.7314453
vn 0.5214844 -0.63671875 -0.5683594
vn 0.45898438 -0.47045898 0.75341797
vn 0.5214844 -0.63720703 -0.5673828
vn 0.4658203 -0.47070312 0.7495117
vn 0.3544922 -0.58740234 -0.72753906
vn 0.3034668 -0.5800781 -0.7558594
vn 0.13671875 -0.5214844 -0.84228516
vn 0.036743164 -0.49902344 -0.86572266
vn -0.13061523 -0.42822266 -0.89404297
vn -0.2541504 -0.38671875 -0.88623047
vn 0.22033691 -0.46655273 0.8564453
vn 0.34326172 -0.47460938 0.8105469
vn 0.017700195 -0.453125 0.8911133
vn -0.109191895 -0.42382812 0.8989258
vn -0.2890625 -0.39746094 0.87109375
vn -0.38623047 -0.3647461 0.84716797
vn -0.55908203 -0.32861328 0.76123047
vn -0.6064453 -0.3088379 0.7324219
vn -0.7758789 -0.265625 0.5722656
vn -0.77490234 -0.26513672 0.57373047
vn -0.921875 -0.21972656 0.31933594
vn -0.8964844 -0.23535156 0.37573242
vn -0.98095703 -0.19262695 0.023849487
vn -0.9667969 -0.21594238 0.13647461
vn -0.9423828 -0.17663574 -0.2849121
vn -0.96875 -0.19958496 -0.14624023
vn -0.7988281 -0.15820312 -0.5805664
vn -0.86816406 -0.17529297 -0.4638672
vn -0.7163086 -0.14782715 -0.6816406
vn -0.7109375 -0.14782715 -0.6875
vn -0.69091797 -0.14978027 -0.70703125
vn -0.68896484 -0.15014648 -0.7089844
vn -0.6660156 -0.15698242 -0.7294922
vn -0.66748047 -0.15625 -0.72802734
vn -0.63916016 -0.16992188 -0.75
vn -0.64501953 -0.16662598 -0.74560547
vn -0.4338379 -0.29223633 -0.8520508
vn -0.54296875 -0.234375 -0.8066406
vn -0.70996094 0.6801758 -0.18225098
vn -0.70996094 0.70410156 -6.556511E-07
vn -0.70996094 0.6801758 -0.18225098
vn -0.70996094 0.70410156 -7.748604E-07
vn -0.70996094 0.6098633 -0.35205078
vn -0.70996094 0.6801758 0.18225098
vn -0.70996094 0.6098633 -0.35205078
vn -0.70996094 0.6801758 0.18225098
vn -0.70996094 0.49780273 -0.49780273
vn -0.70996094 0.6098633 0.35205078
vn -0.70996094 0.49780273 -0.49780273
vn -0.70996094 0.6098633 0.35205078
vn -0.70996094 0.35205078 -0.6098633
vn -0.70996094 0.49780273 0.49780273
vn -0.70996094 0.35205078 -0.6098633
vn -0.70996094 0.49780273 0.49780273
vn -0.70996094 0.18225098 -0.6801758
vn -0.70996094 0.35205078 0.6098633
vn -0.70996094 0.18225098 -0.6801758
vn -0.70996094 0.35205078 0.6098633
vn -0.70996094 -5.9604645E-07 -0.70410156
vn -0.70996094 0.18225098 0.6801758
vn -0.70996094 -4.172325E-07 -0.70410156
vn -0.70996094 0.18225098 0.6801758
vn -0.70996094 -0.18225098 -0.6801758
vn -0.70996094 -1.0728836E-06 0.70410156
vn -0.70996094 -0.18225098 -0.6801758
vn -0.70996094 -1.2516975E-06 0.70410156
vn -0.70996094 -0.35205078 -0.6098633
vn -0.70996094 -0.18225098 0.6801758
vn -0.70996094 -0.35205078 -0.6098633
vn -0.70996094 -0.18225098 0.6801758
vn -0.70996094 -0.49780273 -0.49780273
vn -0.70996094 -0.35205078 0.6098633
vn -0.70996094 -0.49780273 -0.49780273
vn -0.70996094 -0.35205078 0.6098633
vn -0.70996094 -0.6098633 -0.35205078
vn -0.70996094 -0.49780273 0.49780273
vn -0.70996094 -0.6098633 -0.35205078
vn -0.70996094 -0.49780273 0.49780273
vn -0.70996094 -0.6801758 -0.18225098
vn -0.70996094 -0.6098633 0.35205078
vn -0.70996094 -0.6801758 -0.18225098
vn -0.70996094 -0.6098633 0.35205078
vn -0.70996094 -0.70410156 -1.4305115E-06
vn -0.70996094 -0.6801758 0.18225098
vn -0.70996094 -0.70410156 -1.2516975E-06
vn -0.70996094 -0.6801758 0.18225098
vn 0.70996094 0.70410156 -0
vn 0.70996094 0.6801758 -0.18225098
vn 0.70996094 0.6801758 -0.18225098
vn 0.70996094 0.70410156 -1.1920929E-07
vn 0.70996094 0.6098633 -0.35205078
vn 0.70996094 0.6801758 0.18225098
vn 0.70996094 0.6098633 -0.35205078
vn 0.70996094 0.6801758 0.18225098
vn 0.70996094 0.49780273 -0.49780273
vn 0.70996094 0.6098633 0.35205078
vn 0.70996094 0.49780273 -0.49780273
vn 0.70996094 0.6098633 0.35205078
vn 0.70996094 0.35205078 -0.6098633
vn 0.70996094 0.49780273 0.49780273
vn 0.70996094 0.35205078 -0.6098633
vn 0.70996094 0.49780273 0.49780273
vn 0.70996094 0.18225098 -0.6801758
vn 0.70996094 0.35205078 0.6098633
vn 0.70996094 0.18225098 -0.6801758
vn 0.70996094 0.35205078 0.6098633
vn 0.70996094 -8.940697E-07 -0.70410156
vn 0.70996094 0.18225098 0.6801758
vn 0.70996094 -9.536743E-07 -0.70410156
vn 0.70996094 0.18225098 0.6801758
vn 0.70996094 -0.18225098 -0.6801758
vn 0.70996094 -1.3709068E-06 0.70410156
vn 0.70996094 -0.18225098 -0.6801758
vn 0.70996094 -1.3113022E-06 0.70410156
vn 0.70996094 -0.35205078 -0.6098633
vn 0.70996094 -0.18225098 0.6801758
vn 0.70996094 -0.35205078 -0.6098633
vn 0.70996094 -0.18225098 0.6801758
vn 0.70996094 -0.49780273 -0.49780273
vn 0.70996094 -0.35205078 0.6098633
vn 0.70996094 -0.49780273 -0.49780273
vn 0.70996094 -0.35205078 0.6098633
vn 0.70996094 -0.6098633 -0.35205078
vn 0.70996094 -0.49780273 0.49780273
vn 0.70996094 -0.6098633 -0.35205078
vn 0.70996094 -0.49780273 0.49780273
vn 0.70996094 -0.6801758 -0.18225098
vn 0.70996094 -0.6098633 0.35205078
vn 0.70996094 -0.6801758 -0.18225098
vn 0.70996094 -0.6098633 0.35205078
vn 0.70996094 -0.70410156 -5.364418E-07
vn 0.70996094 -0.6801758 0.18225098
vn 0.70996094 -0.70410156 -4.7683716E-07
vn 0.70996094 -0.6801758 0.18225098
g roboball2tire_0
f 3/3/3 2/2/2 1/1/1
f 6/6/6 5/5/5 4/4/4
f 9/9/9 8/8/8 7/7/7
f 12/12/12 11/11/11 10/10/10
f 15/15/15 14/14/14 13/13/13
f 18/18/18 17/17/17 16/16/16
f 21/21/21 20/20/20 19/19/19
f 24/24/24 23/23/23 22/22/22
f 27/27/27 26/26/26 25/25/25
f 30/30/30 29/29/29 28/28/28
f 33/33/33 32/32/32 31/31/31
f 36/36/36 35/35/35 34/34/34
f 39/39/39 38/38/38 37/37/37
f 42/42/42 41/41/41 40/40/40
f 45/45/45 44/44/44 43/43/43
f 48/48/48 47/47/47 46/46/46
f 51/51/51 50/50/50 49/49/49
f 54/54/54 53/53/53 52/52/52
f 57/57/57 56/56/56 55/55/55
f 60/60/60 59/59/59 58/58/58
f 63/63/63 62/62/62 61/61/61
f 66/66/66 65/65/65 64/64/64
f 69/69/69 68/68/68 67/67/67
f 72/72/72 71/71/71 70/70/70
f 75/75/75 74/74/74 73/73/73
f 78/78/78 77/77/77 76/76/76
f 81/81/81 80/80/80 79/79/79
f 84/84/84 83/83/83 82/82/82
f 87/87/87 86/86/86 85/85/85
f 90/90/90 89/89/89 88/88/88
f 93/93/93 92/92/92 91/91/91
f 96/96/96 95/95/95 94/94/94
f 99/99/99 98/98/98 97/97/97
f 102/102/102 101/101/101 100/100/100
f 105/105/105 104/104/104 103/103/103
f 108/108/108 107/107/107 106/106/106
f 111/111/111 110/110/110 109/109/109
f 114/114/114 113/113/113 112/112/112
f 117/117/117 116/116/116 115/115/115
f 120/120/120 119/119/119 118/118/118
f 123/123/123 122/122/122 121/121/121
f 126/126/126 125/125/125 124/124/124
f 129/129/129 128/128/128 127/127/127
f 132/132/132 131/131/131 130/130/130
f 135/135/135 134/134/134 133/133/133
f 138/138/138 137/137/137 136/136/136
f 141/141/141 140/140/140 139/139/139
f 144/144/144 143/143/143 142/142/142
f 147/147/147 146/146/146 145/145/145
f 150/150/150 149/149/149 148/148/148
f 153/153/153 152/152/152 151/151/151
f 156/156/156 155/155/155 154/154/154
f 159/159/159 158/158/158 157/157/157
f 162/162/162 161/161/161 160/160/160
f 165/165/165 164/164/164 163/163/163
f 168/168/168 167/167/167 166/166/166
f 171/171/171 170/170/170 169/169/169
f 174/174/174 173/173/173 172/172/172
f 177/177/177 176/176/176 175/175/175
f 180/180/180 179/179/179 178/178/178
f 183/183/183 182/182/182 181/181/181
f 186/186/186 185/185/185 184/184/184
f 189/189/189 188/188/188 187/187/187
f 192/192/192 191/191/191 190/190/190
f 195/195/195 194/194/194 193/193/193
f 198/198/198 197/197/197 196/196/196
f 201/201/201 200/200/200 199/199/199
f 204/204/204 203/203/203 202/202/202
f 207/207/207 206/206/206 205/205/205
f 210/210/210 209/209/209 208/208/208
f 213/213/213 212/212/212 211/211/211
f 216/216/216 215/215/215 214/214/214
f 219/219/219 218/218/218 217/217/217
f 222/222/222 221/221/221 220/220/220
f 225/225/225 224/224/224 223/223/223
f 228/228/228 227/227/227 226/226/226
f 231/231/231 230/230/230 229/229/229
f 234/234/234 233/233/233 232/232/232
f 237/237/237 236/236/236 235/235/235
f 240/240/240 239/239/239 238/238/238
f 243/243/243 242/242/242 241/241/241
f 246/246/246 245/245/245 244/244/244
f 249/249/249 248/248/248 247/247/247
f 252/252/252 251/251/251 250/250/250
f 255/255/255 254/254/254 253/253/253
f 258/258/258 257/257/257 256/256/256
f 261/261/261 260/260/260 259/259/259
f 264/264/264 263/263/263 262/262/262
f 267/267/267 266/266/266 265/265/265
f 270/270/270 269/269/269 268/268/268
f 273/273/273 272/272/272 271/271/271
f 276/276/276 275/275/275 274/274/274
f 279/279/279 278/278/278 277/277/277
f 282/282/282 281/281/281 280/280/280
f 285/285/285 284/284/284 283/283/283
f 288/288/288 287/287/287 286/286/286
f 291/291/291 290/290/290 289/289/289
f 294/294/294 293/293/293 292/292/292
f 297/297/297 296/296/296 295/295/295
f 300/300/300 299/299/299 298/298/298
f 303/303/303 302/302/302 301/301/301
f 306/306/306 305/305/305 304/304/304
f 309/309/309 308/308/308 307/307/307
f 312/312/312 311/311/311 310/310/310
f 315/315/315 314/314/314 313/313/313
f 318/318/318 317/317/317 316/316/316
f 321/321/321 320/320/320 319/319/319
f 324/324/324 323/323/323 322/322/322
f 327/327/327 326/326/326 325/325/325
f 330/330/330 329/329/329 328/328/328
f 333/333/333 332/332/332 331/331/331
f 336/336/336 335/335/335 334/334/334
f 339/339/339 338/338/338 337/337/337
f 342/342/342 341/341/341 340/340/340
f 345/345/345 344/344/344 343/343/343
f 348/348/348 347/347/347 346/346/346
f 351/351/351 350/350/350 349/349/349
f 354/354/354 353/353/353 352/352/352
f 357/357/357 356/356/356 355/355/355
f 360/360/360 359/359/359 358/358/358
f 363/363/363 362/362/362 361/361/361
f 366/366/366 365/365/365 364/364/364
f 369/369/369 368/368/368 367/367/367
f 372/372/372 371/371/371 370/370/370
f 375/375/375 374/374/374 373/373/373
f 378/378/378 377/377/377 376/376/376
f 381/381/381 380/380/380 379/379/379
f 384/384/384 383/383/383 382/382/382
f 387/387/387 386/386/386 385/385/385
f 390/390/390 389/389/389 388/388/388
f 393/393/393 392/392/392 391/391/391
f 396/396/396 395/395/395 394/394/394
f 399/399/399 398/398/398 397/397/397
f 402/402/402 401/401/401 400/400/400
f 405/405/405 404/404/404 403/403/403
f 408/408/408 407/407/407 406/406/406
f 411/411/411 410/410/410 409/409/409
f 414/414/414 413/413/413 412/412/412
f 417/417/417 416/416/416 415/415/415
f 420/420/420 419/419/419 418/418/418
f 423/423/423 422/422/422 421/421/421
f 426/426/426 425/425/425 424/424/424
f 429/429/429 428/428/428 427/427/427
f 432/432/432 431/431/431 430/430/430
f 435/435/435 434/434/434 433/433/433
f 438/438/438 437/437/437 436/436/436
f 441/441/441 440/440/440 439/439/439
f 444/444/444 443/443/443 442/442/442
f 447/447/447 446/446/446 445/445/445
f 450/450/450 449/449/449 448/448/448
f 453/453/453 452/452/452 451/451/451
f 456/456/456 455/455/455 454/454/454
f 459/459/459 458/458/458 457/457/457
f 462/462/462 461/461/461 460/460/460
f 465/465/465 464/464/464 463/463/463
f 468/468/468 467/467/467 466/466/466
f 471/471/471 470/470/470 469/469/469
f 474/474/474 473/473/473 472/472/472
f 477/477/477 476/476/476 475/475/475
f 480/480/480 479/479/479 478/478/478
f 483/483/483 482/482/482 481/481/481
f 486/486/486 485/485/485 484/484/484
f 489/489/489 488/488/488 487/487/487
f 492/492/492 491/491/491 490/490/490
f 495/495/495 494/494/494 493/493/493
f 498/498/498 497/497/497 496/496/496
f 501/501/501 500/500/500 499/499/499
f 504/504/504 503/503/503 502/502/502
f 507/507/507 506/506/506 505/505/505
f 510/510/510 509/509/509 508/508/508
f 513/513/513 512/512/512 511/511/511
f 516/516/516 515/515/515 514/514/514
f 519/519/519 518/518/518 517/517/517
f 522/522/522 521/521/521 520/520/520
f 525/525/525 524/524/524 523/523/523
f 528/528/528 527/527/527 526/526/526
f 531/531/531 530/530/530 529/529/529
f 534/534/534 533/533/533 532/532/532
f 537/537/537 536/536/536 535/535/535
f 540/540/540 539/539/539 538/538/538
f 543/543/543 542/542/542 541/541/541
f 546/546/546 545/545/545 544/544/544
f 549/549/549 548/548/548 547/547/547
f 552/552/552 551/551/551 550/550/550
f 555/555/555 554/554/554 553/553/553
f 558/558/558 557/557/557 556/556/556
f 561/561/561 560/560/560 559/559/559
f 564/564/564 563/563/563 562/562/562
f 567/567/567 566/566/566 565/565/565
f 570/570/570 569/569/569 568/568/568
f 573/573/573 572/572/572 571/571/571
f 576/576/576 575/575/575 574/574/574
f 579/579/579 578/578/578 577/577/577
f 582/582/582 581/581/581 580/580/580
f 585/585/585 584/584/584 583/583/583
f 588/588/588 587/587/587 586/586/586
f 591/591/591 590/590/590 589/589/589
f 594/594/594 593/593/593 592/592/592
f 597/597/597 596/596/596 595/595/595
f 600/600/600 599/599/599 598/598/598
f 603/603/603 602/602/602 601/601/601
f 606/606/606 605/605/605 604/604/604
f 609/609/609 608/608/608 607/607/607
f 612/612/612 611/611/611 610/610/610
f 615/615/615 614/614/614 613/613/613
f 618/618/618 617/617/617 616/616/616
f 621/621/621 620/620/620 619/619/619
f 624/624/624 623/623/623 622/622/622
f 627/627/627 626/626/626 625/625/625
f 630/630/630 629/629/629 628/628/628
f 633/633/633 632/632/632 631/631/631
f 636/636/636 635/635/635 634/634/634
f 639/639/639 638/638/638 637/637/637
f 642/642/642 641/641/641 640/640/640
f 645/645/645 644/644/644 643/643/643
f 648/648/648 647/647/647 646/646/646
f 651/651/651 650/650/650 649/649/649
f 654/654/654 653/653/653 652/652/652
f 657/657/657 656/656/656 655/655/655
f 660/660/660 659/659/659 658/658/658
f 663/663/663 662/662/662 661/661/661
f 666/666/666 665/665/665 664/664/664
f 669/669/669 668/668/668 667/667/667
f 672/672/672 671/671/671 670/670/670
f 675/675/675 674/674/674 673/673/673
f 678/678/678 677/677/677 676/676/676
f 681/681/681 680/680/680 679/679/679
f 684/684/684 683/683/683 682/682/682
f 687/687/687 686/686/686 685/685/685
f 690/690/690 689/689/689 688/688/688
f 693/693/693 692/692/692 691/691/691
f 696/696/696 695/695/695 694/694/694
f 699/699/699 698/698/698 697/697/697
f 702/702/702 701/701/701 700/700/700
f 705/705/705 704/704/704 703/703/703
f 708/708/708 707/707/707 706/706/706
f 711/711/711 710/710/710 709/709/709
f 714/714/714 713/713/713 712/712/712
f 717/717/717 716/716/716 715/715/715
f 720/720/720 719/719/719 718/718/718
f 723/723/723 722/722/722 721/721/721
f 726/726/726 725/725/725 724/724/724
f 729/729/729 728/728/728 727/727/727
f 732/732/732 731/731/731 730/730/730
f 735/735/735 734/734/734 733/733/733
f 738/738/738 737/737/737 736/736/736
f 741/741/741 740/740/740 739/739/739
f 744/744/744 743/743/743 742/742/742
f 747/747/747 746/746/746 745/745/745
f 750/750/750 749/749/749 748/748/748
f 753/753/753 752/752/752 751/751/751
f 756/756/756 755/755/755 754/754/754
f 759/759/759 758/758/758 757/757/757
f 762/762/762 761/761/761 760/760/760
f 765/765/765 764/764/764 763/763/763
f 768/768/768 767/767/767 766/766/766
f 771/771/771 770/770/770 769/769/769
f 774/774/774 773/773/773 772/772/772
f 777/777/777 776/776/776 775/775/775
f 780/780/780 779/779/779 778/778/778
f 783/783/783 782/782/782 781/781/781
f 786/786/786 785/785/785 784/784/784
f 789/789/789 788/788/788 787/787/787
f 792/792/792 791/791/791 790/790/790
f 795/795/795 794/794/794 793/793/793
f 798/798/798 797/797/797 796/796/796
f 801/801/801 800/800/800 799/799/799
f 804/804/804 803/803/803 802/802/802
f 807/807/807 806/806/806 805/805/805
f 810/810/810 809/809/809 808/808/808
f 813/813/813 812/812/812 811/811/811
f 816/816/816 815/815/815 814/814/814
f 819/819/819 818/818/818 817/817/817
f 822/822/822 821/821/821 820/820/820
f 825/825/825 824/824/824 823/823/823
f 828/828/828 827/827/827 826/826/826
f 831/831/831 830/830/830 829/829/829
f 834/834/834 833/833/833 832/832/832
f 837/837/837 836/836/836 835/835/835
f 840/840/840 839/839/839 838/838/838
f 843/843/843 842/842/842 841/841/841
f 846/846/846 845/845/845 844/844/844
f 849/849/849 848/848/848 847/847/847
f 852/852/852 851/851/851 850/850/850
f 855/855/855 854/854/854 853/853/853
f 858/858/858 857/857/857 856/856/856
f 861/861/861 860/860/860 859/859/859
f 864/864/864 863/863/863 862/862/862
f 867/867/867 866/866/866 865/865/865
f 870/870/870 869/869/869 868/868/868
f 873/873/873 872/872/872 871/871/871
f 876/876/876 875/875/875 874/874/874
f 879/879/879 878/878/878 877/877/877
f 882/882/882 881/881/881 880/880/880
f 885/885/885 884/884/884 883/883/883
f 888/888/888 887/887/887 886/886/886
f 891/891/891 890/890/890 889/889/889
f 894/894/894 893/893/893 892/892/892
f 897/897/897 896/896/896 895/895/895
f 900/900/900 899/899/899 898/898/898
f 903/903/903 902/902/902 901/901/901
f 906/906/906 905/905/905 904/904/904
f 909/909/909 908/908/908 907/907/907
f 912/912/912 911/911/911 910/910/910
f 915/915/915 914/914/914 913/913/913
f 918/918/918 917/917/917 916/916/916
f 921/921/921 920/920/920 919/919/919
f 924/924/924 923/923/923 922/922/922
f 927/927/927 926/926/926 925/925/925
f 930/930/930 929/929/929 928/928/928
f 933/933/933 932/932/932 931/931/931
f 936/936/936 935/935/935 934/934/934
f 939/939/939 938/938/938 937/937/937
f 942/942/942 941/941/941 940/940/940
f 945/945/945 944/944/944 943/943/943
f 948/948/948 947/947/947 946/946/946
f 951/951/951 950/950/950 949/949/949
f 954/954/954 953/953/953 952/952/952
f 957/957/957 956/956/956 955/955/955
f 960/960/960 959/959/959 958/958/958
f 963/963/963 962/962/962 961/961/961
f 966/966/966 965/965/965 964/964/964
f 969/969/969 968/968/968 967/967/967
f 972/972/972 971/971/971 970/970/970
f 975/975/975 974/974/974 973/973/973
f 978/978/978 977/977/977 976/976/976
f 981/981/981 980/980/980 979/979/979
f 984/984/984 983/983/983 982/982/982
f 987/987/987 986/986/986 985/985/985
f 990/990/990 989/989/989 988/988/988
f 993/993/993 992/992/992 991/991/991
f 996/996/996 995/995/995 994/994/994
f 999/999/999 998/998/998 997/997/997
f 1002/1002/1002 1001/1001/1001 1000/1000/1000
f 1005/1005/1005 1004/1004/1004 1003/1003/1003
f 1008/1008/1008 1007/1007/1007 1006/1006/1006
f 1011/1011/1011 1010/1010/1010 1009/1009/1009
f 1014/1014/1014 1013/1013/1013 1012/1012/1012
f 1017/1017/1017 1016/1016/1016 1015/1015/1015
f 1020/1020/1020 1019/1019/1019 1018/1018/1018
f 1023/1023/1023 1022/1022/1022 1021/1021/1021
f 1026/1026/1026 1025/1025/1025 1024/1024/1024
f 1029/1029/1029 1028/1028/1028 1027/1027/1027
f 1032/1032/1032 1031/1031/1031 1030/1030/1030
f 1035/1035/1035 1034/1034/1034 1033/1033/1033
f 1038/1038/1038 1037/1037/1037 1036/1036/1036
f 1041/1041/1041 1040/1040/1040 1039/1039/1039
f 1044/1044/1044 1043/1043/1043 1042/1042/1042
f 1047/1047/1047 1046/1046/1046 1045/1045/1045
f 1050/1050/1050 1049/1049/1049 1048/1048/1048
f 1053/1053/1053 1052/1052/1052 1051/1051/1051
f 1056/1056/1056 1055/1055/1055 1054/1054/1054
f 1059/1059/1059 1058/1058/1058 1057/1057/1057
f 1062/1062/1062 1061/1061/1061 1060/1060/1060
f 1065/1065/1065 1064/1064/1064 1063/1063/1063
f 1068/1068/1068 1067/1067/1067 1066/1066/1066
f 1071/1071/1071 1070/1070/1070 1069/1069/1069
f 1074/1074/1074 1073/1073/1073 1072/1072/1072
f 1077/1077/1077 1076/1076/1076 1075/1075/1075
f 1080/1080/1080 1079/1079/1079 1078/1078/1078
f 1083/1083/1083 1082/1082/1082 1081/1081/1081
f 1086/1086/1086 1085/1085/1085 1084/1084/1084
f 1089/1089/1089 1088/1088/1088 1087/1087/1087
f 1092/1092/1092 1091/1091/1091 1090/1090/1090
f 1095/1095/1095 1094/1094/1094 1093/1093/1093
f 1098/1098/1098 1097/1097/1097 1096/1096/1096
f 1101/1101/1101 1100/1100/1100 1099/1099/1099
f 1104/1104/1104 1103/1103/1103 1102/1102/1102
f 1107/1107/1107 1106/1106/1106 1105/1105/1105
f 1110/1110/1110 1109/1109/1109 1108/1108/1108
f 1113/1113/1113 1112/1112/1112 1111/1111/1111
f 1116/1116/1116 1115/1115/1115 1114/1114/1114
f 1119/1119/1119 1118/1118/1118 1117/1117/1117
f 1122/1122/1122 1121/1121/1121 1120/1120/1120
f 1125/1125/1125 1124/1124/1124 1123/1123/1123
f 1128/1128/1128 1127/1127/1127 1126/1126/1126
f 1131/1131/1131 1130/1130/1130 1129/1129/1129
f 1134/1134/1134 1133/1133/1133 1132/1132/1132
f 1137/1137/1137 1136/1136/1136 1135/1135/1135
f 1140/1140/1140 1139/1139/1139 1138/1138/1138
f 1143/1143/1143 1142/1142/1142 1141/1141/1141
f 1146/1146/1146 1145/1145/1145 1144/1144/1144
f 1149/1149/1149 1148/1148/1148 1147/1147/1147
f 1152/1152/1152 1151/1151/1151 1150/1150/1150
f 1155/1155/1155 1154/1154/1154 1153/1153/1153
f 1158/1158/1158 1157/1157/1157 1156/1156/1156
f 1161/1161/1161 1160/1160/1160 1159/1159/1159
f 1164/1164/1164 1163/1163/1163 1162/1162/1162
f 1167/1167/1167 1166/1166/1166 1165/1165/1165
f 1170/1170/1170 1169/1169/1169 1168/1168/1168
f 1173/1173/1173 1172/1172/1172 1171/1171/1171
f 1176/1176/1176 1175/1175/1175 1174/1174/1174
f 1179/1179/1179 1178/1178/1178 1177/1177/1177
f 1182/1182/1182 1181/1181/1181 1180/1180/1180
f 1185/1185/1185 1184/1184/1184 1183/1183/1183
f 1188/1188/1188 1187/1187/1187 1186/1186/1186
f 1191/1191/1191 1190/1190/1190 1189/1189/1189
f 1194/1194/1194 1193/1193/1193 1192/1192/1192
f 1197/1197/1197 1196/1196/1196 1195/1195/1195
f 1200/1200/1200 1199/1199/1199 1198/1198/1198
f 1203/1203/1203 1202/1202/1202 1201/1201/1201
f 1206/1206/1206 1205/1205/1205 1204/1204/1204
f 1209/1209/1209 1208/1208/1208 1207/1207/1207
f 1212/1212/1212 1211/1211/1211 1210/1210/1210
f 1215/1215/1215 1214/1214/1214 1213/1213/1213
f 1218/1218/1218 1217/1217/1217 1216/1216/1216
f 1221/1221/1221 1220/1220/1220 1219/1219/1219
f 1224/1224/1224 1223/1223/1223 1222/1222/1222
f 1227/1227/1227 1226/1226/1226 1225/1225/1225
f 1230/1230/1230 1229/1229/1229 1228/1228/1228
f 1233/1233/1233 1232/1232/1232 1231/1231/1231
f 1236/1236/1236 1235/1235/1235 1234/1234/1234
f 1239/1239/1239 1238/1238/1238 1237/1237/1237
f 1242/1242/1242 1241/1241/1241 1240/1240/1240
f 1245/1245/1245 1244/1244/1244 1243/1243/1243
f 1248/1248/1248 1247/1247/1247 1246/1246/1246
f 1251/1251/1251 1250/1250/1250 1249/1249/1249
f 1254/1254/1254 1253/1253/1253 1252/1252/1252
f 1257/1257/1257 1256/1256/1256 1255/1255/1255
f 1260/1260/1260 1259/1259/1259 1258/1258/1258
f 1263/1263/1263 1262/1262/1262 1261/1261/1261
f 1266/1266/1266 1265/1265/1265 1264/1264/1264
f 1269/1269/1269 1268/1268/1268 1267/1267/1267
f 1272/1272/1272 1271/1271/1271 1270/1270/1270
f 1275/1275/1275 1274/1274/1274 1273/1273/1273
f 1278/1278/1278 1277/1277/1277 1276/1276/1276
f 1281/1281/1281 1280/1280/1280 1279/1279/1279
f 1284/1284/1284 1283/1283/1283 1282/1282/1282
f 1287/1287/1287 1286/1286/1286 1285/1285/1285
f 1290/1290/1290 1289/1289/1289 1288/1288/1288
f 1293/1293/1293 1292/1292/1292 1291/1291/1291
f 1296/1296/1296 1295/1295/1295 1294/1294/1294
f 1299/1299/1299 1298/1298/1298 1297/1297/1297
f 1302/1302/1302 1301/1301/1301 1300/1300/1300
f 1305/1305/1305 1304/1304/1304 1303/1303/1303
f 1308/1308/1308 1307/1307/1307 1306/1306/1306
f 1311/1311/1311 1310/1310/1310 1309/1309/1309
f 1314/1314/1314 1313/1313/1313 1312/1312/1312
f 1317/1317/1317 1316/1316/1316 1315/1315/1315
f 1320/1320/1320 1319/1319/1319 1318/1318/1318
f 1323/1323/1323 1322/1322/1322 1321/1321/1321
f 1326/1326/1326 1325/1325/1325 1324/1324/1324
f 1329/1329/1329 1328/1328/1328 1327/1327/1327
f 1332/1332/1332 1331/1331/1331 1330/1330/1330
f 1335/1335/1335 1334/1334/1334 1333/1333/1333
f 1338/1338/1338 1337/1337/1337 1336/1336/1336
f 1341/1341/1341 1340/1340/1340 1339/1339/1339
f 1344/1344/1344 1343/1343/1343 1342/1342/1342
f 1347/1347/1347 1346/1346/1346 1345/1345/1345
f 1350/1350/1350 1349/1349/1349 1348/1348/1348
f 1353/1353/1353 1352/1352/1352 1351/1351/1351
f 1356/1356/1356 1355/1355/1355 1354/1354/1354
f 1359/1359/1359 1358/1358/1358 1357/1357/1357
f 1362/1362/1362 1361/1361/1361 1360/1360/1360
f 1365/1365/1365 1364/1364/1364 1363/1363/1363
f 1368/1368/1368 1367/1367/1367 1366/1366/1366
f 1371/1371/1371 1370/1370/1370 1369/1369/1369
f 1374/1374/1374 1373/1373/1373 1372/1372/1372
f 1377/1377/1377 1376/1376/1376 1375/1375/1375
f 1380/1380/1380 1379/1379/1379 1378/1378/1378
f 1383/1383/1383 1382/1382/1382 1381/1381/1381
f 1386/1386/1386 1385/1385/1385 1384/1384/1384
f 1389/1389/1389 1388/1388/1388 1387/1387/1387
f 1392/1392/1392 1391/1391/1391 1390/1390/1390
f 1395/1395/1395 1394/1394/1394 1393/1393/1393
f 1398/1398/1398 1397/1397/1397 1396/1396/1396
f 1401/1401/1401 1400/1400/1400 1399/1399/1399
f 1404/1404/1404 1403/1403/1403 1402/1402/1402
f 1407/1407/1407 1406/1406/1406 1405/1405/1405
f 1410/1410/1410 1409/1409/1409 1408/1408/1408
f 1413/1413/1413 1412/1412/1412 1411/1411/1411
f 1416/1416/1416 1415/1415/1415 1414/1414/1414
f 1419/1419/1419 1418/1418/1418 1417/1417/1417
f 1422/1422/1422 1421/1421/1421 1420/1420/1420
f 1425/1425/1425 1424/1424/1424 1423/1423/1423
f 1428/1428/1428 1427/1427/1427 1426/1426/1426
f 1431/1431/1431 1430/1430/1430 1429/1429/1429
f 1434/1434/1434 1433/1433/1433 1432/1432/1432
f 1437/1437/1437 1436/1436/1436 1435/1435/1435
f 1440/1440/1440 1439/1439/1439 1438/1438/1438
f 1443/1443/1443 1442/1442/1442 1441/1441/1441
f 1446/1446/1446 1445/1445/1445 1444/1444/1444
f 1449/1449/1449 1448/1448/1448 1447/1447/1447
f 1452/1452/1452 1451/1451/1451 1450/1450/1450
f 1455/1455/1455 1454/1454/1454 1453/1453/1453
f 1458/1458/1458 1457/1457/1457 1456/1456/1456
f 1461/1461/1461 1460/1460/1460 1459/1459/1459
f 1464/1464/1464 1463/1463/1463 1462/1462/1462
f 1467/1467/1467 1466/1466/1466 1465/1465/1465
f 1470/1470/1470 1469/1469/1469 1468/1468/1468
f 1473/1473/1473 1472/1472/1472 1471/1471/1471
f 1476/1476/1476 1475/1475/1475 1474/1474/1474
f 1479/1479/1479 1478/1478/1478 1477/1477/1477
f 1482/1482/1482 1481/1481/1481 1480/1480/1480
f 1485/1485/1485 1484/1484/1484 1483/1483/1483
f 1488/1488/1488 1487/1487/1487 1486/1486/1486
f 1491/1491/1491 1490/1490/1490 1489/1489/1489
f 1494/1494/1494 1493/1493/1493 1492/1492/1492
f 1497/1497/1497 1496/1496/1496 1495/1495/1495
f 1500/1500/1500 1499/1499/1499 1498/1498/1498
f 1503/1503/1503 1502/1502/1502 1501/1501/1501
f 1506/1506/1506 1505/1505/1505 1504/1504/1504
f 1509/1509/1509 1508/1508/1508 1507/1507/1507
f 1512/1512/1512 1511/1511/1511 1510/1510/1510
f 1515/1515/1515 1514/1514/1514 1513/1513/1513
f 1518/1518/1518 1517/1517/1517 1516/1516/1516
f 1521/1521/1521 1520/1520/1520 1519/1519/1519
f 1524/1524/1524 1523/1523/1523 1522/1522/1522
f 1527/1527/1527 1526/1526/1526 1525/1525/1525
f 1530/1530/1530 1529/1529/1529 1528/1528/1528
f 1533/1533/1533 1532/1532/1532 1531/1531/1531
f 1536/1536/1536 1535/1535/1535 1534/1534/1534
f 1539/1539/1539 1538/1538/1538 1537/1537/1537
f 1542/1542/1542 1541/1541/1541 1540/1540/1540
f 1545/1545/1545 1544/1544/1544 1543/1543/1543
f 1548/1548/1548 1547/1547/1547 1546/1546/1546
f 1551/1551/1551 1550/1550/1550 1549/1549/1549
f 1554/1554/1554 1553/1553/1553 1552/1552/1552
f 1557/1557/1557 1556/1556/1556 1555/1555/1555
f 1560/1560/1560 1559/1559/1559 1558/1558/1558
f 1563/1563/1563 1562/1562/1562 1561/1561/1561
f 1566/1566/1566 1565/1565/1565 1564/1564/1564
f 1569/1569/1569 1568/1568/1568 1567/1567/1567
f 1572/1572/1572 1571/1571/1571 1570/1570/1570
f 1575/1575/1575 1574/1574/1574 1573/1573/1573
f 1578/1578/1578 1577/1577/1577 1576/1576/1576
f 1581/1581/1581 1580/1580/1580 1579/1579/1579
f 1584/1584/1584 1583/1583/1583 1582/1582/1582
f 1587/1587/1587 1586/1586/1586 1585/1585/1585
f 1590/1590/1590 1589/1589/1589 1588/1588/1588
f 1593/1593/1593 1592/1592/1592 1591/1591/1591
f 1596/1596/1596 1595/1595/1595 1594/1594/1594
f 1599/1599/1599 1598/1598/1598 1597/1597/1597
f 1602/1602/1602 1601/1601/1601 1600/1600/1600
f 1605/1605/1605 1604/1604/1604 1603/1603/1603
f 1608/1608/1608 1607/1607/1607 1606/1606/1606
f 1611/1611/1611 1610/1610/1610 1609/1609/1609
f 1614/1614/1614 1613/1613/1613 1612/1612/1612
f 1617/1617/1617 1616/1616/1616 1615/1615/1615
f 1620/1620/1620 1619/1619/1619 1618/1618/1618
f 1623/1623/1623 1622/1622/1622 1621/1621/1621
f 1626/1626/1626 1625/1625/1625 1624/1624/1624
f 1629/1629/1629 1628/1628/1628 1627/1627/1627
f 1632/1632/1632 1631/1631/1631 1630/1630/1630
f 1635/1635/1635 1634/1634/1634 1633/1633/1633
f 1638/1638/1638 1637/1637/1637 1636/1636/1636
f 1641/1641/1641 1640/1640/1640 1639/1639/1639
f 1644/1644/1644 1643/1643/1643 1642/1642/1642
f 1647/1647/1647 1646/1646/1646 1645/1645/1645
f 1650/1650/1650 1649/1649/1649 1648/1648/1648
f 1653/1653/1653 1652/1652/1652 1651/1651/1651
f 1656/1656/1656 1655/1655/1655 1654/1654/1654
f 1659/1659/1659 1658/1658/1658 1657/1657/1657
f 1662/1662/1662 1661/1661/1661 1660/1660/1660
f 1665/1665/1665 1664/1664/1664 1663/1663/1663
f 1668/1668/1668 1667/1667/1667 1666/1666/1666
f 1671/1671/1671 1670/1670/1670 1669/1669/1669
f 1674/1674/1674 1673/1673/1673 1672/1672/1672
f 1677/1677/1677 1676/1676/1676 1675/1675/1675
f 1680/1680/1680 1679/1679/1679 1678/1678/1678
f 1683/1683/1683 1682/1682/1682 1681/1681/1681
f 1686/1686/1686 1685/1685/1685 1684/1684/1684
f 1689/1689/1689 1688/1688/1688 1687/1687/1687
f 1692/1692/1692 1691/1691/1691 1690/1690/1690
f 1695/1695/1695 1694/1694/1694 1693/1693/1693
f 1698/1698/1698 1697/1697/1697 1696/1696/1696
f 1701/1701/1701 1700/1700/1700 1699/1699/1699
f 1704/1704/1704 1703/1703/1703 1702/1702/1702
f 1707/1707/1707 1706/1706/1706 1705/1705/1705
f 1710/1710/1710 1709/1709/1709 1708/1708/1708
f 1713/1713/1713 1712/1712/1712 1711/1711/1711
f 1716/1716/1716 1715/1715/1715 1714/1714/1714
f 1719/1719/1719 1718/1718/1718 1717/1717/1717
f 1722/1722/1722 1721/1721/1721 1720/1720/1720
f 1725/1725/1725 1724/1724/1724 1723/1723/1723
f 1728/1728/1728 1727/1727/1727 1726/1726/1726
f 1731/1731/1731 1730/1730/1730 1729/1729/1729
f 1734/1734/1734 1733/1733/1733 1732/1732/1732
f 1737/1737/1737 1736/1736/1736 1735/1735/1735
f 1740/1740/1740 1739/1739/1739 1738/1738/1738
f 1743/1743/1743 1742/1742/1742 1741/1741/1741
f 1746/1746/1746 1745/1745/1745 1744/1744/1744
f 1749/1749/1749 1748/1748/1748 1747/1747/1747
f 1752/1752/1752 1751/1751/1751 1750/1750/1750
f 1755/1755/1755 1754/1754/1754 1753/1753/1753
f 1758/1758/1758 1757/1757/1757 1756/1756/1756
f 1761/1761/1761 1760/1760/1760 1759/1759/1759
f 1764/1764/1764 1763/1763/1763 1762/1762/1762
f 1767/1767/1767 1766/1766/1766 1765/1765/1765
f 1770/1770/1770 1769/1769/1769 1768/1768/1768
f 1773/1773/1773 1772/1772/1772 1771/1771/1771
f 1776/1776/1776 1775/1775/1775 1774/1774/1774
f 1779/1779/1779 1778/1778/1778 1777/1777/1777
f 1782/1782/1782 1781/1781/1781 1780/1780/1780
f 1785/1785/1785 1784/1784/1784 1783/1783/1783
f 1788/1788/1788 1787/1787/1787 1786/1786/1786
f 1791/1791/1791 1790/1790/1790 1789/1789/1789
f 1794/1794/1794 1793/1793/1793 1792/1792/1792
f 1797/1797/1797 1796/1796/1796 1795/1795/1795
f 1800/1800/1800 1799/1799/1799 1798/1798/1798
f 1803/1803/1803 1802/1802/1802 1801/1801/1801
f 1806/1806/1806 1805/1805/1805 1804/1804/1804
f 1809/1809/1809 1808/1808/1808 1807/1807/1807
f 1812/1812/1812 1811/1811/1811 1810/1810/1810
f 1815/1815/1815 1814/1814/1814 1813/1813/1813
f 1818/1818/1818 1817/1817/1817 1816/1816/1816
f 1821/1821/1821 1820/1820/1820 1819/1819/1819
f 1824/1824/1824 1823/1823/1823 1822/1822/1822
f 1827/1827/1827 1826/1826/1826 1825/1825/1825
f 1830/1830/1830 1829/1829/1829 1828/1828/1828
f 1833/1833/1833 1832/1832/1832 1831/1831/1831
f 1836/1836/1836 1835/1835/1835 1834/1834/1834
f 1839/1839/1839 1838/1838/1838 1837/1837/1837
f 1842/1842/1842 1841/1841/1841 1840/1840/1840
f 1845/1845/1845 1844/1844/1844 1843/1843/1843
f 1848/1848/1848 1847/1847/1847 1846/1846/1846
f 1851/1851/1851 1850/1850/1850 1849/1849/1849
f 1854/1854/1854 1853/1853/1853 1852/1852/1852
f 1857/1857/1857 1856/1856/1856 1855/1855/1855
f 1860/1860/1860 1859/1859/1859 1858/1858/1858
f 1863/1863/1863 1862/1862/1862 1861/1861/1861
f 1866/1866/1866 1865/1865/1865 1864/1864/1864
f 1869/1869/1869 1868/1868/1868 1867/1867/1867
f 1872/1872/1872 1871/1871/1871 1870/1870/1870
f 1875/1875/1875 1874/1874/1874 1873/1873/1873
f 1878/1878/1878 1877/1877/1877 1876/1876/1876
f 1881/1881/1881 1880/1880/1880 1879/1879/1879
f 1884/1884/1884 1883/1883/1883 1882/1882/1882
f 1887/1887/1887 1886/1886/1886 1885/1885/1885
f 1890/1890/1890 1889/1889/1889 1888/1888/1888
f 1893/1893/1893 1892/1892/1892 1891/1891/1891
f 1896/1896/1896 1895/1895/1895 1894/1894/1894
f 1899/1899/1899 1898/1898/1898 1897/1897/1897
f 1902/1902/1902 1901/1901/1901 1900/1900/1900
f 1905/1905/1905 1904/1904/1904 1903/1903/1903
f 1908/1908/1908 1907/1907/1907 1906/1906/1906
f 1911/1911/1911 1910/1910/1910 1909/1909/1909
f 1914/1914/1914 1913/1913/1913 1912/1912/1912
f 1917/1917/1917 1916/1916/1916 1915/1915/1915
f 1920/1920/1920 1919/1919/1919 1918/1918/1918
f 1923/1923/1923 1922/1922/1922 1921/1921/1921
f 1926/1926/1926 1925/1925/1925 1924/1924/1924
f 1929/1929/1929 1928/1928/1928 1927/1927/1927
f 1932/1932/1932 1931/1931/1931 1930/1930/1930
f 1935/1935/1935 1934/1934/1934 1933/1933/1933
f 1938/1938/1938 1937/1937/1937 1936/1936/1936
f 1941/1941/1941 1940/1940/1940 1939/1939/1939
f 1944/1944/1944 1943/1943/1943 1942/1942/1942
f 1947/1947/1947 1946/1946/1946 1945/1945/1945
f 1950/1950/1950 1949/1949/1949 1948/1948/1948
f 1953/1953/1953 1952/1952/1952 1951/1951/1951
f 1956/1956/1956 1955/1955/1955 1954/1954/1954
f 1959/1959/1959 1958/1958/1958 1957/1957/1957
f 1962/1962/1962 1961/1961/1961 1960/1960/1960
f 1965/1965/1965 1964/1964/1964 1963/1963/1963
f 1968/1968/1968 1967/1967/1967 1966/1966/1966
f 1971/1971/1971 1970/1970/1970 1969/1969/1969
f 1974/1974/1974 1973/1973/1973 1972/1972/1972
f 1977/1977/1977 1976/1976/1976 1975/1975/1975
f 1980/1980/1980 1979/1979/1979 1978/1978/1978
f 1983/1983/1983 1982/1982/1982 1981/1981/1981
f 1986/1986/1986 1985/1985/1985 1984/1984/1984
f 1989/1989/1989 1988/1988/1988 1987/1987/1987
f 1992/1992/1992 1991/1991/1991 1990/1990/1990
f 1995/1995/1995 1994/1994/1994 1993/1993/1993
f 1998/1998/1998 1997/1997/1997 1996/1996/1996
f 2001/2001/2001 2000/2000/2000 1999/1999/1999
f 2004/2004/2004 2003/2003/2003 2002/2002/2002
f 2007/2007/2007 2006/2006/2006 2005/2005/2005
f 2010/2010/2010 2009/2009/2009 2008/2008/2008
f 2013/2013/2013 2012/2012/2012 2011/2011/2011
f 2016/2016/2016 2015/2015/2015 2014/2014/2014
f 2019/2019/2019 2018/2018/2018 2017/2017/2017
f 2022/2022/2022 2021/2021/2021 2020/2020/2020
f 2025/2025/2025 2024/2024/2024 2023/2023/2023
f 2028/2028/2028 2027/2027/2027 2026/2026/2026
f 2031/2031/2031 2030/2030/2030 2029/2029/2029
f 2034/2034/2034 2033/2033/2033 2032/2032/2032
f 2037/2037/2037 2036/2036/2036 2035/2035/2035
f 2040/2040/2040 2039/2039/2039 2038/2038/2038
f 2043/2043/2043 2042/2042/2042 2041/2041/2041
f 2046/2046/2046 2045/2045/2045 2044/2044/2044
f 2049/2049/2049 2048/2048/2048 2047/2047/2047
f 2052/2052/2052 2051/2051/2051 2050/2050/2050
f 2055/2055/2055 2054/2054/2054 2053/2053/2053
f 2058/2058/2058 2057/2057/2057 2056/2056/2056
f 2061/2061/2061 2060/2060/2060 2059/2059/2059
f 2064/2064/2064 2063/2063/2063 2062/2062/2062
f 2067/2067/2067 2066/2066/2066 2065/2065/2065
f 2070/2070/2070 2069/2069/2069 2068/2068/2068
f 2073/2073/2073 2072/2072/2072 2071/2071/2071
f 2076/2076/2076 2075/2075/2075 2074/2074/2074
f 2079/2079/2079 2078/2078/2078 2077/2077/2077
f 2082/2082/2082 2081/2081/2081 2080/2080/2080
f 2085/2085/2085 2084/2084/2084 2083/2083/2083
f 2088/2088/2088 2087/2087/2087 2086/2086/2086
f 2091/2091/2091 2090/2090/2090 2089/2089/2089
f 2094/2094/2094 2093/2093/2093 2092/2092/2092
f 2097/2097/2097 2096/2096/2096 2095/2095/2095
f 2100/2100/2100 2099/2099/2099 2098/2098/2098
f 2103/2103/2103 2102/2102/2102 2101/2101/2101
f 2106/2106/2106 2105/2105/2105 2104/2104/2104
f 2109/2109/2109 2108/2108/2108 2107/2107/2107
f 2112/2112/2112 2111/2111/2111 2110/2110/2110
f 2115/2115/2115 2114/2114/2114 2113/2113/2113
f 2118/2118/2118 2117/2117/2117 2116/2116/2116
f 2121/2121/2121 2120/2120/2120 2119/2119/2119
f 2124/2124/2124 2123/2123/2123 2122/2122/2122
f 2127/2127/2127 2126/2126/2126 2125/2125/2125
f 2130/2130/2130 2129/2129/2129 2128/2128/2128
f 2133/2133/2133 2132/2132/2132 2131/2131/2131
f 2136/2136/2136 2135/2135/2135 2134/2134/2134
f 2139/2139/2139 2138/2138/2138 2137/2137/2137
f 2142/2142/2142 2141/2141/2141 2140/2140/2140
f 2145/2145/2145 2144/2144/2144 2143/2143/2143
f 2148/2148/2148 2147/2147/2147 2146/2146/2146
f 2151/2151/2151 2150/2150/2150 2149/2149/2149
f 2154/2154/2154 2153/2153/2153 2152/2152/2152
f 2157/2157/2157 2156/2156/2156 2155/2155/2155
f 2160/2160/2160 2159/2159/2159 2158/2158/2158
f 2163/2163/2163 2162/2162/2162 2161/2161/2161
f 2166/2166/2166 2165/2165/2165 2164/2164/2164
f 2169/2169/2169 2168/2168/2168 2167/2167/2167
f 2172/2172/2172 2171/2171/2171 2170/2170/2170
f 2175/2175/2175 2174/2174/2174 2173/2173/2173
f 2178/2178/2178 2177/2177/2177 2176/2176/2176
f 2181/2181/2181 2180/2180/2180 2179/2179/2179
f 2184/2184/2184 2183/2183/2183 2182/2182/2182
f 2187/2187/2187 2186/2186/2186 2185/2185/2185
f 2190/2190/2190 2189/2189/2189 2188/2188/2188
f 2193/2193/2193 2192/2192/2192 2191/2191/2191
f 2196/2196/2196 2195/2195/2195 2194/2194/2194
f 2199/2199/2199 2198/2198/2198 2197/2197/2197
f 2202/2202/2202 2201/2201/2201 2200/2200/2200
f 2205/2205/2205 2204/2204/2204 2203/2203/2203
f 2208/2208/2208 2207/2207/2207 2206/2206/2206
f 2211/2211/2211 2210/2210/2210 2209/2209/2209
f 2214/2214/2214 2213/2213/2213 2212/2212/2212
f 2217/2217/2217 2216/2216/2216 2215/2215/2215
f 2220/2220/2220 2219/2219/2219 2218/2218/2218
f 2223/2223/2223 2222/2222/2222 2221/2221/2221
f 2226/2226/2226 2225/2225/2225 2224/2224/2224
f 2229/2229/2229 2228/2228/2228 2227/2227/2227
f 2232/2232/2232 2231/2231/2231 2230/2230/2230
f 2235/2235/2235 2234/2234/2234 2233/2233/2233
f 2238/2238/2238 2237/2237/2237 2236/2236/2236
f 2241/2241/2241 2240/2240/2240 2239/2239/2239
f 2244/2244/2244 2243/2243/2243 2242/2242/2242
f 2247/2247/2247 2246/2246/2246 2245/2245/2245
f 2250/2250/2250 2249/2249/2249 2248/2248/2248
f 2253/2253/2253 2252/2252/2252 2251/2251/2251
f 2256/2256/2256 2255/2255/2255 2254/2254/2254
f 2259/2259/2259 2258/2258/2258 2257/2257/2257
f 2262/2262/2262 2261/2261/2261 2260/2260/2260
f 2265/2265/2265 2264/2264/2264 2263/2263/2263
f 2268/2268/2268 2267/2267/2267 2266/2266/2266
f 2271/2271/2271 2270/2270/2270 2269/2269/2269
f 2274/2274/2274 2273/2273/2273 2272/2272/2272
f 2277/2277/2277 2276/2276/2276 2275/2275/2275
f 2280/2280/2280 2279/2279/2279 2278/2278/2278
f 2283/2283/2283 2282/2282/2282 2281/2281/2281
f 2286/2286/2286 2285/2285/2285 2284/2284/2284
f 2289/2289/2289 2288/2288/2288 2287/2287/2287
f 2292/2292/2292 2291/2291/2291 2290/2290/2290
f 2295/2295/2295 2294/2294/2294 2293/2293/2293
f 2298/2298/2298 2297/2297/2297 2296/2296/2296
f 2301/2301/2301 2300/2300/2300 2299/2299/2299
f 2304/2304/2304 2303/2303/2303 2302/2302/2302
f 2307/2307/2307 2306/2306/2306 2305/2305/2305
f 2310/2310/2310 2309/2309/2309 2308/2308/2308
f 2313/2313/2313 2312/2312/2312 2311/2311/2311
f 2316/2316/2316 2315/2315/2315 2314/2314/2314
f 2319/2319/2319 2318/2318/2318 2317/2317/2317
f 2322/2322/2322 2321/2321/2321 2320/2320/2320
f 2325/2325/2325 2324/2324/2324 2323/2323/2323
f 2328/2328/2328 2327/2327/2327 2326/2326/2326
f 2331/2331/2331 2330/2330/2330 2329/2329/2329
f 2334/2334/2334 2333/2333/2333 2332/2332/2332
f 2337/2337/2337 2336/2336/2336 2335/2335/2335
f 2340/2340/2340 2339/2339/2339 2338/2338/2338
f 2343/2343/2343 2342/2342/2342 2341/2341/2341
f 2346/2346/2346 2345/2345/2345 2344/2344/2344
f 2349/2349/2349 2348/2348/2348 2347/2347/2347
f 2352/2352/2352 2351/2351/2351 2350/2350/2350
f 2355/2355/2355 2354/2354/2354 2353/2353/2353
f 2358/2358/2358 2357/2357/2357 2356/2356/2356
f 2361/2361/2361 2360/2360/2360 2359/2359/2359
f 2364/2364/2364 2363/2363/2363 2362/2362/2362
f 2367/2367/2367 2366/2366/2366 2365/2365/2365
f 2370/2370/2370 2369/2369/2369 2368/2368/2368
f 2373/2373/2373 2372/2372/2372 2371/2371/2371
f 2376/2376/2376 2375/2375/2375 2374/2374/2374
f 2379/2379/2379 2378/2378/2378 2377/2377/2377
f 2382/2382/2382 2381/2381/2381 2380/2380/2380
f 2385/2385/2385 2384/2384/2384 2383/2383/2383
f 2388/2388/2388 2387/2387/2387 2386/2386/2386
f 2391/2391/2391 2390/2390/2390 2389/2389/2389
f 2394/2394/2394 2393/2393/2393 2392/2392/2392
f 2397/2397/2397 2396/2396/2396 2395/2395/2395
f 2400/2400/2400 2399/2399/2399 2398/2398/2398
f 2403/2403/2403 2402/2402/2402 2401/2401/2401
f 2406/2406/2406 2405/2405/2405 2404/2404/2404
f 2409/2409/2409 2408/2408/2408 2407/2407/2407
f 2412/2412/2412 2411/2411/2411 2410/2410/2410
f 2415/2415/2415 2414/2414/2414 2413/2413/2413
f 2418/2418/2418 2417/2417/2417 2416/2416/2416
f 2421/2421/2421 2420/2420/2420 2419/2419/2419
f 2424/2424/2424 2423/2423/2423 2422/2422/2422
f 2427/2427/2427 2426/2426/2426 2425/2425/2425
f 2430/2430/2430 2429/2429/2429 2428/2428/2428
f 2433/2433/2433 2432/2432/2432 2431/2431/2431
f 2436/2436/2436 2435/2435/2435 2434/2434/2434
f 2439/2439/2439 2438/2438/2438 2437/2437/2437
f 2442/2442/2442 2441/2441/2441 2440/2440/2440
f 2445/2445/2445 2444/2444/2444 2443/2443/2443
f 2448/2448/2448 2447/2447/2447 2446/2446/2446
f 2451/2451/2451 2450/2450/2450 2449/2449/2449
f 2454/2454/2454 2453/2453/2453 2452/2452/2452
f 2457/2457/2457 2456/2456/2456 2455/2455/2455
f 2460/2460/2460 2459/2459/2459 2458/2458/2458
f 2463/2463/2463 2462/2462/2462 2461/2461/2461
f 2466/2466/2466 2465/2465/2465 2464/2464/2464
f 2469/2469/2469 2468/2468/2468 2467/2467/2467
f 2472/2472/2472 2471/2471/2471 2470/2470/2470
f 2475/2475/2475 2474/2474/2474 2473/2473/2473
f 2478/2478/2478 2477/2477/2477 2476/2476/2476
f 2481/2481/2481 2480/2480/2480 2479/2479/2479
f 2484/2484/2484 2483/2483/2483 2482/2482/2482
f 2487/2487/2487 2486/2486/2486 2485/2485/2485
f 2490/2490/2490 2489/2489/2489 2488/2488/2488
f 2493/2493/2493 2492/2492/2492 2491/2491/2491
f 2496/2496/2496 2495/2495/2495 2494/2494/2494
f 2499/2499/2499 2498/2498/2498 2497/2497/2497
f 2502/2502/2502 2501/2501/2501 2500/2500/2500
f 2505/2505/2505 2504/2504/2504 2503/2503/2503
f 2508/2508/2508 2507/2507/2507 2506/2506/2506
f 2511/2511/2511 2510/2510/2510 2509/2509/2509
f 2514/2514/2514 2513/2513/2513 2512/2512/2512
f 2517/2517/2517 2516/2516/2516 2515/2515/2515
f 2520/2520/2520 2519/2519/2519 2518/2518/2518
f 2523/2523/2523 2522/2522/2522 2521/2521/2521
f 2526/2526/2526 2525/2525/2525 2524/2524/2524
f 2529/2529/2529 2528/2528/2528 2527/2527/2527
f 2532/2532/2532 2531/2531/2531 2530/2530/2530
f 2535/2535/2535 2534/2534/2534 2533/2533/2533
f 2538/2538/2538 2537/2537/2537 2536/2536/2536
f 2541/2541/2541 2540/2540/2540 2539/2539/2539
f 2544/2544/2544 2543/2543/2543 2542/2542/2542
f 2547/2547/2547 2546/2546/2546 2545/2545/2545
f 2550/2550/2550 2549/2549/2549 2548/2548/2548
f 2553/2553/2553 2552/2552/2552 2551/2551/2551
f 2556/2556/2556 2555/2555/2555 2554/2554/2554
f 2559/2559/2559 2558/2558/2558 2557/2557/2557
f 2562/2562/2562 2561/2561/2561 2560/2560/2560
f 2565/2565/2565 2564/2564/2564 2563/2563/2563
f 2568/2568/2568 2567/2567/2567 2566/2566/2566
f 2571/2571/2571 2570/2570/2570 2569/2569/2569
f 2574/2574/2574 2573/2573/2573 2572/2572/2572
f 2577/2577/2577 2576/2576/2576 2575/2575/2575
f 2580/2580/2580 2579/2579/2579 2578/2578/2578
f 2583/2583/2583 2582/2582/2582 2581/2581/2581
f 2586/2586/2586 2585/2585/2585 2584/2584/2584
f 2589/2589/2589 2588/2588/2588 2587/2587/2587
f 2592/2592/2592 2591/2591/2591 2590/2590/2590
f 2595/2595/2595 2594/2594/2594 2593/2593/2593
f 2598/2598/2598 2597/2597/2597 2596/2596/2596
f 2601/2601/2601 2600/2600/2600 2599/2599/2599
f 2604/2604/2604 2603/2603/2603 2602/2602/2602
f 2607/2607/2607 2606/2606/2606 2605/2605/2605
f 2610/2610/2610 2609/2609/2609 2608/2608/2608
f 2613/2613/2613 2612/2612/2612 2611/2611/2611
f 2616/2616/2616 2615/2615/2615 2614/2614/2614
f 2619/2619/2619 2618/2618/2618 2617/2617/2617
f 2622/2622/2622 2621/2621/2621 2620/2620/2620
f 2625/2625/2625 2624/2624/2624 2623/2623/2623
f 2628/2628/2628 2627/2627/2627 2626/2626/2626
f 2631/2631/2631 2630/2630/2630 2629/2629/2629
f 2634/2634/2634 2633/2633/2633 2632/2632/2632
f 2637/2637/2637 2636/2636/2636 2635/2635/2635
f 2640/2640/2640 2639/2639/2639 2638/2638/2638
f 2643/2643/2643 2642/2642/2642 2641/2641/2641
f 2646/2646/2646 2645/2645/2645 2644/2644/2644
f 2649/2649/2649 2648/2648/2648 2647/2647/2647
f 2652/2652/2652 2651/2651/2651 2650/2650/2650
f 2655/2655/2655 2654/2654/2654 2653/2653/2653
f 2658/2658/2658 2657/2657/2657 2656/2656/2656
f 2661/2661/2661 2660/2660/2660 2659/2659/2659
f 2664/2664/2664 2663/2663/2663 2662/2662/2662
f 2667/2667/2667 2666/2666/2666 2665/2665/2665
f 2670/2670/2670 2669/2669/2669 2668/2668/2668
f 2673/2673/2673 2672/2672/2672 2671/2671/2671
f 2676/2676/2676 2675/2675/2675 2674/2674/2674
f 2679/2679/2679 2678/2678/2678 2677/2677/2677
f 2682/2682/2682 2681/2681/2681 2680/2680/2680
f 2685/2685/2685 2684/2684/2684 2683/2683/2683
f 2688/2688/2688 2687/2687/2687 2686/2686/2686
f 2691/2691/2691 2690/2690/2690 2689/2689/2689
f 2694/2694/2694 2693/2693/2693 2692/2692/2692
f 2697/2697/2697 2696/2696/2696 2695/2695/2695
f 2700/2700/2700 2699/2699/2699 2698/2698/2698
f 2703/2703/2703 2702/2702/2702 2701/2701/2701
f 2706/2706/2706 2705/2705/2705 2704/2704/2704
f 2709/2709/2709 2708/2708/2708 2707/2707/2707
f 2712/2712/2712 2711/2711/2711 2710/2710/2710
f 2715/2715/2715 2714/2714/2714 2713/2713/2713
f 2718/2718/2718 2717/2717/2717 2716/2716/2716
f 2721/2721/2721 2720/2720/2720 2719/2719/2719
f 2724/2724/2724 2723/2723/2723 2722/2722/2722
f 2727/2727/2727 2726/2726/2726 2725/2725/2725
f 2730/2730/2730 2729/2729/2729 2728/2728/2728
f 2733/2733/2733 2732/2732/2732 2731/2731/2731
f 2736/2736/2736 2735/2735/2735 2734/2734/2734
f 2739/2739/2739 2738/2738/2738 2737/2737/2737
f 2742/2742/2742 2741/2741/2741 2740/2740/2740
f 2745/2745/2745 2744/2744/2744 2743/2743/2743
f 2748/2748/2748 2747/2747/2747 2746/2746/2746
f 2751/2751/2751 2750/2750/2750 2749/2749/2749
f 2754/2754/2754 2753/2753/2753 2752/2752/2752
f 2757/2757/2757 2756/2756/2756 2755/2755/2755
f 2760/2760/2760 2759/2759/2759 2758/2758/2758
f 2763/2763/2763 2762/2762/2762 2761/2761/2761
f 2766/2766/2766 2765/2765/2765 2764/2764/2764
f 2769/2769/2769 2768/2768/2768 2767/2767/2767
f 2772/2772/2772 2771/2771/2771 2770/2770/2770
f 2775/2775/2775 2774/2774/2774 2773/2773/2773
f 2778/2778/2778 2777/2777/2777 2776/2776/2776
f 2781/2781/2781 2780/2780/2780 2779/2779/2779
f 2782/2782/2782 2779/2779/2779 2780/2780/2780
f 2779/2779/2779 2782/2782/2782 2783/2783/2783
f 2784/2784/2784 2783/2783/2783 2782/2782/2782
f 2783/2783/2783 2784/2784/2784 2785/2785/2785
f 2786/2786/2786 2785/2785/2785 2784/2784/2784
f 2785/2785/2785 2786/2786/2786 2787/2787/2787
f 2788/2788/2788 2787/2787/2787 2786/2786/2786
f 2787/2787/2787 2788/2788/2788 2789/2789/2789
f 2790/2790/2790 2789/2789/2789 2788/2788/2788
f 2789/2789/2789 2790/2790/2790 2791/2791/2791
f 2792/2792/2792 2791/2791/2791 2790/2790/2790
f 2791/2791/2791 2792/2792/2792 2793/2793/2793
f 2794/2794/2794 2793/2793/2793 2792/2792/2792
f 2793/2793/2793 2794/2794/2794 2795/2795/2795
f 2796/2796/2796 2795/2795/2795 2794/2794/2794
f 2795/2795/2795 2796/2796/2796 2797/2797/2797
f 2798/2798/2798 2797/2797/2797 2796/2796/2796
f 2797/2797/2797 2798/2798/2798 2799/2799/2799
f 2800/2800/2800 2799/2799/2799 2798/2798/2798
f 2799/2799/2799 2800/2800/2800 2801/2801/2801
f 2802/2802/2802 2801/2801/2801 2800/2800/2800
f 2801/2801/2801 2802/2802/2802 2803/2803/2803
f 2804/2804/2804 2803/2803/2803 2802/2802/2802
f 2807/2807/2807 2806/2806/2806 2805/2805/2805
f 2808/2808/2808 2805/2805/2805 2806/2806/2806
f 2805/2805/2805 2808/2808/2808 2809/2809/2809
f 2810/2810/2810 2809/2809/2809 2808/2808/2808
f 2809/2809/2809 2810/2810/2810 2811/2811/2811
f 2812/2812/2812 2811/2811/2811 2810/2810/2810
f 2811/2811/2811 2812/2812/2812 2813/2813/2813
f 2814/2814/2814 2813/2813/2813 2812/2812/2812
f 2813/2813/2813 2814/2814/2814 2815/2815/2815
f 2816/2816/2816 2815/2815/2815 2814/2814/2814
f 2815/2815/2815 2816/2816/2816 2817/2817/2817
f 2818/2818/2818 2817/2817/2817 2816/2816/2816
f 2817/2817/2817 2818/2818/2818 2819/2819/2819
f 2820/2820/2820 2819/2819/2819 2818/2818/2818
f 2819/2819/2819 2820/2820/2820 2821/2821/2821
f 2822/2822/2822 2821/2821/2821 2820/2820/2820
f 2821/2821/2821 2822/2822/2822 2823/2823/2823
f 2824/2824/2824 2823/2823/2823 2822/2822/2822
f 2823/2823/2823 2824/2824/2824 2825/2825/2825
f 2826/2826/2826 2825/2825/2825 2824/2824/2824
f 2825/2825/2825 2826/2826/2826 2827/2827/2827
f 2828/2828/2828 2827/2827/2827 2826/2826/2826
f 2827/2827/2827 2828/2828/2828 2829/2829/2829
f 2830/2830/2830 2829/2829/2829 2828/2828/2828
f 2833/2833/2833 2832/2832/2832 2831/2831/2831
f 2834/2834/2834 2831/2831/2831 2832/2832/2832
f 2831/2831/2831 2834/2834/2834 2835/2835/2835
f 2834/2834/2834 2832/2832/2832 2836/2836/2836
f 2837/2837/2837 2836/2836/2836 2832/2832/2832
f 2837/2837/2837 2838/2838/2838 2836/2836/2836
f 2839/2839/2839 2835/2835/2835 2834/2834/2834
f 2835/2835/2835 2839/2839/2839 2840/2840/2840
f 2836/2836/2836 2841/2841/2841 2834/2834/2834
f 2839/2839/2839 2834/2834/2834 2841/2841/2841
f 2842/2842/2842 2836/2836/2836 2838/2838/2838
f 2836/2836/2836 2842/2842/2842 2841/2841/2841
f 2843/2843/2843 2840/2840/2840 2839/2839/2839
f 2840/2840/2840 2843/2843/2843 2844/2844/2844
f 2842/2842/2842 2838/2838/2838 2845/2845/2845
f 2846/2846/2846 2845/2845/2845 2838/2838/2838
f 2845/2845/2845 2847/2847/2847 2842/2842/2842
f 2848/2848/2848 2842/2842/2842 2847/2847/2847
f 2848/2848/2848 2841/2841/2841 2842/2842/2842
f 2847/2847/2847 2849/2849/2849 2848/2848/2848
f 2841/2841/2841 2850/2850/2850 2839/2839/2839
f 2841/2841/2841 2848/2848/2848 2850/2850/2850
f 2843/2843/2843 2839/2839/2839 2850/2850/2850
f 2851/2851/2851 2848/2848/2848 2849/2849/2849
f 2851/2851/2851 2850/2850/2850 2848/2848/2848
f 2849/2849/2849 2852/2852/2852 2851/2851/2851
f 2853/2853/2853 2844/2844/2844 2843/2843/2843
f 2844/2844/2844 2853/2853/2853 2854/2854/2854
f 2850/2850/2850 2855/2855/2855 2843/2843/2843
f 2850/2850/2850 2851/2851/2851 2855/2855/2855
f 2853/2853/2853 2843/2843/2843 2855/2855/2855
f 2856/2856/2856 2851/2851/2851 2852/2852/2852
f 2856/2856/2856 2855/2855/2855 2851/2851/2851
f 2852/2852/2852 2857/2857/2857 2856/2856/2856
f 2858/2858/2858 2854/2854/2854 2853/2853/2853
f 2854/2854/2854 2858/2858/2858 2859/2859/2859
f 2855/2855/2855 2860/2860/2860 2853/2853/2853
f 2855/2855/2855 2856/2856/2856 2860/2860/2860
f 2858/2858/2858 2853/2853/2853 2860/2860/2860
f 2861/2861/2861 2856/2856/2856 2857/2857/2857
f 2861/2861/2861 2860/2860/2860 2856/2856/2856
f 2857/2857/2857 2862/2862/2862 2861/2861/2861
f 2863/2863/2863 2859/2859/2859 2858/2858/2858
f 2859/2859/2859 2863/2863/2863 2864/2864/2864
f 2860/2860/2860 2865/2865/2865 2858/2858/2858
f 2860/2860/2860 2861/2861/2861 2865/2865/2865
f 2863/2863/2863 2858/2858/2858 2865/2865/2865
f 2866/2866/2866 2861/2861/2861 2862/2862/2862
f 2866/2866/2866 2865/2865/2865 2861/2861/2861
f 2862/2862/2862 2867/2867/2867 2866/2866/2866
f 2868/2868/2868 2864/2864/2864 2863/2863/2863
f 2864/2864/2864 2868/2868/2868 2869/2869/2869
f 2865/2865/2865 2870/2870/2870 2863/2863/2863
f 2865/2865/2865 2866/2866/2866 2870/2870/2870
f 2868/2868/2868 2863/2863/2863 2870/2870/2870
f 2871/2871/2871 2866/2866/2866 2867/2867/2867
f 2871/2871/2871 2870/2870/2870 2866/2866/2866
f 2867/2867/2867 2872/2872/2872 2871/2871/2871
f 2873/2873/2873 2869/2869/2869 2868/2868/2868
f 2869/2869/2869 2873/2873/2873 2874/2874/2874
f 2870/2870/2870 2875/2875/2875 2868/2868/2868
f 2870/2870/2870 2871/2871/2871 2875/2875/2875
f 2873/2873/2873 2868/2868/2868 2875/2875/2875
f 2876/2876/2876 2871/2871/2871 2872/2872/2872
f 2876/2876/2876 2875/2875/2875 2871/2871/2871
f 2872/2872/2872 2877/2877/2877 2876/2876/2876
f 2878/2878/2878 2874/2874/2874 2873/2873/2873
f 2874/2874/2874 2878/2878/2878 2879/2879/2879
f 2875/2875/2875 2880/2880/2880 2873/2873/2873
f 2875/2875/2875 2876/2876/2876 2880/2880/2880
f 2878/2878/2878 2873/2873/2873 2880/2880/2880
f 2881/2881/2881 2876/2876/2876 2877/2877/2877
f 2881/2881/2881 2880/2880/2880 2876/2876/2876
f 2877/2877/2877 2882/2882/2882 2881/2881/2881
f 2883/2883/2883 2879/2879/2879 2878/2878/2878
f 2879/2879/2879 2883/2883/2883 2884/2884/2884
f 2880/2880/2880 2885/2885/2885 2878/2878/2878
f 2880/2880/2880 2881/2881/2881 2885/2885/2885
f 2883/2883/2883 2878/2878/2878 2885/2885/2885
f 2886/2886/2886 2881/2881/2881 2882/2882/2882
f 2886/2886/2886 2885/2885/2885 2881/2881/2881
f 2882/2882/2882 2887/2887/2887 2886/2886/2886
f 2888/2888/2888 2884/2884/2884 2883/2883/2883
f 2884/2884/2884 2888/2888/2888 2889/2889/2889
f 2890/2890/2890 2889/2889/2889 2888/2888/2888
f 2890/2890/2890 2888/2888/2888 2891/2891/2891
f 2885/2885/2885 2892/2892/2892 2883/2883/2883
f 2888/2888/2888 2883/2883/2883 2892/2892/2892
f 2885/2885/2885 2886/2886/2886 2892/2892/2892
f 2892/2892/2892 2891/2891/2891 2888/2888/2888
f 2893/2893/2893 2886/2886/2886 2887/2887/2887
f 2893/2893/2893 2892/2892/2892 2886/2886/2886
f 2892/2892/2892 2893/2893/2893 2891/2891/2891
f 2887/2887/2887 2894/2894/2894 2893/2893/2893
f 2895/2895/2895 2891/2891/2891 2893/2893/2893
f 2895/2895/2895 2893/2893/2893 2894/2894/2894
f 2898/2898/2898 2897/2897/2897 2896/2896/2896
f 2899/2899/2899 2896/2896/2896 2897/2897/2897
f 2896/2896/2896 2899/2899/2899 2900/2900/2900
f 2899/2899/2899 2897/2897/2897 2901/2901/2901
f 2902/2902/2902 2901/2901/2901 2897/2897/2897
f 2902/2902/2902 2903/2903/2903 2901/2901/2901
f 2904/2904/2904 2900/2900/2900 2899/2899/2899
f 2900/2900/2900 2904/2904/2904 2905/2905/2905
f 2901/2901/2901 2906/2906/2906 2899/2899/2899
f 2904/2904/2904 2899/2899/2899 2906/2906/2906
f 2907/2907/2907 2901/2901/2901 2903/2903/2903
f 2901/2901/2901 2907/2907/2907 2906/2906/2906
f 2908/2908/2908 2905/2905/2905 2904/2904/2904
f 2905/2905/2905 2908/2908/2908 2909/2909/2909
f 2907/2907/2907 2903/2903/2903 2910/2910/2910
f 2911/2911/2911 2910/2910/2910 2903/2903/2903
f 2910/2910/2910 2912/2912/2912 2907/2907/2907
f 2913/2913/2913 2907/2907/2907 2912/2912/2912
f 2913/2913/2913 2906/2906/2906 2907/2907/2907
f 2912/2912/2912 2914/2914/2914 2913/2913/2913
f 2906/2906/2906 2915/2915/2915 2904/2904/2904
f 2906/2906/2906 2913/2913/2913 2915/2915/2915
f 2908/2908/2908 2904/2904/2904 2915/2915/2915
f 2916/2916/2916 2913/2913/2913 2914/2914/2914
f 2916/2916/2916 2915/2915/2915 2913/2913/2913
f 2914/2914/2914 2917/2917/2917 2916/2916/2916
f 2918/2918/2918 2909/2909/2909 2908/2908/2908
f 2909/2909/2909 2918/2918/2918 2919/2919/2919
f 2915/2915/2915 2920/2920/2920 2908/2908/2908
f 2915/2915/2915 2916/2916/2916 2920/2920/2920
f 2918/2918/2918 2908/2908/2908 2920/2920/2920
f 2921/2921/2921 2916/2916/2916 2917/2917/2917
f 2921/2921/2921 2920/2920/2920 2916/2916/2916
f 2917/2917/2917 2922/2922/2922 2921/2921/2921
f 2923/2923/2923 2919/2919/2919 2918/2918/2918
f 2919/2919/2919 2923/2923/2923 2924/2924/2924
f 2920/2920/2920 2925/2925/2925 2918/2918/2918
f 2920/2920/2920 2921/2921/2921 2925/2925/2925
f 2923/2923/2923 2918/2918/2918 2925/2925/2925
f 2926/2926/2926 2921/2921/2921 2922/2922/2922
f 2926/2926/2926 2925/2925/2925 2921/2921/2921
f 2922/2922/2922 2927/2927/2927 2926/2926/2926
f 2928/2928/2928 2924/2924/2924 2923/2923/2923
f 2924/2924/2924 2928/2928/2928 2929/2929/2929
f 2925/2925/2925 2930/2930/2930 2923/2923/2923
f 2925/2925/2925 2926/2926/2926 2930/2930/2930
f 2928/2928/2928 2923/2923/2923 2930/2930/2930
f 2931/2931/2931 2926/2926/2926 2927/2927/2927
f 2931/2931/2931 2930/2930/2930 2926/2926/2926
f 2927/2927/2927 2932/2932/2932 2931/2931/2931
f 2933/2933/2933 2929/2929/2929 2928/2928/2928
f 2929/2929/2929 2933/2933/2933 2934/2934/2934
f 2930/2930/2930 2935/2935/2935 2928/2928/2928
f 2930/2930/2930 2931/2931/2931 2935/2935/2935
f 2933/2933/2933 2928/2928/2928 2935/2935/2935
f 2936/2936/2936 2931/2931/2931 2932/2932/2932
f 2936/2936/2936 2935/2935/2935 2931/2931/2931
f 2932/2932/2932 2937/2937/2937 2936/2936/2936
f 2938/2938/2938 2934/2934/2934 2933/2933/2933
f 2934/2934/2934 2938/2938/2938 2939/2939/2939
f 2935/2935/2935 2940/2940/2940 2933/2933/2933
f 2935/2935/2935 2936/2936/2936 2940/2940/2940
f 2938/2938/2938 2933/2933/2933 2940/2940/2940
f 2941/2941/2941 2936/2936/2936 2937/2937/2937
f 2941/2941/2941 2940/2940/2940 2936/2936/2936
f 2937/2937/2937 2942/2942/2942 2941/2941/2941
f 2943/2943/2943 2939/2939/2939 2938/2938/2938
f 2939/2939/2939 2943/2943/2943 2944/2944/2944
f 2940/2940/2940 2945/2945/2945 2938/2938/2938
f 2940/2940/2940 2941/2941/2941 2945/2945/2945
f 2943/2943/2943 2938/2938/2938 2945/2945/2945
f 2946/2946/2946 2941/2941/2941 2942/2942/2942
f 2946/2946/2946 2945/2945/2945 2941/2941/2941
f 2942/2942/2942 2947/2947/2947 2946/2946/2946
f 2948/2948/2948 2944/2944/2944 2943/2943/2943
f 2944/2944/2944 2948/2948/2948 2949/2949/2949
f 2945/2945/2945 2950/2950/2950 2943/2943/2943
f 2945/2945/2945 2946/2946/2946 2950/2950/2950
f 2948/2948/2948 2943/2943/2943 2950/2950/2950
f 2951/2951/2951 2946/2946/2946 2947/2947/2947
f 2951/2951/2951 2950/2950/2950 2946/2946/2946
f 2947/2947/2947 2952/2952/2952 2951/2951/2951
f 2953/2953/2953 2949/2949/2949 2948/2948/2948
f 2949/2949/2949 2953/2953/2953 2954/2954/2954
f 2955/2955/2955 2954/2954/2954 2953/2953/2953
f 2955/2955/2955 2953/2953/2953 2956/2956/2956
f 2950/2950/2950 2957/2957/2957 2948/2948/2948
f 2953/2953/2953 2948/2948/2948 2957/2957/2957
f 2950/2950/2950 2951/2951/2951 2957/2957/2957
f 2957/2957/2957 2956/2956/2956 2953/2953/2953
f 2958/2958/2958 2951/2951/2951 2952/2952/2952
f 2958/2958/2958 2957/2957/2957 2951/2951/2951
f 2957/2957/2957 2958/2958/2958 2956/2956/2956
f 2952/2952/2952 2959/2959/2959 2958/2958/2958
f 2960/2960/2960 2956/2956/2956 2958/2958/2958
f 2960/2960/2960 2958/2958/2958 2959/2959/2959
f 2963/2963/2963 2962/2962/2962 2961/2961/2961
f 2964/2964/2964 2961/2961/2961 2962/2962/2962
f 2961/2961/2961 2964/2964/2964 2965/2965/2965
f 2966/2966/2966 2965/2965/2965 2964/2964/2964
f 2965/2965/2965 2966/2966/2966 2967/2967/2967
f 2968/2968/2968 2967/2967/2967 2966/2966/2966
f 2967/2967/2967 2968/2968/2968 2969/2969/2969
f 2970/2970/2970 2969/2969/2969 2968/2968/2968
f 2969/2969/2969 2970/2970/2970 2971/2971/2971
f 2972/2972/2972 2971/2971/2971 2970/2970/2970
f 2971/2971/2971 2972/2972/2972 2973/2973/2973
f 2974/2974/2974 2973/2973/2973 2972/2972/2972
f 2973/2973/2973 2974/2974/2974 2975/2975/2975
f 2976/2976/2976 2975/2975/2975 2974/2974/2974
f 2975/2975/2975 2976/2976/2976 2977/2977/2977
f 2978/2978/2978 2977/2977/2977 2976/2976/2976
f 2977/2977/2977 2978/2978/2978 2979/2979/2979
f 2980/2980/2980 2979/2979/2979 2978/2978/2978
f 2979/2979/2979 2980/2980/2980 2981/2981/2981
f 2982/2982/2982 2981/2981/2981 2980/2980/2980
f 2981/2981/2981 2982/2982/2982 2983/2983/2983
f 2984/2984/2984 2983/2983/2983 2982/2982/2982
f 2983/2983/2983 2984/2984/2984 2985/2985/2985
f 2986/2986/2986 2985/2985/2985 2984/2984/2984
f 2989/2989/2989 2988/2988/2988 2987/2987/2987
f 2990/2990/2990 2987/2987/2987 2988/2988/2988
f 2987/2987/2987 2990/2990/2990 2991/2991/2991
f 2992/2992/2992 2991/2991/2991 2990/2990/2990
f 2991/2991/2991 2992/2992/2992 2993/2993/2993
f 2994/2994/2994 2993/2993/2993 2992/2992/2992
f 2993/2993/2993 2994/2994/2994 2995/2995/2995
f 2996/2996/2996 2995/2995/2995 2994/2994/2994
f 2995/2995/2995 2996/2996/2996 2997/2997/2997
f 2998/2998/2998 2997/2997/2997 2996/2996/2996
f 2997/2997/2997 2998/2998/2998 2999/2999/2999
f 3000/3000/3000 2999/2999/2999 2998/2998/2998
f 2999/2999/2999 3000/3000/3000 3001/3001/3001
f 3002/3002/3002 3001/3001/3001 3000/3000/3000
f 3001/3001/3001 3002/3002/3002 3003/3003/3003
f 3004/3004/3004 3003/3003/3003 3002/3002/3002
f 3003/3003/3003 3004/3004/3004 3005/3005/3005
f 3006/3006/3006 3005/3005/3005 3004/3004/3004
f 3005/3005/3005 3006/3006/3006 3007/3007/3007
f 3008/3008/3008 3007/3007/3007 3006/3006/3006
f 3007/3007/3007 3008/3008/3008 3009/3009/3009
f 3010/3010/3010 3009/3009/3009 3008/3008/3008
f 3009/3009/3009 3010/3010/3010 3011/3011/3011
f 3012/3012/3012 3011/3011/3011 3010/3010/3010
f 3015/3015/3015 3014/3014/3014 3013/3013/3013
f 3016/3016/3016 3013/3013/3013 3014/3014/3014
f 3013/3013/3013 3016/3016/3016 3017/3017/3017
f 3018/3018/3018 3017/3017/3017 3016/3016/3016
f 3017/3017/3017 3018/3018/3018 3019/3019/3019
f 3020/3020/3020 3019/3019/3019 3018/3018/3018
f 3019/3019/3019 3020/3020/3020 3021/3021/3021
f 3022/3022/3022 3021/3021/3021 3020/3020/3020
f 3021/3021/3021 3022/3022/3022 3023/3023/3023
f 3024/3024/3024 3023/3023/3023 3022/3022/3022
f 3023/3023/3023 3024/3024/3024 3025/3025/3025
f 3026/3026/3026 3025/3025/3025 3024/3024/3024
f 3025/3025/3025 3026/3026/3026 3027/3027/3027
f 3028/3028/3028 3027/3027/3027 3026/3026/3026
f 3027/3027/3027 3028/3028/3028 3029/3029/3029
f 3030/3030/3030 3029/3029/3029 3028/3028/3028
f 3029/3029/3029 3030/3030/3030 3031/3031/3031
f 3032/3032/3032 3031/3031/3031 3030/3030/3030
f 3031/3031/3031 3032/3032/3032 3033/3033/3033
f 3034/3034/3034 3033/3033/3033 3032/3032/3032
f 3033/3033/3033 3034/3034/3034 3035/3035/3035
f 3036/3036/3036 3035/3035/3035 3034/3034/3034
f 3035/3035/3035 3036/3036/3036 3037/3037/3037
f 3038/3038/3038 3037/3037/3037 3036/3036/3036
f 3041/3041/3041 3040/3040/3040 3039/3039/3039
f 3042/3042/3042 3039/3039/3039 3040/3040/3040
f 3039/3039/3039 3042/3042/3042 3043/3043/3043
f 3044/3044/3044 3043/3043/3043 3042/3042/3042
f 3043/3043/3043 3044/3044/3044 3045/3045/3045
f 3046/3046/3046 3045/3045/3045 3044/3044/3044
f 3045/3045/3045 3046/3046/3046 3047/3047/3047
f 3048/3048/3048 3047/3047/3047 3046/3046/3046
f 3047/3047/3047 3048/3048/3048 3049/3049/3049
f 3050/3050/3050 3049/3049/3049 3048/3048/3048
f 3049/3049/3049 3050/3050/3050 3051/3051/3051
f 3052/3052/3052 3051/3051/3051 3050/3050/3050
f 3051/3051/3051 3052/3052/3052 3053/3053/3053
f 3054/3054/3054 3053/3053/3053 3052/3052/3052
f 3053/3053/3053 3054/3054/3054 3055/3055/3055
f 3056/3056/3056 3055/3055/3055 3054/3054/3054
f 3055/3055/3055 3056/3056/3056 3057/3057/3057
f 3058/3058/3058 3057/3057/3057 3056/3056/3056
f 3057/3057/3057 3058/3058/3058 3059/3059/3059
f 3060/3060/3060 3059/3059/3059 3058/3058/3058
f 3059/3059/3059 3060/3060/3060 3061/3061/3061
f 3062/3062/3062 3061/3061/3061 3060/3060/3060
f 3061/3061/3061 3062/3062/3062 3063/3063/3063
f 3064/3064/3064 3063/3063/3063 3062/3062/3062
f 3067/3067/3067 3066/3066/3066 3065/3065/3065
f 3068/3068/3068 3065/3065/3065 3066/3066/3066
f 3065/3065/3065 3068/3068/3068 3069/3069/3069
f 3070/3070/3070 3069/3069/3069 3068/3068/3068
f 3071/3071/3071 3068/3068/3068 3066/3066/3066
f 3070/3070/3070 3068/3068/3068 3072/3072/3072
f 3072/3072/3072 3068/3068/3068 3071/3071/3071
f 3073/3073/3073 3071/3071/3071 3066/3066/3066
f 3066/3066/3066 3074/3074/3074 3073/3073/3073
f 3075/3075/3075 3073/3073/3073 3074/3074/3074
f 3073/3073/3073 3075/3075/3075 3071/3071/3071
f 3076/3076/3076 3071/3071/3071 3075/3075/3075
f 3077/3077/3077 3072/3072/3072 3071/3071/3071
f 3071/3071/3071 3078/3078/3078 3077/3077/3077
f 3079/3079/3079 3077/3077/3077 3078/3078/3078
f 3077/3077/3077 3079/3079/3079 3072/3072/3072
f 3080/3080/3080 3072/3072/3072 3079/3079/3079
f 3081/3081/3081 3070/3070/3070 3072/3072/3072
f 3072/3072/3072 3082/3082/3082 3081/3081/3081
f 3083/3083/3083 3081/3081/3081 3082/3082/3082
f 3081/3081/3081 3083/3083/3083 3070/3070/3070
f 3084/3084/3084 3070/3070/3070 3083/3083/3083
f 3087/3087/3087 3086/3086/3086 3085/3085/3085
f 3088/3088/3088 3086/3086/3086 3087/3087/3087
f 3089/3089/3089 3086/3086/3086 3088/3088/3088
f 3090/3090/3090 3086/3086/3086 3089/3089/3089
f 3093/3093/3093 3092/3092/3092 3091/3091/3091
f 3094/3094/3094 3092/3092/3092 3093/3093/3093
f 3095/3095/3095 3092/3092/3092 3094/3094/3094
f 3096/3096/3096 3092/3092/3092 3095/3095/3095
f 3099/3099/3099 3098/3098/3098 3097/3097/3097
f 3100/3100/3100 3098/3098/3098 3099/3099/3099
f 3101/3101/3101 3098/3098/3098 3100/3100/3100
f 3102/3102/3102 3098/3098/3098 3101/3101/3101
f 3105/3105/3105 3104/3104/3104 3103/3103/3103
f 3106/3106/3106 3104/3104/3104 3105/3105/3105
f 3107/3107/3107 3104/3104/3104 3106/3106/3106
f 3108/3108/3108 3104/3104/3104 3107/3107/3107
f 3111/3111/3111 3110/3110/3110 3109/3109/3109
f 3112/3112/3112 3109/3109/3109 3110/3110/3110
f 3110/3110/3110 3113/3113/3113 3112/3112/3112
f 3114/3114/3114 3112/3112/3112 3113/3113/3113
f 3113/3113/3113 3115/3115/3115 3114/3114/3114
f 3116/3116/3116 3114/3114/3114 3115/3115/3115
f 3115/3115/3115 3117/3117/3117 3116/3116/3116
f 3118/3118/3118 3116/3116/3116 3117/3117/3117
f 3117/3117/3117 3119/3119/3119 3118/3118/3118
f 3120/3120/3120 3118/3118/3118 3119/3119/3119
f 3119/3119/3119 3121/3121/3121 3120/3120/3120
f 3122/3122/3122 3120/3120/3120 3121/3121/3121
f 3121/3121/3121 3123/3123/3123 3122/3122/3122
f 3124/3124/3124 3122/3122/3122 3123/3123/3123
f 3123/3123/3123 3125/3125/3125 3124/3124/3124
f 3126/3126/3126 3124/3124/3124 3125/3125/3125
f 3125/3125/3125 3127/3127/3127 3126/3126/3126
f 3128/3128/3128 3126/3126/3126 3127/3127/3127
f 3127/3127/3127 3129/3129/3129 3128/3128/3128
f 3130/3130/3130 3128/3128/3128 3129/3129/3129
f 3129/3129/3129 3131/3131/3131 3130/3130/3130
f 3132/3132/3132 3130/3130/3130 3131/3131/3131
f 3131/3131/3131 3133/3133/3133 3132/3132/3132
f 3134/3134/3134 3132/3132/3132 3133/3133/3133
f 3137/3137/3137 3136/3136/3136 3135/3135/3135
f 3138/3138/3138 3135/3135/3135 3136/3136/3136
f 3136/3136/3136 3139/3139/3139 3138/3138/3138
f 3140/3140/3140 3138/3138/3138 3139/3139/3139
f 3139/3139/3139 3141/3141/3141 3140/3140/3140
f 3142/3142/3142 3140/3140/3140 3141/3141/3141
f 3141/3141/3141 3143/3143/3143 3142/3142/3142
f 3144/3144/3144 3142/3142/3142 3143/3143/3143
f 3143/3143/3143 3145/3145/3145 3144/3144/3144
f 3146/3146/3146 3144/3144/3144 3145/3145/3145
f 3145/3145/3145 3147/3147/3147 3146/3146/3146
f 3148/3148/3148 3146/3146/3146 3147/3147/3147
f 3147/3147/3147 3149/3149/3149 3148/3148/3148
f 3150/3150/3150 3148/3148/3148 3149/3149/3149
f 3149/3149/3149 3151/3151/3151 3150/3150/3150
f 3152/3152/3152 3150/3150/3150 3151/3151/3151
f 3151/3151/3151 3153/3153/3153 3152/3152/3152
f 3154/3154/3154 3152/3152/3152 3153/3153/3153
f 3153/3153/3153 3155/3155/3155 3154/3154/3154
f 3156/3156/3156 3154/3154/3154 3155/3155/3155
f 3155/3155/3155 3157/3157/3157 3156/3156/3156
f 3158/3158/3158 3156/3156/3156 3157/3157/3157
f 3157/3157/3157 3159/3159/3159 3158/3158/3158
f 3160/3160/3160 3158/3158/3158 3159/3159/3159
f 3163/3163/3163 3162/3162/3162 3161/3161/3161
f 3164/3164/3164 3161/3161/3161 3162/3162/3162
f 3162/3162/3162 3165/3165/3165 3164/3164/3164
f 3166/3166/3166 3164/3164/3164 3165/3165/3165
f 3165/3165/3165 3167/3167/3167 3166/3166/3166
f 3168/3168/3168 3166/3166/3166 3167/3167/3167
f 3167/3167/3167 3169/3169/3169 3168/3168/3168
f 3170/3170/3170 3168/3168/3168 3169/3169/3169
f 3169/3169/3169 3171/3171/3171 3170/3170/3170
f 3172/3172/3172 3170/3170/3170 3171/3171/3171
f 3171/3171/3171 3173/3173/3173 3172/3172/3172
f 3174/3174/3174 3172/3172/3172 3173/3173/3173
f 3173/3173/3173 3175/3175/3175 3174/3174/3174
f 3176/3176/3176 3174/3174/3174 3175/3175/3175
f 3175/3175/3175 3177/3177/3177 3176/3176/3176
f 3178/3178/3178 3176/3176/3176 3177/3177/3177
f 3177/3177/3177 3179/3179/3179 3178/3178/3178
f 3180/3180/3180 3178/3178/3178 3179/3179/3179
f 3179/3179/3179 3181/3181/3181 3180/3180/3180
f 3182/3182/3182 3180/3180/3180 3181/3181/3181
f 3181/3181/3181 3183/3183/3183 3182/3182/3182
f 3184/3184/3184 3182/3182/3182 3183/3183/3183
f 3183/3183/3183 3185/3185/3185 3184/3184/3184
f 3186/3186/3186 3184/3184/3184 3185/3185/3185
f 3189/3189/3189 3188/3188/3188 3187/3187/3187
f 3190/3190/3190 3187/3187/3187 3188/3188/3188
f 3188/3188/3188 3191/3191/3191 3190/3190/3190
f 3192/3192/3192 3190/3190/3190 3191/3191/3191
f 3191/3191/3191 3193/3193/3193 3192/3192/3192
f 3194/3194/3194 3192/3192/3192 3193/3193/3193
f 3193/3193/3193 3195/3195/3195 3194/3194/3194
f 3196/3196/3196 3194/3194/3194 3195/3195/3195
f 3195/3195/3195 3197/3197/3197 3196/3196/3196
f 3198/3198/3198 3196/3196/3196 3197/3197/3197
f 3197/3197/3197 3199/3199/3199 3198/3198/3198
f 3200/3200/3200 3198/3198/3198 3199/3199/3199
f 3199/3199/3199 3201/3201/3201 3200/3200/3200
f 3202/3202/3202 3200/3200/3200 3201/3201/3201
f 3201/3201/3201 3203/3203/3203 3202/3202/3202
f 3204/3204/3204 3202/3202/3202 3203/3203/3203
f 3203/3203/3203 3205/3205/3205 3204/3204/3204
f 3206/3206/3206 3204/3204/3204 3205/3205/3205
f 3205/3205/3205 3207/3207/3207 3206/3206/3206
f 3208/3208/3208 3206/3206/3206 3207/3207/3207
f 3207/3207/3207 3209/3209/3209 3208/3208/3208
f 3210/3210/3210 3208/3208/3208 3209/3209/3209
f 3209/3209/3209 3211/3211/3211 3210/3210/3210
f 3212/3212/3212 3210/3210/3210 3211/3211/3211
f 3215/3215/3215 3214/3214/3214 3213/3213/3213
f 3216/3216/3216 3213/3213/3213 3214/3214/3214
f 3214/3214/3214 3217/3217/3217 3216/3216/3216
f 3218/3218/3218 3216/3216/3216 3217/3217/3217
f 3217/3217/3217 3219/3219/3219 3218/3218/3218
f 3220/3220/3220 3218/3218/3218 3219/3219/3219
f 3219/3219/3219 3221/3221/3221 3220/3220/3220
f 3222/3222/3222 3220/3220/3220 3221/3221/3221
f 3221/3221/3221 3223/3223/3223 3222/3222/3222
f 3224/3224/3224 3222/3222/3222 3223/3223/3223
f 3223/3223/3223 3225/3225/3225 3224/3224/3224
f 3226/3226/3226 3224/3224/3224 3225/3225/3225
f 3225/3225/3225 3227/3227/3227 3226/3226/3226
f 3228/3228/3228 3226/3226/3226 3227/3227/3227
f 3227/3227/3227 3229/3229/3229 3228/3228/3228
f 3230/3230/3230 3228/3228/3228 3229/3229/3229
f 3229/3229/3229 3231/3231/3231 3230/3230/3230
f 3232/3232/3232 3230/3230/3230 3231/3231/3231
f 3231/3231/3231 3233/3233/3233 3232/3232/3232
f 3234/3234/3234 3232/3232/3232 3233/3233/3233
f 3233/3233/3233 3235/3235/3235 3234/3234/3234
f 3236/3236/3236 3234/3234/3234 3235/3235/3235
f 3235/3235/3235 3237/3237/3237 3236/3236/3236
f 3238/3238/3238 3236/3236/3236 3237/3237/3237
f 3241/3241/3241 3240/3240/3240 3239/3239/3239
f 3242/3242/3242 3239/3239/3239 3240/3240/3240
f 3240/3240/3240 3243/3243/3243 3242/3242/3242
f 3244/3244/3244 3242/3242/3242 3243/3243/3243
f 3243/3243/3243 3245/3245/3245 3244/3244/3244
f 3246/3246/3246 3244/3244/3244 3245/3245/3245
f 3245/3245/3245 3247/3247/3247 3246/3246/3246
f 3248/3248/3248 3246/3246/3246 3247/3247/3247
f 3247/3247/3247 3249/3249/3249 3248/3248/3248
f 3250/3250/3250 3248/3248/3248 3249/3249/3249
f 3249/3249/3249 3251/3251/3251 3250/3250/3250
f 3252/3252/3252 3250/3250/3250 3251/3251/3251
f 3251/3251/3251 3253/3253/3253 3252/3252/3252
f 3254/3254/3254 3252/3252/3252 3253/3253/3253
f 3253/3253/3253 3255/3255/3255 3254/3254/3254
f 3256/3256/3256 3254/3254/3254 3255/3255/3255
f 3255/3255/3255 3257/3257/3257 3256/3256/3256
f 3258/3258/3258 3256/3256/3256 3257/3257/3257
f 3257/3257/3257 3259/3259/3259 3258/3258/3258
f 3260/3260/3260 3258/3258/3258 3259/3259/3259
f 3259/3259/3259 3261/3261/3261 3260/3260/3260
f 3262/3262/3262 3260/3260/3260 3261/3261/3261
f 3261/3261/3261 3263/3263/3263 3262/3262/3262
f 3264/3264/3264 3262/3262/3262 3263/3263/3263
f 3267/3267/3267 3266/3266/3266 3265/3265/3265
f 3268/3268/3268 3265/3265/3265 3266/3266/3266
f 3266/3266/3266 3269/3269/3269 3268/3268/3268
f 3270/3270/3270 3268/3268/3268 3269/3269/3269
f 3268/3268/3268 3271/3271/3271 3265/3265/3265
f 3270/3270/3270 3272/3272/3272 3268/3268/3268
f 3272/3272/3272 3271/3271/3271 3268/3268/3268
f 3271/3271/3271 3273/3273/3273 3265/3265/3265
f 3265/3265/3265 3273/3273/3273 3274/3274/3274
f 3275/3275/3275 3274/3274/3274 3273/3273/3273
f 3273/3273/3273 3271/3271/3271 3275/3275/3275
f 3276/3276/3276 3275/3275/3275 3271/3271/3271
f 3277/3277/3277 3271/3271/3271 3272/3272/3272
f 3271/3271/3271 3277/3277/3277 3278/3278/3278
f 3279/3279/3279 3278/3278/3278 3277/3277/3277
f 3277/3277/3277 3272/3272/3272 3279/3279/3279
f 3280/3280/3280 3279/3279/3279 3272/3272/3272
f 3281/3281/3281 3272/3272/3272 3270/3270/3270
f 3272/3272/3272 3281/3281/3281 3282/3282/3282
f 3283/3283/3283 3282/3282/3282 3281/3281/3281
f 3281/3281/3281 3270/3270/3270 3283/3283/3283
f 3284/3284/3284 3283/3283/3283 3270/3270/3270
f 3287/3287/3287 3286/3286/3286 3285/3285/3285
f 3287/3287/3287 3288/3288/3288 3286/3286/3286
f 3287/3287/3287 3289/3289/3289 3288/3288/3288
f 3287/3287/3287 3290/3290/3290 3289/3289/3289
f 3293/3293/3293 3292/3292/3292 3291/3291/3291
f 3293/3293/3293 3294/3294/3294 3292/3292/3292
f 3293/3293/3293 3295/3295/3295 3294/3294/3294
f 3293/3293/3293 3296/3296/3296 3295/3295/3295
f 3299/3299/3299 3298/3298/3298 3297/3297/3297
f 3299/3299/3299 3300/3300/3300 3298/3298/3298
f 3299/3299/3299 3301/3301/3301 3300/3300/3300
f 3299/3299/3299 3302/3302/3302 3301/3301/3301
f 3305/3305/3305 3304/3304/3304 3303/3303/3303
f 3305/3305/3305 3306/3306/3306 3304/3304/3304
f 3305/3305/3305 3307/3307/3307 3306/3306/3306
f 3305/3305/3305 3308/3308/3308 3307/3307/3307
f 3311/3311/3311 3310/3310/3310 3309/3309/3309
f 3310/3310/3310 3312/3312/3312 3309/3309/3309
f 3313/3313/3313 3312/3312/3312 3310/3310/3310
f 3312/3312/3312 3314/3314/3314 3309/3309/3309
f 3309/3309/3309 3314/3314/3314 3315/3315/3315
f 3316/3316/3316 3314/3314/3314 3312/3312/3312
f 3317/3317/3317 3316/3316/3316 3312/3312/3312
f 3318/3318/3318 3314/3314/3314 3316/3316/3316
f 3315/3315/3315 3314/3314/3314 3319/3319/3319
f 3315/3315/3315 3319/3319/3319 3320/3320/3320
f 3321/3321/3321 3320/3320/3320 3319/3319/3319
f 3320/3320/3320 3321/3321/3321 3322/3322/3322
f 3323/3323/3323 3322/3322/3322 3321/3321/3321
f 3322/3322/3322 3323/3323/3323 3324/3324/3324
f 3325/3325/3325 3324/3324/3324 3323/3323/3323
f 3325/3325/3325 3326/3326/3326 3324/3324/3324
f 3327/3327/3327 3326/3326/3326 3325/3325/3325
f 3328/3328/3328 3326/3326/3326 3327/3327/3327
f 3329/3329/3329 3328/3328/3328 3327/3327/3327
f 3330/3330/3330 3329/3329/3329 3327/3327/3327
f 3331/3331/3331 3328/3328/3328 3329/3329/3329
f 3332/3332/3332 3326/3326/3326 3328/3328/3328
f 3333/3333/3333 3332/3332/3332 3328/3328/3328
f 3334/3334/3334 3326/3326/3326 3332/3332/3332
f 3337/3337/3337 3336/3336/3336 3335/3335/3335
f 3336/3336/3336 3338/3338/3338 3335/3335/3335
f 3339/3339/3339 3338/3338/3338 3336/3336/3336
f 3338/3338/3338 3340/3340/3340 3335/3335/3335
f 3335/3335/3335 3340/3340/3340 3341/3341/3341
f 3342/3342/3342 3340/3340/3340 3338/3338/3338
f 3343/3343/3343 3342/3342/3342 3338/3338/3338
f 3344/3344/3344 3340/3340/3340 3342/3342/3342
f 3341/3341/3341 3340/3340/3340 3345/3345/3345
f 3341/3341/3341 3345/3345/3345 3346/3346/3346
f 3347/3347/3347 3346/3346/3346 3345/3345/3345
f 3346/3346/3346 3347/3347/3347 3348/3348/3348
f 3349/3349/3349 3348/3348/3348 3347/3347/3347
f 3348/3348/3348 3349/3349/3349 3350/3350/3350
f 3351/3351/3351 3350/3350/3350 3349/3349/3349
f 3351/3351/3351 3352/3352/3352 3350/3350/3350
f 3353/3353/3353 3352/3352/3352 3351/3351/3351
f 3354/3354/3354 3352/3352/3352 3353/3353/3353
f 3355/3355/3355 3354/3354/3354 3353/3353/3353
f 3356/3356/3356 3355/3355/3355 3353/3353/3353
f 3357/3357/3357 3354/3354/3354 3355/3355/3355
f 3358/3358/3358 3352/3352/3352 3354/3354/3354
f 3359/3359/3359 3358/3358/3358 3354/3354/3354
f 3360/3360/3360 3352/3352/3352 3358/3358/3358
f 3363/3363/3363 3362/3362/3362 3361/3361/3361
f 3362/3362/3362 3364/3364/3364 3361/3361/3361
f 3365/3365/3365 3364/3364/3364 3362/3362/3362
f 3364/3364/3364 3366/3366/3366 3361/3361/3361
f 3366/3366/3366 3367/3367/3367 3361/3361/3361
f 3361/3361/3361 3367/3367/3367 3368/3368/3368
f 3367/3367/3367 3369/3369/3369 3368/3368/3368
f 3370/3370/3370 3368/3368/3368 3369/3369/3369
f 3369/3369/3369 3371/3371/3371 3370/3370/3370
f 3372/3372/3372 3370/3370/3370 3371/3371/3371
f 3371/3371/3371 3373/3373/3373 3372/3372/3372
f 3374/3374/3374 3372/3372/3372 3373/3373/3373
f 3375/3375/3375 3374/3374/3374 3373/3373/3373
f 3376/3376/3376 3374/3374/3374 3375/3375/3375
f 3377/3377/3377 3366/3366/3366 3364/3364/3364
f 3378/3378/3378 3377/3377/3377 3364/3364/3364
f 3379/3379/3379 3366/3366/3366 3377/3377/3377
f 3380/3380/3380 3376/3376/3376 3375/3375/3375
f 3381/3381/3381 3380/3380/3380 3375/3375/3375
f 3382/3382/3382 3381/3381/3381 3375/3375/3375
f 3383/3383/3383 3380/3380/3380 3381/3381/3381
f 3384/3384/3384 3376/3376/3376 3380/3380/3380
f 3385/3385/3385 3384/3384/3384 3380/3380/3380
f 3386/3386/3386 3376/3376/3376 3384/3384/3384
f 3389/3389/3389 3388/3388/3388 3387/3387/3387
f 3388/3388/3388 3390/3390/3390 3387/3387/3387
f 3391/3391/3391 3390/3390/3390 3388/3388/3388
f 3390/3390/3390 3392/3392/3392 3387/3387/3387
f 3392/3392/3392 3393/3393/3393 3387/3387/3387
f 3387/3387/3387 3393/3393/3393 3394/3394/3394
f 3393/3393/3393 3395/3395/3395 3394/3394/3394
f 3396/3396/3396 3394/3394/3394 3395/3395/3395
f 3395/3395/3395 3397/3397/3397 3396/3396/3396
f 3398/3398/3398 3396/3396/3396 3397/3397/3397
f 3397/3397/3397 3399/3399/3399 3398/3398/3398
f 3400/3400/3400 3398/3398/3398 3399/3399/3399
f 3401/3401/3401 3400/3400/3400 3399/3399/3399
f 3402/3402/3402 3400/3400/3400 3401/3401/3401
f 3403/3403/3403 3392/3392/3392 3390/3390/3390
f 3404/3404/3404 3403/3403/3403 3390/3390/3390
f 3405/3405/3405 3392/3392/3392 3403/3403/3403
f 3406/3406/3406 3402/3402/3402 3401/3401/3401
f 3407/3407/3407 3406/3406/3406 3401/3401/3401
f 3408/3408/3408 3407/3407/3407 3401/3401/3401
f 3409/3409/3409 3406/3406/3406 3407/3407/3407
f 3410/3410/3410 3402/3402/3402 3406/3406/3406
f 3411/3411/3411 3410/3410/3410 3406/3406/3406
f 3412/3412/3412 3402/3402/3402 3410/3410/3410
f 3415/3415/3415 3414/3414/3414 3413/3413/3413
f 3414/3414/3414 3416/3416/3416 3413/3413/3413
f 3417/3417/3417 3416/3416/3416 3414/3414/3414
f 3416/3416/3416 3418/3418/3418 3413/3413/3413
f 3413/3413/3413 3418/3418/3418 3419/3419/3419
f 3420/3420/3420 3418/3418/3418 3416/3416/3416
f 3421/3421/3421 3420/3420/3420 3416/3416/3416
f 3422/3422/3422 3418/3418/3418 3420/3420/3420
f 3419/3419/3419 3418/3418/3418 3423/3423/3423
f 3419/3419/3419 3423/3423/3423 3424/3424/3424
f 3425/3425/3425 3424/3424/3424 3423/3423/3423
f 3424/3424/3424 3425/3425/3425 3426/3426/3426
f 3427/3427/3427 3426/3426/3426 3425/3425/3425
f 3426/3426/3426 3427/3427/3427 3428/3428/3428
f 3429/3429/3429 3428/3428/3428 3427/3427/3427
f 3429/3429/3429 3430/3430/3430 3428/3428/3428
f 3431/3431/3431 3430/3430/3430 3429/3429/3429
f 3432/3432/3432 3430/3430/3430 3431/3431/3431
f 3433/3433/3433 3432/3432/3432 3431/3431/3431
f 3434/3434/3434 3433/3433/3433 3431/3431/3431
f 3435/3435/3435 3432/3432/3432 3433/3433/3433
f 3436/3436/3436 3430/3430/3430 3432/3432/3432
f 3437/3437/3437 3436/3436/3436 3432/3432/3432
f 3438/3438/3438 3430/3430/3430 3436/3436/3436
f 3441/3441/3441 3440/3440/3440 3439/3439/3439
f 3440/3440/3440 3442/3442/3442 3439/3439/3439
f 3443/3443/3443 3442/3442/3442 3440/3440/3440
f 3442/3442/3442 3444/3444/3444 3439/3439/3439
f 3439/3439/3439 3444/3444/3444 3445/3445/3445
f 3446/3446/3446 3444/3444/3444 3442/3442/3442
f 3447/3447/3447 3446/3446/3446 3442/3442/3442
f 3448/3448/3448 3444/3444/3444 3446/3446/3446
f 3445/3445/3445 3444/3444/3444 3449/3449/3449
f 3445/3445/3445 3449/3449/3449 3450/3450/3450
f 3451/3451/3451 3450/3450/3450 3449/3449/3449
f 3450/3450/3450 3451/3451/3451 3452/3452/3452
f 3453/3453/3453 3452/3452/3452 3451/3451/3451
f 3452/3452/3452 3453/3453/3453 3454/3454/3454
f 3455/3455/3455 3454/3454/3454 3453/3453/3453
f 3455/3455/3455 3456/3456/3456 3454/3454/3454
f 3457/3457/3457 3456/3456/3456 3455/3455/3455
f 3458/3458/3458 3456/3456/3456 3457/3457/3457
f 3459/3459/3459 3458/3458/3458 3457/3457/3457
f 3460/3460/3460 3459/3459/3459 3457/3457/3457
f 3461/3461/3461 3458/3458/3458 3459/3459/3459
f 3462/3462/3462 3456/3456/3456 3458/3458/3458
f 3463/3463/3463 3462/3462/3462 3458/3458/3458
f 3464/3464/3464 3456/3456/3456 3462/3462/3462
f 3467/3467/3467 3466/3466/3466 3465/3465/3465
f 3466/3466/3466 3468/3468/3468 3465/3465/3465
f 3469/3469/3469 3468/3468/3468 3466/3466/3466
f 3468/3468/3468 3470/3470/3470 3465/3465/3465
f 3470/3470/3470 3471/3471/3471 3465/3465/3465
f 3465/3465/3465 3471/3471/3471 3472/3472/3472
f 3471/3471/3471 3473/3473/3473 3472/3472/3472
f 3474/3474/3474 3472/3472/3472 3473/3473/3473
f 3473/3473/3473 3475/3475/3475 3474/3474/3474
f 3476/3476/3476 3474/3474/3474 3475/3475/3475
f 3475/3475/3475 3477/3477/3477 3476/3476/3476
f 3478/3478/3478 3476/3476/3476 3477/3477/3477
f 3479/3479/3479 3478/3478/3478 3477/3477/3477
f 3480/3480/3480 3478/3478/3478 3479/3479/3479
f 3481/3481/3481 3470/3470/3470 3468/3468/3468
f 3482/3482/3482 3481/3481/3481 3468/3468/3468
f 3483/3483/3483 3470/3470/3470 3481/3481/3481
f 3484/3484/3484 3480/3480/3480 3479/3479/3479
f 3485/3485/3485 3484/3484/3484 3479/3479/3479
f 3486/3486/3486 3485/3485/3485 3479/3479/3479
f 3487/3487/3487 3484/3484/3484 3485/3485/3485
f 3488/3488/3488 3480/3480/3480 3484/3484/3484
f 3489/3489/3489 3488/3488/3488 3484/3484/3484
f 3490/3490/3490 3480/3480/3480 3488/3488/3488
f 3493/3493/3493 3492/3492/3492 3491/3491/3491
f 3492/3492/3492 3494/3494/3494 3491/3491/3491
f 3495/3495/3495 3494/3494/3494 3492/3492/3492
f 3494/3494/3494 3496/3496/3496 3491/3491/3491
f 3496/3496/3496 3497/3497/3497 3491/3491/3491
f 3491/3491/3491 3497/3497/3497 3498/3498/3498
f 3497/3497/3497 3499/3499/3499 3498/3498/3498
f 3500/3500/3500 3498/3498/3498 3499/3499/3499
f 3499/3499/3499 3501/3501/3501 3500/3500/3500
f 3502/3502/3502 3500/3500/3500 3501/3501/3501
f 3501/3501/3501 3503/3503/3503 3502/3502/3502
f 3504/3504/3504 3502/3502/3502 3503/3503/3503
f 3505/3505/3505 3504/3504/3504 3503/3503/3503
f 3506/3506/3506 3504/3504/3504 3505/3505/3505
f 3507/3507/3507 3496/3496/3496 3494/3494/3494
f 3508/3508/3508 3507/3507/3507 3494/3494/3494
f 3509/3509/3509 3496/3496/3496 3507/3507/3507
f 3510/3510/3510 3506/3506/3506 3505/3505/3505
f 3511/3511/3511 3510/3510/3510 3505/3505/3505
f 3512/3512/3512 3511/3511/3511 3505/3505/3505
f 3513/3513/3513 3510/3510/3510 3511/3511/3511
f 3514/3514/3514 3506/3506/3506 3510/3510/3510
f 3515/3515/3515 3514/3514/3514 3510/3510/3510
f 3516/3516/3516 3506/3506/3506 3514/3514/3514
f 3519/3519/3519 3518/3518/3518 3517/3517/3517
f 3518/3518/3518 3520/3520/3520 3517/3517/3517
f 3521/3521/3521 3520/3520/3520 3518/3518/3518
f 3520/3520/3520 3522/3522/3522 3517/3517/3517
f 3517/3517/3517 3522/3522/3522 3523/3523/3523
f 3524/3524/3524 3522/3522/3522 3520/3520/3520
f 3525/3525/3525 3524/3524/3524 3520/3520/3520
f 3526/3526/3526 3522/3522/3522 3524/3524/3524
f 3523/3523/3523 3522/3522/3522 3527/3527/3527
f 3523/3523/3523 3527/3527/3527 3528/3528/3528
f 3529/3529/3529 3528/3528/3528 3527/3527/3527
f 3528/3528/3528 3529/3529/3529 3530/3530/3530
f 3531/3531/3531 3530/3530/3530 3529/3529/3529
f 3530/3530/3530 3531/3531/3531 3532/3532/3532
f 3533/3533/3533 3532/3532/3532 3531/3531/3531
f 3533/3533/3533 3534/3534/3534 3532/3532/3532
f 3535/3535/3535 3534/3534/3534 3533/3533/3533
f 3536/3536/3536 3534/3534/3534 3535/3535/3535
f 3537/3537/3537 3536/3536/3536 3535/3535/3535
f 3538/3538/3538 3537/3537/3537 3535/3535/3535
f 3539/3539/3539 3536/3536/3536 3537/3537/3537
f 3540/3540/3540 3534/3534/3534 3536/3536/3536
f 3541/3541/3541 3540/3540/3540 3536/3536/3536
f 3542/3542/3542 3534/3534/3534 3540/3540/3540
f 3545/3545/3545 3544/3544/3544 3543/3543/3543
f 3544/3544/3544 3546/3546/3546 3543/3543/3543
f 3547/3547/3547 3546/3546/3546 3544/3544/3544
f 3546/3546/3546 3548/3548/3548 3543/3543/3543
f 3543/3543/3543 3548/3548/3548 3549/3549/3549
f 3550/3550/3550 3548/3548/3548 3546/3546/3546
f 3551/3551/3551 3550/3550/3550 3546/3546/3546
f 3552/3552/3552 3548/3548/3548 3550/3550/3550
f 3549/3549/3549 3548/3548/3548 3553/3553/3553
f 3549/3549/3549 3553/3553/3553 3554/3554/3554
f 3555/3555/3555 3554/3554/3554 3553/3553/3553
f 3554/3554/3554 3555/3555/3555 3556/3556/3556
f 3557/3557/3557 3556/3556/3556 3555/3555/3555
f 3556/3556/3556 3557/3557/3557 3558/3558/3558
f 3559/3559/3559 3558/3558/3558 3557/3557/3557
f 3559/3559/3559 3560/3560/3560 3558/3558/3558
f 3561/3561/3561 3560/3560/3560 3559/3559/3559
f 3562/3562/3562 3560/3560/3560 3561/3561/3561
f 3563/3563/3563 3562/3562/3562 3561/3561/3561
f 3564/3564/3564 3563/3563/3563 3561/3561/3561
f 3565/3565/3565 3562/3562/3562 3563/3563/3563
f 3566/3566/3566 3560/3560/3560 3562/3562/3562
f 3567/3567/3567 3566/3566/3566 3562/3562/3562
f 3568/3568/3568 3560/3560/3560 3566/3566/3566
f 3571/3571/3571 3570/3570/3570 3569/3569/3569
f 3570/3570/3570 3572/3572/3572 3569/3569/3569
f 3573/3573/3573 3572/3572/3572 3570/3570/3570
f 3572/3572/3572 3574/3574/3574 3569/3569/3569
f 3574/3574/3574 3575/3575/3575 3569/3569/3569
f 3569/3569/3569 3575/3575/3575 3576/3576/3576
f 3575/3575/3575 3577/3577/3577 3576/3576/3576
f 3578/3578/3578 3576/3576/3576 3577/3577/3577
f 3577/3577/3577 3579/3579/3579 3578/3578/3578
f 3580/3580/3580 3578/3578/3578 3579/3579/3579
f 3579/3579/3579 3581/3581/3581 3580/3580/3580
f 3582/3582/3582 3580/3580/3580 3581/3581/3581
f 3583/3583/3583 3582/3582/3582 3581/3581/3581
f 3584/3584/3584 3582/3582/3582 3583/3583/3583
f 3585/3585/3585 3574/3574/3574 3572/3572/3572
f 3586/3586/3586 3585/3585/3585 3572/3572/3572
f 3587/3587/3587 3574/3574/3574 3585/3585/3585
f 3588/3588/3588 3584/3584/3584 3583/3583/3583
f 3589/3589/3589 3588/3588/3588 3583/3583/3583
f 3590/3590/3590 3589/3589/3589 3583/3583/3583
f 3591/3591/3591 3588/3588/3588 3589/3589/3589
f 3592/3592/3592 3584/3584/3584 3588/3588/3588
f 3593/3593/3593 3592/3592/3592 3588/3588/3588
f 3594/3594/3594 3584/3584/3584 3592/3592/3592
f 3597/3597/3597 3596/3596/3596 3595/3595/3595
f 3596/3596/3596 3598/3598/3598 3595/3595/3595
f 3599/3599/3599 3598/3598/3598 3596/3596/3596
f 3598/3598/3598 3600/3600/3600 3595/3595/3595
f 3600/3600/3600 3601/3601/3601 3595/3595/3595
f 3595/3595/3595 3601/3601/3601 3602/3602/3602
f 3601/3601/3601 3603/3603/3603 3602/3602/3602
f 3604/3604/3604 3602/3602/3602 3603/3603/3603
f 3603/3603/3603 3605/3605/3605 3604/3604/3604
f 3606/3606/3606 3604/3604/3604 3605/3605/3605
f 3605/3605/3605 3607/3607/3607 3606/3606/3606
f 3608/3608/3608 3606/3606/3606 3607/3607/3607
f 3609/3609/3609 3608/3608/3608 3607/3607/3607
f 3610/3610/3610 3608/3608/3608 3609/3609/3609
f 3611/3611/3611 3600/3600/3600 3598/3598/3598
f 3612/3612/3612 3611/3611/3611 3598/3598/3598
f 3613/3613/3613 3600/3600/3600 3611/3611/3611
f 3614/3614/3614 3610/3610/3610 3609/3609/3609
f 3615/3615/3615 3614/3614/3614 3609/3609/3609
f 3616/3616/3616 3615/3615/3615 3609/3609/3609
f 3617/3617/3617 3614/3614/3614 3615/3615/3615
f 3618/3618/3618 3610/3610/3610 3614/3614/3614
f 3619/3619/3619 3618/3618/3618 3614/3614/3614
f 3620/3620/3620 3610/3610/3610 3618/3618/3618
f 3623/3623/3623 3622/3622/3622 3621/3621/3621
f 3622/3622/3622 3624/3624/3624 3621/3621/3621
f 3625/3625/3625 3624/3624/3624 3622/3622/3622
f 3624/3624/3624 3626/3626/3626 3621/3621/3621
f 3621/3621/3621 3626/3626/3626 3627/3627/3627
f 3628/3628/3628 3626/3626/3626 3624/3624/3624
f 3629/3629/3629 3628/3628/3628 3624/3624/3624
f 3630/3630/3630 3626/3626/3626 3628/3628/3628
f 3627/3627/3627 3626/3626/3626 3631/3631/3631
f 3627/3627/3627 3631/3631/3631 3632/3632/3632
f 3633/3633/3633 3632/3632/3632 3631/3631/3631
f 3632/3632/3632 3633/3633/3633 3634/3634/3634
f 3635/3635/3635 3634/3634/3634 3633/3633/3633
f 3634/3634/3634 3635/3635/3635 3636/3636/3636
f 3637/3637/3637 3636/3636/3636 3635/3635/3635
f 3637/3637/3637 3638/3638/3638 3636/3636/3636
f 3639/3639/3639 3638/3638/3638 3637/3637/3637
f 3640/3640/3640 3638/3638/3638 3639/3639/3639
f 3641/3641/3641 3640/3640/3640 3639/3639/3639
f 3642/3642/3642 3641/3641/3641 3639/3639/3639
f 3643/3643/3643 3640/3640/3640 3641/3641/3641
f 3644/3644/3644 3638/3638/3638 3640/3640/3640
f 3645/3645/3645 3644/3644/3644 3640/3640/3640
f 3646/3646/3646 3638/3638/3638 3644/3644/3644
f 3649/3649/3649 3648/3648/3648 3647/3647/3647
f 3648/3648/3648 3650/3650/3650 3647/3647/3647
f 3651/3651/3651 3650/3650/3650 3648/3648/3648
f 3650/3650/3650 3652/3652/3652 3647/3647/3647
f 3647/3647/3647 3652/3652/3652 3653/3653/3653
f 3654/3654/3654 3652/3652/3652 3650/3650/3650
f 3655/3655/3655 3654/3654/3654 3650/3650/3650
f 3656/3656/3656 3652/3652/3652 3654/3654/3654
f 3653/3653/3653 3652/3652/3652 3657/3657/3657
f 3653/3653/3653 3657/3657/3657 3658/3658/3658
f 3659/3659/3659 3658/3658/3658 3657/3657/3657
f 3658/3658/3658 3659/3659/3659 3660/3660/3660
f 3661/3661/3661 3660/3660/3660 3659/3659/3659
f 3660/3660/3660 3661/3661/3661 3662/3662/3662
f 3663/3663/3663 3662/3662/3662 3661/3661/3661
f 3663/3663/3663 3664/3664/3664 3662/3662/3662
f 3665/3665/3665 3664/3664/3664 3663/3663/3663
f 3666/3666/3666 3664/3664/3664 3665/3665/3665
f 3667/3667/3667 3666/3666/3666 3665/3665/3665
f 3668/3668/3668 3667/3667/3667 3665/3665/3665
f 3669/3669/3669 3666/3666/3666 3667/3667/3667
f 3670/3670/3670 3664/3664/3664 3666/3666/3666
f 3671/3671/3671 3670/3670/3670 3666/3666/3666
f 3672/3672/3672 3664/3664/3664 3670/3670/3670
f 3675/3675/3675 3674/3674/3674 3673/3673/3673
f 3674/3674/3674 3676/3676/3676 3673/3673/3673
f 3677/3677/3677 3676/3676/3676 3674/3674/3674
f 3676/3676/3676 3678/3678/3678 3673/3673/3673
f 3678/3678/3678 3679/3679/3679 3673/3673/3673
f 3673/3673/3673 3679/3679/3679 3680/3680/3680
f 3679/3679/3679 3681/3681/3681 3680/3680/3680
f 3682/3682/3682 3680/3680/3680 3681/3681/3681
f 3681/3681/3681 3683/3683/3683 3682/3682/3682
f 3684/3684/3684 3682/3682/3682 3683/3683/3683
f 3683/3683/3683 3685/3685/3685 3684/3684/3684
f 3686/3686/3686 3684/3684/3684 3685/3685/3685
f 3687/3687/3687 3686/3686/3686 3685/3685/3685
f 3688/3688/3688 3686/3686/3686 3687/3687/3687
f 3689/3689/3689 3678/3678/3678 3676/3676/3676
f 3690/3690/3690 3689/3689/3689 3676/3676/3676
f 3691/3691/3691 3678/3678/3678 3689/3689/3689
f 3692/3692/3692 3688/3688/3688 3687/3687/3687
f 3693/3693/3693 3692/3692/3692 3687/3687/3687
f 3694/3694/3694 3693/3693/3693 3687/3687/3687
f 3695/3695/3695 3692/3692/3692 3693/3693/3693
f 3696/3696/3696 3688/3688/3688 3692/3692/3692
f 3697/3697/3697 3696/3696/3696 3692/3692/3692
f 3698/3698/3698 3688/3688/3688 3696/3696/3696
f 3701/3701/3701 3700/3700/3700 3699/3699/3699
f 3700/3700/3700 3702/3702/3702 3699/3699/3699
f 3703/3703/3703 3702/3702/3702 3700/3700/3700
f 3702/3702/3702 3704/3704/3704 3699/3699/3699
f 3704/3704/3704 3705/3705/3705 3699/3699/3699
f 3699/3699/3699 3705/3705/3705 3706/3706/3706
f 3705/3705/3705 3707/3707/3707 3706/3706/3706
f 3708/3708/3708 3706/3706/3706 3707/3707/3707
f 3707/3707/3707 3709/3709/3709 3708/3708/3708
f 3710/3710/3710 3708/3708/3708 3709/3709/3709
f 3709/3709/3709 3711/3711/3711 3710/3710/3710
f 3712/3712/3712 3710/3710/3710 3711/3711/3711
f 3713/3713/3713 3712/3712/3712 3711/3711/3711
f 3714/3714/3714 3712/3712/3712 3713/3713/3713
f 3715/3715/3715 3704/3704/3704 3702/3702/3702
f 3716/3716/3716 3715/3715/3715 3702/3702/3702
f 3717/3717/3717 3704/3704/3704 3715/3715/3715
f 3718/3718/3718 3714/3714/3714 3713/3713/3713
f 3719/3719/3719 3718/3718/3718 3713/3713/3713
f 3720/3720/3720 3719/3719/3719 3713/3713/3713
f 3721/3721/3721 3718/3718/3718 3719/3719/3719
f 3722/3722/3722 3714/3714/3714 3718/3718/3718
f 3723/3723/3723 3722/3722/3722 3718/3718/3718
f 3724/3724/3724 3714/3714/3714 3722/3722/3722
f 3727/3727/3727 3726/3726/3726 3725/3725/3725
f 3726/3726/3726 3728/3728/3728 3725/3725/3725
f 3729/3729/3729 3728/3728/3728 3726/3726/3726
f 3728/3728/3728 3730/3730/3730 3725/3725/3725
f 3725/3725/3725 3730/3730/3730 3731/3731/3731
f 3732/3732/3732 3730/3730/3730 3728/3728/3728
f 3733/3733/3733 3732/3732/3732 3728/3728/3728
f 3734/3734/3734 3730/3730/3730 3732/3732/3732
f 3731/3731/3731 3730/3730/3730 3735/3735/3735
f 3731/3731/3731 3735/3735/3735 3736/3736/3736
f 3737/3737/3737 3736/3736/3736 3735/3735/3735
f 3736/3736/3736 3737/3737/3737 3738/3738/3738
f 3739/3739/3739 3738/3738/3738 3737/3737/3737
f 3738/3738/3738 3739/3739/3739 3740/3740/3740
f 3741/3741/3741 3740/3740/3740 3739/3739/3739
f 3741/3741/3741 3742/3742/3742 3740/3740/3740
f 3743/3743/3743 3742/3742/3742 3741/3741/3741
f 3744/3744/3744 3742/3742/3742 3743/3743/3743
f 3745/3745/3745 3744/3744/3744 3743/3743/3743
f 3746/3746/3746 3745/3745/3745 3743/3743/3743
f 3747/3747/3747 3744/3744/3744 3745/3745/3745
f 3748/3748/3748 3742/3742/3742 3744/3744/3744
f 3749/3749/3749 3748/3748/3748 3744/3744/3744
f 3750/3750/3750 3742/3742/3742 3748/3748/3748
f 3753/3753/3753 3752/3752/3752 3751/3751/3751
f 3752/3752/3752 3754/3754/3754 3751/3751/3751
f 3755/3755/3755 3754/3754/3754 3752/3752/3752
f 3754/3754/3754 3756/3756/3756 3751/3751/3751
f 3751/3751/3751 3756/3756/3756 3757/3757/3757
f 3758/3758/3758 3756/3756/3756 3754/3754/3754
f 3759/3759/3759 3758/3758/3758 3754/3754/3754
f 3760/3760/3760 3756/3756/3756 3758/3758/3758
f 3757/3757/3757 3756/3756/3756 3761/3761/3761
f 3757/3757/3757 3761/3761/3761 3762/3762/3762
f 3763/3763/3763 3762/3762/3762 3761/3761/3761
f 3762/3762/3762 3763/3763/3763 3764/3764/3764
f 3765/3765/3765 3764/3764/3764 3763/3763/3763
f 3764/3764/3764 3765/3765/3765 3766/3766/3766
f 3767/3767/3767 3766/3766/3766 3765/3765/3765
f 3767/3767/3767 3768/3768/3768 3766/3766/3766
f 3769/3769/3769 3768/3768/3768 3767/3767/3767
f 3770/3770/3770 3768/3768/3768 3769/3769/3769
f 3771/3771/3771 3770/3770/3770 3769/3769/3769
f 3772/3772/3772 3771/3771/3771 3769/3769/3769
f 3773/3773/3773 3770/3770/3770 3771/3771/3771
f 3774/3774/3774 3768/3768/3768 3770/3770/3770
f 3775/3775/3775 3774/3774/3774 3770/3770/3770
f 3776/3776/3776 3768/3768/3768 3774/3774/3774
f 3779/3779/3779 3778/3778/3778 3777/3777/3777
f 3778/3778/3778 3780/3780/3780 3777/3777/3777
f 3781/3781/3781 3780/3780/3780 3778/3778/3778
f 3780/3780/3780 3782/3782/3782 3777/3777/3777
f 3782/3782/3782 3783/3783/3783 3777/3777/3777
f 3777/3777/3777 3783/3783/3783 3784/3784/3784
f 3783/3783/3783 3785/3785/3785 3784/3784/3784
f 3786/3786/3786 3784/3784/3784 3785/3785/3785
f 3785/3785/3785 3787/3787/3787 3786/3786/3786
f 3788/3788/3788 3786/3786/3786 3787/3787/3787
f 3787/3787/3787 3789/3789/3789 3788/3788/3788
f 3790/3790/3790 3788/3788/3788 3789/3789/3789
f 3791/3791/3791 3790/3790/3790 3789/3789/3789
f 3792/3792/3792 3790/3790/3790 3791/3791/3791
f 3793/3793/3793 3782/3782/3782 3780/3780/3780
f 3794/3794/3794 3793/3793/3793 3780/3780/3780
f 3795/3795/3795 3782/3782/3782 3793/3793/3793
f 3796/3796/3796 3792/3792/3792 3791/3791/3791
f 3797/3797/3797 3796/3796/3796 3791/3791/3791
f 3798/3798/3798 3797/3797/3797 3791/3791/3791
f 3799/3799/3799 3796/3796/3796 3797/3797/3797
f 3800/3800/3800 3792/3792/3792 3796/3796/3796
f 3801/3801/3801 3800/3800/3800 3796/3796/3796
f 3802/3802/3802 3792/3792/3792 3800/3800/3800
f 3805/3805/3805 3804/3804/3804 3803/3803/3803
f 3804/3804/3804 3806/3806/3806 3803/3803/3803
f 3807/3807/3807 3806/3806/3806 3804/3804/3804
f 3806/3806/3806 3808/3808/3808 3803/3803/3803
f 3808/3808/3808 3809/3809/3809 3803/3803/3803
f 3803/3803/3803 3809/3809/3809 3810/3810/3810
f 3809/3809/3809 3811/3811/3811 3810/3810/3810
f 3812/3812/3812 3810/3810/3810 3811/3811/3811
f 3811/3811/3811 3813/3813/3813 3812/3812/3812
f 3814/3814/3814 3812/3812/3812 3813/3813/3813
f 3813/3813/3813 3815/3815/3815 3814/3814/3814
f 3816/3816/3816 3814/3814/3814 3815/3815/3815
f 3817/3817/3817 3816/3816/3816 3815/3815/3815
f 3818/3818/3818 3816/3816/3816 3817/3817/3817
f 3819/3819/3819 3808/3808/3808 3806/3806/3806
f 3820/3820/3820 3819/3819/3819 3806/3806/3806
f 3821/3821/3821 3808/3808/3808 3819/3819/3819
f 3822/3822/3822 3818/3818/3818 3817/3817/3817
f 3823/3823/3823 3822/3822/3822 3817/3817/3817
f 3824/3824/3824 3823/3823/3823 3817/3817/3817
f 3825/3825/3825 3822/3822/3822 3823/3823/3823
f 3826/3826/3826 3818/3818/3818 3822/3822/3822
f 3827/3827/3827 3826/3826/3826 3822/3822/3822
f 3828/3828/3828 3818/3818/3818 3826/3826/3826
f 3831/3831/3831 3830/3830/3830 3829/3829/3829
f 3830/3830/3830 3832/3832/3832 3829/3829/3829
f 3833/3833/3833 3832/3832/3832 3830/3830/3830
f 3832/3832/3832 3834/3834/3834 3829/3829/3829
f 3829/3829/3829 3834/3834/3834 3835/3835/3835
f 3836/3836/3836 3834/3834/3834 3832/3832/3832
f 3837/3837/3837 3836/3836/3836 3832/3832/3832
f 3838/3838/3838 3834/3834/3834 3836/3836/3836
f 3835/3835/3835 3834/3834/3834 3839/3839/3839
f 3835/3835/3835 3839/3839/3839 3840/3840/3840
f 3841/3841/3841 3840/3840/3840 3839/3839/3839
f 3840/3840/3840 3841/3841/3841 3842/3842/3842
f 3843/3843/3843 3842/3842/3842 3841/3841/3841
f 3842/3842/3842 3843/3843/3843 3844/3844/3844
f 3845/3845/3845 3844/3844/3844 3843/3843/3843
f 3845/3845/3845 3846/3846/3846 3844/3844/3844
f 3847/3847/3847 3846/3846/3846 3845/3845/3845
f 3848/3848/3848 3846/3846/3846 3847/3847/3847
f 3849/3849/3849 3848/3848/3848 3847/3847/3847
f 3850/3850/3850 3849/3849/3849 3847/3847/3847
f 3851/3851/3851 3848/3848/3848 3849/3849/3849
f 3852/3852/3852 3846/3846/3846 3848/3848/3848
f 3853/3853/3853 3852/3852/3852 3848/3848/3848
f 3854/3854/3854 3846/3846/3846 3852/3852/3852
f 3857/3857/3857 3856/3856/3856 3855/3855/3855
f 3856/3856/3856 3858/3858/3858 3855/3855/3855
f 3859/3859/3859 3858/3858/3858 3856/3856/3856
f 3858/3858/3858 3860/3860/3860 3855/3855/3855
f 3855/3855/3855 3860/3860/3860 3861/3861/3861
f 3862/3862/3862 3860/3860/3860 3858/3858/3858
f 3863/3863/3863 3862/3862/3862 3858/3858/3858
f 3864/3864/3864 3860/3860/3860 3862/3862/3862
f 3861/3861/3861 3860/3860/3860 3865/3865/3865
f 3861/3861/3861 3865/3865/3865 3866/3866/3866
f 3867/3867/3867 3866/3866/3866 3865/3865/3865
f 3866/3866/3866 3867/3867/3867 3868/3868/3868
f 3869/3869/3869 3868/3868/3868 3867/3867/3867
f 3868/3868/3868 3869/3869/3869 3870/3870/3870
f 3871/3871/3871 3870/3870/3870 3869/3869/3869
f 3871/3871/3871 3872/3872/3872 3870/3870/3870
f 3873/3873/3873 3872/3872/3872 3871/3871/3871
f 3874/3874/3874 3872/3872/3872 3873/3873/3873
f 3875/3875/3875 3874/3874/3874 3873/3873/3873
f 3876/3876/3876 3875/3875/3875 3873/3873/3873
f 3877/3877/3877 3874/3874/3874 3875/3875/3875
f 3878/3878/3878 3872/3872/3872 3874/3874/3874
f 3879/3879/3879 3878/3878/3878 3874/3874/3874
f 3880/3880/3880 3872/3872/3872 3878/3878/3878
f 3883/3883/3883 3882/3882/3882 3881/3881/3881
f 3882/3882/3882 3884/3884/3884 3881/3881/3881
f 3885/3885/3885 3884/3884/3884 3882/3882/3882
f 3884/3884/3884 3886/3886/3886 3881/3881/3881
f 3886/3886/3886 3887/3887/3887 3881/3881/3881
f 3881/3881/3881 3887/3887/3887 3888/3888/3888
f 3887/3887/3887 3889/3889/3889 3888/3888/3888
f 3890/3890/3890 3888/3888/3888 3889/3889/3889
f 3889/3889/3889 3891/3891/3891 3890/3890/3890
f 3892/3892/3892 3890/3890/3890 3891/3891/3891
f 3891/3891/3891 3893/3893/3893 3892/3892/3892
f 3894/3894/3894 3892/3892/3892 3893/3893/3893
f 3895/3895/3895 3894/3894/3894 3893/3893/3893
f 3896/3896/3896 3894/3894/3894 3895/3895/3895
f 3897/3897/3897 3886/3886/3886 3884/3884/3884
f 3898/3898/3898 3897/3897/3897 3884/3884/3884
f 3899/3899/3899 3886/3886/3886 3897/3897/3897
f 3900/3900/3900 3896/3896/3896 3895/3895/3895
f 3901/3901/3901 3900/3900/3900 3895/3895/3895
f 3902/3902/3902 3901/3901/3901 3895/3895/3895
f 3903/3903/3903 3900/3900/3900 3901/3901/3901
f 3904/3904/3904 3896/3896/3896 3900/3900/3900
f 3905/3905/3905 3904/3904/3904 3900/3900/3900
f 3906/3906/3906 3896/3896/3896 3904/3904/3904
f 3909/3909/3909 3908/3908/3908 3907/3907/3907
f 3908/3908/3908 3910/3910/3910 3907/3907/3907
f 3911/3911/3911 3910/3910/3910 3908/3908/3908
f 3910/3910/3910 3912/3912/3912 3907/3907/3907
f 3912/3912/3912 3913/3913/3913 3907/3907/3907
f 3907/3907/3907 3913/3913/3913 3914/3914/3914
f 3913/3913/3913 3915/3915/3915 3914/3914/3914
f 3916/3916/3916 3914/3914/3914 3915/3915/3915
f 3915/3915/3915 3917/3917/3917 3916/3916/3916
f 3918/3918/3918 3916/3916/3916 3917/3917/3917
f 3917/3917/3917 3919/3919/3919 3918/3918/3918
f 3920/3920/3920 3918/3918/3918 3919/3919/3919
f 3921/3921/3921 3920/3920/3920 3919/3919/3919
f 3922/3922/3922 3920/3920/3920 3921/3921/3921
f 3923/3923/3923 3912/3912/3912 3910/3910/3910
f 3924/3924/3924 3923/3923/3923 3910/3910/3910
f 3925/3925/3925 3912/3912/3912 3923/3923/3923
f 3926/3926/3926 3922/3922/3922 3921/3921/3921
f 3927/3927/3927 3926/3926/3926 3921/3921/3921
f 3928/3928/3928 3927/3927/3927 3921/3921/3921
f 3929/3929/3929 3926/3926/3926 3927/3927/3927
f 3930/3930/3930 3922/3922/3922 3926/3926/3926
f 3931/3931/3931 3930/3930/3930 3926/3926/3926
f 3932/3932/3932 3922/3922/3922 3930/3930/3930
f 3935/3935/3935 3934/3934/3934 3933/3933/3933
f 3934/3934/3934 3936/3936/3936 3933/3933/3933
f 3937/3937/3937 3936/3936/3936 3934/3934/3934
f 3936/3936/3936 3938/3938/3938 3933/3933/3933
f 3933/3933/3933 3938/3938/3938 3939/3939/3939
f 3940/3940/3940 3938/3938/3938 3936/3936/3936
f 3941/3941/3941 3940/3940/3940 3936/3936/3936
f 3942/3942/3942 3938/3938/3938 3940/3940/3940
f 3939/3939/3939 3938/3938/3938 3943/3943/3943
f 3939/3939/3939 3943/3943/3943 3944/3944/3944
f 3945/3945/3945 3944/3944/3944 3943/3943/3943
f 3944/3944/3944 3945/3945/3945 3946/3946/3946
f 3947/3947/3947 3946/3946/3946 3945/3945/3945
f 3946/3946/3946 3947/3947/3947 3948/3948/3948
f 3949/3949/3949 3948/3948/3948 3947/3947/3947
f 3949/3949/3949 3950/3950/3950 3948/3948/3948
f 3951/3951/3951 3950/3950/3950 3949/3949/3949
f 3952/3952/3952 3950/3950/3950 3951/3951/3951
f 3953/3953/3953 3952/3952/3952 3951/3951/3951
f 3954/3954/3954 3953/3953/3953 3951/3951/3951
f 3955/3955/3955 3952/3952/3952 3953/3953/3953
f 3956/3956/3956 3950/3950/3950 3952/3952/3952
f 3957/3957/3957 3956/3956/3956 3952/3952/3952
f 3958/3958/3958 3950/3950/3950 3956/3956/3956
f 3961/3961/3961 3960/3960/3960 3959/3959/3959
f 3960/3960/3960 3962/3962/3962 3959/3959/3959
f 3963/3963/3963 3962/3962/3962 3960/3960/3960
f 3962/3962/3962 3964/3964/3964 3959/3959/3959
f 3959/3959/3959 3964/3964/3964 3965/3965/3965
f 3966/3966/3966 3964/3964/3964 3962/3962/3962
f 3967/3967/3967 3966/3966/3966 3962/3962/3962
f 3968/3968/3968 3964/3964/3964 3966/3966/3966
f 3965/3965/3965 3964/3964/3964 3969/3969/3969
f 3965/3965/3965 3969/3969/3969 3970/3970/3970
f 3971/3971/3971 3970/3970/3970 3969/3969/3969
f 3970/3970/3970 3971/3971/3971 3972/3972/3972
f 3973/3973/3973 3972/3972/3972 3971/3971/3971
f 3972/3972/3972 3973/3973/3973 3974/3974/3974
f 3975/3975/3975 3974/3974/3974 3973/3973/3973
f 3975/3975/3975 3976/3976/3976 3974/3974/3974
f 3977/3977/3977 3976/3976/3976 3975/3975/3975
f 3978/3978/3978 3976/3976/3976 3977/3977/3977
f 3979/3979/3979 3978/3978/3978 3977/3977/3977
f 3980/3980/3980 3979/3979/3979 3977/3977/3977
f 3981/3981/3981 3978/3978/3978 3979/3979/3979
f 3982/3982/3982 3976/3976/3976 3978/3978/3978
f 3983/3983/3983 3982/3982/3982 3978/3978/3978
f 3984/3984/3984 3976/3976/3976 3982/3982/3982
f 3987/3987/3987 3986/3986/3986 3985/3985/3985
f 3986/3986/3986 3988/3988/3988 3985/3985/3985
f 3989/3989/3989 3988/3988/3988 3986/3986/3986
f 3988/3988/3988 3990/3990/3990 3985/3985/3985
f 3990/3990/3990 3991/3991/3991 3985/3985/3985
f 3985/3985/3985 3991/3991/3991 3992/3992/3992
f 3991/3991/3991 3993/3993/3993 3992/3992/3992
f 3994/3994/3994 3992/3992/3992 3993/3993/3993
f 3993/3993/3993 3995/3995/3995 3994/3994/3994
f 3996/3996/3996 3994/3994/3994 3995/3995/3995
f 3995/3995/3995 3997/3997/3997 3996/3996/3996
f 3998/3998/3998 3996/3996/3996 3997/3997/3997
f 3999/3999/3999 3998/3998/3998 3997/3997/3997
f 4000/4000/4000 3998/3998/3998 3999/3999/3999
f 4001/4001/4001 3990/3990/3990 3988/3988/3988
f 4002/4002/4002 4001/4001/4001 3988/3988/3988
f 4003/4003/4003 3990/3990/3990 4001/4001/4001
f 4004/4004/4004 4000/4000/4000 3999/3999/3999
f 4005/4005/4005 4004/4004/4004 3999/3999/3999
f 4006/4006/4006 4005/4005/4005 3999/3999/3999
f 4007/4007/4007 4004/4004/4004 4005/4005/4005
f 4008/4008/4008 4000/4000/4000 4004/4004/4004
f 4009/4009/4009 4008/4008/4008 4004/4004/4004
f 4010/4010/4010 4000/4000/4000 4008/4008/4008
f 4013/4013/4013 4012/4012/4012 4011/4011/4011
f 4012/4012/4012 4014/4014/4014 4011/4011/4011
f 4015/4015/4015 4014/4014/4014 4012/4012/4012
f 4014/4014/4014 4016/4016/4016 4011/4011/4011
f 4016/4016/4016 4017/4017/4017 4011/4011/4011
f 4011/4011/4011 4017/4017/4017 4018/4018/4018
f 4017/4017/4017 4019/4019/4019 4018/4018/4018
f 4020/4020/4020 4018/4018/4018 4019/4019/4019
f 4019/4019/4019 4021/4021/4021 4020/4020/4020
f 4022/4022/4022 4020/4020/4020 4021/4021/4021
f 4021/4021/4021 4023/4023/4023 4022/4022/4022
f 4024/4024/4024 4022/4022/4022 4023/4023/4023
f 4025/4025/4025 4024/4024/4024 4023/4023/4023
f 4026/4026/4026 4024/4024/4024 4025/4025/4025
f 4027/4027/4027 4016/4016/4016 4014/4014/4014
f 4028/4028/4028 4027/4027/4027 4014/4014/4014
f 4029/4029/4029 4016/4016/4016 4027/4027/4027
f 4030/4030/4030 4026/4026/4026 4025/4025/4025
f 4031/4031/4031 4030/4030/4030 4025/4025/4025
f 4032/4032/4032 4031/4031/4031 4025/4025/4025
f 4033/4033/4033 4030/4030/4030 4031/4031/4031
f 4034/4034/4034 4026/4026/4026 4030/4030/4030
f 4035/4035/4035 4034/4034/4034 4030/4030/4030
f 4036/4036/4036 4026/4026/4026 4034/4034/4034
f 4039/4039/4039 4038/4038/4038 4037/4037/4037
f 4038/4038/4038 4040/4040/4040 4037/4037/4037
f 4041/4041/4041 4040/4040/4040 4038/4038/4038
f 4040/4040/4040 4042/4042/4042 4037/4037/4037
f 4037/4037/4037 4042/4042/4042 4043/4043/4043
f 4044/4044/4044 4042/4042/4042 4040/4040/4040
f 4045/4045/4045 4044/4044/4044 4040/4040/4040
f 4046/4046/4046 4042/4042/4042 4044/4044/4044
f 4043/4043/4043 4042/4042/4042 4047/4047/4047
f 4043/4043/4043 4047/4047/4047 4048/4048/4048
f 4049/4049/4049 4048/4048/4048 4047/4047/4047
f 4048/4048/4048 4049/4049/4049 4050/4050/4050
f 4051/4051/4051 4050/4050/4050 4049/4049/4049
f 4050/4050/4050 4051/4051/4051 4052/4052/4052
f 4053/4053/4053 4052/4052/4052 4051/4051/4051
f 4053/4053/4053 4054/4054/4054 4052/4052/4052
f 4055/4055/4055 4054/4054/4054 4053/4053/4053
f 4056/4056/4056 4054/4054/4054 4055/4055/4055
f 4057/4057/4057 4056/4056/4056 4055/4055/4055
f 4058/4058/4058 4057/4057/4057 4055/4055/4055
f 4059/4059/4059 4056/4056/4056 4057/4057/4057
f 4060/4060/4060 4054/4054/4054 4056/4056/4056
f 4061/4061/4061 4060/4060/4060 4056/4056/4056
f 4062/4062/4062 4054/4054/4054 4060/4060/4060
f 4065/4065/4065 4064/4064/4064 4063/4063/4063
f 4064/4064/4064 4066/4066/4066 4063/4063/4063
f 4067/4067/4067 4066/4066/4066 4064/4064/4064
f 4066/4066/4066 4068/4068/4068 4063/4063/4063
f 4063/4063/4063 4068/4068/4068 4069/4069/4069
f 4070/4070/4070 4068/4068/4068 4066/4066/4066
f 4071/4071/4071 4070/4070/4070 4066/4066/4066
f 4072/4072/4072 4068/4068/4068 4070/4070/4070
f 4069/4069/4069 4068/4068/4068 4073/4073/4073
f 4069/4069/4069 4073/4073/4073 4074/4074/4074
f 4075/4075/4075 4074/4074/4074 4073/4073/4073
f 4074/4074/4074 4075/4075/4075 4076/4076/4076
f 4077/4077/4077 4076/4076/4076 4075/4075/4075
f 4076/4076/4076 4077/4077/4077 4078/4078/4078
f 4079/4079/4079 4078/4078/4078 4077/4077/4077
f 4079/4079/4079 4080/4080/4080 4078/4078/4078
f 4081/4081/4081 4080/4080/4080 4079/4079/4079
f 4082/4082/4082 4080/4080/4080 4081/4081/4081
f 4083/4083/4083 4082/4082/4082 4081/4081/4081
f 4084/4084/4084 4083/4083/4083 4081/4081/4081
f 4085/4085/4085 4082/4082/4082 4083/4083/4083
f 4086/4086/4086 4080/4080/4080 4082/4082/4082
f 4087/4087/4087 4086/4086/4086 4082/4082/4082
f 4088/4088/4088 4080/4080/4080 4086/4086/4086
f 4091/4091/4091 4090/4090/4090 4089/4089/4089
f 4090/4090/4090 4092/4092/4092 4089/4089/4089
f 4093/4093/4093 4092/4092/4092 4090/4090/4090
f 4092/4092/4092 4094/4094/4094 4089/4089/4089
f 4094/4094/4094 4095/4095/4095 4089/4089/4089
f 4089/4089/4089 4095/4095/4095 4096/4096/4096
f 4095/4095/4095 4097/4097/4097 4096/4096/4096
f 4098/4098/4098 4096/4096/4096 4097/4097/4097
f 4097/4097/4097 4099/4099/4099 4098/4098/4098
f 4100/4100/4100 4098/4098/4098 4099/4099/4099
f 4099/4099/4099 4101/4101/4101 4100/4100/4100
f 4102/4102/4102 4100/4100/4100 4101/4101/4101
f 4103/4103/4103 4102/4102/4102 4101/4101/4101
f 4104/4104/4104 4102/4102/4102 4103/4103/4103
f 4105/4105/4105 4094/4094/4094 4092/4092/4092
f 4106/4106/4106 4105/4105/4105 4092/4092/4092
f 4107/4107/4107 4094/4094/4094 4105/4105/4105
f 4108/4108/4108 4104/4104/4104 4103/4103/4103
f 4109/4109/4109 4108/4108/4108 4103/4103/4103
f 4110/4110/4110 4109/4109/4109 4103/4103/4103
f 4111/4111/4111 4108/4108/4108 4109/4109/4109
f 4112/4112/4112 4104/4104/4104 4108/4108/4108
f 4113/4113/4113 4112/4112/4112 4108/4108/4108
f 4114/4114/4114 4104/4104/4104 4112/4112/4112
f 4117/4117/4117 4116/4116/4116 4115/4115/4115
f 4116/4116/4116 4118/4118/4118 4115/4115/4115
f 4119/4119/4119 4118/4118/4118 4116/4116/4116
f 4118/4118/4118 4120/4120/4120 4115/4115/4115
f 4120/4120/4120 4121/4121/4121 4115/4115/4115
f 4115/4115/4115 4121/4121/4121 4122/4122/4122
f 4121/4121/4121 4123/4123/4123 4122/4122/4122
f 4124/4124/4124 4122/4122/4122 4123/4123/4123
f 4123/4123/4123 4125/4125/4125 4124/4124/4124
f 4126/4126/4126 4124/4124/4124 4125/4125/4125
f 4125/4125/4125 4127/4127/4127 4126/4126/4126
f 4128/4128/4128 4126/4126/4126 4127/4127/4127
f 4129/4129/4129 4128/4128/4128 4127/4127/4127
f 4130/4130/4130 4128/4128/4128 4129/4129/4129
f 4131/4131/4131 4120/4120/4120 4118/4118/4118
f 4132/4132/4132 4131/4131/4131 4118/4118/4118
f 4133/4133/4133 4120/4120/4120 4131/4131/4131
f 4134/4134/4134 4130/4130/4130 4129/4129/4129
f 4135/4135/4135 4134/4134/4134 4129/4129/4129
f 4136/4136/4136 4135/4135/4135 4129/4129/4129
f 4137/4137/4137 4134/4134/4134 4135/4135/4135
f 4138/4138/4138 4130/4130/4130 4134/4134/4134
f 4139/4139/4139 4138/4138/4138 4134/4134/4134
f 4140/4140/4140 4130/4130/4130 4138/4138/4138
f 4143/4143/4143 4142/4142/4142 4141/4141/4141
f 4142/4142/4142 4144/4144/4144 4141/4141/4141
f 4145/4145/4145 4144/4144/4144 4142/4142/4142
f 4144/4144/4144 4146/4146/4146 4141/4141/4141
f 4141/4141/4141 4146/4146/4146 4147/4147/4147
f 4148/4148/4148 4146/4146/4146 4144/4144/4144
f 4149/4149/4149 4148/4148/4148 4144/4144/4144
f 4150/4150/4150 4146/4146/4146 4148/4148/4148
f 4147/4147/4147 4146/4146/4146 4151/4151/4151
f 4147/4147/4147 4151/4151/4151 4152/4152/4152
f 4153/4153/4153 4152/4152/4152 4151/4151/4151
f 4152/4152/4152 4153/4153/4153 4154/4154/4154
f 4155/4155/4155 4154/4154/4154 4153/4153/4153
f 4154/4154/4154 4155/4155/4155 4156/4156/4156
f 4157/4157/4157 4156/4156/4156 4155/4155/4155
f 4157/4157/4157 4158/4158/4158 4156/4156/4156
f 4159/4159/4159 4158/4158/4158 4157/4157/4157
f 4160/4160/4160 4158/4158/4158 4159/4159/4159
f 4161/4161/4161 4160/4160/4160 4159/4159/4159
f 4162/4162/4162 4161/4161/4161 4159/4159/4159
f 4163/4163/4163 4160/4160/4160 4161/4161/4161
f 4164/4164/4164 4158/4158/4158 4160/4160/4160
f 4165/4165/4165 4164/4164/4164 4160/4160/4160
f 4166/4166/4166 4158/4158/4158 4164/4164/4164
f 4169/4169/4169 4168/4168/4168 4167/4167/4167
f 4168/4168/4168 4170/4170/4170 4167/4167/4167
f 4171/4171/4171 4170/4170/4170 4168/4168/4168
f 4170/4170/4170 4172/4172/4172 4167/4167/4167
f 4167/4167/4167 4172/4172/4172 4173/4173/4173
f 4174/4174/4174 4172/4172/4172 4170/4170/4170
f 4175/4175/4175 4174/4174/4174 4170/4170/4170
f 4176/4176/4176 4172/4172/4172 4174/4174/4174
f 4173/4173/4173 4172/4172/4172 4177/4177/4177
f 4173/4173/4173 4177/4177/4177 4178/4178/4178
f 4179/4179/4179 4178/4178/4178 4177/4177/4177
f 4178/4178/4178 4179/4179/4179 4180/4180/4180
f 4181/4181/4181 4180/4180/4180 4179/4179/4179
f 4180/4180/4180 4181/4181/4181 4182/4182/4182
f 4183/4183/4183 4182/4182/4182 4181/4181/4181
f 4183/4183/4183 4184/4184/4184 4182/4182/4182
f 4185/4185/4185 4184/4184/4184 4183/4183/4183
f 4186/4186/4186 4184/4184/4184 4185/4185/4185
f 4187/4187/4187 4186/4186/4186 4185/4185/4185
f 4188/4188/4188 4187/4187/4187 4185/4185/4185
f 4189/4189/4189 4186/4186/4186 4187/4187/4187
f 4190/4190/4190 4184/4184/4184 4186/4186/4186
f 4191/4191/4191 4190/4190/4190 4186/4186/4186
f 4192/4192/4192 4184/4184/4184 4190/4190/4190
f 4195/4195/4195 4194/4194/4194 4193/4193/4193
f 4194/4194/4194 4196/4196/4196 4193/4193/4193
f 4197/4197/4197 4196/4196/4196 4194/4194/4194
f 4196/4196/4196 4198/4198/4198 4193/4193/4193
f 4198/4198/4198 4199/4199/4199 4193/4193/4193
f 4193/4193/4193 4199/4199/4199 4200/4200/4200
f 4199/4199/4199 4201/4201/4201 4200/4200/4200
f 4202/4202/4202 4200/4200/4200 4201/4201/4201
f 4201/4201/4201 4203/4203/4203 4202/4202/4202
f 4204/4204/4204 4202/4202/4202 4203/4203/4203
f 4203/4203/4203 4205/4205/4205 4204/4204/4204
f 4206/4206/4206 4204/4204/4204 4205/4205/4205
f 4207/4207/4207 4206/4206/4206 4205/4205/4205
f 4208/4208/4208 4206/4206/4206 4207/4207/4207
f 4209/4209/4209 4198/4198/4198 4196/4196/4196
f 4210/4210/4210 4209/4209/4209 4196/4196/4196
f 4211/4211/4211 4198/4198/4198 4209/4209/4209
f 4212/4212/4212 4208/4208/4208 4207/4207/4207
f 4213/4213/4213 4212/4212/4212 4207/4207/4207
f 4214/4214/4214 4213/4213/4213 4207/4207/4207
f 4215/4215/4215 4212/4212/4212 4213/4213/4213
f 4216/4216/4216 4208/4208/4208 4212/4212/4212
f 4217/4217/4217 4216/4216/4216 4212/4212/4212
f 4218/4218/4218 4208/4208/4208 4216/4216/4216
f 4221/4221/4221 4220/4220/4220 4219/4219/4219
f 4220/4220/4220 4222/4222/4222 4219/4219/4219
f 4223/4223/4223 4222/4222/4222 4220/4220/4220
f 4222/4222/4222 4224/4224/4224 4219/4219/4219
f 4224/4224/4224 4225/4225/4225 4219/4219/4219
f 4219/4219/4219 4225/4225/4225 4226/4226/4226
f 4225/4225/4225 4227/4227/4227 4226/4226/4226
f 4228/4228/4228 4226/4226/4226 4227/4227/4227
f 4227/4227/4227 4229/4229/4229 4228/4228/4228
f 4230/4230/4230 4228/4228/4228 4229/4229/4229
f 4229/4229/4229 4231/4231/4231 4230/4230/4230
f 4232/4232/4232 4230/4230/4230 4231/4231/4231
f 4233/4233/4233 4232/4232/4232 4231/4231/4231
f 4234/4234/4234 4232/4232/4232 4233/4233/4233
f 4235/4235/4235 4224/4224/4224 4222/4222/4222
f 4236/4236/4236 4235/4235/4235 4222/4222/4222
f 4237/4237/4237 4224/4224/4224 4235/4235/4235
f 4238/4238/4238 4234/4234/4234 4233/4233/4233
f 4239/4239/4239 4238/4238/4238 4233/4233/4233
f 4240/4240/4240 4239/4239/4239 4233/4233/4233
f 4241/4241/4241 4238/4238/4238 4239/4239/4239
f 4242/4242/4242 4234/4234/4234 4238/4238/4238
f 4243/4243/4243 4242/4242/4242 4238/4238/4238
f 4244/4244/4244 4234/4234/4234 4242/4242/4242
f 4247/4247/4247 4246/4246/4246 4245/4245/4245
f 4246/4246/4246 4248/4248/4248 4245/4245/4245
f 4249/4249/4249 4248/4248/4248 4246/4246/4246
f 4248/4248/4248 4250/4250/4250 4245/4245/4245
f 4245/4245/4245 4250/4250/4250 4251/4251/4251
f 4252/4252/4252 4250/4250/4250 4248/4248/4248
f 4253/4253/4253 4252/4252/4252 4248/4248/4248
f 4254/4254/4254 4250/4250/4250 4252/4252/4252
f 4251/4251/4251 4250/4250/4250 4255/4255/4255
f 4251/4251/4251 4255/4255/4255 4256/4256/4256
f 4257/4257/4257 4256/4256/4256 4255/4255/4255
f 4256/4256/4256 4257/4257/4257 4258/4258/4258
f 4259/4259/4259 4258/4258/4258 4257/4257/4257
f 4258/4258/4258 4259/4259/4259 4260/4260/4260
f 4261/4261/4261 4260/4260/4260 4259/4259/4259
f 4261/4261/4261 4262/4262/4262 4260/4260/4260
f 4263/4263/4263 4262/4262/4262 4261/4261/4261
f 4264/4264/4264 4262/4262/4262 4263/4263/4263
f 4265/4265/4265 4264/4264/4264 4263/4263/4263
f 4266/4266/4266 4265/4265/4265 4263/4263/4263
f 4267/4267/4267 4264/4264/4264 4265/4265/4265
f 4268/4268/4268 4262/4262/4262 4264/4264/4264
f 4269/4269/4269 4268/4268/4268 4264/4264/4264
f 4270/4270/4270 4262/4262/4262 4268/4268/4268
f 4273/4273/4273 4272/4272/4272 4271/4271/4271
f 4272/4272/4272 4274/4274/4274 4271/4271/4271
f 4275/4275/4275 4274/4274/4274 4272/4272/4272
f 4274/4274/4274 4276/4276/4276 4271/4271/4271
f 4271/4271/4271 4276/4276/4276 4277/4277/4277
f 4278/4278/4278 4276/4276/4276 4274/4274/4274
f 4279/4279/4279 4278/4278/4278 4274/4274/4274
f 4280/4280/4280 4276/4276/4276 4278/4278/4278
f 4277/4277/4277 4276/4276/4276 4281/4281/4281
f 4277/4277/4277 4281/4281/4281 4282/4282/4282
f 4283/4283/4283 4282/4282/4282 4281/4281/4281
f 4282/4282/4282 4283/4283/4283 4284/4284/4284
f 4285/4285/4285 4284/4284/4284 4283/4283/4283
f 4284/4284/4284 4285/4285/4285 4286/4286/4286
f 4287/4287/4287 4286/4286/4286 4285/4285/4285
f 4287/4287/4287 4288/4288/4288 4286/4286/4286
f 4289/4289/4289 4288/4288/4288 4287/4287/4287
f 4290/4290/4290 4288/4288/4288 4289/4289/4289
f 4291/4291/4291 4290/4290/4290 4289/4289/4289
f 4292/4292/4292 4291/4291/4291 4289/4289/4289
f 4293/4293/4293 4290/4290/4290 4291/4291/4291
f 4294/4294/4294 4288/4288/4288 4290/4290/4290
f 4295/4295/4295 4294/4294/4294 4290/4290/4290
f 4296/4296/4296 4288/4288/4288 4294/4294/4294
f 4299/4299/4299 4298/4298/4298 4297/4297/4297
f 4298/4298/4298 4300/4300/4300 4297/4297/4297
f 4301/4301/4301 4300/4300/4300 4298/4298/4298
f 4300/4300/4300 4302/4302/4302 4297/4297/4297
f 4302/4302/4302 4303/4303/4303 4297/4297/4297
f 4297/4297/4297 4303/4303/4303 4304/4304/4304
f 4303/4303/4303 4305/4305/4305 4304/4304/4304
f 4306/4306/4306 4304/4304/4304 4305/4305/4305
f 4305/4305/4305 4307/4307/4307 4306/4306/4306
f 4308/4308/4308 4306/4306/4306 4307/4307/4307
f 4307/4307/4307 4309/4309/4309 4308/4308/4308
f 4310/4310/4310 4308/4308/4308 4309/4309/4309
f 4311/4311/4311 4310/4310/4310 4309/4309/4309
f 4312/4312/4312 4310/4310/4310 4311/4311/4311
f 4313/4313/4313 4302/4302/4302 4300/4300/4300
f 4314/4314/4314 4313/4313/4313 4300/4300/4300
f 4315/4315/4315 4302/4302/4302 4313/4313/4313
f 4316/4316/4316 4312/4312/4312 4311/4311/4311
f 4317/4317/4317 4316/4316/4316 4311/4311/4311
f 4318/4318/4318 4317/4317/4317 4311/4311/4311
f 4319/4319/4319 4316/4316/4316 4317/4317/4317
f 4320/4320/4320 4312/4312/4312 4316/4316/4316
f 4321/4321/4321 4320/4320/4320 4316/4316/4316
f 4322/4322/4322 4312/4312/4312 4320/4320/4320
f 4325/4325/4325 4324/4324/4324 4323/4323/4323
f 4324/4324/4324 4326/4326/4326 4323/4323/4323
f 4327/4327/4327 4326/4326/4326 4324/4324/4324
f 4326/4326/4326 4328/4328/4328 4323/4323/4323
f 4328/4328/4328 4329/4329/4329 4323/4323/4323
f 4323/4323/4323 4329/4329/4329 4330/4330/4330
f 4329/4329/4329 4331/4331/4331 4330/4330/4330
f 4332/4332/4332 4330/4330/4330 4331/4331/4331
f 4331/4331/4331 4333/4333/4333 4332/4332/4332
f 4334/4334/4334 4332/4332/4332 4333/4333/4333
f 4333/4333/4333 4335/4335/4335 4334/4334/4334
f 4336/4336/4336 4334/4334/4334 4335/4335/4335
f 4337/4337/4337 4336/4336/4336 4335/4335/4335
f 4338/4338/4338 4336/4336/4336 4337/4337/4337
f 4339/4339/4339 4328/4328/4328 4326/4326/4326
f 4340/4340/4340 4339/4339/4339 4326/4326/4326
f 4341/4341/4341 4328/4328/4328 4339/4339/4339
f 4342/4342/4342 4338/4338/4338 4337/4337/4337
f 4343/4343/4343 4342/4342/4342 4337/4337/4337
f 4344/4344/4344 4343/4343/4343 4337/4337/4337
f 4345/4345/4345 4342/4342/4342 4343/4343/4343
f 4346/4346/4346 4338/4338/4338 4342/4342/4342
f 4347/4347/4347 4346/4346/4346 4342/4342/4342
f 4348/4348/4348 4338/4338/4338 4346/4346/4346
f 4351/4351/4351 4350/4350/4350 4349/4349/4349
f 4350/4350/4350 4352/4352/4352 4349/4349/4349
f 4353/4353/4353 4352/4352/4352 4350/4350/4350
f 4352/4352/4352 4354/4354/4354 4349/4349/4349
f 4349/4349/4349 4354/4354/4354 4355/4355/4355
f 4356/4356/4356 4354/4354/4354 4352/4352/4352
f 4357/4357/4357 4356/4356/4356 4352/4352/4352
f 4358/4358/4358 4354/4354/4354 4356/4356/4356
f 4355/4355/4355 4354/4354/4354 4359/4359/4359
f 4355/4355/4355 4359/4359/4359 4360/4360/4360
f 4361/4361/4361 4360/4360/4360 4359/4359/4359
f 4360/4360/4360 4361/4361/4361 4362/4362/4362
f 4363/4363/4363 4362/4362/4362 4361/4361/4361
f 4362/4362/4362 4363/4363/4363 4364/4364/4364
f 4365/4365/4365 4364/4364/4364 4363/4363/4363
f 4365/4365/4365 4366/4366/4366 4364/4364/4364
f 4367/4367/4367 4366/4366/4366 4365/4365/4365
f 4368/4368/4368 4366/4366/4366 4367/4367/4367
f 4369/4369/4369 4368/4368/4368 4367/4367/4367
f 4370/4370/4370 4369/4369/4369 4367/4367/4367
f 4371/4371/4371 4368/4368/4368 4369/4369/4369
f 4372/4372/4372 4366/4366/4366 4368/4368/4368
f 4373/4373/4373 4372/4372/4372 4368/4368/4368
f 4374/4374/4374 4366/4366/4366 4372/4372/4372
f 4377/4377/4377 4376/4376/4376 4375/4375/4375
f 4376/4376/4376 4378/4378/4378 4375/4375/4375
f 4379/4379/4379 4378/4378/4378 4376/4376/4376
f 4378/4378/4378 4380/4380/4380 4375/4375/4375
f 4375/4375/4375 4380/4380/4380 4381/4381/4381
f 4382/4382/4382 4380/4380/4380 4378/4378/4378
f 4383/4383/4383 4382/4382/4382 4378/4378/4378
f 4384/4384/4384 4380/4380/4380 4382/4382/4382
f 4381/4381/4381 4380/4380/4380 4385/4385/4385
f 4381/4381/4381 4385/4385/4385 4386/4386/4386
f 4387/4387/4387 4386/4386/4386 4385/4385/4385
f 4386/4386/4386 4387/4387/4387 4388/4388/4388
f 4389/4389/4389 4388/4388/4388 4387/4387/4387
f 4388/4388/4388 4389/4389/4389 4390/4390/4390
f 4391/4391/4391 4390/4390/4390 4389/4389/4389
f 4391/4391/4391 4392/4392/4392 4390/4390/4390
f 4393/4393/4393 4392/4392/4392 4391/4391/4391
f 4394/4394/4394 4392/4392/4392 4393/4393/4393
f 4395/4395/4395 4394/4394/4394 4393/4393/4393
f 4396/4396/4396 4395/4395/4395 4393/4393/4393
f 4397/4397/4397 4394/4394/4394 4395/4395/4395
f 4398/4398/4398 4392/4392/4392 4394/4394/4394
f 4399/4399/4399 4398/4398/4398 4394/4394/4394
f 4400/4400/4400 4392/4392/4392 4398/4398/4398
f 4403/4403/4403 4402/4402/4402 4401/4401/4401
f 4402/4402/4402 4404/4404/4404 4401/4401/4401
f 4405/4405/4405 4404/4404/4404 4402/4402/4402
f 4404/4404/4404 4406/4406/4406 4401/4401/4401
f 4406/4406/4406 4407/4407/4407 4401/4401/4401
f 4401/4401/4401 4407/4407/4407 4408/4408/4408
f 4407/4407/4407 4409/4409/4409 4408/4408/4408
f 4410/4410/4410 4408/4408/4408 4409/4409/4409
f 4409/4409/4409 4411/4411/4411 4410/4410/4410
f 4412/4412/4412 4410/4410/4410 4411/4411/4411
f 4411/4411/4411 4413/4413/4413 4412/4412/4412
f 4414/4414/4414 4412/4412/4412 4413/4413/4413
f 4415/4415/4415 4414/4414/4414 4413/4413/4413
f 4416/4416/4416 4414/4414/4414 4415/4415/4415
f 4417/4417/4417 4406/4406/4406 4404/4404/4404
f 4418/4418/4418 4417/4417/4417 4404/4404/4404
f 4419/4419/4419 4406/4406/4406 4417/4417/4417
f 4420/4420/4420 4416/4416/4416 4415/4415/4415
f 4421/4421/4421 4420/4420/4420 4415/4415/4415
f 4422/4422/4422 4421/4421/4421 4415/4415/4415
f 4423/4423/4423 4420/4420/4420 4421/4421/4421
f 4424/4424/4424 4416/4416/4416 4420/4420/4420
f 4425/4425/4425 4424/4424/4424 4420/4420/4420
f 4426/4426/4426 4416/4416/4416 4424/4424/4424
f 4429/4429/4429 4428/4428/4428 4427/4427/4427
f 4428/4428/4428 4430/4430/4430 4427/4427/4427
f 4431/4431/4431 4430/4430/4430 4428/4428/4428
f 4430/4430/4430 4432/4432/4432 4427/4427/4427
f 4432/4432/4432 4433/4433/4433 4427/4427/4427
f 4427/4427/4427 4433/4433/4433 4434/4434/4434
f 4433/4433/4433 4435/4435/4435 4434/4434/4434
f 4436/4436/4436 4434/4434/4434 4435/4435/4435
f 4435/4435/4435 4437/4437/4437 4436/4436/4436
f 4438/4438/4438 4436/4436/4436 4437/4437/4437
f 4437/4437/4437 4439/4439/4439 4438/4438/4438
f 4440/4440/4440 4438/4438/4438 4439/4439/4439
f 4441/4441/4441 4440/4440/4440 4439/4439/4439
f 4442/4442/4442 4440/4440/4440 4441/4441/4441
f 4443/4443/4443 4432/4432/4432 4430/4430/4430
f 4444/4444/4444 4443/4443/4443 4430/4430/4430
f 4445/4445/4445 4432/4432/4432 4443/4443/4443
f 4446/4446/4446 4442/4442/4442 4441/4441/4441
f 4447/4447/4447 4446/4446/4446 4441/4441/4441
f 4448/4448/4448 4447/4447/4447 4441/4441/4441
f 4449/4449/4449 4446/4446/4446 4447/4447/4447
f 4450/4450/4450 4442/4442/4442 4446/4446/4446
f 4451/4451/4451 4450/4450/4450 4446/4446/4446
f 4452/4452/4452 4442/4442/4442 4450/4450/4450
f 4455/4455/4455 4454/4454/4454 4453/4453/4453
f 4454/4454/4454 4456/4456/4456 4453/4453/4453
f 4457/4457/4457 4456/4456/4456 4454/4454/4454
f 4456/4456/4456 4458/4458/4458 4453/4453/4453
f 4453/4453/4453 4458/4458/4458 4459/4459/4459
f 4460/4460/4460 4458/4458/4458 4456/4456/4456
f 4461/4461/4461 4460/4460/4460 4456/4456/4456
f 4462/4462/4462 4458/4458/4458 4460/4460/4460
f 4459/4459/4459 4458/4458/4458 4463/4463/4463
f 4459/4459/4459 4463/4463/4463 4464/4464/4464
f 4465/4465/4465 4464/4464/4464 4463/4463/4463
f 4464/4464/4464 4465/4465/4465 4466/4466/4466
f 4467/4467/4467 4466/4466/4466 4465/4465/4465
f 4466/4466/4466 4467/4467/4467 4468/4468/4468
f 4469/4469/4469 4468/4468/4468 4467/4467/4467
f 4469/4469/4469 4470/4470/4470 4468/4468/4468
f 4471/4471/4471 4470/4470/4470 4469/4469/4469
f 4472/4472/4472 4470/4470/4470 4471/4471/4471
f 4473/4473/4473 4472/4472/4472 4471/4471/4471
f 4474/4474/4474 4473/4473/4473 4471/4471/4471
f 4475/4475/4475 4472/4472/4472 4473/4473/4473
f 4476/4476/4476 4470/4470/4470 4472/4472/4472
f 4477/4477/4477 4476/4476/4476 4472/4472/4472
f 4478/4478/4478 4470/4470/4470 4476/4476/4476
f 4481/4481/4481 4480/4480/4480 4479/4479/4479
f 4480/4480/4480 4482/4482/4482 4479/4479/4479
f 4483/4483/4483 4482/4482/4482 4480/4480/4480
f 4482/4482/4482 4484/4484/4484 4479/4479/4479
f 4479/4479/4479 4484/4484/4484 4485/4485/4485
f 4486/4486/4486 4484/4484/4484 4482/4482/4482
f 4487/4487/4487 4486/4486/4486 4482/4482/4482
f 4488/4488/4488 4484/4484/4484 4486/4486/4486
f 4485/4485/4485 4484/4484/4484 4489/4489/4489
f 4485/4485/4485 4489/4489/4489 4490/4490/4490
f 4491/4491/4491 4490/4490/4490 4489/4489/4489
f 4490/4490/4490 4491/4491/4491 4492/4492/4492
f 4493/4493/4493 4492/4492/4492 4491/4491/4491
f 4492/4492/4492 4493/4493/4493 4494/4494/4494
f 4495/4495/4495 4494/4494/4494 4493/4493/4493
f 4495/4495/4495 4496/4496/4496 4494/4494/4494
f 4497/4497/4497 4496/4496/4496 4495/4495/4495
f 4498/4498/4498 4496/4496/4496 4497/4497/4497
f 4499/4499/4499 4498/4498/4498 4497/4497/4497
f 4500/4500/4500 4499/4499/4499 4497/4497/4497
f 4501/4501/4501 4498/4498/4498 4499/4499/4499
f 4502/4502/4502 4496/4496/4496 4498/4498/4498
f 4503/4503/4503 4502/4502/4502 4498/4498/4498
f 4504/4504/4504 4496/4496/4496 4502/4502/4502
f 4507/4507/4507 4506/4506/4506 4505/4505/4505
f 4506/4506/4506 4508/4508/4508 4505/4505/4505
f 4509/4509/4509 4508/4508/4508 4506/4506/4506
f 4508/4508/4508 4510/4510/4510 4505/4505/4505
f 4510/4510/4510 4511/4511/4511 4505/4505/4505
f 4505/4505/4505 4511/4511/4511 4512/4512/4512
f 4511/4511/4511 4513/4513/4513 4512/4512/4512
f 4514/4514/4514 4512/4512/4512 4513/4513/4513
f 4513/4513/4513 4515/4515/4515 4514/4514/4514
f 4516/4516/4516 4514/4514/4514 4515/4515/4515
f 4515/4515/4515 4517/4517/4517 4516/4516/4516
f 4518/4518/4518 4516/4516/4516 4517/4517/4517
f 4519/4519/4519 4518/4518/4518 4517/4517/4517
f 4520/4520/4520 4518/4518/4518 4519/4519/4519
f 4521/4521/4521 4510/4510/4510 4508/4508/4508
f 4522/4522/4522 4521/4521/4521 4508/4508/4508
f 4523/4523/4523 4510/4510/4510 4521/4521/4521
f 4524/4524/4524 4520/4520/4520 4519/4519/4519
f 4525/4525/4525 4524/4524/4524 4519/4519/4519
f 4526/4526/4526 4525/4525/4525 4519/4519/4519
f 4527/4527/4527 4524/4524/4524 4525/4525/4525
f 4528/4528/4528 4520/4520/4520 4524/4524/4524
f 4529/4529/4529 4528/4528/4528 4524/4524/4524
f 4530/4530/4530 4520/4520/4520 4528/4528/4528
f 4533/4533/4533 4532/4532/4532 4531/4531/4531
f 4532/4532/4532 4534/4534/4534 4531/4531/4531
f 4535/4535/4535 4534/4534/4534 4532/4532/4532
f 4534/4534/4534 4536/4536/4536 4531/4531/4531
f 4536/4536/4536 4537/4537/4537 4531/4531/4531
f 4531/4531/4531 4537/4537/4537 4538/4538/4538
f 4537/4537/4537 4539/4539/4539 4538/4538/4538
f 4540/4540/4540 4538/4538/4538 4539/4539/4539
f 4539/4539/4539 4541/4541/4541 4540/4540/4540
f 4542/4542/4542 4540/4540/4540 4541/4541/4541
f 4541/4541/4541 4543/4543/4543 4542/4542/4542
f 4544/4544/4544 4542/4542/4542 4543/4543/4543
f 4545/4545/4545 4544/4544/4544 4543/4543/4543
f 4546/4546/4546 4544/4544/4544 4545/4545/4545
f 4547/4547/4547 4536/4536/4536 4534/4534/4534
f 4548/4548/4548 4547/4547/4547 4534/4534/4534
f 4549/4549/4549 4536/4536/4536 4547/4547/4547
f 4550/4550/4550 4546/4546/4546 4545/4545/4545
f 4551/4551/4551 4550/4550/4550 4545/4545/4545
f 4552/4552/4552 4551/4551/4551 4545/4545/4545
f 4553/4553/4553 4550/4550/4550 4551/4551/4551
f 4554/4554/4554 4546/4546/4546 4550/4550/4550
f 4555/4555/4555 4554/4554/4554 4550/4550/4550
f 4556/4556/4556 4546/4546/4546 4554/4554/4554
f 4559/4559/4559 4558/4558/4558 4557/4557/4557
f 4558/4558/4558 4559/4559/4559 4560/4560/4560
f 4563/4563/4563 4562/4562/4562 4561/4561/4561
f 4562/4562/4562 4563/4563/4563 4564/4564/4564
f 4567/4567/4567 4566/4566/4566 4565/4565/4565
f 4568/4568/4568 4565/4565/4565 4566/4566/4566
f 4571/4571/4571 4570/4570/4570 4569/4569/4569
f 4572/4572/4572 4569/4569/4569 4570/4570/4570
f 4575/4575/4575 4574/4574/4574 4573/4573/4573
f 4574/4574/4574 4575/4575/4575 4576/4576/4576
f 4579/4579/4579 4578/4578/4578 4577/4577/4577
f 4578/4578/4578 4579/4579/4579 4580/4580/4580
f 4583/4583/4583 4582/4582/4582 4581/4581/4581
f 4584/4584/4584 4581/4581/4581 4582/4582/4582
f 4587/4587/4587 4586/4586/4586 4585/4585/4585
f 4588/4588/4588 4585/4585/4585 4586/4586/4586
f 4591/4591/4591 4590/4590/4590 4589/4589/4589
f 4590/4590/4590 4591/4591/4591 4592/4592/4592
f 4595/4595/4595 4594/4594/4594 4593/4593/4593
f 4596/4596/4596 4593/4593/4593 4594/4594/4594
f 4599/4599/4599 4598/4598/4598 4597/4597/4597
f 4600/4600/4600 4597/4597/4597 4598/4598/4598
f 4603/4603/4603 4602/4602/4602 4601/4601/4601
f 4602/4602/4602 4603/4603/4603 4604/4604/4604
f 4607/4607/4607 4606/4606/4606 4605/4605/4605
f 4606/4606/4606 4607/4607/4607 4608/4608/4608
f 4611/4611/4611 4610/4610/4610 4609/4609/4609
f 4612/4612/4612 4609/4609/4609 4610/4610/4610
f 4615/4615/4615 4614/4614/4614 4613/4613/4613
f 4616/4616/4616 4613/4613/4613 4614/4614/4614
f 4619/4619/4619 4618/4618/4618 4617/4617/4617
f 4618/4618/4618 4619/4619/4619 4620/4620/4620
f 4623/4623/4623 4622/4622/4622 4621/4621/4621
f 4622/4622/4622 4623/4623/4623 4624/4624/4624
f 4627/4627/4627 4626/4626/4626 4625/4625/4625
f 4628/4628/4628 4625/4625/4625 4626/4626/4626
f 4631/4631/4631 4630/4630/4630 4629/4629/4629
f 4632/4632/4632 4629/4629/4629 4630/4630/4630
f 4635/4635/4635 4634/4634/4634 4633/4633/4633
f 4634/4634/4634 4635/4635/4635 4636/4636/4636
f 4639/4639/4639 4638/4638/4638 4637/4637/4637
f 4640/4640/4640 4637/4637/4637 4638/4638/4638
f 4643/4643/4643 4642/4642/4642 4641/4641/4641
f 4644/4644/4644 4641/4641/4641 4642/4642/4642
f 4647/4647/4647 4646/4646/4646 4645/4645/4645
f 4646/4646/4646 4647/4647/4647 4648/4648/4648
f 4651/4651/4651 4650/4650/4650 4649/4649/4649
f 4650/4650/4650 4651/4651/4651 4652/4652/4652
f 4655/4655/4655 4654/4654/4654 4653/4653/4653
f 4656/4656/4656 4653/4653/4653 4654/4654/4654
f 4659/4659/4659 4658/4658/4658 4657/4657/4657
f 4660/4660/4660 4657/4657/4657 4658/4658/4658
f 4663/4663/4663 4662/4662/4662 4661/4661/4661
f 4662/4662/4662 4663/4663/4663 4664/4664/4664
f 4667/4667/4667 4666/4666/4666 4665/4665/4665
f 4666/4666/4666 4667/4667/4667 4668/4668/4668
f 4671/4671/4671 4670/4670/4670 4669/4669/4669
f 4670/4670/4670 4671/4671/4671 4672/4672/4672
f 4675/4675/4675 4674/4674/4674 4673/4673/4673
f 4674/4674/4674 4675/4675/4675 4676/4676/4676
f 4679/4679/4679 4678/4678/4678 4677/4677/4677
f 4680/4680/4680 4677/4677/4677 4678/4678/4678
f 4683/4683/4683 4682/4682/4682 4681/4681/4681
f 4684/4684/4684 4681/4681/4681 4682/4682/4682
f 4687/4687/4687 4686/4686/4686 4685/4685/4685
f 4688/4688/4688 4685/4685/4685 4686/4686/4686
f 4691/4691/4691 4690/4690/4690 4689/4689/4689
f 4690/4690/4690 4691/4691/4691 4692/4692/4692
f 4695/4695/4695 4694/4694/4694 4693/4693/4693
f 4694/4694/4694 4695/4695/4695 4696/4696/4696
f 4699/4699/4699 4698/4698/4698 4697/4697/4697
f 4700/4700/4700 4697/4697/4697 4698/4698/4698
f 4703/4703/4703 4702/4702/4702 4701/4701/4701
f 4704/4704/4704 4701/4701/4701 4702/4702/4702
f 4707/4707/4707 4706/4706/4706 4705/4705/4705
f 4708/4708/4708 4705/4705/4705 4706/4706/4706
f 4711/4711/4711 4710/4710/4710 4709/4709/4709
f 4712/4712/4712 4709/4709/4709 4710/4710/4710
f 4715/4715/4715 4714/4714/4714 4713/4713/4713
f 4716/4716/4716 4713/4713/4713 4714/4714/4714
f 4719/4719/4719 4718/4718/4718 4717/4717/4717
f 4720/4720/4720 4717/4717/4717 4718/4718/4718
f 4723/4723/4723 4722/4722/4722 4721/4721/4721
f 4724/4724/4724 4721/4721/4721 4722/4722/4722
f 4727/4727/4727 4726/4726/4726 4725/4725/4725
f 4728/4728/4728 4725/4725/4725 4726/4726/4726
f 4731/4731/4731 4730/4730/4730 4729/4729/4729
f 4730/4730/4730 4731/4731/4731 4732/4732/4732
f 4735/4735/4735 4734/4734/4734 4733/4733/4733
f 4736/4736/4736 4733/4733/4733 4734/4734/4734
f 4739/4739/4739 4738/4738/4738 4737/4737/4737
f 4740/4740/4740 4737/4737/4737 4738/4738/4738
f 4743/4743/4743 4742/4742/4742 4741/4741/4741
f 4742/4742/4742 4743/4743/4743 4744/4744/4744
f 4747/4747/4747 4746/4746/4746 4745/4745/4745
f 4746/4746/4746 4747/4747/4747 4748/4748/4748
f 4751/4751/4751 4750/4750/4750 4749/4749/4749
f 4750/4750/4750 4751/4751/4751 4752/4752/4752
f 4755/4755/4755 4754/4754/4754 4753/4753/4753
f 4756/4756/4756 4753/4753/4753 4754/4754/4754
f 4759/4759/4759 4758/4758/4758 4757/4757/4757
f 4760/4760/4760 4757/4757/4757 4758/4758/4758
f 4763/4763/4763 4762/4762/4762 4761/4761/4761
f 4762/4762/4762 4763/4763/4763 4764/4764/4764
f 4767/4767/4767 4766/4766/4766 4765/4765/4765
f 4766/4766/4766 4767/4767/4767 4768/4768/4768
f 4771/4771/4771 4770/4770/4770 4769/4769/4769
f 4770/4770/4770 4771/4771/4771 4772/4772/4772
f 4775/4775/4775 4774/4774/4774 4773/4773/4773
f 4774/4774/4774 4775/4775/4775 4776/4776/4776
f 4779/4779/4779 4778/4778/4778 4777/4777/4777
f 4780/4780/4780 4777/4777/4777 4778/4778/4778
f 4783/4783/4783 4782/4782/4782 4781/4781/4781
f 4784/4784/4784 4781/4781/4781 4782/4782/4782
f 4787/4787/4787 4786/4786/4786 4785/4785/4785
f 4786/4786/4786 4787/4787/4787 4788/4788/4788
f 4791/4791/4791 4790/4790/4790 4789/4789/4789
f 4790/4790/4790 4791/4791/4791 4792/4792/4792
f 4795/4795/4795 4794/4794/4794 4793/4793/4793
f 4796/4796/4796 4793/4793/4793 4794/4794/4794
f 4799/4799/4799 4798/4798/4798 4797/4797/4797
f 4800/4800/4800 4797/4797/4797 4798/4798/4798
f 4803/4803/4803 4802/4802/4802 4801/4801/4801
f 4804/4804/4804 4801/4801/4801 4802/4802/4802
f 4807/4807/4807 4806/4806/4806 4805/4805/4805
f 4808/4808/4808 4805/4805/4805 4806/4806/4806
f 4811/4811/4811 4810/4810/4810 4809/4809/4809
f 4812/4812/4812 4809/4809/4809 4810/4810/4810
f 4815/4815/4815 4814/4814/4814 4813/4813/4813
f 4816/4816/4816 4813/4813/4813 4814/4814/4814
f 4819/4819/4819 4818/4818/4818 4817/4817/4817
f 4820/4820/4820 4817/4817/4817 4818/4818/4818
f 4823/4823/4823 4822/4822/4822 4821/4821/4821
f 4824/4824/4824 4821/4821/4821 4822/4822/4822
f 4827/4827/4827 4826/4826/4826 4825/4825/4825
f 4828/4828/4828 4825/4825/4825 4826/4826/4826
f 4831/4831/4831 4830/4830/4830 4829/4829/4829
f 4832/4832/4832 4829/4829/4829 4830/4830/4830
f 4835/4835/4835 4834/4834/4834 4833/4833/4833
f 4836/4836/4836 4833/4833/4833 4834/4834/4834
f 4839/4839/4839 4838/4838/4838 4837/4837/4837
f 4840/4840/4840 4837/4837/4837 4838/4838/4838
f 4843/4843/4843 4842/4842/4842 4841/4841/4841
f 4844/4844/4844 4841/4841/4841 4842/4842/4842
f 4847/4847/4847 4846/4846/4846 4845/4845/4845
f 4848/4848/4848 4845/4845/4845 4846/4846/4846
f 4851/4851/4851 4850/4850/4850 4849/4849/4849
f 4850/4850/4850 4851/4851/4851 4852/4852/4852
f 4855/4855/4855 4854/4854/4854 4853/4853/4853
f 4854/4854/4854 4855/4855/4855 4856/4856/4856
f 4859/4859/4859 4858/4858/4858 4857/4857/4857
f 4860/4860/4860 4857/4857/4857 4858/4858/4858
f 4863/4863/4863 4862/4862/4862 4861/4861/4861
f 4864/4864/4864 4861/4861/4861 4862/4862/4862
f 4867/4867/4867 4866/4866/4866 4865/4865/4865
f 4866/4866/4866 4867/4867/4867 4868/4868/4868
f 4871/4871/4871 4870/4870/4870 4869/4869/4869
f 4870/4870/4870 4871/4871/4871 4872/4872/4872
f 4875/4875/4875 4874/4874/4874 4873/4873/4873
f 4876/4876/4876 4873/4873/4873 4874/4874/4874
f 4879/4879/4879 4878/4878/4878 4877/4877/4877
f 4880/4880/4880 4877/4877/4877 4878/4878/4878
f 4883/4883/4883 4882/4882/4882 4881/4881/4881
f 4882/4882/4882 4883/4883/4883 4884/4884/4884
f 4887/4887/4887 4886/4886/4886 4885/4885/4885
f 4888/4888/4888 4885/4885/4885 4886/4886/4886
f 4891/4891/4891 4890/4890/4890 4889/4889/4889
f 4892/4892/4892 4889/4889/4889 4890/4890/4890
f 4895/4895/4895 4894/4894/4894 4893/4893/4893
f 4894/4894/4894 4895/4895/4895 4896/4896/4896
f 4899/4899/4899 4898/4898/4898 4897/4897/4897
f 4898/4898/4898 4899/4899/4899 4900/4900/4900
f 4903/4903/4903 4902/4902/4902 4901/4901/4901
f 4902/4902/4902 4903/4903/4903 4904/4904/4904
f 4907/4907/4907 4906/4906/4906 4905/4905/4905
f 4908/4908/4908 4905/4905/4905 4906/4906/4906
f 4911/4911/4911 4910/4910/4910 4909/4909/4909
f 4912/4912/4912 4909/4909/4909 4910/4910/4910
f 4915/4915/4915 4914/4914/4914 4913/4913/4913
f 4916/4916/4916 4913/4913/4913 4914/4914/4914
f 4919/4919/4919 4918/4918/4918 4917/4917/4917
f 4918/4918/4918 4919/4919/4919 4920/4920/4920
f 4923/4923/4923 4922/4922/4922 4921/4921/4921
f 4922/4922/4922 4923/4923/4923 4924/4924/4924
f 4927/4927/4927 4926/4926/4926 4925/4925/4925
f 4926/4926/4926 4927/4927/4927 4928/4928/4928
f 4931/4931/4931 4930/4930/4930 4929/4929/4929
f 4932/4932/4932 4929/4929/4929 4930/4930/4930
f 4935/4935/4935 4934/4934/4934 4933/4933/4933
f 4936/4936/4936 4933/4933/4933 4934/4934/4934
f 4939/4939/4939 4938/4938/4938 4937/4937/4937
f 4938/4938/4938 4939/4939/4939 4940/4940/4940
f 4943/4943/4943 4942/4942/4942 4941/4941/4941
f 4944/4944/4944 4941/4941/4941 4942/4942/4942
f 4947/4947/4947 4946/4946/4946 4945/4945/4945
f 4948/4948/4948 4945/4945/4945 4946/4946/4946
f 4951/4951/4951 4950/4950/4950 4949/4949/4949
f 4952/4952/4952 4949/4949/4949 4950/4950/4950
f 4955/4955/4955 4954/4954/4954 4953/4953/4953
f 4956/4956/4956 4953/4953/4953 4954/4954/4954
f 4959/4959/4959 4958/4958/4958 4957/4957/4957
f 4958/4958/4958 4959/4959/4959 4960/4960/4960
f 4963/4963/4963 4962/4962/4962 4961/4961/4961
f 4964/4964/4964 4961/4961/4961 4962/4962/4962
f 4967/4967/4967 4966/4966/4966 4965/4965/4965
f 4968/4968/4968 4965/4965/4965 4966/4966/4966
f 4971/4971/4971 4970/4970/4970 4969/4969/4969
f 4970/4970/4970 4971/4971/4971 4972/4972/4972
f 4975/4975/4975 4974/4974/4974 4973/4973/4973
f 4974/4974/4974 4975/4975/4975 4976/4976/4976
f 4979/4979/4979 4978/4978/4978 4977/4977/4977
f 4980/4980/4980 4977/4977/4977 4978/4978/4978
f 4983/4983/4983 4982/4982/4982 4981/4981/4981
f 4984/4984/4984 4981/4981/4981 4982/4982/4982
f 4987/4987/4987 4986/4986/4986 4985/4985/4985
f 4986/4986/4986 4987/4987/4987 4988/4988/4988
f 4991/4991/4991 4990/4990/4990 4989/4989/4989
f 4990/4990/4990 4991/4991/4991 4992/4992/4992
f 4995/4995/4995 4994/4994/4994 4993/4993/4993
f 4996/4996/4996 4993/4993/4993 4994/4994/4994
f 4999/4999/4999 4998/4998/4998 4997/4997/4997
f 5000/5000/5000 4997/4997/4997 4998/4998/4998
f 5003/5003/5003 5002/5002/5002 5001/5001/5001
f 5002/5002/5002 5003/5003/5003 5004/5004/5004
f 5007/5007/5007 5006/5006/5006 5005/5005/5005
f 5006/5006/5006 5007/5007/5007 5008/5008/5008
f 5011/5011/5011 5010/5010/5010 5009/5009/5009
f 5012/5012/5012 5009/5009/5009 5010/5010/5010
f 5015/5015/5015 5014/5014/5014 5013/5013/5013
f 5016/5016/5016 5013/5013/5013 5014/5014/5014
f 5019/5019/5019 5018/5018/5018 5017/5017/5017
f 5018/5018/5018 5019/5019/5019 5020/5020/5020
f 5023/5023/5023 5022/5022/5022 5021/5021/5021
f 5024/5024/5024 5021/5021/5021 5022/5022/5022
f 5027/5027/5027 5026/5026/5026 5025/5025/5025
f 5028/5028/5028 5025/5025/5025 5026/5026/5026
f 5031/5031/5031 5030/5030/5030 5029/5029/5029
f 5030/5030/5030 5031/5031/5031 5032/5032/5032
f 5035/5035/5035 5034/5034/5034 5033/5033/5033
f 5036/5036/5036 5033/5033/5033 5034/5034/5034
f 5039/5039/5039 5038/5038/5038 5037/5037/5037
f 5040/5040/5040 5037/5037/5037 5038/5038/5038
f 5043/5043/5043 5042/5042/5042 5041/5041/5041
f 5042/5042/5042 5043/5043/5043 5044/5044/5044
f 5047/5047/5047 5046/5046/5046 5045/5045/5045
f 5046/5046/5046 5047/5047/5047 5048/5048/5048
f 5051/5051/5051 5050/5050/5050 5049/5049/5049
f 5052/5052/5052 5049/5049/5049 5050/5050/5050
f 5055/5055/5055 5054/5054/5054 5053/5053/5053
f 5056/5056/5056 5053/5053/5053 5054/5054/5054
f 5059/5059/5059 5058/5058/5058 5057/5057/5057
f 5058/5058/5058 5059/5059/5059 5060/5060/5060
f 5063/5063/5063 5062/5062/5062 5061/5061/5061
f 5064/5064/5064 5061/5061/5061 5062/5062/5062
f 5067/5067/5067 5066/5066/5066 5065/5065/5065
f 5068/5068/5068 5065/5065/5065 5066/5066/5066
f 5071/5071/5071 5070/5070/5070 5069/5069/5069
f 5072/5072/5072 5069/5069/5069 5070/5070/5070
f 5075/5075/5075 5074/5074/5074 5073/5073/5073
f 5076/5076/5076 5073/5073/5073 5074/5074/5074
f 5079/5079/5079 5078/5078/5078 5077/5077/5077
f 5080/5080/5080 5077/5077/5077 5078/5078/5078
f 5083/5083/5083 5082/5082/5082 5081/5081/5081
f 5084/5084/5084 5081/5081/5081 5082/5082/5082
f 5087/5087/5087 5086/5086/5086 5085/5085/5085
f 5088/5088/5088 5085/5085/5085 5086/5086/5086
f 5091/5091/5091 5090/5090/5090 5089/5089/5089
f 5092/5092/5092 5089/5089/5089 5090/5090/5090
f 5095/5095/5095 5094/5094/5094 5093/5093/5093
f 5096/5096/5096 5093/5093/5093 5094/5094/5094
f 5099/5099/5099 5098/5098/5098 5097/5097/5097
f 5100/5100/5100 5097/5097/5097 5098/5098/5098
f 5103/5103/5103 5102/5102/5102 5101/5101/5101
f 5104/5104/5104 5101/5101/5101 5102/5102/5102
f 5107/5107/5107 5106/5106/5106 5105/5105/5105
f 5108/5108/5108 5105/5105/5105 5106/5106/5106
f 5111/5111/5111 5110/5110/5110 5109/5109/5109
f 5112/5112/5112 5109/5109/5109 5110/5110/5110
f 5115/5115/5115 5114/5114/5114 5113/5113/5113
f 5116/5116/5116 5113/5113/5113 5114/5114/5114
f 5119/5119/5119 5118/5118/5118 5117/5117/5117
f 5120/5120/5120 5117/5117/5117 5118/5118/5118
f 5123/5123/5123 5122/5122/5122 5121/5121/5121
f 5124/5124/5124 5121/5121/5121 5122/5122/5122
f 5127/5127/5127 5126/5126/5126 5125/5125/5125
f 5128/5128/5128 5125/5125/5125 5126/5126/5126
f 5131/5131/5131 5130/5130/5130 5129/5129/5129
f 5132/5132/5132 5129/5129/5129 5130/5130/5130
f 5135/5135/5135 5134/5134/5134 5133/5133/5133
f 5136/5136/5136 5133/5133/5133 5134/5134/5134
f 5139/5139/5139 5138/5138/5138 5137/5137/5137
f 5140/5140/5140 5137/5137/5137 5138/5138/5138
f 5143/5143/5143 5142/5142/5142 5141/5141/5141
f 5144/5144/5144 5141/5141/5141 5142/5142/5142
f 5147/5147/5147 5146/5146/5146 5145/5145/5145
f 5148/5148/5148 5145/5145/5145 5146/5146/5146
f 5151/5151/5151 5150/5150/5150 5149/5149/5149
f 5152/5152/5152 5149/5149/5149 5150/5150/5150
f 5155/5155/5155 5154/5154/5154 5153/5153/5153
f 5156/5156/5156 5153/5153/5153 5154/5154/5154
f 5159/5159/5159 5158/5158/5158 5157/5157/5157
f 5160/5160/5160 5157/5157/5157 5158/5158/5158
f 5163/5163/5163 5162/5162/5162 5161/5161/5161
f 5164/5164/5164 5161/5161/5161 5162/5162/5162
f 5167/5167/5167 5166/5166/5166 5165/5165/5165
f 5168/5168/5168 5165/5165/5165 5166/5166/5166
f 5171/5171/5171 5170/5170/5170 5169/5169/5169
f 5172/5172/5172 5169/5169/5169 5170/5170/5170
f 5175/5175/5175 5174/5174/5174 5173/5173/5173
f 5176/5176/5176 5173/5173/5173 5174/5174/5174
f 5179/5179/5179 5178/5178/5178 5177/5177/5177
f 5180/5180/5180 5177/5177/5177 5178/5178/5178
f 5183/5183/5183 5182/5182/5182 5181/5181/5181
f 5184/5184/5184 5181/5181/5181 5182/5182/5182
f 5187/5187/5187 5186/5186/5186 5185/5185/5185
f 5188/5188/5188 5185/5185/5185 5186/5186/5186
f 5191/5191/5191 5190/5190/5190 5189/5189/5189
f 5192/5192/5192 5189/5189/5189 5190/5190/5190
f 5195/5195/5195 5194/5194/5194 5193/5193/5193
f 5196/5196/5196 5193/5193/5193 5194/5194/5194
f 5199/5199/5199 5198/5198/5198 5197/5197/5197
f 5200/5200/5200 5197/5197/5197 5198/5198/5198
f 5203/5203/5203 5202/5202/5202 5201/5201/5201
f 5203/5203/5203 5201/5201/5201 5204/5204/5204
f 5205/5205/5205 5201/5201/5201 5202/5202/5202
f 5206/5206/5206 5204/5204/5204 5201/5201/5201
f 5202/5202/5202 5207/5207/5207 5205/5205/5205
f 5204/5204/5204 5206/5206/5206 5208/5208/5208
f 5209/5209/5209 5205/5205/5205 5207/5207/5207
f 5210/5210/5210 5208/5208/5208 5206/5206/5206
f 5207/5207/5207 5211/5211/5211 5209/5209/5209
f 5208/5208/5208 5210/5210/5210 5212/5212/5212
f 5213/5213/5213 5209/5209/5209 5211/5211/5211
f 5214/5214/5214 5212/5212/5212 5210/5210/5210
f 5211/5211/5211 5215/5215/5215 5213/5213/5213
f 5212/5212/5212 5214/5214/5214 5216/5216/5216
f 5217/5217/5217 5213/5213/5213 5215/5215/5215
f 5218/5218/5218 5216/5216/5216 5214/5214/5214
f 5215/5215/5215 5219/5219/5219 5217/5217/5217
f 5220/5220/5220 5217/5217/5217 5219/5219/5219
f 5219/5219/5219 5221/5221/5221 5220/5220/5220
f 5222/5222/5222 5220/5220/5220 5221/5221/5221
f 5221/5221/5221 5223/5223/5223 5222/5222/5222
f 5224/5224/5224 5222/5222/5222 5223/5223/5223
f 5216/5216/5216 5218/5218/5218 5225/5225/5225
f 5226/5226/5226 5225/5225/5225 5218/5218/5218
f 5226/5226/5226 5227/5227/5227 5225/5225/5225
f 5228/5228/5228 5225/5225/5225 5227/5227/5227
f 5227/5227/5227 5229/5229/5229 5228/5228/5228
f 5230/5230/5230 5228/5228/5228 5229/5229/5229
f 5229/5229/5229 5231/5231/5231 5230/5230/5230
f 5232/5232/5232 5230/5230/5230 5231/5231/5231
f 5231/5231/5231 5233/5233/5233 5232/5232/5232
f 5234/5234/5234 5232/5232/5232 5233/5233/5233
f 5233/5233/5233 5235/5235/5235 5234/5234/5234
f 5236/5236/5236 5234/5234/5234 5235/5235/5235
f 5235/5235/5235 5237/5237/5237 5236/5236/5236
f 5238/5238/5238 5236/5236/5236 5237/5237/5237
f 5237/5237/5237 5239/5239/5239 5238/5238/5238
f 5240/5240/5240 5238/5238/5238 5239/5239/5239
f 5239/5239/5239 5241/5241/5241 5240/5240/5240
f 5242/5242/5242 5240/5240/5240 5241/5241/5241
f 5242/5242/5242 5241/5241/5241 5243/5243/5243
f 5244/5244/5244 5243/5243/5243 5241/5241/5241
f 5243/5243/5243 5244/5244/5244 5245/5245/5245
f 5246/5246/5246 5245/5245/5245 5244/5244/5244
f 5245/5245/5245 5246/5246/5246 5247/5247/5247
f 5248/5248/5248 5247/5247/5247 5246/5246/5246
f 5247/5247/5247 5248/5248/5248 5249/5249/5249
f 5250/5250/5250 5249/5249/5249 5248/5248/5248
f 5249/5249/5249 5250/5250/5250 5251/5251/5251
f 5252/5252/5252 5251/5251/5251 5250/5250/5250
f 5252/5252/5252 5224/5224/5224 5251/5251/5251
f 5223/5223/5223 5251/5251/5251 5224/5224/5224
f 5255/5255/5255 5254/5254/5254 5253/5253/5253
f 5255/5255/5255 5256/5256/5256 5254/5254/5254
f 5257/5257/5257 5253/5253/5253 5254/5254/5254
f 5258/5258/5258 5254/5254/5254 5256/5256/5256
f 5253/5253/5253 5257/5257/5257 5259/5259/5259
f 5256/5256/5256 5260/5260/5260 5258/5258/5258
f 5261/5261/5261 5259/5259/5259 5257/5257/5257
f 5262/5262/5262 5258/5258/5258 5260/5260/5260
f 5259/5259/5259 5261/5261/5261 5263/5263/5263
f 5260/5260/5260 5264/5264/5264 5262/5262/5262
f 5265/5265/5265 5263/5263/5263 5261/5261/5261
f 5266/5266/5266 5262/5262/5262 5264/5264/5264
f 5263/5263/5263 5265/5265/5265 5267/5267/5267
f 5264/5264/5264 5268/5268/5268 5266/5266/5266
f 5269/5269/5269 5267/5267/5267 5265/5265/5265
f 5270/5270/5270 5266/5266/5266 5268/5268/5268
f 5267/5267/5267 5269/5269/5269 5271/5271/5271
f 5272/5272/5272 5271/5271/5271 5269/5269/5269
f 5271/5271/5271 5272/5272/5272 5273/5273/5273
f 5274/5274/5274 5273/5273/5273 5272/5272/5272
f 5273/5273/5273 5274/5274/5274 5275/5275/5275
f 5276/5276/5276 5275/5275/5275 5274/5274/5274
f 5268/5268/5268 5277/5277/5277 5270/5270/5270
f 5278/5278/5278 5270/5270/5270 5277/5277/5277
f 5278/5278/5278 5277/5277/5277 5279/5279/5279
f 5280/5280/5280 5279/5279/5279 5277/5277/5277
f 5279/5279/5279 5280/5280/5280 5281/5281/5281
f 5282/5282/5282 5281/5281/5281 5280/5280/5280
f 5281/5281/5281 5282/5282/5282 5283/5283/5283
f 5284/5284/5284 5283/5283/5283 5282/5282/5282
f 5283/5283/5283 5284/5284/5284 5285/5285/5285
f 5286/5286/5286 5285/5285/5285 5284/5284/5284
f 5285/5285/5285 5286/5286/5286 5287/5287/5287
f 5288/5288/5288 5287/5287/5287 5286/5286/5286
f 5287/5287/5287 5288/5288/5288 5289/5289/5289
f 5290/5290/5290 5289/5289/5289 5288/5288/5288
f 5289/5289/5289 5290/5290/5290 5291/5291/5291
f 5292/5292/5292 5291/5291/5291 5290/5290/5290
f 5291/5291/5291 5292/5292/5292 5293/5293/5293
f 5294/5294/5294 5293/5293/5293 5292/5292/5292
f 5294/5294/5294 5295/5295/5295 5293/5293/5293
f 5296/5296/5296 5293/5293/5293 5295/5295/5295
f 5295/5295/5295 5297/5297/5297 5296/5296/5296
f 5298/5298/5298 5296/5296/5296 5297/5297/5297
f 5297/5297/5297 5299/5299/5299 5298/5298/5298
f 5300/5300/5300 5298/5298/5298 5299/5299/5299
f 5299/5299/5299 5301/5301/5301 5300/5300/5300
f 5302/5302/5302 5300/5300/5300 5301/5301/5301
f 5301/5301/5301 5303/5303/5303 5302/5302/5302
f 5304/5304/5304 5302/5302/5302 5303/5303/5303
f 5304/5304/5304 5303/5303/5303 5276/5276/5276
f 5275/5275/5275 5276/5276/5276 5303/5303/5303
f 5307/5307/5307 5306/5306/5306 5305/5305/5305
f 5307/5307/5307 5305/5305/5305 5308/5308/5308
f 5309/5309/5309 5305/5305/5305 5306/5306/5306
f 5310/5310/5310 5308/5308/5308 5305/5305/5305
f 5306/5306/5306 5311/5311/5311 5309/5309/5309
f 5308/5308/5308 5310/5310/5310 5312/5312/5312
f 5313/5313/5313 5309/5309/5309 5311/5311/5311
f 5314/5314/5314 5312/5312/5312 5310/5310/5310
f 5311/5311/5311 5315/5315/5315 5313/5313/5313
f 5312/5312/5312 5314/5314/5314 5316/5316/5316
f 5317/5317/5317 5313/5313/5313 5315/5315/5315
f 5318/5318/5318 5316/5316/5316 5314/5314/5314
f 5315/5315/5315 5319/5319/5319 5317/5317/5317
f 5316/5316/5316 5318/5318/5318 5320/5320/5320
f 5321/5321/5321 5317/5317/5317 5319/5319/5319
f 5322/5322/5322 5320/5320/5320 5318/5318/5318
f 5319/5319/5319 5323/5323/5323 5321/5321/5321
f 5324/5324/5324 5321/5321/5321 5323/5323/5323
f 5323/5323/5323 5325/5325/5325 5324/5324/5324
f 5326/5326/5326 5324/5324/5324 5325/5325/5325
f 5325/5325/5325 5327/5327/5327 5326/5326/5326
f 5328/5328/5328 5326/5326/5326 5327/5327/5327
f 5320/5320/5320 5322/5322/5322 5329/5329/5329
f 5330/5330/5330 5329/5329/5329 5322/5322/5322
f 5330/5330/5330 5331/5331/5331 5329/5329/5329
f 5332/5332/5332 5329/5329/5329 5331/5331/5331
f 5331/5331/5331 5333/5333/5333 5332/5332/5332
f 5334/5334/5334 5332/5332/5332 5333/5333/5333
f 5333/5333/5333 5335/5335/5335 5334/5334/5334
f 5336/5336/5336 5334/5334/5334 5335/5335/5335
f 5335/5335/5335 5337/5337/5337 5336/5336/5336
f 5338/5338/5338 5336/5336/5336 5337/5337/5337
f 5337/5337/5337 5339/5339/5339 5338/5338/5338
f 5340/5340/5340 5338/5338/5338 5339/5339/5339
f 5339/5339/5339 5341/5341/5341 5340/5340/5340
f 5342/5342/5342 5340/5340/5340 5341/5341/5341
f 5341/5341/5341 5343/5343/5343 5342/5342/5342
f 5344/5344/5344 5342/5342/5342 5343/5343/5343
f 5343/5343/5343 5345/5345/5345 5344/5344/5344
f 5346/5346/5346 5344/5344/5344 5345/5345/5345
f 5346/5346/5346 5345/5345/5345 5347/5347/5347
f 5348/5348/5348 5347/5347/5347 5345/5345/5345
f 5347/5347/5347 5348/5348/5348 5349/5349/5349
f 5350/5350/5350 5349/5349/5349 5348/5348/5348
f 5349/5349/5349 5350/5350/5350 5351/5351/5351
f 5352/5352/5352 5351/5351/5351 5350/5350/5350
f 5351/5351/5351 5352/5352/5352 5353/5353/5353
f 5354/5354/5354 5353/5353/5353 5352/5352/5352
f 5353/5353/5353 5354/5354/5354 5355/5355/5355
f 5356/5356/5356 5355/5355/5355 5354/5354/5354
f 5356/5356/5356 5328/5328/5328 5355/5355/5355
f 5327/5327/5327 5355/5355/5355 5328/5328/5328
f 5359/5359/5359 5358/5358/5358 5357/5357/5357
f 5359/5359/5359 5360/5360/5360 5358/5358/5358
f 5361/5361/5361 5357/5357/5357 5358/5358/5358
f 5362/5362/5362 5358/5358/5358 5360/5360/5360
f 5357/5357/5357 5361/5361/5361 5363/5363/5363
f 5360/5360/5360 5364/5364/5364 5362/5362/5362
f 5365/5365/5365 5363/5363/5363 5361/5361/5361
f 5366/5366/5366 5362/5362/5362 5364/5364/5364
f 5363/5363/5363 5365/5365/5365 5367/5367/5367
f 5364/5364/5364 5368/5368/5368 5366/5366/5366
f 5369/5369/5369 5367/5367/5367 5365/5365/5365
f 5370/5370/5370 5366/5366/5366 5368/5368/5368
f 5367/5367/5367 5369/5369/5369 5371/5371/5371
f 5368/5368/5368 5372/5372/5372 5370/5370/5370
f 5373/5373/5373 5371/5371/5371 5369/5369/5369
f 5374/5374/5374 5370/5370/5370 5372/5372/5372
f 5371/5371/5371 5373/5373/5373 5375/5375/5375
f 5376/5376/5376 5375/5375/5375 5373/5373/5373
f 5375/5375/5375 5376/5376/5376 5377/5377/5377
f 5378/5378/5378 5377/5377/5377 5376/5376/5376
f 5377/5377/5377 5378/5378/5378 5379/5379/5379
f 5380/5380/5380 5379/5379/5379 5378/5378/5378
f 5372/5372/5372 5381/5381/5381 5374/5374/5374
f 5382/5382/5382 5374/5374/5374 5381/5381/5381
f 5382/5382/5382 5381/5381/5381 5383/5383/5383
f 5384/5384/5384 5383/5383/5383 5381/5381/5381
f 5383/5383/5383 5384/5384/5384 5385/5385/5385
f 5386/5386/5386 5385/5385/5385 5384/5384/5384
f 5385/5385/5385 5386/5386/5386 5387/5387/5387
f 5388/5388/5388 5387/5387/5387 5386/5386/5386
f 5387/5387/5387 5388/5388/5388 5389/5389/5389
f 5390/5390/5390 5389/5389/5389 5388/5388/5388
f 5389/5389/5389 5390/5390/5390 5391/5391/5391
f 5392/5392/5392 5391/5391/5391 5390/5390/5390
f 5391/5391/5391 5392/5392/5392 5393/5393/5393
f 5394/5394/5394 5393/5393/5393 5392/5392/5392
f 5393/5393/5393 5394/5394/5394 5395/5395/5395
f 5396/5396/5396 5395/5395/5395 5394/5394/5394
f 5395/5395/5395 5396/5396/5396 5397/5397/5397
f 5398/5398/5398 5397/5397/5397 5396/5396/5396
f 5398/5398/5398 5399/5399/5399 5397/5397/5397
f 5400/5400/5400 5397/5397/5397 5399/5399/5399
f 5399/5399/5399 5401/5401/5401 5400/5400/5400
f 5402/5402/5402 5400/5400/5400 5401/5401/5401
f 5401/5401/5401 5403/5403/5403 5402/5402/5402
f 5404/5404/5404 5402/5402/5402 5403/5403/5403
f 5403/5403/5403 5405/5405/5405 5404/5404/5404
f 5406/5406/5406 5404/5404/5404 5405/5405/5405
f 5405/5405/5405 5407/5407/5407 5406/5406/5406
f 5408/5408/5408 5406/5406/5406 5407/5407/5407
f 5408/5408/5408 5407/5407/5407 5380/5380/5380
f 5379/5379/5379 5380/5380/5380 5407/5407/5407
f 5411/5411/5411 5410/5410/5410 5409/5409/5409
f 5411/5411/5411 5409/5409/5409 5412/5412/5412
f 5413/5413/5413 5409/5409/5409 5410/5410/5410
f 5414/5414/5414 5412/5412/5412 5409/5409/5409
f 5410/5410/5410 5415/5415/5415 5413/5413/5413
f 5412/5412/5412 5414/5414/5414 5416/5416/5416
f 5417/5417/5417 5413/5413/5413 5415/5415/5415
f 5418/5418/5418 5416/5416/5416 5414/5414/5414
f 5415/5415/5415 5419/5419/5419 5417/5417/5417
f 5416/5416/5416 5418/5418/5418 5420/5420/5420
f 5421/5421/5421 5417/5417/5417 5419/5419/5419
f 5422/5422/5422 5420/5420/5420 5418/5418/5418
f 5419/5419/5419 5423/5423/5423 5421/5421/5421
f 5420/5420/5420 5422/5422/5422 5424/5424/5424
f 5425/5425/5425 5421/5421/5421 5423/5423/5423
f 5426/5426/5426 5424/5424/5424 5422/5422/5422
f 5423/5423/5423 5427/5427/5427 5425/5425/5425
f 5428/5428/5428 5425/5425/5425 5427/5427/5427
f 5427/5427/5427 5429/5429/5429 5428/5428/5428
f 5430/5430/5430 5428/5428/5428 5429/5429/5429
f 5429/5429/5429 5431/5431/5431 5430/5430/5430
f 5432/5432/5432 5430/5430/5430 5431/5431/5431
f 5424/5424/5424 5426/5426/5426 5433/5433/5433
f 5434/5434/5434 5433/5433/5433 5426/5426/5426
f 5434/5434/5434 5435/5435/5435 5433/5433/5433
f 5436/5436/5436 5433/5433/5433 5435/5435/5435
f 5435/5435/5435 5437/5437/5437 5436/5436/5436
f 5438/5438/5438 5436/5436/5436 5437/5437/5437
f 5437/5437/5437 5439/5439/5439 5438/5438/5438
f 5440/5440/5440 5438/5438/5438 5439/5439/5439
f 5439/5439/5439 5441/5441/5441 5440/5440/5440
f 5442/5442/5442 5440/5440/5440 5441/5441/5441
f 5441/5441/5441 5443/5443/5443 5442/5442/5442
f 5444/5444/5444 5442/5442/5442 5443/5443/5443
f 5443/5443/5443 5445/5445/5445 5444/5444/5444
f 5446/5446/5446 5444/5444/5444 5445/5445/5445
f 5445/5445/5445 5447/5447/5447 5446/5446/5446
f 5448/5448/5448 5446/5446/5446 5447/5447/5447
f 5447/5447/5447 5449/5449/5449 5448/5448/5448
f 5450/5450/5450 5448/5448/5448 5449/5449/5449
f 5450/5450/5450 5449/5449/5449 5451/5451/5451
f 5452/5452/5452 5451/5451/5451 5449/5449/5449
f 5451/5451/5451 5452/5452/5452 5453/5453/5453
f 5454/5454/5454 5453/5453/5453 5452/5452/5452
f 5453/5453/5453 5454/5454/5454 5455/5455/5455
f 5456/5456/5456 5455/5455/5455 5454/5454/5454
f 5455/5455/5455 5456/5456/5456 5457/5457/5457
f 5458/5458/5458 5457/5457/5457 5456/5456/5456
f 5457/5457/5457 5458/5458/5458 5459/5459/5459
f 5460/5460/5460 5459/5459/5459 5458/5458/5458
f 5460/5460/5460 5432/5432/5432 5459/5459/5459
f 5431/5431/5431 5459/5459/5459 5432/5432/5432
f 5463/5463/5463 5462/5462/5462 5461/5461/5461
f 5463/5463/5463 5464/5464/5464 5462/5462/5462
f 5465/5465/5465 5461/5461/5461 5462/5462/5462
f 5466/5466/5466 5462/5462/5462 5464/5464/5464
f 5461/5461/5461 5465/5465/5465 5467/5467/5467
f 5464/5464/5464 5468/5468/5468 5466/5466/5466
f 5469/5469/5469 5467/5467/5467 5465/5465/5465
f 5470/5470/5470 5466/5466/5466 5468/5468/5468
f 5467/5467/5467 5469/5469/5469 5471/5471/5471
f 5468/5468/5468 5472/5472/5472 5470/5470/5470
f 5473/5473/5473 5471/5471/5471 5469/5469/5469
f 5474/5474/5474 5470/5470/5470 5472/5472/5472
f 5471/5471/5471 5473/5473/5473 5475/5475/5475
f 5472/5472/5472 5476/5476/5476 5474/5474/5474
f 5477/5477/5477 5475/5475/5475 5473/5473/5473
f 5478/5478/5478 5474/5474/5474 5476/5476/5476
f 5475/5475/5475 5477/5477/5477 5479/5479/5479
f 5480/5480/5480 5479/5479/5479 5477/5477/5477
f 5479/5479/5479 5480/5480/5480 5481/5481/5481
f 5482/5482/5482 5481/5481/5481 5480/5480/5480
f 5481/5481/5481 5482/5482/5482 5483/5483/5483
f 5484/5484/5484 5483/5483/5483 5482/5482/5482
f 5476/5476/5476 5485/5485/5485 5478/5478/5478
f 5486/5486/5486 5478/5478/5478 5485/5485/5485
f 5486/5486/5486 5485/5485/5485 5487/5487/5487
f 5488/5488/5488 5487/5487/5487 5485/5485/5485
f 5487/5487/5487 5488/5488/5488 5489/5489/5489
f 5490/5490/5490 5489/5489/5489 5488/5488/5488
f 5489/5489/5489 5490/5490/5490 5491/5491/5491
f 5492/5492/5492 5491/5491/5491 5490/5490/5490
f 5491/5491/5491 5492/5492/5492 5493/5493/5493
f 5494/5494/5494 5493/5493/5493 5492/5492/5492
f 5493/5493/5493 5494/5494/5494 5495/5495/5495
f 5496/5496/5496 5495/5495/5495 5494/5494/5494
f 5495/5495/5495 5496/5496/5496 5497/5497/5497
f 5498/5498/5498 5497/5497/5497 5496/5496/5496
f 5497/5497/5497 5498/5498/5498 5499/5499/5499
f 5500/5500/5500 5499/5499/5499 5498/5498/5498
f 5499/5499/5499 5500/5500/5500 5501/5501/5501
f 5502/5502/5502 5501/5501/5501 5500/5500/5500
f 5502/5502/5502 5503/5503/5503 5501/5501/5501
f 5504/5504/5504 5501/5501/5501 5503/5503/5503
f 5503/5503/5503 5505/5505/5505 5504/5504/5504
f 5506/5506/5506 5504/5504/5504 5505/5505/5505
f 5505/5505/5505 5507/5507/5507 5506/5506/5506
f 5508/5508/5508 5506/5506/5506 5507/5507/5507
f 5507/5507/5507 5509/5509/5509 5508/5508/5508
f 5510/5510/5510 5508/5508/5508 5509/5509/5509
f 5509/5509/5509 5511/5511/5511 5510/5510/5510
f 5512/5512/5512 5510/5510/5510 5511/5511/5511
f 5512/5512/5512 5511/5511/5511 5484/5484/5484
f 5483/5483/5483 5484/5484/5484 5511/5511/5511
f 5515/5515/5515 5514/5514/5514 5513/5513/5513
f 5515/5515/5515 5513/5513/5513 5516/5516/5516
f 5517/5517/5517 5513/5513/5513 5514/5514/5514
f 5518/5518/5518 5516/5516/5516 5513/5513/5513
f 5514/5514/5514 5519/5519/5519 5517/5517/5517
f 5516/5516/5516 5518/5518/5518 5520/5520/5520
f 5521/5521/5521 5517/5517/5517 5519/5519/5519
f 5522/5522/5522 5520/5520/5520 5518/5518/5518
f 5519/5519/5519 5523/5523/5523 5521/5521/5521
f 5520/5520/5520 5522/5522/5522 5524/5524/5524
f 5525/5525/5525 5521/5521/5521 5523/5523/5523
f 5526/5526/5526 5524/5524/5524 5522/5522/5522
f 5523/5523/5523 5527/5527/5527 5525/5525/5525
f 5524/5524/5524 5526/5526/5526 5528/5528/5528
f 5529/5529/5529 5525/5525/5525 5527/5527/5527
f 5530/5530/5530 5528/5528/5528 5526/5526/5526
f 5527/5527/5527 5531/5531/5531 5529/5529/5529
f 5532/5532/5532 5529/5529/5529 5531/5531/5531
f 5531/5531/5531 5533/5533/5533 5532/5532/5532
f 5534/5534/5534 5532/5532/5532 5533/5533/5533
f 5533/5533/5533 5535/5535/5535 5534/5534/5534
f 5536/5536/5536 5534/5534/5534 5535/5535/5535
f 5528/5528/5528 5530/5530/5530 5537/5537/5537
f 5538/5538/5538 5537/5537/5537 5530/5530/5530
f 5538/5538/5538 5539/5539/5539 5537/5537/5537
f 5540/5540/5540 5537/5537/5537 5539/5539/5539
f 5539/5539/5539 5541/5541/5541 5540/5540/5540
f 5542/5542/5542 5540/5540/5540 5541/5541/5541
f 5541/5541/5541 5543/5543/5543 5542/5542/5542
f 5544/5544/5544 5542/5542/5542 5543/5543/5543
f 5543/5543/5543 5545/5545/5545 5544/5544/5544
f 5546/5546/5546 5544/5544/5544 5545/5545/5545
f 5545/5545/5545 5547/5547/5547 5546/5546/5546
f 5548/5548/5548 5546/5546/5546 5547/5547/5547
f 5547/5547/5547 5549/5549/5549 5548/5548/5548
f 5550/5550/5550 5548/5548/5548 5549/5549/5549
f 5549/5549/5549 5551/5551/5551 5550/5550/5550
f 5552/5552/5552 5550/5550/5550 5551/5551/5551
f 5551/5551/5551 5553/5553/5553 5552/5552/5552
f 5554/5554/5554 5552/5552/5552 5553/5553/5553
f 5554/5554/5554 5553/5553/5553 5555/5555/5555
f 5556/5556/5556 5555/5555/5555 5553/5553/5553
f 5555/5555/5555 5556/5556/5556 5557/5557/5557
f 5558/5558/5558 5557/5557/5557 5556/5556/5556
f 5557/5557/5557 5558/5558/5558 5559/5559/5559
f 5560/5560/5560 5559/5559/5559 5558/5558/5558
f 5559/5559/5559 5560/5560/5560 5561/5561/5561
f 5562/5562/5562 5561/5561/5561 5560/5560/5560
f 5561/5561/5561 5562/5562/5562 5563/5563/5563
f 5564/5564/5564 5563/5563/5563 5562/5562/5562
f 5564/5564/5564 5536/5536/5536 5563/5563/5563
f 5535/5535/5535 5563/5563/5563 5536/5536/5536
f 5567/5567/5567 5566/5566/5566 5565/5565/5565
f 5567/5567/5567 5568/5568/5568 5566/5566/5566
f 5569/5569/5569 5565/5565/5565 5566/5566/5566
f 5570/5570/5570 5566/5566/5566 5568/5568/5568
f 5565/5565/5565 5569/5569/5569 5571/5571/5571
f 5568/5568/5568 5572/5572/5572 5570/5570/5570
f 5573/5573/5573 5571/5571/5571 5569/5569/5569
f 5574/5574/5574 5570/5570/5570 5572/5572/5572
f 5571/5571/5571 5573/5573/5573 5575/5575/5575
f 5572/5572/5572 5576/5576/5576 5574/5574/5574
f 5577/5577/5577 5575/5575/5575 5573/5573/5573
f 5578/5578/5578 5574/5574/5574 5576/5576/5576
f 5575/5575/5575 5577/5577/5577 5579/5579/5579
f 5576/5576/5576 5580/5580/5580 5578/5578/5578
f 5581/5581/5581 5579/5579/5579 5577/5577/5577
f 5582/5582/5582 5578/5578/5578 5580/5580/5580
f 5579/5579/5579 5581/5581/5581 5583/5583/5583
f 5584/5584/5584 5583/5583/5583 5581/5581/5581
f 5583/5583/5583 5584/5584/5584 5585/5585/5585
f 5586/5586/5586 5585/5585/5585 5584/5584/5584
f 5585/5585/5585 5586/5586/5586 5587/5587/5587
f 5588/5588/5588 5587/5587/5587 5586/5586/5586
f 5580/5580/5580 5589/5589/5589 5582/5582/5582
f 5590/5590/5590 5582/5582/5582 5589/5589/5589
f 5590/5590/5590 5589/5589/5589 5591/5591/5591
f 5592/5592/5592 5591/5591/5591 5589/5589/5589
f 5591/5591/5591 5592/5592/5592 5593/5593/5593
f 5594/5594/5594 5593/5593/5593 5592/5592/5592
f 5593/5593/5593 5594/5594/5594 5595/5595/5595
f 5596/5596/5596 5595/5595/5595 5594/5594/5594
f 5595/5595/5595 5596/5596/5596 5597/5597/5597
f 5598/5598/5598 5597/5597/5597 5596/5596/5596
f 5597/5597/5597 5598/5598/5598 5599/5599/5599
f 5600/5600/5600 5599/5599/5599 5598/5598/5598
f 5599/5599/5599 5600/5600/5600 5601/5601/5601
f 5602/5602/5602 5601/5601/5601 5600/5600/5600
f 5601/5601/5601 5602/5602/5602 5603/5603/5603
f 5604/5604/5604 5603/5603/5603 5602/5602/5602
f 5603/5603/5603 5604/5604/5604 5605/5605/5605
f 5606/5606/5606 5605/5605/5605 5604/5604/5604
f 5606/5606/5606 5607/5607/5607 5605/5605/5605
f 5608/5608/5608 5605/5605/5605 5607/5607/5607
f 5607/5607/5607 5609/5609/5609 5608/5608/5608
f 5610/5610/5610 5608/5608/5608 5609/5609/5609
f 5609/5609/5609 5611/5611/5611 5610/5610/5610
f 5612/5612/5612 5610/5610/5610 5611/5611/5611
f 5611/5611/5611 5613/5613/5613 5612/5612/5612
f 5614/5614/5614 5612/5612/5612 5613/5613/5613
f 5613/5613/5613 5615/5615/5615 5614/5614/5614
f 5616/5616/5616 5614/5614/5614 5615/5615/5615
f 5616/5616/5616 5615/5615/5615 5588/5588/5588
f 5587/5587/5587 5588/5588/5588 5615/5615/5615
f 5619/5619/5619 5618/5618/5618 5617/5617/5617
f 5619/5619/5619 5617/5617/5617 5620/5620/5620
f 5621/5621/5621 5617/5617/5617 5618/5618/5618
f 5622/5622/5622 5620/5620/5620 5617/5617/5617
f 5618/5618/5618 5623/5623/5623 5621/5621/5621
f 5620/5620/5620 5622/5622/5622 5624/5624/5624
f 5625/5625/5625 5621/5621/5621 5623/5623/5623
f 5626/5626/5626 5624/5624/5624 5622/5622/5622
f 5623/5623/5623 5627/5627/5627 5625/5625/5625
f 5624/5624/5624 5626/5626/5626 5628/5628/5628
f 5629/5629/5629 5625/5625/5625 5627/5627/5627
f 5630/5630/5630 5628/5628/5628 5626/5626/5626
f 5627/5627/5627 5631/5631/5631 5629/5629/5629
f 5628/5628/5628 5630/5630/5630 5632/5632/5632
f 5633/5633/5633 5629/5629/5629 5631/5631/5631
f 5634/5634/5634 5632/5632/5632 5630/5630/5630
f 5631/5631/5631 5635/5635/5635 5633/5633/5633
f 5636/5636/5636 5633/5633/5633 5635/5635/5635
f 5635/5635/5635 5637/5637/5637 5636/5636/5636
f 5638/5638/5638 5636/5636/5636 5637/5637/5637
f 5637/5637/5637 5639/5639/5639 5638/5638/5638
f 5640/5640/5640 5638/5638/5638 5639/5639/5639
f 5632/5632/5632 5634/5634/5634 5641/5641/5641
f 5642/5642/5642 5641/5641/5641 5634/5634/5634
f 5642/5642/5642 5643/5643/5643 5641/5641/5641
f 5644/5644/5644 5641/5641/5641 5643/5643/5643
f 5643/5643/5643 5645/5645/5645 5644/5644/5644
f 5646/5646/5646 5644/5644/5644 5645/5645/5645
f 5645/5645/5645 5647/5647/5647 5646/5646/5646
f 5648/5648/5648 5646/5646/5646 5647/5647/5647
f 5647/5647/5647 5649/5649/5649 5648/5648/5648
f 5650/5650/5650 5648/5648/5648 5649/5649/5649
f 5649/5649/5649 5651/5651/5651 5650/5650/5650
f 5652/5652/5652 5650/5650/5650 5651/5651/5651
f 5651/5651/5651 5653/5653/5653 5652/5652/5652
f 5654/5654/5654 5652/5652/5652 5653/5653/5653
f 5653/5653/5653 5655/5655/5655 5654/5654/5654
f 5656/5656/5656 5654/5654/5654 5655/5655/5655
f 5655/5655/5655 5657/5657/5657 5656/5656/5656
f 5658/5658/5658 5656/5656/5656 5657/5657/5657
f 5658/5658/5658 5657/5657/5657 5659/5659/5659
f 5660/5660/5660 5659/5659/5659 5657/5657/5657
f 5659/5659/5659 5660/5660/5660 5661/5661/5661
f 5662/5662/5662 5661/5661/5661 5660/5660/5660
f 5661/5661/5661 5662/5662/5662 5663/5663/5663
f 5664/5664/5664 5663/5663/5663 5662/5662/5662
f 5663/5663/5663 5664/5664/5664 5665/5665/5665
f 5666/5666/5666 5665/5665/5665 5664/5664/5664
f 5665/5665/5665 5666/5666/5666 5667/5667/5667
f 5668/5668/5668 5667/5667/5667 5666/5666/5666
f 5668/5668/5668 5640/5640/5640 5667/5667/5667
f 5639/5639/5639 5667/5667/5667 5640/5640/5640
f 5671/5671/5671 5670/5670/5670 5669/5669/5669
f 5671/5671/5671 5672/5672/5672 5670/5670/5670
f 5673/5673/5673 5669/5669/5669 5670/5670/5670
f 5674/5674/5674 5670/5670/5670 5672/5672/5672
f 5669/5669/5669 5673/5673/5673 5675/5675/5675
f 5672/5672/5672 5676/5676/5676 5674/5674/5674
f 5677/5677/5677 5675/5675/5675 5673/5673/5673
f 5678/5678/5678 5674/5674/5674 5676/5676/5676
f 5675/5675/5675 5677/5677/5677 5679/5679/5679
f 5676/5676/5676 5680/5680/5680 5678/5678/5678
f 5681/5681/5681 5679/5679/5679 5677/5677/5677
f 5682/5682/5682 5678/5678/5678 5680/5680/5680
f 5679/5679/5679 5681/5681/5681 5683/5683/5683
f 5680/5680/5680 5684/5684/5684 5682/5682/5682
f 5685/5685/5685 5683/5683/5683 5681/5681/5681
f 5686/5686/5686 5682/5682/5682 5684/5684/5684
f 5683/5683/5683 5685/5685/5685 5687/5687/5687
f 5688/5688/5688 5687/5687/5687 5685/5685/5685
f 5687/5687/5687 5688/5688/5688 5689/5689/5689
f 5690/5690/5690 5689/5689/5689 5688/5688/5688
f 5689/5689/5689 5690/5690/5690 5691/5691/5691
f 5692/5692/5692 5691/5691/5691 5690/5690/5690
f 5684/5684/5684 5693/5693/5693 5686/5686/5686
f 5694/5694/5694 5686/5686/5686 5693/5693/5693
f 5694/5694/5694 5693/5693/5693 5695/5695/5695
f 5696/5696/5696 5695/5695/5695 5693/5693/5693
f 5695/5695/5695 5696/5696/5696 5697/5697/5697
f 5698/5698/5698 5697/5697/5697 5696/5696/5696
f 5697/5697/5697 5698/5698/5698 5699/5699/5699
f 5700/5700/5700 5699/5699/5699 5698/5698/5698
f 5699/5699/5699 5700/5700/5700 5701/5701/5701
f 5702/5702/5702 5701/5701/5701 5700/5700/5700
f 5701/5701/5701 5702/5702/5702 5703/5703/5703
f 5704/5704/5704 5703/5703/5703 5702/5702/5702
f 5703/5703/5703 5704/5704/5704 5705/5705/5705
f 5706/5706/5706 5705/5705/5705 5704/5704/5704
f 5705/5705/5705 5706/5706/5706 5707/5707/5707
f 5708/5708/5708 5707/5707/5707 5706/5706/5706
f 5707/5707/5707 5708/5708/5708 5709/5709/5709
f 5710/5710/5710 5709/5709/5709 5708/5708/5708
f 5710/5710/5710 5711/5711/5711 5709/5709/5709
f 5712/5712/5712 5709/5709/5709 5711/5711/5711
f 5711/5711/5711 5713/5713/5713 5712/5712/5712
f 5714/5714/5714 5712/5712/5712 5713/5713/5713
f 5713/5713/5713 5715/5715/5715 5714/5714/5714
f 5716/5716/5716 5714/5714/5714 5715/5715/5715
f 5715/5715/5715 5717/5717/5717 5716/5716/5716
f 5718/5718/5718 5716/5716/5716 5717/5717/5717
f 5717/5717/5717 5719/5719/5719 5718/5718/5718
f 5720/5720/5720 5718/5718/5718 5719/5719/5719
f 5720/5720/5720 5719/5719/5719 5692/5692/5692
f 5691/5691/5691 5692/5692/5692 5719/5719/5719
f 5723/5723/5723 5722/5722/5722 5721/5721/5721
f 5723/5723/5723 5721/5721/5721 5724/5724/5724
f 5725/5725/5725 5721/5721/5721 5722/5722/5722
f 5726/5726/5726 5724/5724/5724 5721/5721/5721
f 5722/5722/5722 5727/5727/5727 5725/5725/5725
f 5724/5724/5724 5726/5726/5726 5728/5728/5728
f 5729/5729/5729 5725/5725/5725 5727/5727/5727
f 5730/5730/5730 5728/5728/5728 5726/5726/5726
f 5727/5727/5727 5731/5731/5731 5729/5729/5729
f 5728/5728/5728 5730/5730/5730 5732/5732/5732
f 5733/5733/5733 5729/5729/5729 5731/5731/5731
f 5734/5734/5734 5732/5732/5732 5730/5730/5730
f 5731/5731/5731 5735/5735/5735 5733/5733/5733
f 5732/5732/5732 5734/5734/5734 5736/5736/5736
f 5737/5737/5737 5733/5733/5733 5735/5735/5735
f 5738/5738/5738 5736/5736/5736 5734/5734/5734
f 5735/5735/5735 5739/5739/5739 5737/5737/5737
f 5740/5740/5740 5737/5737/5737 5739/5739/5739
f 5739/5739/5739 5741/5741/5741 5740/5740/5740
f 5742/5742/5742 5740/5740/5740 5741/5741/5741
f 5741/5741/5741 5743/5743/5743 5742/5742/5742
f 5744/5744/5744 5742/5742/5742 5743/5743/5743
f 5736/5736/5736 5738/5738/5738 5745/5745/5745
f 5746/5746/5746 5745/5745/5745 5738/5738/5738
f 5746/5746/5746 5747/5747/5747 5745/5745/5745
f 5748/5748/5748 5745/5745/5745 5747/5747/5747
f 5747/5747/5747 5749/5749/5749 5748/5748/5748
f 5750/5750/5750 5748/5748/5748 5749/5749/5749
f 5749/5749/5749 5751/5751/5751 5750/5750/5750
f 5752/5752/5752 5750/5750/5750 5751/5751/5751
f 5751/5751/5751 5753/5753/5753 5752/5752/5752
f 5754/5754/5754 5752/5752/5752 5753/5753/5753
f 5753/5753/5753 5755/5755/5755 5754/5754/5754
f 5756/5756/5756 5754/5754/5754 5755/5755/5755
f 5755/5755/5755 5757/5757/5757 5756/5756/5756
f 5758/5758/5758 5756/5756/5756 5757/5757/5757
f 5757/5757/5757 5759/5759/5759 5758/5758/5758
f 5760/5760/5760 5758/5758/5758 5759/5759/5759
f 5759/5759/5759 5761/5761/5761 5760/5760/5760
f 5762/5762/5762 5760/5760/5760 5761/5761/5761
f 5762/5762/5762 5761/5761/5761 5763/5763/5763
f 5764/5764/5764 5763/5763/5763 5761/5761/5761
f 5763/5763/5763 5764/5764/5764 5765/5765/5765
f 5766/5766/5766 5765/5765/5765 5764/5764/5764
f 5765/5765/5765 5766/5766/5766 5767/5767/5767
f 5768/5768/5768 5767/5767/5767 5766/5766/5766
f 5767/5767/5767 5768/5768/5768 5769/5769/5769
f 5770/5770/5770 5769/5769/5769 5768/5768/5768
f 5769/5769/5769 5770/5770/5770 5771/5771/5771
f 5772/5772/5772 5771/5771/5771 5770/5770/5770
f 5772/5772/5772 5744/5744/5744 5771/5771/5771
f 5743/5743/5743 5771/5771/5771 5744/5744/5744
f 5775/5775/5775 5774/5774/5774 5773/5773/5773
f 5775/5775/5775 5776/5776/5776 5774/5774/5774
f 5777/5777/5777 5773/5773/5773 5774/5774/5774
f 5778/5778/5778 5774/5774/5774 5776/5776/5776
f 5773/5773/5773 5777/5777/5777 5779/5779/5779
f 5776/5776/5776 5780/5780/5780 5778/5778/5778
f 5781/5781/5781 5779/5779/5779 5777/5777/5777
f 5782/5782/5782 5778/5778/5778 5780/5780/5780
f 5779/5779/5779 5781/5781/5781 5783/5783/5783
f 5780/5780/5780 5784/5784/5784 5782/5782/5782
f 5785/5785/5785 5783/5783/5783 5781/5781/5781
f 5786/5786/5786 5782/5782/5782 5784/5784/5784
f 5783/5783/5783 5785/5785/5785 5787/5787/5787
f 5784/5784/5784 5788/5788/5788 5786/5786/5786
f 5789/5789/5789 5787/5787/5787 5785/5785/5785
f 5790/5790/5790 5786/5786/5786 5788/5788/5788
f 5787/5787/5787 5789/5789/5789 5791/5791/5791
f 5792/5792/5792 5791/5791/5791 5789/5789/5789
f 5791/5791/5791 5792/5792/5792 5793/5793/5793
f 5794/5794/5794 5793/5793/5793 5792/5792/5792
f 5793/5793/5793 5794/5794/5794 5795/5795/5795
f 5796/5796/5796 5795/5795/5795 5794/5794/5794
f 5788/5788/5788 5797/5797/5797 5790/5790/5790
f 5798/5798/5798 5790/5790/5790 5797/5797/5797
f 5798/5798/5798 5797/5797/5797 5799/5799/5799
f 5800/5800/5800 5799/5799/5799 5797/5797/5797
f 5799/5799/5799 5800/5800/5800 5801/5801/5801
f 5802/5802/5802 5801/5801/5801 5800/5800/5800
f 5801/5801/5801 5802/5802/5802 5803/5803/5803
f 5804/5804/5804 5803/5803/5803 5802/5802/5802
f 5803/5803/5803 5804/5804/5804 5805/5805/5805
f 5806/5806/5806 5805/5805/5805 5804/5804/5804
f 5805/5805/5805 5806/5806/5806 5807/5807/5807
f 5808/5808/5808 5807/5807/5807 5806/5806/5806
f 5807/5807/5807 5808/5808/5808 5809/5809/5809
f 5810/5810/5810 5809/5809/5809 5808/5808/5808
f 5809/5809/5809 5810/5810/5810 5811/5811/5811
f 5812/5812/5812 5811/5811/5811 5810/5810/5810
f 5811/5811/5811 5812/5812/5812 5813/5813/5813
f 5814/5814/5814 5813/5813/5813 5812/5812/5812
f 5814/5814/5814 5815/5815/5815 5813/5813/5813
f 5816/5816/5816 5813/5813/5813 5815/5815/5815
f 5815/5815/5815 5817/5817/5817 5816/5816/5816
f 5818/5818/5818 5816/5816/5816 5817/5817/5817
f 5817/5817/5817 5819/5819/5819 5818/5818/5818
f 5820/5820/5820 5818/5818/5818 5819/5819/5819
f 5819/5819/5819 5821/5821/5821 5820/5820/5820
f 5822/5822/5822 5820/5820/5820 5821/5821/5821
f 5821/5821/5821 5823/5823/5823 5822/5822/5822
f 5824/5824/5824 5822/5822/5822 5823/5823/5823
f 5824/5824/5824 5823/5823/5823 5796/5796/5796
f 5795/5795/5795 5796/5796/5796 5823/5823/5823
f 5827/5827/5827 5826/5826/5826 5825/5825/5825
f 5827/5827/5827 5825/5825/5825 5828/5828/5828
f 5829/5829/5829 5825/5825/5825 5826/5826/5826
f 5830/5830/5830 5828/5828/5828 5825/5825/5825
f 5826/5826/5826 5831/5831/5831 5829/5829/5829
f 5828/5828/5828 5830/5830/5830 5832/5832/5832
f 5833/5833/5833 5829/5829/5829 5831/5831/5831
f 5834/5834/5834 5832/5832/5832 5830/5830/5830
f 5831/5831/5831 5835/5835/5835 5833/5833/5833
f 5832/5832/5832 5834/5834/5834 5836/5836/5836
f 5837/5837/5837 5833/5833/5833 5835/5835/5835
f 5838/5838/5838 5836/5836/5836 5834/5834/5834
f 5835/5835/5835 5839/5839/5839 5837/5837/5837
f 5836/5836/5836 5838/5838/5838 5840/5840/5840
f 5841/5841/5841 5837/5837/5837 5839/5839/5839
f 5842/5842/5842 5840/5840/5840 5838/5838/5838
f 5839/5839/5839 5843/5843/5843 5841/5841/5841
f 5844/5844/5844 5841/5841/5841 5843/5843/5843
f 5843/5843/5843 5845/5845/5845 5844/5844/5844
f 5846/5846/5846 5844/5844/5844 5845/5845/5845
f 5845/5845/5845 5847/5847/5847 5846/5846/5846
f 5848/5848/5848 5846/5846/5846 5847/5847/5847
f 5840/5840/5840 5842/5842/5842 5849/5849/5849
f 5850/5850/5850 5849/5849/5849 5842/5842/5842
f 5850/5850/5850 5851/5851/5851 5849/5849/5849
f 5852/5852/5852 5849/5849/5849 5851/5851/5851
f 5851/5851/5851 5853/5853/5853 5852/5852/5852
f 5854/5854/5854 5852/5852/5852 5853/5853/5853
f 5853/5853/5853 5855/5855/5855 5854/5854/5854
f 5856/5856/5856 5854/5854/5854 5855/5855/5855
f 5855/5855/5855 5857/5857/5857 5856/5856/5856
f 5858/5858/5858 5856/5856/5856 5857/5857/5857
f 5857/5857/5857 5859/5859/5859 5858/5858/5858
f 5860/5860/5860 5858/5858/5858 5859/5859/5859
f 5859/5859/5859 5861/5861/5861 5860/5860/5860
f 5862/5862/5862 5860/5860/5860 5861/5861/5861
f 5861/5861/5861 5863/5863/5863 5862/5862/5862
f 5864/5864/5864 5862/5862/5862 5863/5863/5863
f 5863/5863/5863 5865/5865/5865 5864/5864/5864
f 5866/5866/5866 5864/5864/5864 5865/5865/5865
f 5866/5866/5866 5865/5865/5865 5867/5867/5867
f 5868/5868/5868 5867/5867/5867 5865/5865/5865
f 5867/5867/5867 5868/5868/5868 5869/5869/5869
f 5870/5870/5870 5869/5869/5869 5868/5868/5868
f 5869/5869/5869 5870/5870/5870 5871/5871/5871
f 5872/5872/5872 5871/5871/5871 5870/5870/5870
f 5871/5871/5871 5872/5872/5872 5873/5873/5873
f 5874/5874/5874 5873/5873/5873 5872/5872/5872
f 5873/5873/5873 5874/5874/5874 5875/5875/5875
f 5876/5876/5876 5875/5875/5875 5874/5874/5874
f 5876/5876/5876 5848/5848/5848 5875/5875/5875
f 5847/5847/5847 5875/5875/5875 5848/5848/5848
f 5879/5879/5879 5878/5878/5878 5877/5877/5877
f 5879/5879/5879 5880/5880/5880 5878/5878/5878
f 5881/5881/5881 5877/5877/5877 5878/5878/5878
f 5882/5882/5882 5878/5878/5878 5880/5880/5880
f 5877/5877/5877 5881/5881/5881 5883/5883/5883
f 5880/5880/5880 5884/5884/5884 5882/5882/5882
f 5885/5885/5885 5883/5883/5883 5881/5881/5881
f 5886/5886/5886 5882/5882/5882 5884/5884/5884
f 5883/5883/5883 5885/5885/5885 5887/5887/5887
f 5884/5884/5884 5888/5888/5888 5886/5886/5886
f 5889/5889/5889 5887/5887/5887 5885/5885/5885
f 5890/5890/5890 5886/5886/5886 5888/5888/5888
f 5887/5887/5887 5889/5889/5889 5891/5891/5891
f 5888/5888/5888 5892/5892/5892 5890/5890/5890
f 5893/5893/5893 5891/5891/5891 5889/5889/5889
f 5894/5894/5894 5890/5890/5890 5892/5892/5892
f 5891/5891/5891 5893/5893/5893 5895/5895/5895
f 5896/5896/5896 5895/5895/5895 5893/5893/5893
f 5895/5895/5895 5896/5896/5896 5897/5897/5897
f 5898/5898/5898 5897/5897/5897 5896/5896/5896
f 5897/5897/5897 5898/5898/5898 5899/5899/5899
f 5900/5900/5900 5899/5899/5899 5898/5898/5898
f 5892/5892/5892 5901/5901/5901 5894/5894/5894
f 5902/5902/5902 5894/5894/5894 5901/5901/5901
f 5902/5902/5902 5901/5901/5901 5903/5903/5903
f 5904/5904/5904 5903/5903/5903 5901/5901/5901
f 5903/5903/5903 5904/5904/5904 5905/5905/5905
f 5906/5906/5906 5905/5905/5905 5904/5904/5904
f 5905/5905/5905 5906/5906/5906 5907/5907/5907
f 5908/5908/5908 5907/5907/5907 5906/5906/5906
f 5907/5907/5907 5908/5908/5908 5909/5909/5909
f 5910/5910/5910 5909/5909/5909 5908/5908/5908
f 5909/5909/5909 5910/5910/5910 5911/5911/5911
f 5912/5912/5912 5911/5911/5911 5910/5910/5910
f 5911/5911/5911 5912/5912/5912 5913/5913/5913
f 5914/5914/5914 5913/5913/5913 5912/5912/5912
f 5913/5913/5913 5914/5914/5914 5915/5915/5915
f 5916/5916/5916 5915/5915/5915 5914/5914/5914
f 5915/5915/5915 5916/5916/5916 5917/5917/5917
f 5918/5918/5918 5917/5917/5917 5916/5916/5916
f 5918/5918/5918 5919/5919/5919 5917/5917/5917
f 5920/5920/5920 5917/5917/5917 5919/5919/5919
f 5919/5919/5919 5921/5921/5921 5920/5920/5920
f 5922/5922/5922 5920/5920/5920 5921/5921/5921
f 5921/5921/5921 5923/5923/5923 5922/5922/5922
f 5924/5924/5924 5922/5922/5922 5923/5923/5923
f 5923/5923/5923 5925/5925/5925 5924/5924/5924
f 5926/5926/5926 5924/5924/5924 5925/5925/5925
f 5925/5925/5925 5927/5927/5927 5926/5926/5926
f 5928/5928/5928 5926/5926/5926 5927/5927/5927
f 5928/5928/5928 5927/5927/5927 5900/5900/5900
f 5899/5899/5899 5900/5900/5900 5927/5927/5927
f 5931/5931/5931 5930/5930/5930 5929/5929/5929
f 5931/5931/5931 5929/5929/5929 5932/5932/5932
f 5933/5933/5933 5929/5929/5929 5930/5930/5930
f 5934/5934/5934 5932/5932/5932 5929/5929/5929
f 5930/5930/5930 5935/5935/5935 5933/5933/5933
f 5932/5932/5932 5934/5934/5934 5936/5936/5936
f 5937/5937/5937 5933/5933/5933 5935/5935/5935
f 5938/5938/5938 5936/5936/5936 5934/5934/5934
f 5935/5935/5935 5939/5939/5939 5937/5937/5937
f 5936/5936/5936 5938/5938/5938 5940/5940/5940
f 5941/5941/5941 5937/5937/5937 5939/5939/5939
f 5942/5942/5942 5940/5940/5940 5938/5938/5938
f 5939/5939/5939 5943/5943/5943 5941/5941/5941
f 5940/5940/5940 5942/5942/5942 5944/5944/5944
f 5945/5945/5945 5941/5941/5941 5943/5943/5943
f 5946/5946/5946 5944/5944/5944 5942/5942/5942
f 5943/5943/5943 5947/5947/5947 5945/5945/5945
f 5948/5948/5948 5945/5945/5945 5947/5947/5947
f 5947/5947/5947 5949/5949/5949 5948/5948/5948
f 5950/5950/5950 5948/5948/5948 5949/5949/5949
f 5949/5949/5949 5951/5951/5951 5950/5950/5950
f 5952/5952/5952 5950/5950/5950 5951/5951/5951
f 5944/5944/5944 5946/5946/5946 5953/5953/5953
f 5954/5954/5954 5953/5953/5953 5946/5946/5946
f 5954/5954/5954 5955/5955/5955 5953/5953/5953
f 5956/5956/5956 5953/5953/5953 5955/5955/5955
f 5955/5955/5955 5957/5957/5957 5956/5956/5956
f 5958/5958/5958 5956/5956/5956 5957/5957/5957
f 5957/5957/5957 5959/5959/5959 5958/5958/5958
f 5960/5960/5960 5958/5958/5958 5959/5959/5959
f 5959/5959/5959 5961/5961/5961 5960/5960/5960
f 5962/5962/5962 5960/5960/5960 5961/5961/5961
f 5961/5961/5961 5963/5963/5963 5962/5962/5962
f 5964/5964/5964 5962/5962/5962 5963/5963/5963
f 5963/5963/5963 5965/5965/5965 5964/5964/5964
f 5966/5966/5966 5964/5964/5964 5965/5965/5965
f 5965/5965/5965 5967/5967/5967 5966/5966/5966
f 5968/5968/5968 5966/5966/5966 5967/5967/5967
f 5967/5967/5967 5969/5969/5969 5968/5968/5968
f 5970/5970/5970 5968/5968/5968 5969/5969/5969
f 5970/5970/5970 5969/5969/5969 5971/5971/5971
f 5972/5972/5972 5971/5971/5971 5969/5969/5969
f 5971/5971/5971 5972/5972/5972 5973/5973/5973
f 5974/5974/5974 5973/5973/5973 5972/5972/5972
f 5973/5973/5973 5974/5974/5974 5975/5975/5975
f 5976/5976/5976 5975/5975/5975 5974/5974/5974
f 5975/5975/5975 5976/5976/5976 5977/5977/5977
f 5978/5978/5978 5977/5977/5977 5976/5976/5976
f 5977/5977/5977 5978/5978/5978 5979/5979/5979
f 5980/5980/5980 5979/5979/5979 5978/5978/5978
f 5980/5980/5980 5952/5952/5952 5979/5979/5979
f 5951/5951/5951 5979/5979/5979 5952/5952/5952
f 5983/5983/5983 5982/5982/5982 5981/5981/5981
f 5983/5983/5983 5984/5984/5984 5982/5982/5982
f 5985/5985/5985 5981/5981/5981 5982/5982/5982
f 5986/5986/5986 5982/5982/5982 5984/5984/5984
f 5981/5981/5981 5985/5985/5985 5987/5987/5987
f 5984/5984/5984 5988/5988/5988 5986/5986/5986
f 5989/5989/5989 5987/5987/5987 5985/5985/5985
f 5990/5990/5990 5986/5986/5986 5988/5988/5988
f 5987/5987/5987 5989/5989/5989 5991/5991/5991
f 5988/5988/5988 5992/5992/5992 5990/5990/5990
f 5993/5993/5993 5991/5991/5991 5989/5989/5989
f 5994/5994/5994 5990/5990/5990 5992/5992/5992
f 5991/5991/5991 5993/5993/5993 5995/5995/5995
f 5992/5992/5992 5996/5996/5996 5994/5994/5994
f 5997/5997/5997 5995/5995/5995 5993/5993/5993
f 5998/5998/5998 5994/5994/5994 5996/5996/5996
f 5995/5995/5995 5997/5997/5997 5999/5999/5999
f 6000/6000/6000 5999/5999/5999 5997/5997/5997
f 5999/5999/5999 6000/6000/6000 6001/6001/6001
f 6002/6002/6002 6001/6001/6001 6000/6000/6000
f 6001/6001/6001 6002/6002/6002 6003/6003/6003
f 6004/6004/6004 6003/6003/6003 6002/6002/6002
f 5996/5996/5996 6005/6005/6005 5998/5998/5998
f 6006/6006/6006 5998/5998/5998 6005/6005/6005
f 6006/6006/6006 6005/6005/6005 6007/6007/6007
f 6008/6008/6008 6007/6007/6007 6005/6005/6005
f 6007/6007/6007 6008/6008/6008 6009/6009/6009
f 6010/6010/6010 6009/6009/6009 6008/6008/6008
f 6009/6009/6009 6010/6010/6010 6011/6011/6011
f 6012/6012/6012 6011/6011/6011 6010/6010/6010
f 6011/6011/6011 6012/6012/6012 6013/6013/6013
f 6014/6014/6014 6013/6013/6013 6012/6012/6012
f 6013/6013/6013 6014/6014/6014 6015/6015/6015
f 6016/6016/6016 6015/6015/6015 6014/6014/6014
f 6015/6015/6015 6016/6016/6016 6017/6017/6017
f 6018/6018/6018 6017/6017/6017 6016/6016/6016
f 6017/6017/6017 6018/6018/6018 6019/6019/6019
f 6020/6020/6020 6019/6019/6019 6018/6018/6018
f 6019/6019/6019 6020/6020/6020 6021/6021/6021
f 6022/6022/6022 6021/6021/6021 6020/6020/6020
f 6022/6022/6022 6023/6023/6023 6021/6021/6021
f 6024/6024/6024 6021/6021/6021 6023/6023/6023
f 6023/6023/6023 6025/6025/6025 6024/6024/6024
f 6026/6026/6026 6024/6024/6024 6025/6025/6025
f 6025/6025/6025 6027/6027/6027 6026/6026/6026
f 6028/6028/6028 6026/6026/6026 6027/6027/6027
f 6027/6027/6027 6029/6029/6029 6028/6028/6028
f 6030/6030/6030 6028/6028/6028 6029/6029/6029
f 6029/6029/6029 6031/6031/6031 6030/6030/6030
f 6032/6032/6032 6030/6030/6030 6031/6031/6031
f 6032/6032/6032 6031/6031/6031 6004/6004/6004
f 6003/6003/6003 6004/6004/6004 6031/6031/6031
f 6035/6035/6035 6034/6034/6034 6033/6033/6033
f 6035/6035/6035 6033/6033/6033 6036/6036/6036
f 6037/6037/6037 6033/6033/6033 6034/6034/6034
f 6038/6038/6038 6036/6036/6036 6033/6033/6033
f 6034/6034/6034 6039/6039/6039 6037/6037/6037
f 6036/6036/6036 6038/6038/6038 6040/6040/6040
f 6041/6041/6041 6037/6037/6037 6039/6039/6039
f 6042/6042/6042 6040/6040/6040 6038/6038/6038
f 6039/6039/6039 6043/6043/6043 6041/6041/6041
f 6040/6040/6040 6042/6042/6042 6044/6044/6044
f 6045/6045/6045 6041/6041/6041 6043/6043/6043
f 6046/6046/6046 6044/6044/6044 6042/6042/6042
f 6043/6043/6043 6047/6047/6047 6045/6045/6045
f 6044/6044/6044 6046/6046/6046 6048/6048/6048
f 6049/6049/6049 6045/6045/6045 6047/6047/6047
f 6050/6050/6050 6048/6048/6048 6046/6046/6046
f 6047/6047/6047 6051/6051/6051 6049/6049/6049
f 6052/6052/6052 6049/6049/6049 6051/6051/6051
f 6051/6051/6051 6053/6053/6053 6052/6052/6052
f 6054/6054/6054 6052/6052/6052 6053/6053/6053
f 6053/6053/6053 6055/6055/6055 6054/6054/6054
f 6056/6056/6056 6054/6054/6054 6055/6055/6055
f 6048/6048/6048 6050/6050/6050 6057/6057/6057
f 6058/6058/6058 6057/6057/6057 6050/6050/6050
f 6058/6058/6058 6059/6059/6059 6057/6057/6057
f 6060/6060/6060 6057/6057/6057 6059/6059/6059
f 6059/6059/6059 6061/6061/6061 6060/6060/6060
f 6062/6062/6062 6060/6060/6060 6061/6061/6061
f 6061/6061/6061 6063/6063/6063 6062/6062/6062
f 6064/6064/6064 6062/6062/6062 6063/6063/6063
f 6063/6063/6063 6065/6065/6065 6064/6064/6064
f 6066/6066/6066 6064/6064/6064 6065/6065/6065
f 6065/6065/6065 6067/6067/6067 6066/6066/6066
f 6068/6068/6068 6066/6066/6066 6067/6067/6067
f 6067/6067/6067 6069/6069/6069 6068/6068/6068
f 6070/6070/6070 6068/6068/6068 6069/6069/6069
f 6069/6069/6069 6071/6071/6071 6070/6070/6070
f 6072/6072/6072 6070/6070/6070 6071/6071/6071
f 6071/6071/6071 6073/6073/6073 6072/6072/6072
f 6074/6074/6074 6072/6072/6072 6073/6073/6073
f 6074/6074/6074 6073/6073/6073 6075/6075/6075
f 6076/6076/6076 6075/6075/6075 6073/6073/6073
f 6075/6075/6075 6076/6076/6076 6077/6077/6077
f 6078/6078/6078 6077/6077/6077 6076/6076/6076
f 6077/6077/6077 6078/6078/6078 6079/6079/6079
f 6080/6080/6080 6079/6079/6079 6078/6078/6078
f 6079/6079/6079 6080/6080/6080 6081/6081/6081
f 6082/6082/6082 6081/6081/6081 6080/6080/6080
f 6081/6081/6081 6082/6082/6082 6083/6083/6083
f 6084/6084/6084 6083/6083/6083 6082/6082/6082
f 6084/6084/6084 6056/6056/6056 6083/6083/6083
f 6055/6055/6055 6083/6083/6083 6056/6056/6056
f 6087/6087/6087 6086/6086/6086 6085/6085/6085
f 6087/6087/6087 6088/6088/6088 6086/6086/6086
f 6089/6089/6089 6085/6085/6085 6086/6086/6086
f 6090/6090/6090 6086/6086/6086 6088/6088/6088
f 6085/6085/6085 6089/6089/6089 6091/6091/6091
f 6088/6088/6088 6092/6092/6092 6090/6090/6090
f 6093/6093/6093 6091/6091/6091 6089/6089/6089
f 6094/6094/6094 6090/6090/6090 6092/6092/6092
f 6091/6091/6091 6093/6093/6093 6095/6095/6095
f 6092/6092/6092 6096/6096/6096 6094/6094/6094
f 6097/6097/6097 6095/6095/6095 6093/6093/6093
f 6098/6098/6098 6094/6094/6094 6096/6096/6096
f 6095/6095/6095 6097/6097/6097 6099/6099/6099
f 6096/6096/6096 6100/6100/6100 6098/6098/6098
f 6101/6101/6101 6099/6099/6099 6097/6097/6097
f 6102/6102/6102 6098/6098/6098 6100/6100/6100
f 6099/6099/6099 6101/6101/6101 6103/6103/6103
f 6104/6104/6104 6103/6103/6103 6101/6101/6101
f 6103/6103/6103 6104/6104/6104 6105/6105/6105
f 6106/6106/6106 6105/6105/6105 6104/6104/6104
f 6105/6105/6105 6106/6106/6106 6107/6107/6107
f 6108/6108/6108 6107/6107/6107 6106/6106/6106
f 6100/6100/6100 6109/6109/6109 6102/6102/6102
f 6110/6110/6110 6102/6102/6102 6109/6109/6109
f 6110/6110/6110 6109/6109/6109 6111/6111/6111
f 6112/6112/6112 6111/6111/6111 6109/6109/6109
f 6111/6111/6111 6112/6112/6112 6113/6113/6113
f 6114/6114/6114 6113/6113/6113 6112/6112/6112
f 6113/6113/6113 6114/6114/6114 6115/6115/6115
f 6116/6116/6116 6115/6115/6115 6114/6114/6114
f 6115/6115/6115 6116/6116/6116 6117/6117/6117
f 6118/6118/6118 6117/6117/6117 6116/6116/6116
f 6117/6117/6117 6118/6118/6118 6119/6119/6119
f 6120/6120/6120 6119/6119/6119 6118/6118/6118
f 6119/6119/6119 6120/6120/6120 6121/6121/6121
f 6122/6122/6122 6121/6121/6121 6120/6120/6120
f 6121/6121/6121 6122/6122/6122 6123/6123/6123
f 6124/6124/6124 6123/6123/6123 6122/6122/6122
f 6123/6123/6123 6124/6124/6124 6125/6125/6125
f 6126/6126/6126 6125/6125/6125 6124/6124/6124
f 6126/6126/6126 6127/6127/6127 6125/6125/6125
f 6128/6128/6128 6125/6125/6125 6127/6127/6127
f 6127/6127/6127 6129/6129/6129 6128/6128/6128
f 6130/6130/6130 6128/6128/6128 6129/6129/6129
f 6129/6129/6129 6131/6131/6131 6130/6130/6130
f 6132/6132/6132 6130/6130/6130 6131/6131/6131
f 6131/6131/6131 6133/6133/6133 6132/6132/6132
f 6134/6134/6134 6132/6132/6132 6133/6133/6133
f 6133/6133/6133 6135/6135/6135 6134/6134/6134
f 6136/6136/6136 6134/6134/6134 6135/6135/6135
f 6136/6136/6136 6135/6135/6135 6108/6108/6108
f 6107/6107/6107 6108/6108/6108 6135/6135/6135
f 6139/6139/6139 6138/6138/6138 6137/6137/6137
f 6139/6139/6139 6137/6137/6137 6140/6140/6140
f 6141/6141/6141 6137/6137/6137 6138/6138/6138
f 6142/6142/6142 6140/6140/6140 6137/6137/6137
f 6138/6138/6138 6143/6143/6143 6141/6141/6141
f 6140/6140/6140 6142/6142/6142 6144/6144/6144
f 6145/6145/6145 6141/6141/6141 6143/6143/6143
f 6146/6146/6146 6144/6144/6144 6142/6142/6142
f 6143/6143/6143 6147/6147/6147 6145/6145/6145
f 6144/6144/6144 6146/6146/6146 6148/6148/6148
f 6149/6149/6149 6145/6145/6145 6147/6147/6147
f 6150/6150/6150 6148/6148/6148 6146/6146/6146
f 6147/6147/6147 6151/6151/6151 6149/6149/6149
f 6148/6148/6148 6150/6150/6150 6152/6152/6152
f 6153/6153/6153 6149/6149/6149 6151/6151/6151
f 6154/6154/6154 6152/6152/6152 6150/6150/6150
f 6151/6151/6151 6155/6155/6155 6153/6153/6153
f 6156/6156/6156 6153/6153/6153 6155/6155/6155
f 6155/6155/6155 6157/6157/6157 6156/6156/6156
f 6158/6158/6158 6156/6156/6156 6157/6157/6157
f 6157/6157/6157 6159/6159/6159 6158/6158/6158
f 6160/6160/6160 6158/6158/6158 6159/6159/6159
f 6152/6152/6152 6154/6154/6154 6161/6161/6161
f 6162/6162/6162 6161/6161/6161 6154/6154/6154
f 6162/6162/6162 6163/6163/6163 6161/6161/6161
f 6164/6164/6164 6161/6161/6161 6163/6163/6163
f 6163/6163/6163 6165/6165/6165 6164/6164/6164
f 6166/6166/6166 6164/6164/6164 6165/6165/6165
f 6165/6165/6165 6167/6167/6167 6166/6166/6166
f 6168/6168/6168 6166/6166/6166 6167/6167/6167
f 6167/6167/6167 6169/6169/6169 6168/6168/6168
f 6170/6170/6170 6168/6168/6168 6169/6169/6169
f 6169/6169/6169 6171/6171/6171 6170/6170/6170
f 6172/6172/6172 6170/6170/6170 6171/6171/6171
f 6171/6171/6171 6173/6173/6173 6172/6172/6172
f 6174/6174/6174 6172/6172/6172 6173/6173/6173
f 6173/6173/6173 6175/6175/6175 6174/6174/6174
f 6176/6176/6176 6174/6174/6174 6175/6175/6175
f 6175/6175/6175 6177/6177/6177 6176/6176/6176
f 6178/6178/6178 6176/6176/6176 6177/6177/6177
f 6178/6178/6178 6177/6177/6177 6179/6179/6179
f 6180/6180/6180 6179/6179/6179 6177/6177/6177
f 6179/6179/6179 6180/6180/6180 6181/6181/6181
f 6182/6182/6182 6181/6181/6181 6180/6180/6180
f 6181/6181/6181 6182/6182/6182 6183/6183/6183
f 6184/6184/6184 6183/6183/6183 6182/6182/6182
f 6183/6183/6183 6184/6184/6184 6185/6185/6185
f 6186/6186/6186 6185/6185/6185 6184/6184/6184
f 6185/6185/6185 6186/6186/6186 6187/6187/6187
f 6188/6188/6188 6187/6187/6187 6186/6186/6186
f 6188/6188/6188 6160/6160/6160 6187/6187/6187
f 6159/6159/6159 6187/6187/6187 6160/6160/6160
f 6191/6191/6191 6190/6190/6190 6189/6189/6189
f 6191/6191/6191 6192/6192/6192 6190/6190/6190
f 6193/6193/6193 6189/6189/6189 6190/6190/6190
f 6194/6194/6194 6190/6190/6190 6192/6192/6192
f 6189/6189/6189 6193/6193/6193 6195/6195/6195
f 6192/6192/6192 6196/6196/6196 6194/6194/6194
f 6197/6197/6197 6195/6195/6195 6193/6193/6193
f 6198/6198/6198 6194/6194/6194 6196/6196/6196
f 6195/6195/6195 6197/6197/6197 6199/6199/6199
f 6196/6196/6196 6200/6200/6200 6198/6198/6198
f 6201/6201/6201 6199/6199/6199 6197/6197/6197
f 6202/6202/6202 6198/6198/6198 6200/6200/6200
f 6199/6199/6199 6201/6201/6201 6203/6203/6203
f 6200/6200/6200 6204/6204/6204 6202/6202/6202
f 6205/6205/6205 6203/6203/6203 6201/6201/6201
f 6206/6206/6206 6202/6202/6202 6204/6204/6204
f 6203/6203/6203 6205/6205/6205 6207/6207/6207
f 6208/6208/6208 6207/6207/6207 6205/6205/6205
f 6207/6207/6207 6208/6208/6208 6209/6209/6209
f 6210/6210/6210 6209/6209/6209 6208/6208/6208
f 6209/6209/6209 6210/6210/6210 6211/6211/6211
f 6212/6212/6212 6211/6211/6211 6210/6210/6210
f 6204/6204/6204 6213/6213/6213 6206/6206/6206
f 6214/6214/6214 6206/6206/6206 6213/6213/6213
f 6214/6214/6214 6213/6213/6213 6215/6215/6215
f 6216/6216/6216 6215/6215/6215 6213/6213/6213
f 6215/6215/6215 6216/6216/6216 6217/6217/6217
f 6218/6218/6218 6217/6217/6217 6216/6216/6216
f 6217/6217/6217 6218/6218/6218 6219/6219/6219
f 6220/6220/6220 6219/6219/6219 6218/6218/6218
f 6219/6219/6219 6220/6220/6220 6221/6221/6221
f 6222/6222/6222 6221/6221/6221 6220/6220/6220
f 6221/6221/6221 6222/6222/6222 6223/6223/6223
f 6224/6224/6224 6223/6223/6223 6222/6222/6222
f 6223/6223/6223 6224/6224/6224 6225/6225/6225
f 6226/6226/6226 6225/6225/6225 6224/6224/6224
f 6225/6225/6225 6226/6226/6226 6227/6227/6227
f 6228/6228/6228 6227/6227/6227 6226/6226/6226
f 6227/6227/6227 6228/6228/6228 6229/6229/6229
f 6230/6230/6230 6229/6229/6229 6228/6228/6228
f 6230/6230/6230 6231/6231/6231 6229/6229/6229
f 6232/6232/6232 6229/6229/6229 6231/6231/6231
f 6231/6231/6231 6233/6233/6233 6232/6232/6232
f 6234/6234/6234 6232/6232/6232 6233/6233/6233
f 6233/6233/6233 6235/6235/6235 6234/6234/6234
f 6236/6236/6236 6234/6234/6234 6235/6235/6235
f 6235/6235/6235 6237/6237/6237 6236/6236/6236
f 6238/6238/6238 6236/6236/6236 6237/6237/6237
f 6237/6237/6237 6239/6239/6239 6238/6238/6238
f 6240/6240/6240 6238/6238/6238 6239/6239/6239
f 6240/6240/6240 6239/6239/6239 6212/6212/6212
f 6211/6211/6211 6212/6212/6212 6239/6239/6239
f 6243/6243/6243 6242/6242/6242 6241/6241/6241
f 6243/6243/6243 6241/6241/6241 6244/6244/6244
f 6245/6245/6245 6241/6241/6241 6242/6242/6242
f 6246/6246/6246 6244/6244/6244 6241/6241/6241
f 6242/6242/6242 6247/6247/6247 6245/6245/6245
f 6244/6244/6244 6246/6246/6246 6248/6248/6248
f 6249/6249/6249 6245/6245/6245 6247/6247/6247
f 6250/6250/6250 6248/6248/6248 6246/6246/6246
f 6247/6247/6247 6251/6251/6251 6249/6249/6249
f 6248/6248/6248 6250/6250/6250 6252/6252/6252
f 6253/6253/6253 6249/6249/6249 6251/6251/6251
f 6254/6254/6254 6252/6252/6252 6250/6250/6250
f 6251/6251/6251 6255/6255/6255 6253/6253/6253
f 6252/6252/6252 6254/6254/6254 6256/6256/6256
f 6257/6257/6257 6253/6253/6253 6255/6255/6255
f 6258/6258/6258 6256/6256/6256 6254/6254/6254
f 6255/6255/6255 6259/6259/6259 6257/6257/6257
f 6260/6260/6260 6257/6257/6257 6259/6259/6259
f 6259/6259/6259 6261/6261/6261 6260/6260/6260
f 6262/6262/6262 6260/6260/6260 6261/6261/6261
f 6261/6261/6261 6263/6263/6263 6262/6262/6262
f 6264/6264/6264 6262/6262/6262 6263/6263/6263
f 6256/6256/6256 6258/6258/6258 6265/6265/6265
f 6266/6266/6266 6265/6265/6265 6258/6258/6258
f 6266/6266/6266 6267/6267/6267 6265/6265/6265
f 6268/6268/6268 6265/6265/6265 6267/6267/6267
f 6267/6267/6267 6269/6269/6269 6268/6268/6268
f 6270/6270/6270 6268/6268/6268 6269/6269/6269
f 6269/6269/6269 6271/6271/6271 6270/6270/6270
f 6272/6272/6272 6270/6270/6270 6271/6271/6271
f 6271/6271/6271 6273/6273/6273 6272/6272/6272
f 6274/6274/6274 6272/6272/6272 6273/6273/6273
f 6273/6273/6273 6275/6275/6275 6274/6274/6274
f 6276/6276/6276 6274/6274/6274 6275/6275/6275
f 6275/6275/6275 6277/6277/6277 6276/6276/6276
f 6278/6278/6278 6276/6276/6276 6277/6277/6277
f 6277/6277/6277 6279/6279/6279 6278/6278/6278
f 6280/6280/6280 6278/6278/6278 6279/6279/6279
f 6279/6279/6279 6281/6281/6281 6280/6280/6280
f 6282/6282/6282 6280/6280/6280 6281/6281/6281
f 6282/6282/6282 6281/6281/6281 6283/6283/6283
f 6284/6284/6284 6283/6283/6283 6281/6281/6281
f 6283/6283/6283 6284/6284/6284 6285/6285/6285
f 6286/6286/6286 6285/6285/6285 6284/6284/6284
f 6285/6285/6285 6286/6286/6286 6287/6287/6287
f 6288/6288/6288 6287/6287/6287 6286/6286/6286
f 6287/6287/6287 6288/6288/6288 6289/6289/6289
f 6290/6290/6290 6289/6289/6289 6288/6288/6288
f 6289/6289/6289 6290/6290/6290 6291/6291/6291
f 6292/6292/6292 6291/6291/6291 6290/6290/6290
f 6292/6292/6292 6264/6264/6264 6291/6291/6291
f 6263/6263/6263 6291/6291/6291 6264/6264/6264
f 6295/6295/6295 6294/6294/6294 6293/6293/6293
f 6295/6295/6295 6296/6296/6296 6294/6294/6294
f 6297/6297/6297 6293/6293/6293 6294/6294/6294
f 6298/6298/6298 6294/6294/6294 6296/6296/6296
f 6293/6293/6293 6297/6297/6297 6299/6299/6299
f 6296/6296/6296 6300/6300/6300 6298/6298/6298
f 6301/6301/6301 6299/6299/6299 6297/6297/6297
f 6302/6302/6302 6298/6298/6298 6300/6300/6300
f 6299/6299/6299 6301/6301/6301 6303/6303/6303
f 6300/6300/6300 6304/6304/6304 6302/6302/6302
f 6305/6305/6305 6303/6303/6303 6301/6301/6301
f 6306/6306/6306 6302/6302/6302 6304/6304/6304
f 6303/6303/6303 6305/6305/6305 6307/6307/6307
f 6304/6304/6304 6308/6308/6308 6306/6306/6306
f 6309/6309/6309 6307/6307/6307 6305/6305/6305
f 6310/6310/6310 6306/6306/6306 6308/6308/6308
f 6307/6307/6307 6309/6309/6309 6311/6311/6311
f 6312/6312/6312 6311/6311/6311 6309/6309/6309
f 6311/6311/6311 6312/6312/6312 6313/6313/6313
f 6314/6314/6314 6313/6313/6313 6312/6312/6312
f 6313/6313/6313 6314/6314/6314 6315/6315/6315
f 6316/6316/6316 6315/6315/6315 6314/6314/6314
f 6308/6308/6308 6317/6317/6317 6310/6310/6310
f 6318/6318/6318 6310/6310/6310 6317/6317/6317
f 6318/6318/6318 6317/6317/6317 6319/6319/6319
f 6320/6320/6320 6319/6319/6319 6317/6317/6317
f 6319/6319/6319 6320/6320/6320 6321/6321/6321
f 6322/6322/6322 6321/6321/6321 6320/6320/6320
f 6321/6321/6321 6322/6322/6322 6323/6323/6323
f 6324/6324/6324 6323/6323/6323 6322/6322/6322
f 6323/6323/6323 6324/6324/6324 6325/6325/6325
f 6326/6326/6326 6325/6325/6325 6324/6324/6324
f 6325/6325/6325 6326/6326/6326 6327/6327/6327
f 6328/6328/6328 6327/6327/6327 6326/6326/6326
f 6327/6327/6327 6328/6328/6328 6329/6329/6329
f 6330/6330/6330 6329/6329/6329 6328/6328/6328
f 6329/6329/6329 6330/6330/6330 6331/6331/6331
f 6332/6332/6332 6331/6331/6331 6330/6330/6330
f 6331/6331/6331 6332/6332/6332 6333/6333/6333
f 6334/6334/6334 6333/6333/6333 6332/6332/6332
f 6334/6334/6334 6335/6335/6335 6333/6333/6333
f 6336/6336/6336 6333/6333/6333 6335/6335/6335
f 6335/6335/6335 6337/6337/6337 6336/6336/6336
f 6338/6338/6338 6336/6336/6336 6337/6337/6337
f 6337/6337/6337 6339/6339/6339 6338/6338/6338
f 6340/6340/6340 6338/6338/6338 6339/6339/6339
f 6339/6339/6339 6341/6341/6341 6340/6340/6340
f 6342/6342/6342 6340/6340/6340 6341/6341/6341
f 6341/6341/6341 6343/6343/6343 6342/6342/6342
f 6344/6344/6344 6342/6342/6342 6343/6343/6343
f 6344/6344/6344 6343/6343/6343 6316/6316/6316
f 6315/6315/6315 6316/6316/6316 6343/6343/6343
f 6347/6347/6347 6346/6346/6346 6345/6345/6345
f 6347/6347/6347 6345/6345/6345 6348/6348/6348
f 6349/6349/6349 6345/6345/6345 6346/6346/6346
f 6350/6350/6350 6348/6348/6348 6345/6345/6345
f 6346/6346/6346 6351/6351/6351 6349/6349/6349
f 6348/6348/6348 6350/6350/6350 6352/6352/6352
f 6353/6353/6353 6349/6349/6349 6351/6351/6351
f 6354/6354/6354 6352/6352/6352 6350/6350/6350
f 6351/6351/6351 6355/6355/6355 6353/6353/6353
f 6352/6352/6352 6354/6354/6354 6356/6356/6356
f 6357/6357/6357 6353/6353/6353 6355/6355/6355
f 6358/6358/6358 6356/6356/6356 6354/6354/6354
f 6355/6355/6355 6359/6359/6359 6357/6357/6357
f 6356/6356/6356 6358/6358/6358 6360/6360/6360
f 6361/6361/6361 6357/6357/6357 6359/6359/6359
f 6362/6362/6362 6360/6360/6360 6358/6358/6358
f 6359/6359/6359 6363/6363/6363 6361/6361/6361
f 6364/6364/6364 6361/6361/6361 6363/6363/6363
f 6363/6363/6363 6365/6365/6365 6364/6364/6364
f 6366/6366/6366 6364/6364/6364 6365/6365/6365
f 6365/6365/6365 6367/6367/6367 6366/6366/6366
f 6368/6368/6368 6366/6366/6366 6367/6367/6367
f 6360/6360/6360 6362/6362/6362 6369/6369/6369
f 6370/6370/6370 6369/6369/6369 6362/6362/6362
f 6370/6370/6370 6371/6371/6371 6369/6369/6369
f 6372/6372/6372 6369/6369/6369 6371/6371/6371
f 6371/6371/6371 6373/6373/6373 6372/6372/6372
f 6374/6374/6374 6372/6372/6372 6373/6373/6373
f 6373/6373/6373 6375/6375/6375 6374/6374/6374
f 6376/6376/6376 6374/6374/6374 6375/6375/6375
f 6375/6375/6375 6377/6377/6377 6376/6376/6376
f 6378/6378/6378 6376/6376/6376 6377/6377/6377
f 6377/6377/6377 6379/6379/6379 6378/6378/6378
f 6380/6380/6380 6378/6378/6378 6379/6379/6379
f 6379/6379/6379 6381/6381/6381 6380/6380/6380
f 6382/6382/6382 6380/6380/6380 6381/6381/6381
f 6381/6381/6381 6383/6383/6383 6382/6382/6382
f 6384/6384/6384 6382/6382/6382 6383/6383/6383
f 6383/6383/6383 6385/6385/6385 6384/6384/6384
f 6386/6386/6386 6384/6384/6384 6385/6385/6385
f 6386/6386/6386 6385/6385/6385 6387/6387/6387
f 6388/6388/6388 6387/6387/6387 6385/6385/6385
f 6387/6387/6387 6388/6388/6388 6389/6389/6389
f 6390/6390/6390 6389/6389/6389 6388/6388/6388
f 6389/6389/6389 6390/6390/6390 6391/6391/6391
f 6392/6392/6392 6391/6391/6391 6390/6390/6390
f 6391/6391/6391 6392/6392/6392 6393/6393/6393
f 6394/6394/6394 6393/6393/6393 6392/6392/6392
f 6393/6393/6393 6394/6394/6394 6395/6395/6395
f 6396/6396/6396 6395/6395/6395 6394/6394/6394
f 6396/6396/6396 6368/6368/6368 6395/6395/6395
f 6367/6367/6367 6395/6395/6395 6368/6368/6368
f 6399/6399/6399 6398/6398/6398 6397/6397/6397
f 6399/6399/6399 6400/6400/6400 6398/6398/6398
f 6401/6401/6401 6397/6397/6397 6398/6398/6398
f 6402/6402/6402 6398/6398/6398 6400/6400/6400
f 6397/6397/6397 6401/6401/6401 6403/6403/6403
f 6400/6400/6400 6404/6404/6404 6402/6402/6402
f 6405/6405/6405 6403/6403/6403 6401/6401/6401
f 6406/6406/6406 6402/6402/6402 6404/6404/6404
f 6403/6403/6403 6405/6405/6405 6407/6407/6407
f 6404/6404/6404 6408/6408/6408 6406/6406/6406
f 6409/6409/6409 6407/6407/6407 6405/6405/6405
f 6410/6410/6410 6406/6406/6406 6408/6408/6408
f 6407/6407/6407 6409/6409/6409 6411/6411/6411
f 6408/6408/6408 6412/6412/6412 6410/6410/6410
f 6413/6413/6413 6411/6411/6411 6409/6409/6409
f 6414/6414/6414 6410/6410/6410 6412/6412/6412
f 6411/6411/6411 6413/6413/6413 6415/6415/6415
f 6416/6416/6416 6415/6415/6415 6413/6413/6413
f 6415/6415/6415 6416/6416/6416 6417/6417/6417
f 6418/6418/6418 6417/6417/6417 6416/6416/6416
f 6417/6417/6417 6418/6418/6418 6419/6419/6419
f 6420/6420/6420 6419/6419/6419 6418/6418/6418
f 6412/6412/6412 6421/6421/6421 6414/6414/6414
f 6422/6422/6422 6414/6414/6414 6421/6421/6421
f 6422/6422/6422 6421/6421/6421 6423/6423/6423
f 6424/6424/6424 6423/6423/6423 6421/6421/6421
f 6423/6423/6423 6424/6424/6424 6425/6425/6425
f 6426/6426/6426 6425/6425/6425 6424/6424/6424
f 6425/6425/6425 6426/6426/6426 6427/6427/6427
f 6428/6428/6428 6427/6427/6427 6426/6426/6426
f 6427/6427/6427 6428/6428/6428 6429/6429/6429
f 6430/6430/6430 6429/6429/6429 6428/6428/6428
f 6429/6429/6429 6430/6430/6430 6431/6431/6431
f 6432/6432/6432 6431/6431/6431 6430/6430/6430
f 6431/6431/6431 6432/6432/6432 6433/6433/6433
f 6434/6434/6434 6433/6433/6433 6432/6432/6432
f 6433/6433/6433 6434/6434/6434 6435/6435/6435
f 6436/6436/6436 6435/6435/6435 6434/6434/6434
f 6435/6435/6435 6436/6436/6436 6437/6437/6437
f 6438/6438/6438 6437/6437/6437 6436/6436/6436
f 6438/6438/6438 6439/6439/6439 6437/6437/6437
f 6440/6440/6440 6437/6437/6437 6439/6439/6439
f 6439/6439/6439 6441/6441/6441 6440/6440/6440
f 6442/6442/6442 6440/6440/6440 6441/6441/6441
f 6441/6441/6441 6443/6443/6443 6442/6442/6442
f 6444/6444/6444 6442/6442/6442 6443/6443/6443
f 6443/6443/6443 6445/6445/6445 6444/6444/6444
f 6446/6446/6446 6444/6444/6444 6445/6445/6445
f 6445/6445/6445 6447/6447/6447 6446/6446/6446
f 6448/6448/6448 6446/6446/6446 6447/6447/6447
f 6448/6448/6448 6447/6447/6447 6420/6420/6420
f 6419/6419/6419 6420/6420/6420 6447/6447/6447
f 6451/6451/6451 6450/6450/6450 6449/6449/6449
f 6452/6452/6452 6449/6449/6449 6450/6450/6450
f 6449/6449/6449 6453/6453/6453 6451/6451/6451
f 6450/6450/6450 6454/6454/6454 6452/6452/6452
f 6455/6455/6455 6451/6451/6451 6453/6453/6453
f 6456/6456/6456 6452/6452/6452 6454/6454/6454
f 6453/6453/6453 6457/6457/6457 6455/6455/6455
f 6454/6454/6454 6458/6458/6458 6456/6456/6456
f 6459/6459/6459 6455/6455/6455 6457/6457/6457
f 6460/6460/6460 6456/6456/6456 6458/6458/6458
f 6457/6457/6457 6461/6461/6461 6459/6459/6459
f 6458/6458/6458 6462/6462/6462 6460/6460/6460
f 6463/6463/6463 6459/6459/6459 6461/6461/6461
f 6464/6464/6464 6460/6460/6460 6462/6462/6462
f 6461/6461/6461 6465/6465/6465 6463/6463/6463
f 6462/6462/6462 6466/6466/6466 6464/6464/6464
f 6467/6467/6467 6463/6463/6463 6465/6465/6465
f 6468/6468/6468 6464/6464/6464 6466/6466/6466
f 6465/6465/6465 6469/6469/6469 6467/6467/6467
f 6466/6466/6466 6470/6470/6470 6468/6468/6468
f 6471/6471/6471 6467/6467/6467 6469/6469/6469
f 6472/6472/6472 6468/6468/6468 6470/6470/6470
f 6469/6469/6469 6473/6473/6473 6471/6471/6471
f 6470/6470/6470 6474/6474/6474 6472/6472/6472
f 6475/6475/6475 6471/6471/6471 6473/6473/6473
f 6476/6476/6476 6472/6472/6472 6474/6474/6474
f 6473/6473/6473 6477/6477/6477 6475/6475/6475
f 6474/6474/6474 6478/6478/6478 6476/6476/6476
f 6479/6479/6479 6475/6475/6475 6477/6477/6477
f 6480/6480/6480 6476/6476/6476 6478/6478/6478
f 6477/6477/6477 6481/6481/6481 6479/6479/6479
f 6478/6478/6478 6482/6482/6482 6480/6480/6480
f 6483/6483/6483 6479/6479/6479 6481/6481/6481
f 6484/6484/6484 6480/6480/6480 6482/6482/6482
f 6481/6481/6481 6485/6485/6485 6483/6483/6483
f 6482/6482/6482 6486/6486/6486 6484/6484/6484
f 6487/6487/6487 6483/6483/6483 6485/6485/6485
f 6488/6488/6488 6484/6484/6484 6486/6486/6486
f 6485/6485/6485 6489/6489/6489 6487/6487/6487
f 6486/6486/6486 6490/6490/6490 6488/6488/6488
f 6491/6491/6491 6487/6487/6487 6489/6489/6489
f 6492/6492/6492 6488/6488/6488 6490/6490/6490
f 6489/6489/6489 6493/6493/6493 6491/6491/6491
f 6490/6490/6490 6494/6494/6494 6492/6492/6492
f 6495/6495/6495 6491/6491/6491 6493/6493/6493
f 6496/6496/6496 6492/6492/6492 6494/6494/6494
f 6493/6493/6493 6496/6496/6496 6495/6495/6495
f 6494/6494/6494 6495/6495/6495 6496/6496/6496
f 6499/6499/6499 6498/6498/6498 6497/6497/6497
f 6500/6500/6500 6497/6497/6497 6498/6498/6498
f 6498/6498/6498 6499/6499/6499 6501/6501/6501
f 6497/6497/6497 6500/6500/6500 6502/6502/6502
f 6503/6503/6503 6501/6501/6501 6499/6499/6499
f 6504/6504/6504 6502/6502/6502 6500/6500/6500
f 6501/6501/6501 6503/6503/6503 6505/6505/6505
f 6502/6502/6502 6504/6504/6504 6506/6506/6506
f 6507/6507/6507 6505/6505/6505 6503/6503/6503
f 6508/6508/6508 6506/6506/6506 6504/6504/6504
f 6505/6505/6505 6507/6507/6507 6509/6509/6509
f 6506/6506/6506 6508/6508/6508 6510/6510/6510
f 6511/6511/6511 6509/6509/6509 6507/6507/6507
f 6512/6512/6512 6510/6510/6510 6508/6508/6508
f 6509/6509/6509 6511/6511/6511 6513/6513/6513
f 6510/6510/6510 6512/6512/6512 6514/6514/6514
f 6515/6515/6515 6513/6513/6513 6511/6511/6511
f 6516/6516/6516 6514/6514/6514 6512/6512/6512
f 6513/6513/6513 6515/6515/6515 6517/6517/6517
f 6514/6514/6514 6516/6516/6516 6518/6518/6518
f 6519/6519/6519 6517/6517/6517 6515/6515/6515
f 6520/6520/6520 6518/6518/6518 6516/6516/6516
f 6517/6517/6517 6519/6519/6519 6521/6521/6521
f 6518/6518/6518 6520/6520/6520 6522/6522/6522
f 6523/6523/6523 6521/6521/6521 6519/6519/6519
f 6524/6524/6524 6522/6522/6522 6520/6520/6520
f 6521/6521/6521 6523/6523/6523 6525/6525/6525
f 6522/6522/6522 6524/6524/6524 6526/6526/6526
f 6527/6527/6527 6525/6525/6525 6523/6523/6523
f 6528/6528/6528 6526/6526/6526 6524/6524/6524
f 6525/6525/6525 6527/6527/6527 6529/6529/6529
f 6526/6526/6526 6528/6528/6528 6530/6530/6530
f 6531/6531/6531 6529/6529/6529 6527/6527/6527
f 6532/6532/6532 6530/6530/6530 6528/6528/6528
f 6529/6529/6529 6531/6531/6531 6533/6533/6533
f 6530/6530/6530 6532/6532/6532 6534/6534/6534
f 6535/6535/6535 6533/6533/6533 6531/6531/6531
f 6536/6536/6536 6534/6534/6534 6532/6532/6532
f 6533/6533/6533 6535/6535/6535 6537/6537/6537
f 6534/6534/6534 6536/6536/6536 6538/6538/6538
f 6539/6539/6539 6537/6537/6537 6535/6535/6535
f 6540/6540/6540 6538/6538/6538 6536/6536/6536
f 6537/6537/6537 6539/6539/6539 6541/6541/6541
f 6538/6538/6538 6540/6540/6540 6542/6542/6542
f 6543/6543/6543 6541/6541/6541 6539/6539/6539
f 6544/6544/6544 6542/6542/6542 6540/6540/6540
f 6541/6541/6541 6543/6543/6543 6544/6544/6544
f 6542/6542/6542 6544/6544/6544 6543/6543/6543
